# Notice census overrides (#1132, slice N0). TAB-separated.
# key<TAB>job<TAB>verdict<TAB>slice<TAB>shape<TAB>tone<TAB>reason
# key is `.class` for a selector row or file#n for a JSX site. An empty shape or tone keeps the machine value.
# Jobs: notice error loading empty caveat callout tape card tool control live other. Verdicts: MIGRATE HOLD n/a.
# Every row was read in the CSS and the JSX (file:line in the reason). The word "inferred" marks a part that was not read.
# Keys are file#n: a site added above another in the same file shifts the later keys. Read STALE before you delete.

.aboutpage__note	caveat	n/a		rail+tint		Heavy --border-rule left rule on --surface-inset, caption prose (styles/65-about-page.css:404-410); the About page data note. A footnote-like disclaimer, so it does not move.
.admincopy__notice	tool	HOLD				Plain body-font text, no box or rule (styles/45-admin-copy-editor.css:10-17); wrapper for sign-in and role gate lines on the /admin copy editor, a Clerk-admin tool page.
.allstar-banner	tape	HOLD		band	allstar-blue	Blue gradient band, white caps, centred, radius-md, shadow; no rule, no tint (styles/27-player-position-innings.css:~270-294). Player page head, role=note (screens/player/PlayerHubShell.jsx:74). A filled tape.
.allstar-banner__star	tape	HOLD				White star mark inside the All-Star tape (styles/27-player-position-innings.css:295); part of the held tape.
.allstar-banner__text	tape	HOLD				White condensed caps text of the All-Star tape (styles/27-player-position-innings.css:~286-294); part of the held tape.
.asof-banner	notice	HOLD		dashed box	neutral	Dashed 1px --rule edge on --paper-1, radius-md, flex row (styles/27-player-position-innings.css:571-582). Three states in one block (components/seal/AsOfBanner.jsx:56,81,90): editing form, live link, dated strip. Open pages only; see decisions Q5.
.asof-banner--live	control	HOLD				Live state: no border, no ground, padding only (styles/27-player-position-innings.css:630-634); holds one 'View as of a date' text button (components/seal/AsOfBanner.jsx:81). Draws no box, so it is not a message.
.asof-banner__btn	control	n/a			navy	'Show current' / 'Go' button: navy hairline box, uppercase (styles/27-player-position-innings.css:587-604); a control inside the as-of strip.
.asof-banner__cancel	control	n/a			navy	Plain-text underlined button ('Change date', 'Cancel', 'View as of a date') (styles/27-player-position-innings.css:609-626); a control.
.asof-banner__input	control	n/a				Date field in mono face with a hairline edge (styles/27-player-position-innings.css:639-647); a form field.
.asof-banner__label	control	n/a				'As of' label of the date field (styles/27-player-position-innings.css:635-638); part of the form state.
.asof-banner__text	notice	HOLD				'Stats entering {date}' caption text (styles/27-player-position-innings.css:583-586); the one message in the dated state (components/seal/AsOfBanner.jsx:94). Held with the block.
.audit__banner	tool	HOLD				1px solid --border-rule box, radius-md, --surface-card ground, padding space-3 (styles/18-uniforms-and-jerseys.css:51-58); count banner on the Jersey Audit tab of /identity-lab (DEV only).
.audit__banner--warn	tool	HOLD				Same box with border-color --accent-negative on all 4 sides (1px, no left rule), --bg-canvas ground, clay text (styles/18-uniforms-and-jerseys.css:60-64); /identity-lab audit (DEV only).
.awardhistory__allmlbhead	other	n/a				Uppercase centred column-head label, --award-soft ground, 1px --award-line border (styles/33-awards-history.css:269); All-MLB column head on Awards history, a heading not a message.
.awardord__step	control	n/a		box	neutral	30px square plus/minus button: 1px --border-rule, radius-sm, --surface-inset ground, field-soft only on hover (styles/45-admin-copy-editor.css:327-347); award-order stepper in the admin copy editor.
.banner	other	n/a				Small solid-fill kicker badge, graphite ground, light text, no border (styles/29-team-transactions.css:234); In/Out/Up/Down chip on the transactions wire, not a message.
.banner--in	other	n/a				Badge variant with --accent-positive (field green) solid fill for add moves (styles/29-team-transactions.css:244); a label chip on a transaction story, not a state.
.banner--move	other	n/a				Badge variant with --graphite solid fill, the default for moves with no in/out role (styles/29-team-transactions.css:246; BANNER_TONE at components/transactions/MoveRow.jsx:35).
.banner--out	other	n/a				Badge variant with --accent-negative (clay) solid fill for departures and injuries (styles/29-team-transactions.css:245); a transaction label chip, clay here is not an error.
.boxlines__hint	error	MIGRATE	N4	text	neutral	Box Lines sheet status line: caption-size muted text, no box (styles/boxlines/boxlines.css:208-220). Wears the loading line (HOLD, :196) and the error line (:202, MIGRATE). Lineups surface.
.boxlines__retry	control	n/a				Margin on the Retry .btn under the error line (styles/boxlines/boxlines.css:229-232); becomes the Notice action slot's button.
.bpadmin__error	tool	HOLD				Left rule only: border-left 3px solid --accent-negative on --surface-card, padding space-2, radius-xs (styles/61-ballpark-admin.css:171-181); save error in the admin-only Ballpark edit form.
.bpadmin__flag	tool	HOLD		text		Caption-size uppercase semibold text at 0.85 opacity, no box, inherits the bar ink (styles/61-ballpark-admin.css:78-84); the words Not saved in the admin-only gear bar of the Ballpark card.
.break-banner	tape	HOLD		band	allstar-blue	Blue vertical gradient band, white caps text, radius-md, shadow (styles/27-player-position-innings.css:309-326). Slate empty-day spot, role=note (screens/GameSelect.jsx:975). Copy: All-Star Break, Games resume {date}; no score.
.break-banner__detail	tape	HOLD				Small white 82% line, 'Games resume {date}' (styles/27-player-position-innings.css:336-340); part of the held break tape.
.break-banner__text	tape	HOLD				White condensed caps label 'All-Star Break' (styles/27-player-position-innings.css:327-335); part of the held break tape.
.btn	control	n/a			neutral	Base button: --bw-rule border in --btn-edge (default --border-rule), --surface-card fill, uppercase (styles/system/button.css:111); neutral not navy; shows on lineups and Express Lane.
.btn--ghost	control	n/a				Button skin with transparent fill and edge, --surface-inset on hover (styles/system/button.css:197); a secondary action, draws no box; also on Express Lane.
.caps-exempt	other	n/a				Marker class that only sets text-transform none on prose (styles/65-about-page.css:35, styles/54-my-tally.css:28); draws no box, rail or ground.
.chal__view	control	n/a		box	neutral	Toggle chip button: hairline --border-rule border, --surface-card fill; only .is-on takes a marker tint and navy edge (styles/report/challenge-card.css:71,85); Team Numbers tab.
.colorlab__logobox	tool	HOLD				108px logo preview tile with hairline --border-rule border, --paper-1 or --tint ground, inset shadow (styles/15-team-color-lab.css:125); Team Identity Lab only (screens/identity-lab).
.colorlab__logobox--gloss	tool	HOLD				Adds a diagonal white-to-black sheen as ::after over the logo tile (styles/15-team-color-lab.css:162); Team Identity Lab only (screens/identity-lab); no border, no message.
.colorlab__logobox--pinstripe	tool	HOLD				Swaps the tile ground for a repeating pinstripe gradient (styles/15-team-color-lab.css:148); Team Identity Lab only (screens/identity-lab); no message.
.contractcard__note	caveat	n/a		text	neutral	Caption text 'On the 40-man - optioned; MLB salary shown.' with margin only (styles/26b-player-contract.css:231-237; components/playerstats/PlayerContractCard.jsx:185). A footnote. Hand-added.
.contractcard__tag	other	n/a				Tiny inline chip: hairline --border-rule border, 30% --rule tint, uppercase label, for Est. or a fact tag (styles/26b-player-contract.css:421); Player contract card.
.cwb__assigned	tool	HOLD				border-left var(--bw-heavy) 2px solid --accent-primary (navy) on --surface-inset, padding space-3 (styles/74-contract-workbench.css:301-306); result readout, not an alert, on /admin/contracts.
.cwb__error	tool	HOLD				border-left var(--bw-heavy) 2px solid --accent-negative on --surface-card, padding space-3, no other border, no radius (styles/74-contract-workbench.css:36-45); save-failed line on /admin/contracts.
.cwb__narrow	tool	HOLD		box	neutral	Hidden-by-default hairline box on --surface-card with a desktop-only caution (styles/74-contract-workbench.css:24-34; screens/admin/ContractIdentityReviewPage.jsx:255). Admin page. Hand-added.
.cwb__warn	tool	HOLD				border-left var(--bw-heavy) 2px solid --accent-negative on --surface-inset, padding space-3, no radius, body ink (styles/74-contract-workbench.css:317-326); caution on /admin/contracts.
.delay	notice	MIGRATE	N5	wash	navy	DONE in N5: renamed from .delaycard. The box is <Notice tone="info" role="note" className="delay"> (components/inning/DelayCard.jsx:15). The namespace keeps the margin, the delay-pop pop-in, its reduced-motion rule and the 38px round icon bubble (.delay .notice__icon), the mono face on the <b> duration, and flex-wrap: nowrap so a long cause wraps beside the icon, not under it (styles/27-player-position-innings.css:470-485). The 3px --navy rail and the card shadow are gone (decisions Q1). Was: 3px --navy left rule, 7% navy tint, hairline edge, radius-md, shadow. Seen: /animation-lab and an injected half (not live).
.notice__icon	notice	n/a	N5			Notice's own icon part (src/styles/system/notice.css). The census sees it through `.delay .notice__icon` (styles/27-player-position-innings.css:475), the delay card's 38px round bubble. A part, not a site.
.dlab__grouptitle	other	n/a				Heading accent: border-left 3px solid --accent-primary plus space-2 left padding on a display-font H3, no ground (styles/designlab/lab.css:88-97); group title on /design-lab, not a message.
.dlab__warn	tool	HOLD		box		border 1px solid --accent-negative on all sides plus border-left 3px solid --accent-negative, radius-sm, --surface-inset (styles/designlab/lab.css:352-364); static caveat on /design-lab.
.erasesheet__error	error	MIGRATE	N3	text	clay	Margin-only rule, 0 0 space-3 (styles/55-my-tally-account.css:302-304), beside .hint--error (components/profile/EraseDataDialog.jsx:144); role=status. A failed erase in clay text inside the erase sheet. Stays as the namespace.
.flipback	other	n/a				Draws the back face of a revealed game card: 1px --border-rule edge, --surface-card ground, shadow (styles/22-box-score-tables.css:129); its status role is only the skeleton's, slate.
.foulboard__hero	card	n/a				Rank-1 hero Card with headshot; only .is-me adds a 10% --fav-accent tint and inset 3px left rule in the fan's team colour, fallback --field (styles/43-foul-tracker.css:258,265).
.game-status-banner	tape	HOLD		band	marker	Flat --marker fill, 1px --border-rule edge, radius-md, no rule, no tint (styles/27-player-position-innings.css:439-449). Under the game masthead, role=status (screens/GameView.jsx:633). Says Delayed/Suspended/Postponed; no score. Seen: injected markup.
.game-status-banner__reason	tape	HOLD				Semibold reason text after the label, e.g. ' - Rain' (styles/27-player-position-innings.css:458-460); part of the held banner.
.game-status-banner__text	tape	HOLD				Heading-ink condensed caps label (styles/27-player-position-innings.css:450-457); part of the held banner.
.gamecard__datebanner	other	n/a		box	neutral	Date strip across the top of a slate card: display font, bottom hairline (styles/06-loader-and-cards.css:232-240; components/game/GameCard.jsx:210). A heading strip, not a message.
.gamefinder__result	control	n/a		box	neutral	Full-width result button: hairline --border-rule border, --surface-card ground; --field-soft shows only on :active (styles/08-site-shell.css:182); Game Finder modal.
.gamephotos__gamerow	control	n/a		box	neutral	Full-width game-pick button: hairline border, --surface-card ground; .is-active takes --field-soft and a navy edge (styles/14-strike-zone.css:736,761); Game Photos page.
.gamephotos__notice	notice	MIGRATE	N3	dashed box	clay	Dashed 1px --clay edge on --clay-soft, radius-md, flex row with a tag word and a sentence (styles/14-strike-zone.css:625-652); role=note on 2 pages. No left rule. Dashed edge: input to the dashed-rule fix. Seen live: /photos.
.gamephotos__noticetag	notice	MIGRATE	N3		clay	The word 'Unsealed' in clay-deep display caps inside the notice (styles/14-strike-zone.css:636-642); becomes the Notice label.
.guidelink	control	n/a				Link card: hairline --border-rule box, heavy navy left rule, --surface-card ground (styles/08a-site-menu.css:343); a link to a /learn guide, not a message; on the box score (screens/BoxScore.jsx:198).
.hint	caveat	n/a			neutral	Base plain line: muted colour, --fs-ui, padding space-3 2px (styles/05-masthead-nav.css:606-611). Worn by loading (HOLD), error (see .hint--error), caveat (61 sites, do not move) and the empty lines EmptyState took. The rule stays.
.hint--error	error	MIGRATE	N2	text	clay	Colour --clay only: no rule, no tint, no box (styles/05-masthead-nav.css:613-615); the issue's '3px left rule' does not exist here. 20 JSX sites (15 in app pages, 5 tool pages); 6 carry role=status, 14 carry no role. Rule goes at N9 unless a tool site still wears it. One descendant hook reads the class: .psseries__entry .hint--error (styles/35-postseason-series.css:368, a grid-column rule).
.hint--prose	other	n/a				Body-face variant of .hint (styles/05-masthead-nav.css:619-623); a type face, not a message. Worn by caveat and loading lines.
.hlsheet__empty	notice	HOLD				Muted centred small text on --surface-card, no edge (styles/40-game-modals.css:282); wait, error and unplayable lines in the highlight dialog (components/playbyplay/HighlightSheet.jsx:115), no role.
.hlsheet__empty--wait	loading	HOLD				Holds a 16:9 box with centred Loading text on --bg-page, no edge (styles/40-game-modals.css:295); shows while the clip is fetched (components/playbyplay/HighlightSheet.jsx:113), no role.
.idadmin__flag	tool	HOLD		text		Display-font label-size bold uppercase text at 0.85 opacity, no box, inherits the bar ink (styles/62-identity-admin.css:72-79); the words Not saved in the admin-only identity gear bar on the team hub.
.iddrawer__error	tool	HOLD				border-left 3px solid --accent-negative on --surface-card, padding space-2, radius-xs, caption text (styles/62-identity-admin.css:286-295); role=alert save error in the admin-only identity drawer.
.iddrawer__note	tool	HOLD				Muted caption text, margin 0, no box (styles/62-identity-admin.css:258-265); contrast readout, no-photo hint and upload result in the admin-only identity drawer on the team hub.
.iddrawer__note--bad	tool	HOLD				Only swaps colour to --accent-negative and weight to semibold, no box or rule (styles/62-identity-admin.css:269-272); under-floor contrast and upload errors in the admin-only identity drawer.
.iddrawer__warn	tool	HOLD				border-left 3px solid --accent-negative on --surface-card, padding space-2, radius-xs, body ink (styles/62-identity-admin.css:278-284); read-before-you-act strip in the admin-only identity drawer.
.idlab__monoinkwarn	tool	HOLD				Compact text in --accent-negative, no box or rule (styles/17-identity-lab-workbench.css:567-569); 5 sites in identity-lab editors (DEV only), 1 in the admin-only identity drawer; errors and cautions.
.idlab__savemsg	tool	HOLD		text	clay	Only sets padding 0 and caption size (styles/16-identity-lab-shell.css:423-426); clay comes from .hint--error beside it (styles/05-masthead-nav.css:613). Save-failed text in /identity-lab (DEV only).
.idlab__stampplacewarn	tool	HOLD				Compact --text-caption grey text, top margin, no box, no clay despite the name (styles/17-identity-lab-workbench.css:270-274); retroactive-restyle caveat in /identity-lab stamp editors (DEV only).
.il-banner	tape	HOLD		band	clay	Hatched --il-texture (clay stripes) with 1px --clay-deep edge, white text, shadow (styles/27-player-position-innings.css:380-391); player page head, role=note (screens/player/PlayerHubShell.jsx:95). Same family as the rehab tape.
.il-banner__mark	tape	HOLD				White cross glyph (styles/27-player-position-innings.css:400-404); part of the held IL tape.
.il-banner__text	tape	HOLD				White condensed caps text on the clay weave (styles/27-player-position-innings.css:392-399); part of the held IL tape.
.innings__extras	notice	MIGRATE	N5	box	neutral	DONE in N5: <Notice tone="info" size="compact" role="note" className="innings__extras" icon="⚾️"> (components/inning/ExtrasBanner.jsx:11). The rule keeps margin: 0 0 10px and flex-wrap: nowrap, so the sentence wraps beside the ball on a phone and not under it (styles/11-innings.css:36); .innings__extras-team keeps nowrap and the caption ink; .innings__extras-icon is deleted. Was: Hairline --border-rule edge on --surface-inset, radius-sm, caps label text (styles/11-innings.css:34-46); role=note (components/inning/ExtrasBanner.jsx:9). Season extra-inning record above an extra-inning page; innings viewer (screens/InningViewer.jsx:855). Seen: injected markup.
.lastplayed-banner	tape	HOLD		band	navy	Ink gradient band, white caps text, radius-md, shadow (styles/27-player-position-innings.css:414-423); player page head, role=note (screens/player/PlayerHubShell.jsx:103). Its comment calls it 'deliberately NOT tape' but it is the offday gradient.
.lastplayed-banner__text	tape	HOLD				White condensed caps text 'Last played in {year}' (styles/27-player-position-innings.css:424-431); part of the held band.
.levelprog__current	other	n/a				3px --accent-primary (navy) left rule beside a right-aligned Current level readout in the card head (styles/31d-prospect-card.css:43); a data readout, not a message; Path to the Majors card.
.levelprog__step	other	n/a				Timeline step with a hairline left rule; .is-current gets a 3px navy rule and 16% --marker tint (styles/05-masthead-nav.css:479,508); stepper row accent in Path to the Majors.
.liveedge	notice	HOLD		tint box	SEAL	1.5px --seal edge on --award-soft: reads the sealed colour (styles/07-team-logo-and-buttons.css:433-451). It reports the seal state ('Caught up') in the innings action bar (components/inning/InningActionBar.jsx:94,104). Allowlisted (scripts/check-seal-scope.mjs:62). No Notice may read --seal*.
.loader	loading	HOLD				Flex row with padding, no edge (styles/06-loader-and-cards.css:9); Loader.jsx:47 gives role=status aria-live=polite and announces only the optional message, so the scoreboard art stays.
.loader__blank	other	n/a				One grid cell of the Loader scoreboard art: --field-deep ground, 1px --paper-2 top edge, no right edge (styles/06-loader-and-cards.css:52,104); aria-hidden decoration, not a message.
.logbook__order	control	n/a				Quiet By date control bar: hairline dashed --border-rule box on --surface-card holding two ghost buttons (styles/49-passport-book.css:989); Game Log book page.
.logbook__order--asking	control	HOLD		tint box	navy	Inline confirm: solid navy hairline box on --award-soft ground, warning copy plus two buttons (styles/49-passport-book.css:1005; components/passport/BookOrderControl.jsx:18); Game Log.
.logbook__placing	control	HOLD				Sticky placement bar: hairline --accent-primary (navy) box on --award-soft ground, prompt text plus Confirm/Cancel (styles/49-passport-book.css:951); Game Log, screens/LogbookCollection.jsx:459.
.logbook__selected	control	HOLD				Sticky options bar for a tapped stamp: navy hairline box on --award-soft ground, date/page line plus four buttons (styles/49-passport-book.css:952); screens/LogbookCollection.jsx:414.
.logbooklanding__trust	other	n/a				Assurance panel: hairline --border-rule box, --award-soft ground, shadow, seal glyph, h2 and prose (styles/50-logbook-landing.css:417); signed-out Game Log landing, a pitch card not a state.
.lookupdeck__status	tool	HOLD				Muted small body text, margin 0, no box (styles/74a-contract-lookup.css:85-91); loading, searching and no-match lines in the /admin/contracts lookup deck; the --error variant is clay.
.lookupdeck__status--error	tool	HOLD				Only sets color --accent-negative on the status line, no box or rule (styles/74a-contract-lookup.css:93-95); contract-index load-failed line in the /admin/contracts lookup deck.
.mergestrip	notice	HOLD		box	neutral	Top and bottom hairline edges on --surface-inset, no radius; one link button and one dismiss button (styles/08-site-shell.css:685-693; components/account/MergeReceiptStrip.jsx:47). Slate, lazy-loaded (screens/GameSelect.jsx:913). Needs a dismiss control no other row has.
.ninekeys__h	other	n/a			neutral	Section heading in display font, --ink-0 (darkest ink), no box (styles/79-nine-keys.css:48); Nine Keys page heading, not navy and not a message.
.ninekeys__swatch	other	n/a				12px legend swatch with 1px --rule border (styles/79-nine-keys.css:259); a legend mark on the Nine Keys page, not a message.
.ninekeys__swatch--fail	other	n/a			clay	Legend swatch for a failed key: --surface-inset fill with --accent-negative (clay) border (styles/79-nine-keys.css:266); a chart key, not an error message.
.offday-banner	tape	HOLD		band	navy	Ink gradient band (ink-2 to ink-0), white text, radius-md, shadow (styles/27-player-position-innings.css:309-326). Slate empty-day spot, role=note (screens/GameSelect.jsx:982). Copy: Off Day, Games resume {date}.
.offday-banner__detail	tape	HOLD				Small white 82% line (styles/27-player-position-innings.css:336-340); part of the held off-day tape.
.offday-banner__text	tape	HOLD				White condensed caps label 'Off Day' (styles/27-player-position-innings.css:327-335); part of the held off-day tape.
.offday__banner	other	n/a		text	navy	An <h2> heading 'Off Day' / 'Every club' (components/team/OffDaySection.jsx:34), named banner but draws no band. A heading.
.oseason__empty	empty	n/a				Margin-only namespace on an EmptyState, which draws the dashed hairline (styles/78-offseason.css:105, styles/system/empty-state.css:23); role=status at components/offseason/OffseasonLead.jsx:97.
.oseason__loading	loading	HOLD				Bare caption-grey body text, margin only, no box (styles/78-offseason.css:99); Reading the wire text, role=status, while moves load on the offseason page (components/offseason/OffseasonLead.jsx:95).
.passportbook__where	live	n/a				Page-position label (Page N of M) in the book nav, caption ink, no box, aria-live polite (styles/49-passport-book.css:253; components/passport/PassportBook.jsx:334).
.pbp__callout	callout	n/a		rail	navy	2px --accent-primary left rule on --surface-card, star mark, small text (styles/13-play-by-play.css:447-462). A Margin-Notes fun fact inside a revealed at-bat card (components/playbyplay/CalloutNote.jsx:8): content, not a state.
.pbp__calloutmark	callout	n/a				Star mark inside the fun-fact callout (styles/13-play-by-play.css:463-467); content.
.pbp__subnote	callout	n/a		rail	neutral	2px --border-rule left rule, caption text, no ground (styles/13-play-by-play.css:423-433); the baserunning line under a batter's description (components/playbyplay/EventCards.jsx:88). Typography inside a card.
.pcard__tip	other	n/a		box	neutral	Popover tip: hairline edge on --surface-inset, shadow, display none until open (styles/pitcher-card/card.css:228-246); role=note (components/playbyplay/pitcherCard/PitchMix.jsx:36). A tooltip.
.pitchernotice	card	MIGRATE	N8c			Inner layout only: flex row, gap space-3, centred (styles/12-sealbox.css:829-833). The shape word 'notice' belongs to .notice (ADR-0084 clause 1): rename at N8c.
.pitchernotice--event	card	MIGRATE	N6			Tighter gap for the one-line event bars (styles/12-sealbox.css:902-904); moves with the frame.
.pitchernotice--pbp	card	MIGRATE	N6, N7	tint box	marker	The frame: 1px --border-rule edge on all four sides, 16% --marker over --surface-card, radius-sm, margin 4px 14px (styles/12-sealbox.css:842-851). No left rule (ADR-0017 rejected one). Worn by 17 sites in the innings viewer and the scorecard lens. Tone event, never --seal.
.pitchernotice__badges	card	MIGRATE	N8c			Inner part of the actor/event card: jersey and hand badges, right-aligned (styles/12-sealbox.css:~905-1030, 13-play-by-play.css, focus/atbat.css). Rename only, at N8c; no look change.
.pitchernotice__body	card	MIGRATE	N8c			Inner part of the actor/event card: flex-column text body next to the headshot (styles/12-sealbox.css:~905-1030, 13-play-by-play.css, focus/atbat.css). Rename only, at N8c; no look change.
.pitchernotice__code	card	MIGRATE	N8b			Inner part of the actor/event card: scorer shorthand code (SB, CS, EJ ...) in mono (styles/12-sealbox.css:~905-1030, 13-play-by-play.css, focus/atbat.css). Rename only, at N8b; no look change.
.pitchernotice__code--alert	card	MIGRATE	N8b			Inner part of the actor/event card: the code in --clay-deep for EJ and DELAY (styles/12-sealbox.css:~905-1030, 13-play-by-play.css, focus/atbat.css). Rename only, at N8b; no look change.
.pitchernotice__entering	card	MIGRATE	N8c			Inner part of the actor/event card: right-hand block of the persistent header (styles/12-sealbox.css:~905-1030, 13-play-by-play.css, focus/atbat.css). Rename only, at N8c; no look change.
.pitchernotice__enteringcount	card	MIGRATE	N8c			Inner part of the actor/event card: 'N pitches' figure (styles/12-sealbox.css:~905-1030, 13-play-by-play.css, focus/atbat.css). Rename only, at N8c; no look change.
.pitchernotice__enteringwhen	card	MIGRATE	N8c			Inner part of the actor/event card: 'at the start of the 6th' line (styles/12-sealbox.css:~905-1030, 13-play-by-play.css, focus/atbat.css). Rename only, at N8c; no look change.
.pitchernotice__eventtext	card	MIGRATE	N8b			Inner part of the actor/event card: sentence of an event bar, body face (styles/12-sealbox.css:~905-1030, 13-play-by-play.css, focus/atbat.css). Rename only, at N8b; no look change.
.pitchernotice__flag	card	MIGRATE	N8c			Inner part of the actor/event card: clay note under the name ('Pitched yesterday') (styles/12-sealbox.css:~905-1030, 13-play-by-play.css, focus/atbat.css). Rename only, at N8c; no look change.
.pitchernotice__forline	card	MIGRATE	N8c			Inner part of the actor/event card: 'for X' line on a pinch-run card (styles/12-sealbox.css:~905-1030, 13-play-by-play.css, focus/atbat.css). Rename only, at N8c; no look change.
.pitchernotice__hand	card	MIGRATE	N8c			Inner part of the actor/event card: throwing hand in field green (styles/12-sealbox.css:~905-1030, 13-play-by-play.css, focus/atbat.css). Rename only, at N8c; no look change.
.pitchernotice__jersey	card	MIGRATE	N8c			Inner part of the actor/event card: jersey number in clay (styles/12-sealbox.css:~905-1030, 13-play-by-play.css, focus/atbat.css). Rename only, at N8c; no look change.
.pitchernotice__label	card	MIGRATE	N8b			Inner part of the actor/event card: label of the mound-visit bar (styles/12-sealbox.css:~905-1030, 13-play-by-play.css, focus/atbat.css). Rename only, at N8b; no look change.
.pitchernotice__mvcount	card	MIGRATE	N8b			Inner part of the actor/event card: 'N left' tail of the mound-visit bar (styles/12-sealbox.css:~905-1030, 13-play-by-play.css, focus/atbat.css). Rename only, at N8b; no look change.
.pitchernotice__now	card	MIGRATE	N8c			Inner part of the actor/event card: 'Now pitching for the ...' caption (styles/12-sealbox.css:~905-1030, 13-play-by-play.css, focus/atbat.css). Rename only, at N8c; no look change.
.pitchernotice__pitcher	card	MIGRATE	N8c			Inner part of the actor/event card: name row (styles/12-sealbox.css:~905-1030, 13-play-by-play.css, focus/atbat.css). Rename only, at N8c; no look change.
.pitchernotice__pitchno	card	MIGRATE	N8b			Inner part of the actor/event card: 'Pitch 3' tail of a steal card (styles/12-sealbox.css:~905-1030, 13-play-by-play.css, focus/atbat.css). Rename only, at N8b; no look change.
.pitchernotice__prtag	card	MIGRATE	N8c			Inner part of the actor/event card: PR tag (styles/12-sealbox.css:~905-1030, 13-play-by-play.css, focus/atbat.css). Rename only, at N8c; no look change.
.pitchernotice__shot	card	MIGRATE	N8a			Inner part of the actor/event card: headshot well, 1px hairline edge (styles/12-sealbox.css:~905-1030, 13-play-by-play.css, focus/atbat.css). Rename only, at N8a; no look change.
.pitchernotice__shot--fallback	card	MIGRATE	N8a			Inner part of the actor/event card: monogram stand-in for a missing headshot (styles/12-sealbox.css:~905-1030, 13-play-by-play.css, focus/atbat.css). Rename only, at N8a; no look change.
.pitchernotice__shot--logo	card	MIGRATE	N8a			Inner part of the actor/event card: club-logo stand-in for a missing headshot (styles/12-sealbox.css:~905-1030, 13-play-by-play.css, focus/atbat.css). Rename only, at N8a; no look change.
.pitchernotice__spacer	card	MIGRATE	N8b			Inner part of the actor/event card: flex spacer (styles/12-sealbox.css:~905-1030, 13-play-by-play.css, focus/atbat.css). Rename only, at N8b; no look change.
.pitchernotice__teammark	card	MIGRATE	N8b			Inner part of the actor/event card: club mark on the mound-visit bar (styles/12-sealbox.css:~905-1030, 13-play-by-play.css, focus/atbat.css). Rename only, at N8b; no look change.
.posterstudio__check	control	n/a				Checkbox label row: flex, body font, --text-body, no box (styles/62-game-preview.css:99); Poster Studio block toggle on the game Preview section.
.posterstudio__check--waiting	control	n/a				Dimmed variant (--text-caption, default cursor) for a block with no data yet (styles/62-game-preview.css:112); the reason text is .posterstudio__waiting, not in this package.
.postponed	notice	HOLD	N5	dashed box	marker	HOLD in N5 (the fallback): Notice puts its label ABOVE the text, and this strip puts the stamp in a ROW beside two stacked lines. A port needs a row-layout override on .notice__body, a padding override and display rules on both lines, beyond namespace rules for the stamp and the motion, so N5 leaves it. Revisit with a Notice layout prop or after the dashed-rule PR. Was: 16% --marker wash on --surface-card, dashed 1px --border-rule edge, radius-sm, entrance animation, rubber-stamp inner (styles/06-loader-and-cards.css:508-523). role=status (components/game/GameCardParts.jsx:113). Slate card strip. Dashed edge: input to the dashed-rule fix. Seen: injected markup.
.pregameboard__message	notice	HOLD		band	field	Green gradient panel with a 2px edge and a big message (Postponed, Cancelled, TBD ...) inside the pregame scoreboard (styles/11-pregame-scoreboard.css:173-187; components/inning/PregameScoreboard.jsx:145). Scoreboard art on the innings viewer. Hand-added.
.pregameboard__status	notice	HOLD		box	marker	Solid --marker tag with a 2px edge and padding: Delayed / Suspended (styles/11-pregame-scoreboard.css:189-198; components/inning/PregameScoreboard.jsx:148). A status tag inside scoreboard art; innings viewer. Hand-added.
.prospects__active-summary	live	n/a				Bare caption-grey label text with a bold heading-ink lead word (styles/31c-prospect-filters.css:135); aria-live=polite, no role, voices active filters on /prospects (screens/ProspectsPage.jsx:267).
.prospects__empty	empty	n/a				Margin-only namespace on an EmptyState with a Clear filters button (styles/31c-prospect-filters.css:252); role=status when filters match nothing on /prospects (screens/ProspectsPage.jsx:274).
.prospects__resultcount	live	n/a			neutral	Bold heading-ink caps label, no box (styles/31c-prospect-filters.css:23); N shown with aria-live=polite aria-atomic and no role, in the /prospects page head (screens/ProspectsPage.jsx:204).
.psleaders__mvprow	other	n/a				Flex row for an MVP entry; the --fav variant adds a 12% --fav-accent tint and inset 2px left rule (styles/36-postseason-leaders.css:41,50); row accent on Postseason leaders.
.psleaders__mvprow--fav	other	n/a				Favourite-club row accent: 12% --fav-accent tint plus 2px inset left shadow on a rank row (styles/36-postseason-leaders.css:50); Postseason Leaders MVP list, PostseasonLeadersPage.jsx:74.
.psleaders__teamrow	other	n/a				Plain flex rank row with no border and no ground (styles/36-postseason-leaders.css:40); one club in the Postseason Leaders team lists, screens/PostseasonLeadersPage.jsx:40.
.psleaders__teamrow--fav	other	n/a				Favourite-club row accent: 12% --fav-accent tint plus 2px inset left shadow (styles/36-postseason-leaders.css:49); Postseason Leaders team list, screens/PostseasonLeadersPage.jsx:40.
.psseries__banner	other	n/a		band		Solid navy result header band with a 2px --award-line bottom seam, holds headline, series mark and trophy (styles/35-postseason-series.css:19); PostseasonSeriesPage.jsx:173, LiveSeriesPage.jsx:264.
.psseries__flowreadout	other	n/a		none		Chart readout row (game, win chance, Door link), aria-live polite, only a 1px dashed bottom hairline (styles/postseason/series-parts.css:54); components/postseason/SeriesFlow.jsx:110.
.psseries__keytally	other	n/a		none		Table-foot tally line "Failed . CLUB n . CLUB n" with an info popover, 1px --border-rule top rule only (styles/postseason/series-parts.css:471); SeriesNineKeys.jsx:85. Data, not an error.
.psseries__mvp	other	n/a				Series MVP award band: --award-soft ground, 2px --award-line top rule, headshot and name (styles/35-postseason-series.css:382); PostseasonSeriesPage.jsx:310. Award tokens, not --seal.
.rehab-banner	tape	HOLD		band	marker	Hatched --hold-texture weave (marker-deep stripes) with a hairline --border-rule edge, shadow (styles/27-player-position-innings.css:350-361); player page head, role=note (screens/player/PlayerHubShell.jsx:87). Machine tone neutral is wrong: the weave is marker.
.rehab-banner__mark	tape	HOLD				Cross glyph in heading ink (styles/27-player-position-innings.css:370-374); part of the held rehab tape.
.rehab-banner__text	tape	HOLD				Heading-ink condensed caps text on the weave (styles/27-player-position-innings.css:362-369); AA pairing is in contrastPairings.js per the rule comment; part of the held tape.
.researchdiary__limits	tool	HOLD		rail+tint		Caveat box "What this does not settle": 2px --border-rule left rail on --surface-card (styles/research/diary.css:301); admin-only Research Diary, ResearchDiaryPage.jsx:181, ContenderDiaryPage.jsx:169.
.researchdiary__notice	tool	HOLD				Bare muted body paragraph, no box (styles/research/diary.css:20): sign-in gate and "needs sign-in configured" lines on the admin-only diaries; ResearchDiaryPage.jsx:62, ContenderDiaryPage.jsx:55.
.researchdiary__question	callout	n/a				Italic pull quote of the entry question, 2px --accent-primary left rule, no ground (styles/research/diary.css:172); admin-only Research Diary, ResearchDiaryPage.jsx:174. Editorial, not a state.
.roster__notice	caveat	n/a		text	neutral	One-line caption 'Not final - posts close to first pitch' in display caps, margin only, no box (styles/13-play-by-play.css:484-492); its comment calls it a one-line aside. Lineups page (screens/TeamInfo.jsx:681,725). A footnote, so it does not move.
.sc-armnotice	control	n/a			neutral	Button modifier on the arm notice: full width, shadow-raised, focus ring (styles/scorecard/lens-cards.css:65-78). The frame comes from .pitchernotice--pbp; the element stays a <button>.
.sc-armnotice__more	control	n/a		dashed box	neutral	'Arsenal - last time out' label after a 1px dashed left divider inside the button (styles/scorecard/lens-cards.css:82-95). A dashed divider: input to the dashed-rule fix.
.sc-lensbar__words	live	n/a				Visible aria-live polite line, clamped to 2 lines, body ink, no box (styles/scorecard/lens-bar.css:29): the opened play in words, or a "checked" time at the live edge; LensBar.jsx:28, scorecard lens.
.scout__readout	other	n/a		none		Flex row of figures with one 1px dashed --border-rule line on top only, min-height control-min (styles/scout/scout.css:383-392); tapped-region readout on the open /scout page and its design-lab copy.
.scout__callout	callout	n/a		rail	award	3px --award-line left rule on --surface-card, no tint, small body text (styles/scout/panels.css:330-338). A generated sentence about the map on the Zones panel (screens/scout/zones/ZonesPanel.jsx:113): content, not a state. Not seen in a browser at N0.
.searchbox__chosen	control	n/a				Selected-club field: 1px --border-rule, --field-soft ground, club name plus clear button (styles/08-site-shell.css:102); components/team/TeamSearchBox.jsx:30. A value holder, not a message.
.seasonseries__cell	control	n/a		none	navy	Season-series game card button: transparent border and ground at rest (styles/44-pre-game-cards.css:123); navy tint only on current and postseason modifiers (:146, :170); SeasonSeriesStrip.jsx:251.
.shelf__intro	live	n/a				Muted small aria-live line, no box: "Choose a book for [date]." while placing a stamp, else "N books on your shelf." (styles/58-logbook-shelf.css:59); components/passport/LogbookShelf.jsx:73.
.simlike__legend	caveat	HOLD				Legend with 2px --accent-primary left rail on --bg-page: "Measured on" chips and a "Not" chip (styles/51-similar-players.css:57); SimilarPlayerGrid.jsx:75. Chips not a sentence, see FLAG.
.slate-filterbar__count	live	n/a				Bare caption-grey display label, empty until a chip is on (styles/22-box-score-tables.css:57); role=status reads Showing N of M games on the revealed slate (screens/GameSelect.jsx:1242).
.sr-only	live	n/a				Visually hidden clip utility, draws nothing (styles/01-base.css:15); live role differs by site: status (SiteSearch, LongAtBats), aria-live only (PregameScoreboard), none (SeriesNineKeys).
.team-score__detail	other	n/a				Expandable breakdown panel (title plus dt/dd rows): 1px --rule-soft top and bottom lines on a 55% --surface-inset tint (styles/28-team-hub.css:766); TeamScoreCard.jsx:250, Season Grade card.
.team-score__grade	other	n/a		tint box		Season Grade disclosure card: 1px --border-rule, marker-yellow 16% gradient on --surface-inset, holds the grade button and score (styles/28-team-hub.css:154); TeamScoreCard.jsx:211.
.team-score__row	other	n/a				Plain grid row with no border and no ground for one Season Grade input line (styles/28-team-hub.css:274); components/teamstats/TeamScoreCard.jsx:291.
.team-score__row--compact	other	n/a				Current Form row: 1px --rule-soft top and bottom lines on a 42% --surface-inset tint, label plus score (styles/28-team-hub.css:329); components/teamstats/TeamScoreCard.jsx:291.
.team-score__row--driver	other	n/a				Driver tile: 1px --rule-soft border on a 62% inset tint, marker-yellow 16% tint when active (styles/28-team-hub.css:279, :287); toggle row in "What built the grade", TeamScoreCard.jsx:291.
.tlead__featured--fav	other	n/a				Favourite-club row accent: 14% --fav-accent tint plus 3px inset left shadow on the featured leader (styles/23-box-score-detail.css:77); components/teamstats/TeamLeaders.jsx:84, leader pages.
.tlead__row--fav	other	n/a				Favourite-club row accent: 12% --fav-accent tint plus 2px inset left shadow on a chaser row (styles/23-box-score-detail.css:225); components/teamstats/TeamLeaders.jsx:184, leader pages.
.tradedl__daterail	other	n/a				Sticky date header: --award-soft ground, 1px --award-line bottom line, bold caps (styles/47-trade-deadline.css:34); screens/TradeDeadlineSeasonPage.jsx:124 groups same-day trades.
.trec__half	control	n/a				Half and month toggle button: 1px --border-rule, marker-yellow 16% tint when on (styles/65-team-records.css:26, :39); screens/team/modules/records/RecordsCard.jsx:122, :136, :145.
.tscoremodal__pull	callout	n/a				Italic pull quote "A 5.0 is neutral..." with 3px --accent-primary left rule, no ground (styles/40-game-modals.css:56); components/teamstats/TeamScoreExplainer.jsx:108, explainer modal. Editorial.
.txcard__door	control	n/a				Placement-only rules (width, stretch, snap) on a Door button ending the team Transactions deck (styles/29-team-transactions.css:77); its inset edge is .door--block (styles/system/door.css:96).
.wintercal__item	other	n/a				Calendar tick: 1.5px --rule left line beside a date and label in a scroll list (styles/78-offseason.css:138); components/offseason/WinterCalendar.jsx:61, offseason page. A divider, not a message.
.wintercal__item--next	other	n/a				Next-date tick: left line becomes 2px --accent-primary and text takes heading ink (styles/78-offseason.css:163); WinterCalendar.jsx:61 marks it aria-current. Row accent.
.xl-deck__holding	loading	HOLD				Italic small foil-soft text, no box (styles/77c-express-lane-deck.css:181); Holding for the film, role=status, while the next clip is awaited (screens/expresslane/ScoringDeck.jsx:186), Express Lane.
.xl-entry__choice	control	n/a				Pace and plan card button on the dark album board: 1px --album-board-line; on = 3px --marker rail plus raw rgb(181 130 74) tint (styles/77a-express-lane-entry.css:114, :162); EntryChooser.jsx:46.
.xl-entry__consent	notice	HOLD				Consent line on the dark album board: 3px --marker left rail, raw rgb(181 130 74/.1) tint, says every frame shows the score, flat tone (styles/77a-express-lane-entry.css:219); EntryChooser.jsx:136.
.xl-film__btn	control	n/a				Only margin-top 4px (styles/77-express-lane.css:187): the "Try again" and "Score it without the film" buttons inside the film placeholder, screens/expresslane/FilmPane.jsx:50, :123.
.xl-film__msg	notice	HOLD		text	neutral	Centred message on the black film band, --fs-ui, max 30ch (styles/77-express-lane.css:149-154; screens/expresslane/FilmPane.jsx:32). Express Lane: dark album ground, a scoring surface. Hand-added.
.xl__chip	control	n/a				Plate-appearance chip button in the foot strip: 1px --album-board-line, on = --marker border plus raw rgb(181 130 74/.14) tint (styles/77-express-lane.css:207, :223); ExpressLanePage.jsx:455.
.xl__prerollmsg	notice	HOLD		text	neutral	Headline over each pre-roll sub-line on the album board (screens/expresslane/ExpressLanePage.jsx:229,270,296; styles/77-express-lane.css, not read in full: inferred). Express Lane held group. Hand-added.
.xl__prerollsub	notice	HOLD				Centred sub-line, album-foil-soft, no box, dark album board: end of game, film blocked, film waiting (styles/77-express-lane.css:309); screens/expresslane/ExpressLanePage.jsx:230, :277, :301.
App.jsx#1	error	MIGRATE	N2			GameRoute cold load: 'Couldn't load the schedule' as bare clay .hint--error with role=status, a Retry .btn below (App.jsx:648-653). No game data shows; entry to a game page.
App.jsx#2	error	MIGRATE	N2			GameRoute: 'Couldn't find that game' as bare clay .hint--error, NO role, a 'Back to games' .btn below (App.jsx:663-668).
components/account/LogbookLanding.jsx#1	other	n/a				Aside with seal glyph, h2 and prose on --award-soft ground (components/account/LogbookLanding.jsx:197; styles/50-logbook-landing.css:417); spoiler-safety pitch on the signed-out Game Log landing.
components/account/MergeReceiptStrip.jsx#1	notice	HOLD				Slate strip: 'Account sync complete. View details in My Tally' link + dismiss, role=note (components/account/MergeReceiptStrip.jsx:47-69); shown once for a signed-in reader after a merge.
components/admin/AwardOrderEditor.jsx#1	control	n/a		box	neutral	components/admin/AwardOrderEditor.jsx:210 minus button of the award-table stepper (Fewer tables on label); bordered paper button (styles/45-admin-copy-editor.css:327). Admin /admin copy editor only.
components/admin/AwardOrderEditor.jsx#2	control	n/a		box	neutral	components/admin/AwardOrderEditor.jsx:220 plus button of the award-table stepper (More tables on label); bordered paper button (styles/45-admin-copy-editor.css:327). Admin /admin copy editor only.
components/admin/contracts/DecisionPane.jsx#1	tool	HOLD				components/admin/contracts/DecisionPane.jsx:135 div naming the person a group is assigned to; navy 2px left rule on --surface-inset (styles/74-contract-workbench.css:301). /admin/contracts, admin.
components/admin/contracts/DecisionPane.jsx#2	tool	HOLD				components/admin/contracts/DecisionPane.jsx:159 p saying the rows disagree, so no bulk confirm; clay 2px left rule on --surface-inset (styles/74-contract-workbench.css:317). /admin/contracts, admin.
components/admin/contracts/LookupDeck.jsx#1	tool	HOLD				components/admin/contracts/LookupDeck.jsx:234 p saying the contract record index could not load; bare clay text (styles/74a-contract-lookup.css:93). /admin/contracts lookup deck, admins only.
components/boxlines/BoxLinesSheet.jsx#1	loading	HOLD				Loading line 'Pulling his game lines...' as .hint.boxlines__hint (components/boxlines/BoxLinesSheet.jsx:196). Loading lines keep the plain hint (EmptyState Q decision). Lineups.
components/boxlines/BoxLinesSheet.jsx#2	error	MIGRATE	N4			Box Lines error 'Couldn't pull his game lines' as .hint.boxlines__hint (muted, not clay), no role, then a Try again .btn (components/boxlines/BoxLinesSheet.jsx:202-205). Lineups surface; copy names no result.
components/boxlines/BoxLinesSheet.jsx#3	control	n/a				Try again button below the Box Lines error (components/boxlines/BoxLinesSheet.jsx:203); becomes the Notice action slot's button.
components/chrome/GuideLink.jsx#1	control	n/a				Anchor to a /learn guide: note line plus guide label (components/chrome/GuideLink.jsx:38); navy-railed link card (styles/08a-site-menu.css:343); on the box score at screens/BoxScore.jsx:198.
components/chrome/SiteSearch.jsx#1	live	n/a				Hidden p with role=status and aria-live=polite (a redundant pair) reads N results once a query settles, else empty (components/chrome/SiteSearch.jsx:377); site search sheet, any screen.
components/game/BoxScoreSkeleton.jsx#1	loading	HOLD				div.flipback.skel with role=status, hidden Pulling the box score text and grey pulsing bars (components/game/BoxScoreSkeleton.jsx:34); back of a revealed slate card while its feed loads.
components/game/GameCard.jsx#1	other	n/a				Date strip across a slate card (components/game/GameCard.jsx:210); a heading strip.
components/game/GameCardParts.jsx#1	notice	HOLD	N5			HOLD in N5 (the fallback; see .postponed). PostponedBanner on a slate card: rubber stamp, reason, make-up date, role=status (components/game/GameCardParts.jsx:113-128). A spoiler-free calendar date, never a score.
components/game/GameFinder.jsx#1	notice	MIGRATE	N3			Input validation 'Pick two different teams.' as a plain .hint (components/game/GameFinder.jsx:60); appears after the reader acts, no role. Finder modal.
components/game/GameFinder.jsx#2	control	n/a		box	neutral	Button listing a head-to-head game as date plus optional Gm N (components/game/GameFinder.jsx:89); box on --surface-card, field tint only on :active (styles/08-site-shell.css:182); Game Finder modal.
components/game/PastGameFlipCard.jsx#1	error	MIGRATE	N4			FlipCard whose renderBack returns the error line (components/game/PastGameFlipCard.jsx:86-106); folded site, same line as #2.
components/game/PastGameFlipCard.jsx#2	error	MIGRATE	N4			Slate card back: 'Couldn't load this game.' as bare clay .hint--error, no role, no retry (components/game/PastGameFlipCard.jsx:106). Slate surface, after Reveal. Copy names no result.
components/inning/DelayCard.jsx#1	notice	MIGRATE	N5			DONE in N5: renders <Notice tone="info" role="note" className="delay" icon=… label={title}> (components/inning/DelayCard.jsx:15-29). Same copy; the half filter in screens/InningViewer.jsx:871 is unchanged. Was: Between-half delay card: icon, title '{reason} delay', 'Play stopped for 2 hr 42 min' or 'Delay in progress', role=note (components/inning/DelayCard.jsx:12-29). Innings viewer (screens/InningViewer.jsx:868); names a stoppage, never a score (ADR-0060).
components/inning/ExtrasBanner.jsx#1	notice	MIGRATE	N5			DONE in N5: renders <Notice tone="info" size="compact" …> (components/inning/ExtrasBanner.jsx:11-24). Same copy; the effInning > regulation mount (screens/InningViewer.jsx:859) is unchanged. Was: 'Extra innings this season: BREWERS 5-2 - CUBS 2-5', role=note (components/inning/ExtrasBanner.jsx:9). Rendered only on an extra-inning page, which the reader has already unlocked (screens/InningViewer.jsx:855, ADR-0008).
components/inning/HalfInning.jsx#1	card	MIGRATE	N8c			NowPitching (the FULL Now Pitching card, #1344) with className pitchernotice--pbp (components/inning/HalfInning.jsx:374-384); gated revealed || isNextToReveal (ADR-0010). About 600px tall at 390px wide. Seen: top1. The component draws the frame from N7; this call site drops the dead frame class at N8c.
components/inning/HalfInning.jsx#2	card	MIGRATE	N8c			BatterNotice in the pre-pitch staged list, frame class passed in (components/inning/HalfInning.jsx:563-570); dropped once stepping starts. The component draws the frame from N7; this call site drops the dead frame class at N8c.
components/inning/HalfInning.jsx#3	card	MIGRATE	N8c			FielderNotice in the pre-pitch staged list (components/inning/HalfInning.jsx:573-580). The component draws the frame from N7; this call site drops the dead frame class at N8c.
components/inning/InningActionBar.jsx#1	notice	HOLD			SEAL	Live-edge status 'Caught up' in the innings bar, role=status aria-live (components/inning/InningActionBar.jsx:94-98); reads --seal. Seal-state report: held.
components/inning/InningActionBar.jsx#2	notice	HOLD			SEAL	Same status with 'Caught up - waiting on the next batter' (components/inning/InningActionBar.jsx:104-108); reads --seal. Held.
components/inning/PregameScoreboard.jsx#1	notice	HOLD				Message panel inside the pregame scoreboard (components/inning/PregameScoreboard.jsx:145), aria-hidden; its sr-only twin at :155 speaks it. Scoreboard art.
components/inning/PregameScoreboard.jsx#2	notice	HOLD				Status tag (Delayed, Suspended) under the board (components/inning/PregameScoreboard.jsx:148). Scoreboard art.
components/inning/PregameScoreboard.jsx#3	live	n/a				Hidden p with aria-live=polite aria-atomic and no role (components/inning/PregameScoreboard.jsx:155); voices the countdown by the minute, plus cancelled, postponed, suspended, delayed, TBD, warmups.
components/offseason/LongAtBats.jsx#1	live	n/a				Hidden p with role=status reads Showing N of M at-bats after the show-more door is pressed (components/offseason/LongAtBats.jsx:192); offseason page, always mounted, no box.
components/offseason/OffseasonLead.jsx#1	loading	HOLD				p role=status Reading the wire text, plain caption-grey, shown while the league moves fetch runs (components/offseason/OffseasonLead.jsx:95); offseason page.
components/offseason/OffseasonLead.jsx#2	empty	n/a				EmptyState role=status No moves filed in the last N days (components/offseason/OffseasonLead.jsx:97); it also shows when the fetch fails, since the useAsync error is never read (line 52).
components/offseason/WinterCalendar.jsx#1	other	n/a				Calendar tick li with a --rule left rule, heavier navy and aria-current for the next date (components/offseason/WinterCalendar.jsx:59; styles/78-offseason.css:138,163); offseason page.
components/passport/BookOrderControl.jsx#1	control	HOLD		tint box	navy	Asking state of the By date bar: warning copy (hand order is lost) plus two buttons (components/passport/BookOrderControl.jsx:18); navy box on --award-soft (styles/49-passport-book.css:1005).
components/passport/LogbookShelf.jsx#1	live	n/a				Plain --text-muted line, aria-live polite: count of books or a Choose a book prompt (components/passport/LogbookShelf.jsx:73; styles/58-logbook-shelf.css:59); no box; Game Log shelf.
components/passport/PassportBook.jsx#1	live	n/a				Span with Cover or Page N of M between Back and Next, aria-live polite (components/passport/PassportBook.jsx:334; styles/49-passport-book.css:253); no box; Game Log book nav.
components/playbyplay/BatterNotice.jsx#1	card	MIGRATE	N7			Root div of the compact card, class pitchernotice plus the caller's frame class (components/playbyplay/BatterNotice.jsx:19). Takes the frame from noticeClass at N7; keeps the inner class until N8c.
components/playbyplay/CalloutNote.jsx#1	callout	n/a				Fun-fact callout line (components/playbyplay/CalloutNote.jsx:8); content inside an at-bat card, see .pbp__callout.
components/playbyplay/EventCards.jsx#1	callout	n/a				Baserunning sub-line (components/playbyplay/EventCards.jsx:88-100); see .pbp__subnote.
components/playbyplay/EventCards.jsx#2	card	MIGRATE	N6			Mound-visit bar: club mark, label, usage pips, 'N left' (components/playbyplay/EventCards.jsx:139-151); one-line event bar. The frame moves at N6.
components/playbyplay/EventCards.jsx#3	card	MIGRATE	N6			Ejection bar: code EJ in clay-deep + sentence (components/playbyplay/EventCards.jsx:166-170); one-line event bar. The frame moves at N6.
components/playbyplay/EventCards.jsx#4	card	MIGRATE	N6			Baserunning event bar: code (SB, CS, PK, WP, PB, BK), optional headshot, sentence, pitch number (components/playbyplay/EventCards.jsx:181-197). The frame moves at N6.
components/playbyplay/EventCards.jsx#5	card	MIGRATE	N6			DelayNotice in the feed (ADR-0060): code DELAY in clay-deep, subject headshot, sentence (components/playbyplay/EventCards.jsx:229-237). The second delay design; the first is .delaycard. The frame moves at N6.
components/playbyplay/FielderNotice.jsx#1	card	MIGRATE	N7			Root div of the compact card, class pitchernotice plus the caller's frame class (components/playbyplay/FielderNotice.jsx:19). Takes the frame from noticeClass at N7; keeps the inner class until N8c.
components/playbyplay/HighlightSheet.jsx#1	loading	HOLD				'Loading...' in a 16:9 well that holds the video's size (components/playbyplay/HighlightSheet.jsx:113; styles/40-game-modals.css:295-302). Loading.
components/playbyplay/HighlightSheet.jsx#2	error	HOLD				A notice string in the video well: wait (condensed game not posted), error or unplayable, one muted box, no role (components/playbyplay/HighlightSheet.jsx:115). Mixed jobs: split before it can be a Notice. Innings modal.
components/playbyplay/HighlightSheet.jsx#3	error	HOLD				'This clip isn't playable right now.' in the same muted well (components/playbyplay/HighlightSheet.jsx:126). Innings modal.
components/playbyplay/PinchRunNotice.jsx#1	card	MIGRATE	N7			Root div of the compact card, class pitchernotice plus the caller's frame class (components/playbyplay/PinchRunNotice.jsx:19). Takes the frame from noticeClass at N7; keeps the inner class until N8c.
components/playbyplay/PinchRunNotice.jsx#2	card	MIGRATE	N8c			Body column of the card (components/playbyplay/PinchRunNotice.jsx:21); rename only.
components/playbyplay/PitcherHandoffCard.jsx#1	card	MIGRATE	N6			Departing-pitcher handoff card: frame on a Stack, header row, then the Arms-tab table (components/playbyplay/PitcherHandoffCard.jsx:25-48). Tall card with a nested table. The frame moves at N6.
components/playbyplay/PitcherHandoffCard.jsx#2	card	MIGRATE	N8c			Header row of the handoff card, class pitchernotice (components/playbyplay/PitcherHandoffCard.jsx:26); rename only.
components/playbyplay/PitcherHandoffCard.jsx#3	card	MIGRATE	N8c			Body column of the card (components/playbyplay/PitcherHandoffCard.jsx:28); rename only.
components/playbyplay/PitcherHandoffCard.jsx#4	card	MIGRATE	N6			Final-line handoff card, same frame on a Stack (components/playbyplay/PitcherHandoffCard.jsx:50-70). The frame moves at N6.
components/playbyplay/PitcherHandoffCard.jsx#5	card	MIGRATE	N8c			Header row of the handoff card, class pitchernotice (components/playbyplay/PitcherHandoffCard.jsx:51); rename only.
components/playbyplay/PitcherNotice.jsx#1	card	MIGRATE	N7			Root div of the compact card, class pitchernotice plus the caller's frame class (components/playbyplay/PitcherNotice.jsx:32). Takes the frame from noticeClass at N7; keeps the inner class until N8c.
components/playbyplay/PitcherNotice.jsx#2	card	MIGRATE	N8c			Body column of the card (components/playbyplay/PitcherNotice.jsx:34); rename only.
components/playbyplay/PitcherNotice.jsx#3	card	MIGRATE	N8c			Element .pitchernotice__now of the pitcher card (components/playbyplay/PitcherNotice.jsx:35); rename only.
components/playbyplay/PitcherNotice.jsx#4	card	MIGRATE	N8c			Element .pitchernotice__pitcher of the pitcher card (components/playbyplay/PitcherNotice.jsx:38); rename only.
components/playbyplay/PitcherNotice.jsx#5	card	MIGRATE	N8c			Element .pitchernotice__flag of the pitcher card (components/playbyplay/PitcherNotice.jsx:48); rename only.
components/playbyplay/PitcherNotice.jsx#6	card	MIGRATE	N8c			Element .pitchernotice__entering of the pitcher card (components/playbyplay/PitcherNotice.jsx:51); rename only.
components/playbyplay/PitcherNotice.jsx#7	card	MIGRATE	N8c			ReliefRepeat: the compact header card repeated at the head of a window (components/playbyplay/PitcherNotice.jsx:66-72). The component draws the frame from N7; this call site drops the dead frame class at N8c.
components/playbyplay/PitcherNotice.jsx#8	card	MIGRATE	N8a			Headshot well PitcherPhoto: photo, logo or monogram (components/playbyplay/PitcherNotice.jsx:113); rename only.
components/playbyplay/PitcherNotice.jsx#9	card	MIGRATE	N8a			Headshot well PitcherPhoto: photo, logo or monogram (components/playbyplay/PitcherNotice.jsx:131); rename only.
components/playbyplay/PitcherNotice.jsx#10	card	MIGRATE	N8a			Headshot well PitcherPhoto: photo, logo or monogram (components/playbyplay/PitcherNotice.jsx:137); rename only.
components/playbyplay/PlayByPlay.jsx#1	card	MIGRATE	N8c			Mid-half pitching change: the FULL PitcherCard with the frame class (components/playbyplay/PlayByPlay.jsx:377-384), inside the revealed feed. The component draws the frame from N7; this call site drops the dead frame class at N8c.
components/playbyplay/PlayByPlay.jsx#2	card	MIGRATE	N8c			Mid-half defensive sub/switch: FielderNotice (components/playbyplay/PlayByPlay.jsx:415-421), inside the revealed feed. The component draws the frame from N7; this call site drops the dead frame class at N8c.
components/playbyplay/PlayByPlay.jsx#3	card	MIGRATE	N8c			Mid-half pinch runner: PinchRunNotice (components/playbyplay/PlayByPlay.jsx:445-453), inside the revealed feed. The component draws the frame from N7; this call site drops the dead frame class at N8c.
components/playbyplay/PlayByPlay.jsx#4	card	MIGRATE	N8c			Mid-half pinch hitter: BatterNotice (components/playbyplay/PlayByPlay.jsx:465-471), inside the revealed feed. The component draws the frame from N7; this call site drops the dead frame class at N8c.
components/playbyplay/pitcherCard/PitchMix.jsx#1	other	n/a				Info-button popover with role=note (components/playbyplay/pitcherCard/PitchMix.jsx:36); a tooltip.
components/player/LevelProgressionCard.jsx#1	other	n/a				P with Current level label and level name in the card head (components/player/LevelProgressionCard.jsx:23); navy 3px left rule (styles/31d-prospect-card.css:43); readout in Path to the Majors.
components/player/LevelProgressionCard.jsx#2	other	n/a				Stepper li with level label and years; .is-current gets a navy rule and marker tint (components/player/LevelProgressionCard.jsx:38; styles/05-masthead-nav.css:479,508).
components/playercard/SimilarPlayerGrid.jsx#1	caveat	HOLD		rail+tint		Legend with Measured on pills and a Not pill naming what the match leaves out (components/playercard/SimilarPlayerGrid.jsx:75); heavy navy left rule on --bg-page (styles/51-similar-players.css:57).
components/playerstats/PlayerContractCard.jsx#1	other	n/a				Inline chip after a fact value (components/playerstats/PlayerContractCard.jsx:69); hairline --border-rule box with 30% --rule tint (styles/26b-player-contract.css:421); contract ticker.
components/playerstats/PlayerContractCard.jsx#2	caveat	n/a				Optioned footnote (components/playerstats/PlayerContractCard.jsx:185). Hand-added.
components/playerstats/PlayerContractCard.jsx#3	other	n/a				Inline Est. chip after the salary figure when contract.estimated (components/playerstats/PlayerContractCard.jsx:193; styles/26b-player-contract.css:421); a chip, not a message.
components/postseason/SeriesFlow.jsx#1	other	n/a		none		Readout of the picked game plus a Door link, aria-live polite (components/postseason/SeriesFlow.jsx:110); only a dashed bottom divider (styles/postseason/series-parts.css:54).
components/postseason/SeriesNineKeys.jsx#1	other	n/a		none	neutral	Table footer tally of failed keys plus an info popover (components/postseason/SeriesNineKeys.jsx:85); top hairline rule only, --text-heading ink (styles/postseason/series-parts.css:471); not an error.
components/postseason/SeriesNineKeys.jsx#2	other	n/a				Hidden failed suffix in a rank table cell when a team failed that key; a stat label, not a fetch error, no live role (components/postseason/SeriesNineKeys.jsx:111); postseason series page.
components/profile/EraseDataDialog.jsx#1	error	MIGRATE	N3			Erase failed: .hint--error with role=status inside the erase sheet (components/profile/EraseDataDialog.jsx:144-148). Clay text, no box.
components/scoring/lens/LensBar.jsx#1	live	n/a				Two-line text in the scorecard lens bar: the opened play in words, or a checked-ago line at the live edge, aria-live (components/scoring/lens/LensBar.jsx:28; styles/scorecard/lens-bar.css:29); no box.
components/scoring/lens/LensCards.jsx#1	card	MIGRATE	N7			ArmNotice: a <button> wearing pitchernotice + pitchernotice--pbp + sc-armnotice, opens the pitcher sheet (components/scoring/lens/LensCards.jsx:37-52). It must stay a button: it takes the frame from noticeClass(), not from the component.
components/scoring/lens/LensCards.jsx#2	card	MIGRATE	N8c			Inner .pitchernotice__body of the arm button (components/scoring/lens/LensCards.jsx:39); rename only.
components/scoring/lens/LensCards.jsx#3	control	n/a				'Arsenal - last time out' label after a dashed divider (components/scoring/lens/LensCards.jsx:50); part of the button.
components/scoring/lens/PitcherSheet.jsx#1	card	MIGRATE	N8c			The full PitcherCard inside the scorecard lens's pitcher sheet (components/scoring/lens/PitcherSheet.jsx:27-33). The component draws the frame from N7; this call site drops the dead frame class at N8c.
components/seal/AsOfBanner.jsx#1	control	HOLD				Editing state: 'As of' label, date field, Go, Cancel inside the dashed strip (components/seal/AsOfBanner.jsx:56-75). A form, not a message.
components/seal/AsOfBanner.jsx#2	control	HOLD				Live state: one 'View as of a date' text button, no box (components/seal/AsOfBanner.jsx:81-85). Draws nothing around it.
components/seal/AsOfBanner.jsx#3	notice	HOLD				Dated state: 'Stats entering {date}' with Change date and Show current (components/seal/AsOfBanner.jsx:90-101). A message with two actions; a Notice takes one. Open pages only (team hub, player hub, leaders, Scout).
components/team/OffDaySection.jsx#1	other	n/a				<h2> heading (components/team/OffDaySection.jsx:34).
components/team/TeamSearchBox.jsx#1	control	n/a				Chosen-team chip with a clear x button (components/team/TeamSearchBox.jsx:30); hairline border on --field-soft ground, --field-deep text (styles/08-site-shell.css:102); team picker field.
components/teamstats/TeamScoreCard.jsx#1	other	n/a		tint box		Season Grade tile: hairline box, 16% --marker gradient over --surface-inset, navy edge when open (components/teamstats/TeamScoreCard.jsx:211; styles/28-team-hub.css:154); a stat tile, not a band.
components/teamstats/TeamScoreCard.jsx#2	other	n/a				Expanded breakdown panel with a title and a dl, top and bottom hairline rules on 55% --surface-inset (components/teamstats/TeamScoreCard.jsx:250; styles/28-team-hub.css:766); a disclosure.
components/teamstats/TeamScoreCard.jsx#3	other	n/a				Score row: driver is a hairline box on --surface-inset, compact has top and bottom rules, .is-active adds navy edge and marker tint (teamstats/TeamScoreCard.jsx:291; styles/28-team-hub.css:279,329).
components/teamstats/TeamScoreExplainer.jsx#1	callout	n/a				Italic pull quote, 3px --accent-primary (navy) left rule, no ground (styles/40-game-modals.css:56); explains how to read a 5.0 in the Team Score modal (teamstats/TeamScoreExplainer.jsx:108).
components/transactions/MoveRow.jsx#1	other	n/a				Face banner chip (In/Out/Up/Down) over a headshot, class from BANNER_TONE (components/transactions/MoveRow.jsx:150); solid fill badge (styles/29-team-transactions.css:234); not a message.
components/transactions/MoveRow.jsx#2	other	n/a				Lead banner chip beside the club name in a compact wire row (components/transactions/MoveRow.jsx:218); solid fill badge (styles/29-team-transactions.css:234); not a message.
components/transactions/TeamTransactionsCard.jsx#1	control	n/a				Door button with the .door--block inset edge; label reads Load more, Loading transactions or Try loading again, aria-live=polite on the button (components/transactions/TeamTransactionsCard.jsx:159).
components/transactions/TxStory.jsx#1	other	n/a				Banner chip over a headshot in a photo-rail slot (components/transactions/TxStory.jsx:42); solid fill badge (styles/29-team-transactions.css:234); club deck or ledger story, not a message.
components/ui/AsyncGate.jsx#1	error	MIGRATE	N4			AsyncGate(): cold-load not-found / error page as <p class='hint hint--error'> with NO role (components/ui/AsyncGate.jsx:29-31); used by PlayerPage and TeamPage. Slate imports the file (via GameSelect.jsx).
components/ui/AsyncGate.jsx#2	error	MIGRATE	N4			AsyncStatus cold error: <p class='hint hint--error' role='status'> plus an optional Retry .btn (components/ui/AsyncGate.jsx:67-77). One line draws the error of 36 callers. Slate and lineups among them.
components/ui/AsyncGate.jsx#3	error	MIGRATE	N4			AsyncStatus stale error (data on screen): same bare clay line, role=status (components/ui/AsyncGate.jsx:80-85); only callers that pass staleErrorMessage show it (GameView, AllStarLegacy).
components/ui/Loader.jsx#1	loading	HOLD				div.loader with role=status aria-live=polite (a redundant pair) announces only the optional message, silent by default (components/ui/Loader.jsx:47); shared scoreboard art on cold-load screens.
components/ui/Loader.jsx#2	other	n/a				Empty span, last cell of the Milwaukee row of the Loader scoreboard art inside an aria-hidden stage (components/ui/Loader.jsx:63); decoration.
components/ui/Loader.jsx#3	other	n/a				Empty span, last cell of the Cubs row of the Loader scoreboard art inside an aria-hidden stage (components/ui/Loader.jsx:69); decoration.
screens/AboutPage.jsx#1	caveat	n/a		rail+tint		Data-source line, not-affiliated disclaimer and a third-party model caveat (screens/AboutPage.jsx:218; styles/65-about-page.css:404). A page footnote, does not move.
screens/AdminCopy.jsx#1	tool	HOLD				screens/AdminCopy.jsx:52 Notice() p for checking access, sign in, not a copy admin and Clerk not configured; plain text (styles/45-admin-copy-editor.css:10). Any visitor who types /admin sees it.
screens/AllStarLegacyPage.jsx#1	error	MIGRATE	N4	text	clay	AsyncStatus call (screens/AllStarLegacyPage.jsx:294): error text 'Couldn’t load All-Star Legacy. Try again.' with a stale-error line. Drawn by components/ui/AsyncGate.jsx:67-85 as bare clay .hint--error, role=status. Moves with the shared l
screens/AllStarLegacyPage.jsx#2	error	MIGRATE	N3			'Couldn't determine which All-Stars are still active' as a plain .hint, NOT .hint--error: grey, no clay (screens/AllStarLegacyPage.jsx:316). An error told in the caveat colour.
screens/AllStarRostersPage.jsx#1	error	MIGRATE	N4	text	clay	AsyncStatus call (screens/AllStarRostersPage.jsx:254): error text 'Couldn’t load All-Star Rosters. Try again.'. Drawn by components/ui/AsyncGate.jsx:67-85 as bare clay .hint--error, role=status. Moves with the shared line; no edit here.
screens/AwardsHistoryPage.jsx#1	other	n/a				Column-head label above an All-MLB card list (screens/AwardsHistoryPage.jsx:269); --award-soft chip heading with 1px --award-line border (styles/33-awards-history.css:269); not a message.
screens/AwardsHistoryPage.jsx#2	error	MIGRATE	N4	text	clay	AsyncStatus call (screens/AwardsHistoryPage.jsx:371): error text 'Couldn’t load Awards History. Try again.'. Drawn by components/ui/AsyncGate.jsx:67-85 as bare clay .hint--error, role=status. Moves with the shared line; no edit here.
screens/FirstScorebookPage.jsx#1	error	MIGRATE	N2			Archive failed: bare clay .hint--error, no role, Retry .btn below (screens/FirstScorebookPage.jsx:233-234). Open page.
screens/FoulTrackerPage.jsx#1	error	MIGRATE	N4	text	clay	AsyncStatus call (screens/FoulTrackerPage.jsx:150): error text 'Couldn’t load the foul data. Try again.'. Drawn by components/ui/AsyncGate.jsx:67-85 as bare clay .hint--error, role=status. Moves with the shared line; no edit here.
screens/FoulTrackerPage.jsx#2	card	n/a				Rank-1 hero Card with headshot, name and logo (screens/FoulTrackerPage.jsx:376); .is-me adds a fan-team tint and inset 3px left rule (styles/43-foul-tracker.css:265); an actor card.
screens/GameNotesDebugPage.jsx#1	error	MIGRATE	N4	text	clay	AsyncStatus call (screens/GameNotesDebugPage.jsx:64): error text 'Couldn’t load game notes. Try again.' with a Retry button. Drawn by components/ui/AsyncGate.jsx:67-85 as bare clay .hint--error, role=status. Moves with the shared line; no e
screens/GamePhotosPage.jsx#1	notice	MIGRATE	N3			Page-head notice: tag 'Unsealed' + sentence that nothing on the page is spoiler-safe, role=note (screens/GamePhotosPage.jsx:102-109). Always shown. Seen live: /photos.
screens/GamePhotosPage.jsx#2	error	MIGRATE	N4	text	clay	AsyncStatus call (screens/GamePhotosPage.jsx:145): error text 'Couldn’t load the schedule. Try again.' with a Retry button. Drawn by components/ui/AsyncGate.jsx:67-85 as bare clay .hint--error, role=status. Moves with the shared line; no ed
screens/GamePhotosPage.jsx#3	control	n/a				Game-pick row button, active row field-soft (screens/GamePhotosPage.jsx:159; styles/14-strike-zone.css:736,761); not a message. Machine job was a guess.
screens/GamePhotosPage.jsx#4	error	MIGRATE	N4	text	clay	AsyncStatus call (screens/GamePhotosPage.jsx:198): error text 'Couldn’t load photos for this game. Try again.' with a Retry button. Drawn by components/ui/AsyncGate.jsx:67-85 as bare clay .hint--error, role=status. Moves with the shared lin
screens/GamePreview.jsx#1	control	n/a				Label wrapping a checkbox for one poster block, dimmed when its data has not posted (screens/GamePreview.jsx:149; styles/62-game-preview.css:99,112); a control, no box.
screens/GamePreview.jsx#2	notice	MIGRATE	N1			DONE in N1: the poster-overflow line renders <Notice tone="caution" role="status"> (screens/GamePreview.jsx:170). Same sentence, same `overflows` test in the caller. The rule .posterstudio__warn is deleted: the panel grid gap spaces the line. NOTE: with today's layout constants `overflows` is never true (tallest stack 958px + 80px of gaps = 1038px against 1044px of room), so the line cannot show in a normal session.
screens/GameSelect.jsx#1	error	MIGRATE	N4	text	clay	AsyncStatus call (screens/GameSelect.jsx:936): error text 'Couldn’t load games. Check your connection and try again.' with a Retry button. Drawn by components/ui/AsyncGate.jsx:67-85 as bare clay .hint--error, role=status. Slate surface (the
screens/GameSelect.jsx#2	tape	HOLD				The .break-banner tape on its page (screens/GameSelect.jsx:975); a filled band with no rule or tint. Held with the tape family (decisions Q5).
screens/GameSelect.jsx#3	tape	HOLD				The .offday-banner tape on its page (screens/GameSelect.jsx:982); a filled band with no rule or tint. Held with the tape family (decisions Q5).
screens/GameSelect.jsx#4	live	n/a				p role=status reads Showing N of M games only while a result chip is on, else empty so the region stays mounted (screens/GameSelect.jsx:1242); slate, drawn only after Reveal all.
screens/GameView.jsx#1	error	MIGRATE	N4	text	clay	AsyncStatus call (screens/GameView.jsx:354): error text 'Couldn’t load this game. Try again in a moment.' with a Retry button and a stale-error line. Drawn by components/ui/AsyncGate.jsx:67-85 as bare clay .hint--error, role=status. Lineups
screens/GameView.jsx#2	tape	HOLD				The .game-status-banner tape on its page (screens/GameView.jsx:633); a filled band with no rule or tint. Held with the tape family (decisions Q5).
screens/LogbookCollection.jsx#1	control	HOLD				Options bar for a tapped stamp: date and page line plus Open game, Move it, Back to the tray, Done (screens/LogbookCollection.jsx:414); navy box on --award-soft (styles/49-passport-book.css:952).
screens/LogbookCollection.jsx#2	control	HOLD				Placement bar: Tap the page where you want it to go prompt plus Confirm/Cancel (screens/LogbookCollection.jsx:459); sticky navy box on --award-soft (styles/49-passport-book.css:951).
screens/LogbookStatsPage.jsx#1	caveat	n/a				'N stamps are still resolving / not available offline - the totals below leave them out' as .hint.hint--prose (screens/LogbookStatsPage.jsx:271). A data caveat that warns of partial totals; edge case, kept with footnotes (does not move).
screens/LogoSheet.jsx#1	error	MIGRATE	N4	text	clay	AsyncStatus call (screens/LogoSheet.jsx:36): error text 'Couldn’t load teams. Check your connection and try again.' with a Retry button. Drawn by components/ui/AsyncGate.jsx:67-85 as bare clay .hint--error, role=status. Moves with the share
screens/MilestoneWatchPage.jsx#1	error	MIGRATE	N4	text	clay	AsyncStatus call (screens/MilestoneWatchPage.jsx:55): error text 'Couldn’t load Milestone Watch. Try again.'. Drawn by components/ui/AsyncGate.jsx:67-85 as bare clay .hint--error, role=status. Moves with the shared line; no edit here.
screens/MilestoneWatchPage.jsx#2	empty	n/a				EmptyState role=status "No one on that club is within range of a career milestone right now." when the club filter leaves no rows (screens/MilestoneWatchPage.jsx:72).
screens/NineKeysPage.jsx#1	other	n/a				Table column heading "Failed" (count of failed keys per club); data, not an error (screens/NineKeysPage.jsx:112), Nine Keys report grid.
screens/NineKeysPage.jsx#2	other	n/a				Legend swatch "failed": 12px square with --accent-negative border on --surface-inset (styles/79-nine-keys.css:266); screens/NineKeysPage.jsx:127. A key to the grid, not a message.
screens/NineKeysPage.jsx#3	error	MIGRATE	N4	text	clay	AsyncStatus call (screens/NineKeysPage.jsx:167): error text 'Couldn’t load the Nine Keys report. Try again.' with a Retry button. Drawn by components/ui/AsyncGate.jsx:67-85 as bare clay .hint--error, role=status. Moves with the shared line;
screens/NineKeysPage.jsx#4	other	n/a				Span in the headline rule "No champion since [year] has failed more than N of 9", h2-size display text, no box (styles/79-nine-keys.css:25); screens/NineKeysPage.jsx:179. Data statement.
screens/NineKeysPage.jsx#5	other	n/a				Section h2 "Keys failed, by how far a club got" (styles/79-nine-keys.css:48); screens/NineKeysPage.jsx:284. A heading; "failed" is data, not a failure.
screens/PostseasonHistoryPage.jsx#1	error	MIGRATE	N4	text	clay	AsyncStatus call (screens/PostseasonHistoryPage.jsx:419): error text 'Couldn’t load Postseason History. Try again.'. Drawn by components/ui/AsyncGate.jsx:67-85 as bare clay .hint--error, role=status. Moves with the shared line; no edit here
screens/PostseasonLeadersPage.jsx#1	other	n/a				Rank row li that adds the --fav class for the fan's club: tint plus 2px left shadow (styles/36-postseason-leaders.css:49); screens/PostseasonLeadersPage.jsx:40. Row accent.
screens/PostseasonLeadersPage.jsx#2	other	n/a				MVP rank row li that adds the --fav class for the fan's club: tint plus 2px left shadow (styles/36-postseason-leaders.css:50); screens/PostseasonLeadersPage.jsx:74. Row accent.
screens/PostseasonLeadersPage.jsx#3	error	MIGRATE	N4	text	clay	AsyncStatus call (screens/PostseasonLeadersPage.jsx:137): error text 'Couldn’t load Postseason Leaders. Try again.'. Drawn by components/ui/AsyncGate.jsx:67-85 as bare clay .hint--error, role=status. Moves with the shared line; no edit here
screens/PostseasonRacePage.jsx#1	error	MIGRATE	N4	text	clay	AsyncStatus call (screens/PostseasonRacePage.jsx:369): error text 'Couldn’t load the postseason race. Try again.'. Drawn by components/ui/AsyncGate.jsx:67-85 as bare clay .hint--error, role=status. Moves with the shared line; no edit here.
screens/PostseasonSeriesPage.jsx#1	other	n/a		band		Navy result banner "[Club] win in N" with series mark and trophy, 2px --award-line seam (styles/35-postseason-series.css:19); screens/PostseasonSeriesPage.jsx:173. Hero header, not a message.
screens/PostseasonSeriesPage.jsx#2	error	MIGRATE	N2			One game's result failed to load: bare clay line inside an article (screens/PostseasonSeriesPage.jsx:303). No role. Final postseason series page, an open page.
screens/PostseasonSeriesPage.jsx#3	other	n/a				Series MVP award band with headshot, "Series MVP" tag and name, --award-soft ground (styles/35-postseason-series.css:382); screens/PostseasonSeriesPage.jsx:310.
screens/ProspectsPage.jsx#1	live	n/a			neutral	p aria-live=polite aria-atomic with no role reads N shown in the page head when the list is non-empty (screens/ProspectsPage.jsx:204); /prospects, heading-ink text, no box.
screens/ProspectsPage.jsx#2	error	MIGRATE	N4	text	clay	AsyncStatus call (screens/ProspectsPage.jsx:210): error text 'Couldn’t load prospect rankings. Try again.'. Drawn by components/ui/AsyncGate.jsx:67-85 as bare clay .hint--error, role=status. Moves with the shared line; no edit here.
screens/ProspectsPage.jsx#3	live	n/a				p aria-live=polite with no role reads Active or Showing plus the filter summary inside the filter card (screens/ProspectsPage.jsx:267); /prospects, no box.
screens/ProspectsPage.jsx#4	empty	n/a				EmptyState role=status with a Clear filters button, No Top 100 prospects match those filters (screens/ProspectsPage.jsx:274); shows when filters leave no rows, not on a failure.
screens/RehabPage.jsx#1	error	MIGRATE	N4	text	clay	AsyncStatus call (screens/RehabPage.jsx:44): error text 'Couldn’t load rehab assignments. Try again.'. Drawn by components/ui/AsyncGate.jsx:67-85 as bare clay .hint--error, role=status. Moves with the shared line; no edit here.
screens/RehabPage.jsx#2	empty	n/a				EmptyState role=status "No players from that club are on a rehab assignment right now." when the club filter leaves no rows (screens/RehabPage.jsx:61).
screens/SalariesPage.jsx#1	error	MIGRATE	N4	text	clay	AsyncStatus call (screens/SalariesPage.jsx:68): error text 'Couldn’t load league salaries. Try again.'. Drawn by components/ui/AsyncGate.jsx:67-85 as bare clay .hint--error, role=status. Moves with the shared line; no edit here.
screens/ScorecardLab.jsx#1	tool	HOLD				Dev-only page (loads only in DEV, App.jsx:275-292): gamePk load failure with role=status as bare clay .hint--error (screens/ScorecardLab.jsx:117). Wears .hint--error, so the rule stays until this page moves or the hold lifts.
screens/SituationalRecordsPage.jsx#1	error	MIGRATE	N4	text	clay	AsyncStatus call (screens/SituationalRecordsPage.jsx:182): error text 'Couldn’t load situational records. Try again.'. Drawn by components/ui/AsyncGate.jsx:67-85 as bare clay .hint--error, role=status. Moves with the shared line; no edit he
screens/StandingsPage.jsx#1	error	MIGRATE	N4	text	clay	AsyncStatus call (screens/StandingsPage.jsx:384): error text 'Couldn’t load standings. Try again.'. Drawn by components/ui/AsyncGate.jsx:67-85 as bare clay .hint--error, role=status. Moves with the shared line; no edit here.
screens/TeamInfo.jsx#1	caveat	n/a				'Not final - posts close to first pitch ({time})' above a projected roster (screens/TeamInfo.jsx:681-683). Footnote-size aside, does not move. Lineups surface.
screens/TeamInfo.jsx#2	caveat	n/a				Same aside when there is no roster either (screens/TeamInfo.jsx:725-727). Lineups surface.
screens/TradeDeadlineSeasonPage.jsx#1	error	MIGRATE	N4	text	clay	AsyncStatus call (screens/TradeDeadlineSeasonPage.jsx:97): error text 'Couldn’t load this season’s trades. Try again.'. Drawn by components/ui/AsyncGate.jsx:67-85 as bare clay .hint--error, role=status. Moves with the shared line; no edit h
screens/TradeDeadlineSeasonPage.jsx#2	empty	n/a				EmptyState role=status "That club made no trades within this season's deadline window." when the club filter leaves no trades (screens/TradeDeadlineSeasonPage.jsx:117).
screens/TradeDeadlineSeasonPage.jsx#3	other	n/a				h2 date header, one per day of trades, sticky: --award-soft ground, 1px --award-line bottom line (styles/47-trade-deadline.css:34); screens/TradeDeadlineSeasonPage.jsx:124.
screens/UmpireRankingsPage.jsx#1	error	MIGRATE	N4	text	clay	AsyncStatus call (screens/UmpireRankingsPage.jsx:76): error text 'Couldn’t load umpire rankings. Try again.'. Drawn by components/ui/AsyncGate.jsx:67-85 as bare clay .hint--error, role=status. Moves with the shared line; no edit here.
screens/UniformNamesPage.jsx#1	tool	HOLD				Dev-only page (loads only in DEV, App.jsx:275-292): 'Save failed - is npm run dev running?' as bare clay .hint--error (screens/UniformNamesPage.jsx:144). Wears .hint--error, so the rule stays until this page moves or the hold lifts.
screens/admin/ContractIdentityReviewPage.jsx#1	tool	HOLD				screens/admin/ContractIdentityReviewPage.jsx:65 Notice() p for loading, load-failed and sign-in or role gate lines; muted padded text, no box (styles/research/diary.css:20-26). /admin/contracts.
screens/admin/ContractIdentityReviewPage.jsx#2	tool	HOLD				Desktop-only caution box on /admin/contracts (screens/admin/ContractIdentityReviewPage.jsx:255); admin page. Hand-added.
screens/admin/ContractIdentityReviewPage.jsx#3	tool	HOLD				screens/admin/ContractIdentityReviewPage.jsx:273 p printing a save error string; clay 2px left rule on --surface-card (styles/74-contract-workbench.css:36-45). /admin/contracts, admins only.
screens/animlab/motionDemos.jsx#1	tool	HOLD			SEAL	Animation-lab demo of the live-edge chip (screens/animlab/motionDemos.jsx:32); unlisted QA page.
screens/around-the-game/AbsChallengesPage.jsx#1	error	MIGRATE	N4	text	clay	AsyncStatus call (screens/around-the-game/AbsChallengesPage.jsx:149): error text 'Couldn’t load the challenge board. Try again.'. Drawn by components/ui/AsyncGate.jsx:67-85 as bare clay .hint--error, role=status. Moves with the shared line;
screens/around-the-game/AttendancePage.jsx#1	error	MIGRATE	N4	text	clay	AsyncStatus call (screens/around-the-game/AttendancePage.jsx:106): error text 'Couldn’t load attendance. Try again.'. Drawn by components/ui/AsyncGate.jsx:67-85 as bare clay .hint--error, role=status. Moves with the shared line; no edit her
screens/around-the-game/BullpenPage.jsx#1	error	MIGRATE	N4	text	clay	AsyncStatus call (screens/around-the-game/BullpenPage.jsx:152): error text 'Couldn’t load pitcher workload. Try again.'. Drawn by components/ui/AsyncGate.jsx:67-85 as bare clay .hint--error, role=status. Moves with the shared line; no edit
screens/around-the-game/DoubleheadersPage.jsx#1	error	MIGRATE	N4	text	clay	AsyncStatus call (screens/around-the-game/DoubleheadersPage.jsx:265): error text 'Couldn’t load doubleheaders. Try again.'. Drawn by components/ui/AsyncGate.jsx:67-85 as bare clay .hint--error, role=status. Moves with the shared line; no ed
screens/around-the-game/FarmSystemPage.jsx#1	error	MIGRATE	N4	text	clay	AsyncStatus call (screens/around-the-game/FarmSystemPage.jsx:112): error text 'Couldn’t load the farm system data. Try again.'. Drawn by components/ui/AsyncGate.jsx:67-85 as bare clay .hint--error, role=status. Moves with the shared line; n
screens/around-the-game/PacePage.jsx#1	error	MIGRATE	N4	text	clay	AsyncStatus call (screens/around-the-game/PacePage.jsx:154): error text 'Couldn’t load game times. Try again.'. Drawn by components/ui/AsyncGate.jsx:67-85 as bare clay .hint--error, role=status. Moves with the shared line; no edit here.
screens/around-the-game/RunDifferentialPage.jsx#1	error	MIGRATE	N4	text	clay	AsyncStatus call (screens/around-the-game/RunDifferentialPage.jsx:185): error text 'Couldn’t load the run differential board. Try again.'. Drawn by components/ui/AsyncGate.jsx:67-85 as bare clay .hint--error, role=status. Moves with the sha
screens/around-the-game/RunValuePage.jsx#1	error	MIGRATE	N4	text	clay	AsyncStatus call (screens/around-the-game/RunValuePage.jsx:124): error text 'Couldn’t load the run value board. Try again.'. Drawn by components/ui/AsyncGate.jsx:67-85 as bare clay .hint--error, role=status. Moves with the shared line; no e
screens/contenders/ContenderDiaryPage.jsx#1	tool	HOLD				Bare muted paragraph (sign-in gate, "needs sign-in configured") on the admin-only Contender Diary, route admin-contenders (styles/research/diary.css:20); screens/contenders/ContenderDiaryPage.jsx:56.
screens/contenders/ContenderDiaryPage.jsx#2	callout	n/a				Italic pull quote of the entry question, 2px --accent-primary left rule (styles/research/diary.css:172); admin-only Contender Diary, screens/contenders/ContenderDiaryPage.jsx:162. Editorial.
screens/contenders/ContenderDiaryPage.jsx#3	tool	HOLD		rail+tint		Caveat box "What this does not settle": 2px --border-rule left rail on --surface-card (styles/research/diary.css:301); admin-only Contender Diary, screens/contenders/ContenderDiaryPage.jsx:169.
screens/designlab/Entry.jsx#1	other	n/a				screens/designlab/Entry.jsx:60 h3 title of a Group on /design-lab; 3px navy left rule, no ground (styles/designlab/lab.css:88-97). A heading accent, not a message.
screens/designlab/components.jsx#1	tool	HOLD				The design-lab demo of Notice itself (screens/designlab/components.jsx:211): invented copy, one per tone, a label + action one and a compact one. Not a site to migrate.
screens/designlab/components.jsx#2	tool	HOLD				The design-lab demo of Notice itself (screens/designlab/components.jsx:212): invented copy, one per tone, a label + action one and a compact one. Not a site to migrate.
screens/designlab/components.jsx#3	tool	HOLD				The design-lab demo of Notice itself (screens/designlab/components.jsx:213): invented copy, one per tone, a label + action one and a compact one. Not a site to migrate.
screens/designlab/components.jsx#4	tool	HOLD				The design-lab demo of Notice itself (screens/designlab/components.jsx:217): invented copy, one per tone, a label + action one and a compact one. Not a site to migrate.
screens/designlab/components.jsx#5	tool	HOLD				The design-lab demo of Notice itself (screens/designlab/components.jsx:228): invented copy, one per tone, a label + action one and a compact one. Not a site to migrate.
screens/designlab/components.jsx#6	error	MIGRATE	N4	text	clay	AsyncStatus call (screens/designlab/components.jsx:306): error text 'default 'Couldn't load. Try again.''. Drawn by components/ui/AsyncGate.jsx:67-85 as bare clay .hint--error, role=status. Design-lab page: it moves because the shared line
screens/designlab/scout/ScoutLab.jsx#1	loading	HOLD				AsyncStatus call (screens/designlab/scout/ScoutLab.jsx:172) that passes only `loading hasData={false}`: it reaches the loader and never the error branch. Design-lab page with invented data. N0 counted it as an error caller; it is not.
screens/designlab/scout/ScoutLab.jsx#2	other	n/a		none		screens/designlab/scout/ScoutLab.jsx:285 copy of the Scout readout fed invented numbers on /design-lab; dashed top rule only (styles/scout/scout.css:383). Public by URL, no sign-in.
screens/designlab/tokens.jsx#1	tool	HOLD		box		screens/designlab/tokens.jsx:271 static caveat that two fonts ship one weight; 1px clay border all round plus 3px clay left on --surface-inset (styles/designlab/lab.css:352). Unlisted /design-lab.
screens/expresslane/EntryChooser.jsx#1	control	n/a				Pace and plan card button (aria-pressed), dark album board; on adds --marker rail and raw rgb(181 130 74) tint (styles/77a-express-lane-entry.css:162); screens/expresslane/EntryChooser.jsx:46.
screens/expresslane/EntryChooser.jsx#2	notice	HOLD				Consent p saying every frame carries the scorebug, so a pitch cannot be watched unseen (screens/expresslane/EntryChooser.jsx:136, styles/77a-express-lane-entry.css:219); see FLAG.
screens/expresslane/ExpressLanePage.jsx#1	notice	HOLD				Pre-roll headline on the album board (screens/expresslane/ExpressLanePage.jsx:229); Express Lane, a scoring surface on a dark ground. Hand-added.
screens/expresslane/ExpressLanePage.jsx#2	notice	HOLD				Pre-roll headline on the album board (screens/expresslane/ExpressLanePage.jsx:270); Express Lane, a scoring surface on a dark ground. Hand-added.
screens/expresslane/ExpressLanePage.jsx#3	error	HOLD				Blocked-film sub-line ("Free some space...", "Give it a few minutes...") under a centred headline, no box, dark board (screens/expresslane/ExpressLanePage.jsx:277, styles/77-express-lane.css:309).
screens/expresslane/ExpressLanePage.jsx#4	control	n/a				"Try again" ghost button (lane.retry) under the blocked-film message (screens/expresslane/ExpressLanePage.jsx:284); a button, not a message. Dark album board.
screens/expresslane/ExpressLanePage.jsx#5	notice	HOLD				Pre-roll headline on the album board (screens/expresslane/ExpressLanePage.jsx:296); Express Lane, a scoring surface on a dark ground. Hand-added.
screens/expresslane/FilmPane.jsx#1	notice	HOLD				Film placeholder message (screens/expresslane/FilmPane.jsx:32); Express Lane. Hand-added.
screens/expresslane/FilmPane.jsx#2	control	n/a				"Try again" button (onRetry) inside the stop-tone film placeholder (screens/expresslane/FilmPane.jsx:50, styles/77-express-lane.css:187); a button, not a message.
screens/expresslane/ScoringDeck.jsx#1	loading	HOLD				p role=status Holding for the film, shown while the gate waits for the next clip with no blocked reason (screens/expresslane/ScoringDeck.jsx:186); Express Lane scoring deck.
screens/game-notes/GameNotesArchivePage.jsx#1	error	MIGRATE	N2			CSV build failed: bare clay .hint--error with role=status (screens/game-notes/GameNotesArchivePage.jsx:127-129). Open archive page.
screens/game-notes/GameNotesArchivePage.jsx#2	error	MIGRATE	N4	text	clay	AsyncStatus call (screens/game-notes/GameNotesArchivePage.jsx:132): error text 'Couldn’t load the notes. Try again.' with a Retry button. Drawn by components/ui/AsyncGate.jsx:67-85 as bare clay .hint--error, role=status. Moves with the shar
screens/game-notes/GameNotesArchivePage.jsx#3	live	n/a				Result count 'N notes' as plain .hint with role=status (screens/game-notes/GameNotesArchivePage.jsx:142). A live count, not a message.
screens/identity-lab/ColorLabBody.jsx#1	tool	HOLD				Dev-only page (loads only in DEV, App.jsx:275-292): jersey-names-not-saved line as bare clay .hint--error (screens/identity-lab/ColorLabBody.jsx:163). Wears .hint--error, so the rule stays until this page moves or the hold lifts.
screens/identity-lab/DugoutRail.jsx#1	tool	HOLD				Dev-only page (loads only in DEV, App.jsx:275-292): 'Didn't land - is npm run dev running?' as bare clay .hint--error (screens/identity-lab/DugoutRail.jsx:174). Wears .hint--error, so the rule stays until this page moves or the hold lifts.
screens/identity-lab/editors/LogoRecolorEditor.jsx#1	tool	HOLD				screens/identity-lab/editors/LogoRecolorEditor.jsx:162 p printing art.error.message when source art fails to load; bare clay text (styles/17-identity-lab-workbench.css:567). /identity-lab, DEV only.
screens/identity-lab/editors/MastheadMarkEditor.jsx#1	tool	HOLD				screens/identity-lab/editors/MastheadMarkEditor.jsx:248 p saying pasted text does not parse as SVG; bare clay text, an input error (styles/17-identity-lab-workbench.css:567). /identity-lab, DEV only.
screens/identity-lab/editors/MastheadMarkEditor.jsx#2	tool	HOLD				screens/identity-lab/editors/MastheadMarkEditor.jsx:306 p saying the art has no shapes to classify or nothing is left to draw; bare clay text (styles/17-identity-lab-workbench.css:567). DEV only.
screens/identity-lab/editors/MastheadMarkEditor.jsx#3	tool	HOLD				screens/identity-lab/editors/MastheadMarkEditor.jsx:314 p saying the ink conversion failed (code shape moved); bare clay text, an error (styles/17-identity-lab-workbench.css:567). DEV only.
screens/identity-lab/editors/MonoInkEditor.jsx#1	tool	HOLD				screens/identity-lab/editors/MonoInkEditor.jsx:238 p caveat that saved pins were picked against different art; bare clay text (styles/17-identity-lab-workbench.css:567). /identity-lab, DEV only.
screens/identity-lab/editors/StampPlacementEditor.jsx#1	tool	HOLD				screens/identity-lab/editors/StampPlacementEditor.jsx:174 p caveat that saved placement restyles stamps already in Game Logs; grey caption text (styles/17-identity-lab-workbench.css:270). DEV only.
screens/identity-lab/editors/StampPlacementEditor.jsx#2	tool	HOLD				screens/identity-lab/editors/StampPlacementEditor.jsx:396 p caveat that the stamp ink applies to stamps already minted; grey caption text (styles/17-identity-lab-workbench.css:270). DEV only.
screens/identity-lab/profiles/audit.jsx#1	other	n/a		box		screens/identity-lab/profiles/audit.jsx:127 div is a 56px jersey logo tile: 1px --border-rule, radius-md, pinstripe gradient and gloss sheen (styles/15-team-color-lab.css:125-174). A swatch, DEV only.
screens/identity-lab/profiles/audit.jsx#2	tool	HOLD				screens/identity-lab/profiles/audit.jsx:238 div counting stale jersey keys; stale case has a 1px clay border all round, clay text, no left rule (styles/18-uniforms-and-jerseys.css:51-64). DEV only.
screens/identity-lab/profiles/milb.jsx#1	tool	HOLD				Dev-only page (loads only in DEV, App.jsx:275-292): a dot separator wearing the error class (inferred) as bare clay .hint--error (screens/identity-lab/profiles/milb.jsx:536). Wears .hint--error, so the rule stays until this page moves or the hold lifts.
screens/logbook/RetrospectiveSections.jsx#1	loading	HOLD				Loading line 'Working out this book's stats...' as .hint.hint--prose (screens/logbook/RetrospectiveSections.jsx:24). Loading keeps the hint.
screens/player/PlayerHubShell.jsx#1	tape	HOLD				The .allstar-banner tape on its page (screens/player/PlayerHubShell.jsx:74); a filled band with no rule or tint. Held with the tape family (decisions Q5).
screens/player/PlayerHubShell.jsx#2	tape	HOLD				The .rehab-banner tape on its page (screens/player/PlayerHubShell.jsx:87); a filled band with no rule or tint. Held with the tape family (decisions Q5).
screens/player/PlayerHubShell.jsx#3	tape	HOLD				The .il-banner tape on its page (screens/player/PlayerHubShell.jsx:95); a filled band with no rule or tint. Held with the tape family (decisions Q5).
screens/player/PlayerHubShell.jsx#4	tape	HOLD				The .lastplayed-banner tape on its page (screens/player/PlayerHubShell.jsx:103); a filled band with no rule or tint. Held with the tape family (decisions Q5).
screens/postseason-live/LiveSeriesPage.jsx#1	other	n/a		band		Navy header band with the series state line ("Series tied 1-1", "CHC leads 2-1") plus series mark, same classes as the final page (styles/35-postseason-series.css:19); LiveSeriesPage.jsx:264.
screens/postseason-live/LiveSeriesPage.jsx#2	error	MIGRATE	N2			One game's result failed to load: bare clay line (screens/postseason-live/LiveSeriesPage.jsx:403). No role. Live series page, open.
screens/postseason-live/LiveSeriesPage.jsx#3	loading	HOLD				Loading line 'Loading the series so far...' as plain .hint (screens/postseason-live/LiveSeriesPage.jsx:413). Loading keeps the hint.
screens/postseason-live/LiveSeriesPage.jsx#4	error	MIGRATE	N2			Leaders and rosters failed to load: bare clay line (screens/postseason-live/LiveSeriesPage.jsx:415). No role.
screens/postseason-records/PostseasonRecordsPage.jsx#1	error	MIGRATE	N4	text	clay	AsyncStatus call (screens/postseason-records/PostseasonRecordsPage.jsx:280): error text 'Couldn’t load postseason records. Try again.'. Drawn by components/ui/AsyncGate.jsx:67-85 as bare clay .hint--error, role=status. Moves with the shared
screens/profile/sections/ClubSection.jsx#1	error	MIGRATE	N3			'The club list isn't available right now' as plain .hint (screens/profile/sections/ClubSection.jsx:45). Not a fetch error: a static file missing. My Tally, no game data.
screens/research/ResearchDiaryPage.jsx#1	tool	HOLD				Bare muted paragraph (sign-in gate, "needs sign-in configured") on the admin-only Research Diary, route admin-research (styles/research/diary.css:20); screens/research/ResearchDiaryPage.jsx:63.
screens/research/ResearchDiaryPage.jsx#2	callout	n/a				Italic pull quote of the entry question, 2px --accent-primary left rule (styles/research/diary.css:172); admin-only Research Diary, screens/research/ResearchDiaryPage.jsx:174. Editorial.
screens/research/ResearchDiaryPage.jsx#3	tool	HOLD		rail+tint		Caveat box "What this does not settle": 2px --border-rule left rail on --surface-card (styles/research/diary.css:301); admin-only Research Diary, screens/research/ResearchDiaryPage.jsx:181.
screens/scout/ScoutPage.jsx#1	loading	HOLD				AsyncStatus call (screens/scout/ScoutPage.jsx:184) that passes only `loading hasData={false}`: it reaches the loader and never the error branch. The pair failure is the separate line below (#2). N0 counted it as an error caller; it is not (36 error callers, not 39).
screens/scout/ScoutPage.jsx#2	error	MIGRATE	N2			Pitcher-vs-hitter pair failed to load: bare clay line, no role, no retry (screens/scout/ScoutPage.jsx:176). Open page.
screens/scout/meetings/MeetingsPanel.jsx#1	loading	HOLD				AsyncStatus call (screens/scout/meetings/MeetingsPanel.jsx:60) that passes only `loading hasData={false}`: it reaches the loader and never the error branch. A failed head-to-head fetch draws an EmptyState on the next line. Replaces the STALE screens/scout/HeadToHead.jsx#1, which N0 counted as an error caller.
screens/scout/zones/MapParts.jsx#1	other	n/a		none		Readout p (screens/scout/zones/MapParts.jsx:66) giving a tapped region's figures; dashed top rule only (styles/scout/scout.css:383-392). LIVE on public /scout, not a message. Replaces the STALE screens/scout/MapParts.jsx#1 (moved in #1490).
screens/scout/zones/ZonesPanel.jsx#1	callout	n/a		rail		A generated sentence about the map (screens/scout/zones/ZonesPanel.jsx:113), drawn by .scout__callout: a 3px --award-line left rule on --surface-card, no tint (styles/scout/panels.css:330). Content, not a state of the page. A second app-facing 3px rule the issue did not name.
screens/team/ContractsTab.jsx#1	error	MIGRATE	N4	text	clay	AsyncStatus call (screens/team/ContractsTab.jsx:70): error text 'Couldn’t load the contract ledger. Try again.'. Drawn by components/ui/AsyncGate.jsx:67-85 as bare clay .hint--error, role=status. Moves with the shared line; no edit here.
screens/team/NumbersTab.jsx#1	error	MIGRATE	N4	text	clay	AsyncStatus call (screens/team/NumbersTab.jsx:59): error text 'Couldn’t load team numbers. Try again.'. Drawn by components/ui/AsyncGate.jsx:67-85 as bare clay .hint--error, role=status. Moves with the shared line; no edit here.
screens/team/StampInPage.jsx#1	error	MIGRATE	N2			A game's result failed to load in the Stamp In list: bare clay line (screens/team/StampInPage.jsx:262). No role. Gated on the PAGE (ADR-0042); copy names no result.
screens/team/TeamPhotosPage.jsx#1	notice	MIGRATE	N3			Same notice with a different sentence (screens/team/TeamPhotosPage.jsx:167-175), role=note, always shown.
screens/team/TeamPhotosPage.jsx#2	error	MIGRATE	N4	text	clay	AsyncStatus call (screens/team/TeamPhotosPage.jsx:177): error text 'default 'Couldn't load. Try again.''. Drawn by components/ui/AsyncGate.jsx:67-85 as bare clay .hint--error, role=status. Moves with the shared line; no edit here.
screens/team/TeamPhotosPage.jsx#3	loading	HOLD				Loading line 'Loading...' as plain .hint (screens/team/TeamPhotosPage.jsx:218). Loading keeps the hint.
screens/team/modules/TeamChallengeCard.jsx#1	control	n/a				At-the-plate or behind-it toggle button: 1px --border-rule, marker-yellow 16% tint when on (styles/report/challenge-card.css:71, :85); screens/team/modules/TeamChallengeCard.jsx:129.
screens/team/modules/ballpark/BallparkAdminBar.jsx#1	tool	HOLD		text		screens/team/modules/ballpark/BallparkAdminBar.jsx:107 span Not saved, role=status; uppercase caption text (styles/61-ballpark-admin.css:78). Drawn only for a Clerk admin (line 86) on the team hub.
screens/team/modules/ballpark/BallparkEditFields.jsx#1	tool	HOLD				screens/team/modules/ballpark/BallparkEditFields.jsx:147 p role=alert printing a failed ballpark save; clay 3px left rule on --surface-card (styles/61-ballpark-admin.css:171). Admin edit form only.
screens/team/modules/identity/IdentityAdminBar.jsx#1	tool	HOLD		text		screens/team/modules/identity/IdentityAdminBar.jsx:104 span Not saved, role=status; uppercase label text (styles/62-identity-admin.css:72). Drawn only for a Clerk admin (line 86) on the team hub.
screens/team/modules/identity/IdentityDrawer.jsx#1	tool	HOLD				screens/team/modules/identity/IdentityDrawer.jsx:210 contrast readout p; clay semibold when the ratio is under the floor, no box (styles/62-identity-admin.css:269-272). Admin-only identity drawer.
screens/team/modules/identity/IdentityDrawer.jsx#2	tool	HOLD				screens/team/modules/identity/IdentityDrawer.jsx:322 p role=alert printing a failed identity save; clay 3px left rule on --surface-card (styles/62-identity-admin.css:286-295). Admin-only drawer.
screens/team/modules/identity/IdentityDrawer.jsx#3	tool	HOLD				screens/team/modules/identity/IdentityDrawer.jsx:330 p printing group.warning, the stamp warning; clay 3px left rule on --surface-card (styles/62-identity-admin.css:278-284). Admin-only drawer.
screens/team/modules/identity/IdentityLogoField.jsx#1	tool	HOLD				screens/team/modules/identity/IdentityLogoField.jsx:154 p role=status with the upload result; error kind adds clay semibold, no box (styles/62-identity-admin.css:258-272). Admin-only drawer.
screens/team/modules/identity/IdentityMonoField.jsx#1	tool	HOLD				screens/team/modules/identity/IdentityMonoField.jsx:117 p caution that the mark updates on the nightly refresh; clay 3px left rule on --surface-card (styles/62-identity-admin.css:278). Admin drawer.
screens/team/modules/identity/IdentityMonoField.jsx#2	tool	HOLD				screens/team/modules/identity/IdentityMonoField.jsx:160 p stale-pins caveat; bare clay compact text (styles/17-identity-lab-workbench.css:567-569). Admin-only identity drawer, not the DEV lab.
screens/team/modules/records/RecordsCard.jsx#1	control	n/a				Season-half toggle button: 1px --border-rule, marker-yellow 16% tint when on (styles/65-team-records.css:26, :39); screens/team/modules/records/RecordsCard.jsx:122.
screens/team/modules/records/RecordsCard.jsx#2	control	n/a				"All" month toggle button, same rule as the half toggle (styles/65-team-records.css:26, :144); screens/team/modules/records/RecordsCard.jsx:136.
screens/team/modules/records/RecordsCard.jsx#3	control	n/a				Month toggle button (short month label), same rule as the half toggle (styles/65-team-records.css:26, :144); screens/team/modules/records/RecordsCard.jsx:145.
