season,player,club,position,mls,prior_warp,career_warp,prior_salary,player_request,club_offer,settled_salary,note,source_sheet
2026,"Curtiss, John",ARI,rhp,4.078,0.4,0.9,900000,,outrighted,,1150000,MLB-2026 Arb by club
2026,"Ginkel, Kevin",ARI,rhp,5.033,-0.8,1.1,2425000,,,2750000,2675000,MLB-2026 Arb by club
2026,"McCarthy, Jake",ARI,rf,3.074,-0.6,4.4,803900,,,1525000,1250000,MLB-2026 Arb by club
2026,"Moreno, Gabriel",ARI,c,3.061,1.6,9.1,793000,,,2550000,2275000,MLB-2026 Arb by club
2026,"Nelson, Kyle",ARI,lhp,3.081,-0.1,0.6,825000,,outrighted,,1025000,MLB-2026 Arb by club
2026,"Nelson, Ryne",ARI,rhp-s,3.02,3.5,5.9,806400,,,3000000,3050000,MLB-2026 Arb by club
2026,"Puk, A.J.",ARI,lhp,5.124,0.2,3.6,2950000,,,3100000,3550000,MLB-2026 Arb by club
2026,"Smith, Pavin",ARI,1b,4.015,0.4,0.8,1500000,,,,2150000,MLB-2026 Arb by club
2026,"Thomas, Alek",ARI,cf,3.103,0.1,2.5,793000,,,1962500,1200000,MLB-2026 Arb by club
2026,"Thompson, Ryan",ARI,rhp,5.095,0.3,2.1,2965000,,,3950000,3500000,MLB-2026 Arb by club
2026,"Vargas, Ildemaro",ARI,2b,5.129,0.2,1.9,1000000,,elected FA,,1300000,MLB-2026 Arb by club
2026,"Bleday, JJ",ATH,cf,3.029,-0.2,1.2,770000,,non-tendered,,1750000,MLB-2026 Arb by club
2026,"Langeliers, Shea",ATH,c,3.051,3.9,7.7,770000,,,5250000,4250000,MLB-2026 Arb by club
2026,"Medina, Luis",ATH,rhp,2.146,-,0.5,765000,,,835000,800000,MLB-2026 Arb by club
2026,"Waldichuk, Ken",ATH,lhp-s,2.15,-,0.4,770000,,,825000,800000,MLB-2026 Arb by club
2026,"Wynns, Austin",ATH,c,5.017,1.1,1.8,1100000,,,1100000,1600000,MLB-2026 Arb by club
2026,"Bruján, Vidal",ATL,2b,3.014,0.1,-1.4,783500,,,850000,840000,MLB-2026 Arb by club
2026,"Dubón, Mauricio",ATL,2b,5.162,1.8,7.4,5000000,,,6100000,6950000,MLB-2026 Arb by club
2026,"Lee, Dylan",ATL,lhp,3.15,1,3.5,1025000,2200000,2000000,2200000,2000000,MLB-2026 Arb by club
2026,"Manoah, Alek",ATL,rhp-s,4.063,-,7.3,2200000,,non-tendered,,2250000,MLB-2026 Arb by club
2026,"Payamps, Joel",ATL,rhp,4.117,-0.6,4.1,2995000,,outrighted,,3500000,MLB-2026 Arb by club
2026,"Suarez, José",ATL,lhp-s,4.064,0.6,0.7,1100000,,,900000,1500000,MLB-2026 Arb by club
2026,"Wentz, Joey",ATL,lhp,2.166,-0.4,-1.7,775000,,,900000,860000,MLB-2026 Arb by club
2026,"White, Eli",ATL,2b,3.14,0.7,1.5,790000,,,900000,1000000,MLB-2026 Arb by club
2026,"Akin, Keegan",BAL,lhp,5.083,0.9,1.8,1475000,3375000,2975000,2975000,2600000,MLB-2026 Arb by club
2026,"Bautista, Felix",BAL,rhp,4,1.1,6.5,1000000,,,2250000,1900000,MLB-2026 Arb by club
2026,"Baz, Shane",BAL,rhp-s,3.158,0.4,3.1,1450000,,,3500000,2900000,MLB-2026 Arb by club
2026,"Bradish, Kyle",BAL,rhp-s,3.16,1.2,7.2,2350000,3550000,2875000,3550000,3750000,MLB-2026 Arb by club
2026,"Cano, Yennier",BAL,rhp,3.065,-0.4,2,772900,,,1600000,1150000,MLB-2026 Arb by club
2026,"Carlson, Dylan",BAL,cf,5.067,-0.7,3.7,975000,,outrighted,,1250000,MLB-2026 Arb by club
2026,"Henderson, Gunnar",BAL,ss,3.036,5.4,21.5,782300,,,8500000,9500000,MLB-2026 Arb by club
2026,"Kremer, Dean",BAL,rhp-s,4.112,2.1,6.3,2950000,,,5750000,4700000,MLB-2026 Arb by club
2026,"Mountcastle, Ryan",BAL,1b,5.105,0.1,8.1,6787000,,,6787000,7650000,MLB-2026 Arb by club
2026,"Rogers, Trevor",BAL,lhp-s,5.047,5.5,9.4,2600000,,,6200000,5600000,MLB-2026 Arb by club
2026,"Rutschman, Adley",BAL,c,4,1.9,15.1,5500000,,,7250000,8250000,MLB-2026 Arb by club
2026,"Ward, Taylor",BAL,lf,5.164,2.7,9.9,7825000,,,12175000,12900000,MLB-2026 Arb by club
2026,"Wells, Tyler",BAL,rhp-s,4.132,0.6,3.8,2075000,,,2445000,2775000,MLB-2026 Arb by club
2026,"Casas, Triston",BOS,1b,3.032,-0.9,2,774000,,,1610000,1250000,MLB-2026 Arb by club
2026,"Crawford, Kutter",BOS,rhp-s,3.136,-,4.3,2750000,,,2750000,2750000,MLB-2026 Arb by club
2026,"Duran, Jarren",BOS,cf,3.155,4.6,14.6,3850000,,club option,7700000,9250000,MLB-2026 Arb by club
2026,"Gonzalez, Romy",BOS,2b,3.083,2,2.2,774000,,,1600000,1850000,MLB-2026 Arb by club
2026,"Houck, Tanner",BOS,rhp,4.1,-1.4,7.9,3950000,,,4100000,3950000,MLB-2026 Arb by club
2026,"Lowe, Nathaniel",BOS,1b,5.145,0.1,12.2,10300000,,non-tendered,,12000000,MLB-2026 Arb by club
2026,"Oviedo, Johan",BOS,rhp-s,4.078,0.8,3.1,850000,,,1550000,1700000,MLB-2026 Arb by club
2026,"Winckowski, Josh",BOS,rhp,3.003,-0.1,1.8,790000,,non-tendered,,950000,MLB-2026 Arb by club
2026,"Wong, Connor",BOS,c,3.079,-0.6,3.3,790000,,,1375000,1100000,MLB-2026 Arb by club
2026,"Hill, Derek",CHA,cf,3.04,1.1,0.9,831000,,,900000,1000000,MLB-2026 Arb by club
2026,"Tauchman, Mike",CHA,cf,5.143,1.9,8.5,1950000,,non-tendered,,3000000,MLB-2026 Arb by club
2026,"Assad, Javier",CHN,rhp,3.027,0.4,5.1,793250,,,1800000,1575000,MLB-2026 Arb by club
2026,"Cabrera, Edward",CHN,rhp-s,3.147,2.8,7.2,1950000,,,4450000,3900000,MLB-2026 Arb by club
2026,"McGuire, Reese",CHN,c,5.11,0.3,2.2,1500000,,non-tendered,,1750000,MLB-2026 Arb by club
2026,"Morgan, Eli",CHN,rhp,4.091,-0.4,1,950000,,non-tendered,,1100000,MLB-2026 Arb by club
2026,"Steele, Justin",CHN,lhp-s,4.143,0.1,7.9,6550000,,,6775000,6750000,MLB-2026 Arb by club
2026,"Ashcraft, Graham",CIN,rhp,3.13,0.3,3.9,780000,1750000,1250000,1750000,1275000,MLB-2026 Arb by club
2026,"Benson, Will",CIN,cf,3.003,0.6,0.6,780000,,,1725000,1250000,MLB-2026 Arb by club
2026,"Espinal, Santiago",CIN,2b,5.149,-1.4,3.6,2400000,,outrighted,,2750000,MLB-2026 Arb by club
2026,"Friedl, TJ",CIN,lf,3.112,2.3,6.8,780000,,,3800000,3250000,MLB-2026 Arb by club
2026,"Gibaut, Ian",CIN,rhp,4.077,0.2,2.4,1300000,,outrighted,,1600000,MLB-2026 Arb by club
2026,"Lodolo, Nick",CIN,lhp-s,4,4.9,8.6,1975000,,,4725000,4550000,MLB-2026 Arb by club
2026,"Lux, Gavin",CIN,2b,5.114,-0.2,7.2,3325000,,,5525000,4350000,MLB-2026 Arb by club
2026,"McLain, Matt",CIN,ss,2.14,0,3.6,770000,,,2300000,2000000,MLB-2026 Arb by club
2026,"Moll, Sam",CIN,lhp,4.023,-0.5,2.8,1007500,,,875000,1200000,MLB-2026 Arb by club
2026,"Santillan, Tony",CIN,rhp,3.099,3,4.9,1000000,,,1800000,2500000,MLB-2026 Arb by club
2026,"Singer, Brady",CIN,rhp-s,5.156,3.1,12.2,8750000,,,12750000,12050000,MLB-2026 Arb by club
2026,"Steer, Spencer",CIN,3b,3.035,0.6,5,780000,,,4000000,3125000,MLB-2026 Arb by club
2026,"Stephenson, Tyler",CIN,c,5.056,1.3,8.1,4925000,6800000,6550000,6800000,6650000,MLB-2026 Arb by club
2026,"Williamson, Brandon",CIN,lhp,2.139,-,1.9,770000,,,,775000,MLB-2026 Arb by club
2026,"Allard, Kolby",CLE,lhp,5.004,1.3,-0.1,1000000,,outrighted,,1550000,MLB-2026 Arb by club
2026,"Brennan, Will",CLE,of,2.155,-0.2,0.5,780000,,non-tendered,,890000,MLB-2026 Arb by club
2026,"Festa, Matt",CLE,rhp,2.153,-0.2,-0.7,780000,,,1000000,900000,MLB-2026 Arb by club
2026,"Fry, David",CLE,c-inf,2.154,-0.8,0.7,781900,,,1375000,950000,MLB-2026 Arb by club
2026,"Hentges, Sam",CLE,lhp,4.157,-,1.4,1337000,,non-tendered,,1337000,MLB-2026 Arb by club
2026,"Jones, Nolan",CLE,3b,3.007,-1.1,2.6,770000,,,2000000,1350000,MLB-2026 Arb by club
2026,"Kwan, Steven",CLE,lf,4,3.7,16.5,4175000,,,7725000,9175000,MLB-2026 Arb by club
2026,"Lively, Ben",CLE,rhp-s,3.133,0.8,4.3,2250000,,,,3000000,MLB-2026 Arb by club
2026,"Bernadino, Brennan",COL,lhp,2.15,0.4,2,774000,,,925000,1000000,MLB-2026 Arb by club
2026,"Doyle, Brenton",COL,cf,2.161,0.3,5.1,765000,,,3100000,2765000,MLB-2026 Arb by club
2026,"Estrada, Thairo",COL,2b,5.153,-0.4,4.4,3250000,,elected FA,,3750000,MLB-2026 Arb by club
2026,"Feltner, Ryan",COL,rhp-s,3.071,0.6,1.3,2275000,,,2450000,2575000,MLB-2026 Arb by club
2026,"Freeman, Tyler",COL,2b,3.046,-1.3,-1,775700,,,1525000,1100000,MLB-2026 Arb by club
2026,"Gilbreath, Lucas",COL,lhp,3.15,0,1,785000,,outrighted,,945000,MLB-2026 Arb by club
2026,"Herget, Jimmy",COL,rhp,4.069,3,5.9,850000,,,1550000,1600000,MLB-2026 Arb by club
2026,"Moniak, Mickey",COL,of,4.027,-0.6,0.3,2000000,,,4000000,3000000,MLB-2026 Arb by club
2026,"Brieske, Beau",DET,rhp,3.056,-0.8,1.3,1025000,,,1157500,1200000,MLB-2026 Arb by club
2026,"Carpenter, Kerry",DET,rf,3.057,1.8,6.3,796800,,,3275000,3250000,MLB-2026 Arb by club
2026,"Foley, Jason",DET,rhp-c,3.15,-,3.4,3150000,,non-tendered,,3150000,MLB-2026 Arb by club
2026,"Greene, Riley",DET,lf,3.11,2.1,10.7,812400,,,5000000,5675000,MLB-2026 Arb by club
2026,"Holton, Tyler",DET,lhp,3.047,0.8,6.8,797700,,,1575000,1500000,MLB-2026 Arb by club
2026,"Ibañez, Andy",DET,3b,3.133,0.5,5.4,1400000,,non-tendered,,2100000,MLB-2026 Arb by club
2026,"Lange, Alex",DET,rhp,3.145,0,1.2,782200,,released,,950000,MLB-2026 Arb by club
2026,"McKinstry, Zach",DET,2b,4.099,2.9,4.6,1650000,,,4200000,3300000,MLB-2026 Arb by club
2026,"Mize, Casey",DET,rhp-s,5.111,1.7,4.6,2340000,,,6150000,4675000,MLB-2026 Arb by club
2026,"Rainey, Tanner",DET,rhp,5.169,-0.6,-0.7,1300000,,non-tendered,,1300000,MLB-2026 Arb by club
2026,"Rogers, Jake",DET,c,5.04,0.1,2.4,2640000,,,3050000,3000000,MLB-2026 Arb by club
2026,"Skubal, Tarik",DET,lhp-s,5.114,6.6,18,10150000,32000000,19000000,32000000,20150000,MLB-2026 Arb by club
2026,"Torkelson, Spencer",DET,1b,3.076,2.3,2.2,785700,,,4075000,2900000,MLB-2026 Arb by club
2026,"Vest, Will",DET,rhp,4.1,1.7,3.7,1400000,,,3950000,2850000,MLB-2026 Arb by club
2026,"Vierling, Matt",DET,lf,4.026,-0.3,4,3005000,,,3225000,3505000,MLB-2026 Arb by club
2026,"Abreu, Bryan",HOU,rhp,5.022,2.6,7.4,3450000,,,5850000,5175000,MLB-2026 Arb by club
2026,"Allen, Nick",HOU,ss,2.164,0.6,2.1,780000,,,1400000,1175000,MLB-2026 Arb by club
2026,"Brown, Hunter",HOU,rhp-s,3.035,6.1,9.6,870000,,,5710000,5870000,MLB-2026 Arb by club
2026,"De Los Santos, Enyel",HOU,rhp,5.015,0.1,3,1400000,,,1600000,1900000,MLB-2026 Arb by club
2026,"Diaz, Yainer",HOU,c,3.035,2.7,9,805600,4500000,3000000,4500000,4025000,MLB-2026 Arb by club
2026,"Garcia, Luis",HOU,rhp-s,5.083,0.1,4.7,1875000,,outrighted,,1875000,MLB-2026 Arb by club
2026,"McCormick, Chas",HOU,cf,4.161,-0.1,5.8,3400000,,outrighted,,3900000,MLB-2026 Arb by club
2026,"Meyers, Jake",HOU,lf,4.044,2.5,7.4,2300000,,,3550000,3900000,MLB-2026 Arb by club
2026,"Okert, Steven",HOU,lhp,5.089,1.5,3.8,1200000,,,2325000,1800000,MLB-2026 Arb by club
2026,"Paredes, Isaac",HOU,3b,4.16,2.3,11.2,6625000,9950000,8550000,9350000,10625000,MLB-2026 Arb by club
2026,"Peña, Jeremy",HOU,ss,4,5.6,18.6,4100000,,,9475000,9000000,MLB-2026 Arb by club
2026,"Sánchez, Jesús",HOU,rf,4.118,1.3,4.8,4500000,,,6800000,5950000,MLB-2026 Arb by club
2026,"Sousa, Bennett",HOU,lhp,2.156,1.3,0.5,780000,,,910000,1175000,MLB-2026 Arb by club
2026,"Trammell, Taylor",HOU,of,2.144,-0.1,-0.5,765200,,,900000,875000,MLB-2026 Arb by club
2026,"Urías, Ramon",HOU,2b,5.025,2.3,11.4,3150000,,non-tendered,,4650000,MLB-2026 Arb by club
2026,"Wesneski, Hayden",HOU,rhp-s,2.17,0.3,1.2,779800,,,975000,1025000,MLB-2026 Arb by club
2026,"Bubic, Kris",KCA,lhp-s,5.135,3.1,5.6,3000000,6150000,5150000,6150000,5675000,MLB-2026 Arb by club
2026,"Clarke, Taylor",KCA,rhp,5.148,1,1.2,1000000,,non-tendered,,1500000,MLB-2026 Arb by club
2026,"Falter, Bailey",KCA,lhp-s,3.138,0.8,3.3,2222000,,,3600000,2888000,MLB-2026 Arb by club
2026,"Garcia, Maikel",KCA,3b,2.168,5.8,8,774750,,5 y/$57M extn,,4850000,MLB-2026 Arb by club
2026,"India, Jonathan",KCA,2b-dh,5,0.4,7.1,7070000,,,8000000,8070000,MLB-2026 Arb by club
2026,"Isbel, Kyle",KCA,cf,4.043,1.6,6.5,1750000,,,2700000,2925000,MLB-2026 Arb by club
2026,"Long, Sam",KCA,lhp,3.121,-0.7,-0.4,950000,,outrighted,,965000,MLB-2026 Arb by club
2026,"Lynch IV, Daniel",KCA,lhp,3.136,1.3,3.1,782500,,,1025000,1575000,MLB-2026 Arb by club
2026,"Massey, Michael",KCA,2b-lf,3.068,-0.1,1.2,790250,,,1570000,1175000,MLB-2026 Arb by club
2026,"McCarthur, James",KCA,rhp,2.15,-,-0.3,773750,,,810000,800000,MLB-2026 Arb by club
2026,"Mears, Nick",KCA,rhp,4.022,0.5,0.4,963000,,,1900000,1500000,MLB-2026 Arb by club
2026,"Melendez, MJ",KCA,lf,3.015,-0.6,-1.4,2650000,,non-tendered,,2700000,MLB-2026 Arb by club
2026,"Pasquantino, Vinnie",KCA,1b,3.101,2.4,4.9,793250,4500000,4000000,2 y/$11.1 extn,3975000,MLB-2026 Arb by club
2026,"Schreiber, John",KCA,rhp,5.027,0.5,4.2,2300000,,,3715000,3500000,MLB-2026 Arb by club
2026,"Wright, Kyle",KCA,rhp-s,4.151,-,2.5,1800000,,outrighted,,1800000,MLB-2026 Arb by club
2026,"Adell, Jo",LAA,rf,4.085,1.2,0.6,2100000,,,5200000,4500000,MLB-2026 Arb by club
2026,"Brogdon, Connor",LAA,rhp,4.09,-0.2,1.5,800000,,outrighted,,950000,MLB-2026 Arb by club
2026,"Burke, Brock",LAA,lhp,5.045,1.5,3.3,1150000,,,2325000,1900000,MLB-2026 Arb by club
2026,"Detmers, Reid",LAA,lhp-s,3.159,1.3,4.6,1825000,2925000,2625000,2625000,2825000,MLB-2026 Arb by club
2026,"Fulmer, Carson",LAA,rhp,4.018,0,-0.2,950000,,outrighted,,990000,MLB-2026 Arb by club
2026,"Kieboom, Carter",LAA,ss,3.009,-0.2,-1.9,825000,,outrighted,,850000,MLB-2026 Arb by club
2026,"Neto, Zach",LAA,ss,2.17,5.1,11.8,780000,,,4150000,4250000,MLB-2026 Arb by club
2026,"O'Hoppe, Logan",LAA,c,3.008,-0.2,3.1,790000,,,2625000,2250000,MLB-2026 Arb by club
2026,"Soriano, José",LAA,rhp-s,3.121,2.3,4.7,790000,,,2900000,3500000,MLB-2026 Arb by club
2026,"Banda, Anthony",LAN,lhp,4.135,0.9,0.6,1000000,,,1625000,1550000,MLB-2026 Arb by club
2026,"Call, Alex",LAN,cf,2.161,1.5,4.4,769100,,,1600000,1400000,MLB-2026 Arb by club
2026,"Gonsolin, Tony",LAN,rhp-s,5.152,0,7.7,5400000,,outrighted,,5400000,MLB-2026 Arb by club
2026,"Graterol, Brusdar",LAN,rhp-c,5.167,-,3.5,2800000,,,2800000,2800000,MLB-2026 Arb by club
2026,"Grove, Michael",LAN,rhp,3.031,-,-2,790000,,outrighted,,790000,MLB-2026 Arb by club
2026,"Phillips, Evan",LAN,rhp,5.136,0.4,3.4,6100000,,non-tendered,,6100000,MLB-2026 Arb by club
2026,"Rortvedt, Ben",LAN,c,3.135,-0.6,0.1,1125000,,,1250000,1250000,MLB-2026 Arb by club
2026,"Stewart, Brock",LAN,rhp,4.093,1.3,1.3,870000,,,1300000,1250000,MLB-2026 Arb by club
2026,"Vesia, Alex",LAN,lhp,5.078,1,4.1,2250000,,club option,,3850000,MLB-2026 Arb by club
2026,"Bender, Anthony",MIA,rhp,4.153,1.9,4.4,1420000,,,2810000,2150000,MLB-2026 Arb by club
2026,"Faucher, Calvin",MIA,rhp,2.156,0.8,1.2,775500,2050000,1800000,1800000,1575000,MLB-2026 Arb by club
2026,"Garrett, Braxton",MIA,lhp,3.168,-,5.8,1530000,,,1530000,1530000,MLB-2026 Arb by club
2026,"Meyer, Max",MIA,rhp-s,2.166,0,-0.1,768000,,,980000,1250000,MLB-2026 Arb by club
2026,"Nardi, Andrew",MIA,lhp,3.053,-,1.8,783000,,,800000,785000,MLB-2026 Arb by club
2026,"Weathers, Ryan",MIA,lhp-s,3.066,0.6,1.5,779100,,,,1400000,MLB-2026 Arb by club
2026,"Bauers, Jake",MIL,1b,5.084,0.6,-1.3,1400000,,,2700000,1850000,MLB-2026 Arb by club
2026,"Contreras, William",MIL,c,4.112,3.9,15.2,6000000,9900000,8550000,9400000,11350000,MLB-2026 Arb by club
2026,"Megill, Trevor",MIL,rhp,4.002,1.5,1.6,1940000,,,4700000,3900000,MLB-2026 Arb by club
2026,"Mitchell, Garrett",MIL,cf,3.04,0,3.6,772000,,,950000,980000,MLB-2026 Arb by club
2026,"Turang, Brice",MIL,2b,2.165,5.5,11.7,777100,,,4150000,4750000,MLB-2026 Arb by club
2026,"Vaughn, Andrew",MIL,1b,4.142,-0.4,0.9,5850000,,,7650000,7500000,MLB-2026 Arb by club
2026,"Zerpa, Angel",MIL,lhp,3.082,0.3,1.7,779000,,,1095000,1025000,MLB-2026 Arb by club
2026,"Cabrera, Genesis",MIN,lhp,5.149,-0.8,-1,1500000,,outrighted,,1550000,MLB-2026 Arb by club
2026,"Jackson, Alex",MIN,c,3.036,0.6,-0.7,850000,,,1350000,940000,MLB-2026 Arb by club
2026,"Jeffers, Ryan",MIN,c,5.089,1.2,8.3,4550000,,,6700000,6200000,MLB-2026 Arb by club
2026,"Larnach, Trevor",MIN,of,4.014,0.1,3.2,2100000,,,4475000,3750000,MLB-2026 Arb by club
2026,"Lewis, Royce",MIN,3b-dh,3.142,0.7,4.1,1625000,,,2850000,3250000,MLB-2026 Arb by club
2026,"Misiewicz, Anthony",MIN,lhp,3.082,-0.2,-0.1,900000,,outrighted,,1000000,MLB-2026 Arb by club
2026,"Ober, Bailey",MIN,rhp,4.093,1.1,9.2,3550000,,,5200000,5150000,MLB-2026 Arb by club
2026,"Ryan, Joe",MIN,rhp-s,4.033,4.5,11,3000000,6350000,5850000,6200000,6100000,MLB-2026 Arb by club
2026,"Sands, Cole",MIN,rhp,3.017,0.4,1.5,778050,,,1000000,1278050,MLB-2026 Arb by club
2026,"Tonkin, Michael",MIN,rhp,5.044,0.2,0.1,1000000,,outrighted,,1275000,MLB-2026 Arb by club
2026,"Topa, Justin",MIN,rhp,5.044,0.4,1.4,1225000,,,1225000,1550000,MLB-2026 Arb by club
2026,"Bednar, David",NYA,rhp,5.076,2.2,7.1,5900000,,,9000000,8500000,MLB-2026 Arb by club
2026,"Bird, Jake",NYA,rhp,3.051,0,1.4,770000,,,1000000,1000000,MLB-2026 Arb by club
2026,"Caballero, Jose",NYA,2b-ss,2.17,2.7,6.8,776800,,,2000000,2325000,MLB-2026 Arb by club
2026,"Cabrera, Oswaldo",NYA,3b,3.05,0.4,1.9,825600,,,1200000,1050000,MLB-2026 Arb by club
2026,"Chisholm Jr., Jazz",NYA,3b-of,5.075,4.2,12.3,5850000,,,10200000,10250000,MLB-2026 Arb by club
2026,"Cousins, Jake",NYA,rhp,3.091,-,1.8,841050,,non-tendered,,841050,MLB-2026 Arb by club
2026,"Cruz, Fernando",NYA,rhp,3.035,0.3,1.7,785000,,,1450000,1200000,MLB-2026 Arb by club
2026,"Doval, Camilo",NYA,rhp,4.071,0.3,3.6,4525000,,,6100000,6000000,MLB-2026 Arb by club
2026,"Effross, Scott",NYA,rhp,3.063,-0.2,1.2,800000,,non-tendered,,800000,MLB-2026 Arb by club
2026,"Gil, Luis",NYA,rhp-s,3.073,1,4.7,804125,,,2162500,1900000,MLB-2026 Arb by club
2026,"Hamilton, Ian",NYA,rhp,3.081,0.2,2.1,879100,,non-tendered,,1100000,MLB-2026 Arb by club
2026,"Leiter Jr., Mark",NYA,rhp,5.031,-0.6,-0.7,2050000,,non-tendered,,2750000,MLB-2026 Arb by club
2026,"Schmidt, Clarke",NYA,rhp-s,4.148,1.7,4.8,3600000,,,4500000,5250000,MLB-2026 Arb by club
2026,"Volpe, Anthony",NYA,ss,3,1.7,8.4,879100,,,3475000,3525000,MLB-2026 Arb by club
2026,"Alvarez, Francisco",NYN,c,2.164,2.1,3.9,795000,,,2400000,2250000,MLB-2026 Arb by club
2026,"Brazoban, Huascar",NYN,rhp,2.17,0.6,2.7,778000,,,1050000,1278000,MLB-2026 Arb by club
2026,"Castillo, José",NYN,lhp,4.112,0.2,0.6,850000,,non-tendered,,1100000,MLB-2026 Arb by club
2026,"Garrett, Reed",NYN,rhp,2.143,0.4,0.1,950000,,,1300000,1250000,MLB-2026 Arb by club
2026,"Kranick, Max",NYN,rhp,3.011,0.4,0.4,771000,,non-tendered,,925000,MLB-2026 Arb by club
2026,"Madrigal, Nick",NYN,2b,5.087,-,3.2,1350000,,elected FA,,1350000,MLB-2026 Arb by club
2026,"Megill, Tylor",NYN,rhp,4.031,0.3,2.3,1975000,,,2500000,2525000,MLB-2026 Arb by club
2026,"Peterson, David",NYN,lhp-s,5.089,1.4,6.7,4625000,,,8100000,7125000,MLB-2026 Arb by club
2026,"Taylor, Tyrone",NYN,of,5.093,1.2,7.7,3025000,,,3800000,4025000,MLB-2026 Arb by club
2026,"Torrens, Luis",NYN,c,5.105,1.2,1.6,1500000,,,2275000,2050000,MLB-2026 Arb by club
2026,"Banks, Tanner",PHI,lhp,3.092,1.7,2.9,785500,,,1200000,1500000,MLB-2026 Arb by club
2026,"Bohm, Alec",PHI,3b,5.106,1.3,5.1,7700000,,,10200000,10600000,MLB-2026 Arb by club
2026,"Duran, Jhoan",PHI,rhp-c,4,3.2,8.2,4125000,,,7500000,8125000,MLB-2026 Arb by club
2026,"Luzardo, Jesus",PHI,lhp-s,5.165,3.9,11.4,6225000,,,11000000,10225000,MLB-2026 Arb by club
2026,"Marchán, Rafael",PHI,c,3.006,0.3,1.5,780500,,,860000,975000,MLB-2026 Arb by club
2026,"Marsh, Brandon",PHI,cf,4.078,1.7,10.1,3000000,,,5200000,4900000,MLB-2026 Arb by club
2026,"Sosa, Edmundo",PHI,ss,5.14,2.3,9.8,3000000,,,4400000,4300000,MLB-2026 Arb by club
2026,"Stott, Bryson",PHI,2b,4,2.1,10.2,3200000,,,5900000,5250000,MLB-2026 Arb by club
2026,"Stubbs, Garrett",PHI,c,4.148,0,0.8,925000,,,925000,925000,MLB-2026 Arb by club
2026,"Bart, Joey",PIT,c,4.02,0.4,3.3,1175000,,,2530000,2375000,MLB-2026 Arb by club
2026,"Cruz, Oneil",PIT,cf,3.11,0.3,5.3,785000,,,3300000,3385000,MLB-2026 Arb by club
2026,"Holderman, Colin",PIT,rhp,3.12,-0.8,0.9,1500000,,non-tendered,,1650000,MLB-2026 Arb by club
2026,"Lawrence, Justin",PIT,rhp,3.167,1,-0.3,975000,,,1225000,1250000,MLB-2026 Arb by club
2026,"Moreta, Dauri",PIT,rhp,3.056,0.3,1.2,785000,,non-tendered,,815000,MLB-2026 Arb by club
2026,"Ramírez, Yohan",PIT,rhp,3.135,-0.6,-0.7,1000000,,,825000,1150000,MLB-2026 Arb by club
2026,"Santana, Dennis",PIT,rhp,5.126,2.7,2.3,1400000,,,3500000,3150000,MLB-2026 Arb by club
2026,"Suwinski, Jack",PIT,cf,2.17,-0.3,1.3,785000,,,1250000,1285000,MLB-2026 Arb by club
2026,"Adam, Jason",SDN,rhp,5.132,2.4,8.6,4800000,,,,6850000,MLB-2026 Arb by club
2026,"Campusano, Luis",SDN,c,3.003,-0.4,-0.7,1000000,,,900000,1075000,MLB-2026 Arb by club
2026,"Fermin, Freddy",SDN,c,2.165,2,6.4,781750,,,2100000,2081750,MLB-2026 Arb by club
2026,"Miller, Mason",SDN,rhp,2.166,2.1,5.3,765000,,,4000000,3065000,MLB-2026 Arb by club
2026,"Morejon, Adrian",SDN,lhp,5.14,2.4,3.4,2000000,,,3900000,3275000,MLB-2026 Arb by club
2026,"Sears, JP",SDN,lhp-s,3.065,0.8,6.7,770000,,,2750000,3500000,MLB-2026 Arb by club
2026,"Sheets, Gavin",SDN,1b,4.076,0.7,-2.1,1500000,,,4500000,3000000,MLB-2026 Arb by club
2026,"Arozarena, Randy",SEA,lf,5.129,3.9,16.9,11300000,,,15650000,17300000,MLB-2026 Arb by club
2026,"Brash, Matt",SEA,rhp-s,3.121,1,2.4,777600,,,1550000,1550000,MLB-2026 Arb by club
2026,"Gilbert, Logan",SEA,rhp-s,4.144,2.1,11.8,7625000,,,10927000,10625000,MLB-2026 Arb by club
2026,"Kirby, George",SEA,rhp-s,3.151,0.8,7.9,4300000,,,6550000,6000000,MLB-2026 Arb by club
2026,"Miller, Bryce",SEA,rhp,2.153,-0.8,3.7,800000,2625000,2250000,2437500,1975000,MLB-2026 Arb by club
2026,"Raley, Luke",SEA,rf,3.106,-0.3,5.2,787400,,,2050000,1625000,MLB-2026 Arb by club
2026,"Santos, Gregory",SEA,rhp,3.055,-0.3,0.1,771100,,non-tendered,,800000,MLB-2026 Arb by club
2026,"Saucedo, Tayler",SEA,lhp,3.146,-0.3,0.4,937500,,non-tendered,,1100000,MLB-2026 Arb by club
2026,"Speier, Gabe",SEA,lhp,4,1.4,2,845000,,,2125000,1750000,MLB-2026 Arb by club
2026,"Thornton, Trent",SEA,rhp-s,5.148,-0.1,1.5,2000000,,non-tendered,,2250000,MLB-2026 Arb by club
2026,"Brubaker, J.T.",SFN,rhp,5.162,0.3,0.6,1820000,,,1820000,2000000,MLB-2026 Arb by club
2026,"Knizner, Andrew",SFN,c,5.09,0.3,1,1500000,,DFA,,1675000,MLB-2026 Arb by club
2026,"Lucchesi, Joey",SFN,lhp-s,5.047,0.4,4.3,1500000,,non-tendered,,2250000,MLB-2026 Arb by club
2026,"Alcala, Jorge",STL,rhp,5.165,-1.1,0.9,1500000,,non-tendered,,1850000,MLB-2026 Arb by club
2026,"Burleson, Alec",STL,of,3.029,1.9,2.2,778650,,,3300000,3100000,MLB-2026 Arb by club
2026,"Donovan, Brendan",STL,2b,4,2.7,11.1,2850000,,,5800000,5750000,MLB-2026 Arb by club
2026,"Gorman, Nolan",STL,2b-3b,3.114,0.2,3.6,782900,,,2655000,2500000,MLB-2026 Arb by club
2026,"King, John",STL,lhp,4.148,-0.3,1.1,1605000,,non-tendered,,1905000,MLB-2026 Arb by club
2026,"Liberatore, Matthew",STL,lhp-s,2.144,0.9,0.4,775800,,,2260000,2575000,MLB-2026 Arb by club
2026,"Nootbar, Lars",STL,lf,4.076,1.3,9.3,2950000,,,5350000,5500000,MLB-2026 Arb by club
2026,"Pallante, Andre",STL,rhp,3.145,-1.3,2.2,2100000,,,4000000,2975000,MLB-2026 Arb by club
2026,"Romero, JoJo",STL,lhp,5.045,1.7,2.6,2260000,,,4260000,4260000,MLB-2026 Arb by club
2026,"Baker, Bryan",TBA,rhp,3.049,0.4,1.8,768700,,,1275000,1350000,MLB-2026 Arb by club
2026,"Cleavinger, Garrett",TBA,lhp,4.06,1.9,3.2,1200000,,,2400000,1900000,MLB-2026 Arb by club
2026,"Faedo, Alex",TBA,rhp,2.169,-,0.7,769900,,DFA,,780000,MLB-2026 Arb by club
2026,"Fairchild, Stuart",TBA,of,3.114,-0.3,1.8,780000,,DFA,,915000,MLB-2026 Arb by club
2026,"Fortes, Nick",TBA,c,3.149,0.7,1.8,1860000,,,2535000,2400000,MLB-2026 Arb by club
2026,"Fraley, Jake",TBA,dh,5.097,0.4,2.6,3125000,,non-tendered,,3500000,MLB-2026 Arb by club
2026,"Jax, Griffin",TBA,rhp,4.091,0.5,3.8,2365000,,,3565000,3500000,MLB-2026 Arb by club
2026,"Kelly, Kevin",TBA,rhp,2.156,-0.9,1.5,776100,,,925000,950000,MLB-2026 Arb by club
2026,"Lowe, Josh",TBA,rf-3b,3.093,0.2,5,775100,,,2600000,2775000,MLB-2026 Arb by club
2026,"McClanahan, Shane",TBA,lhp-s,4.158,-,8.8,3600000,,,3600000,3600000,MLB-2026 Arb by club
2026,"Morel, Christopher",TBA,3b,3.117,-0.3,1.6,771800,,non-tendered,,2325000,MLB-2026 Arb by club
2026,"Palacios, Richie",TBA,of-2b,2.156,0,2.2,775700,,,945000,975700,MLB-2026 Arb by club
2026,"Pepiot, Ryan",TBA,rhp-s,3.005,1.9,5.7,774600,,,3025000,3350000,MLB-2026 Arb by club
2026,"Rodríguez, Manuel",TBA,rhp,2.139,0.8,1.3,769400,,,,925000,MLB-2026 Arb by club
2026,"Sulser, Cole",TBA,rhp,4.096,0.6,2.9,900000,,,1050000,1250000,MLB-2026 Arb by club
2026,"Uceta, Edwin",TBA,rhp,2.15,0.7,2,815000,1525000,1200000,1525000,1250000,MLB-2026 Arb by club
2026,"Walls, Taylor",TBA,ss,4.092,2.6,9.9,1350000,,2450000,,2350000,MLB-2026 Arb by club
2026,"Wilson, Steven",TBA,rhp,3.166,1.2,1.9,950000,,,1520000,1900000,MLB-2026 Arb by club
2026,"Burger, Jake",TEX,3b,3.127,0.8,4.1,790000,,,3200000,3000000,MLB-2026 Arb by club
2026,"Duran, Ezequiel",TEX,2b,3.05,0.4,1.7,776500,,,,1250000,MLB-2026 Arb by club
2026,"Garcia, Adolis",TEX,rf,5.095,2.7,14.9,10500000,,non-tendered,,13000000,MLB-2026 Arb by club
2026,"Haggerty, Sam",TEX,2b,5.007,0.9,2.9,900000,,,1250000,1300000,MLB-2026 Arb by club
2026,"Heim, Jonah",TEX,c,5.097,0.6,7.2,4575000,,non-tendered,,5850000,MLB-2026 Arb by club
2026,"Jung, Josh",TEX,3b,3.023,1.4,4.7,780500,,,,2600000,MLB-2026 Arb by club
2026,"McKinney, Billy",TEX,1b,3.119,-0.1,-0.2,900000,,,,915000,MLB-2026 Arb by club
2026,"Sborz, Josh",TEX,rhp,5.055,-,-0.8,1100000,,non-tendered,,1100000,MLB-2026 Arb by club
2026,"Smith, Josh H.",TEX,ss-2b,3.129,3,7.3,780500,,,3225000,2780500,MLB-2026 Arb by club
2026,"Webb, Jacob",TEX,rhp,5.046,0.2,3,1250000,,non-tendered,,1750000,MLB-2026 Arb by club
2026,"Burr, Ryan",TOR,rhp,3.109,0.1,0.9,786000,,elected FA,,815000,MLB-2026 Arb by club
2026,"Clement, Ernie",TOR,ss,3.168,4.3,7.7,1975000,,,4600000,4550000,MLB-2026 Arb by club
2026,"Heineman, Tyler",TOR,rhp,3.066,1.5,2.2,780300,,,1237500,1450000,MLB-2026 Arb by club
2026,"Lauer, Eric",TOR,lhp-s,5.091,2.2,5.8,1797849,5750000,4400000,4400000,4000000,MLB-2026 Arb by club
2026,"Sandlin, Nick",TOR,rhp,4.157,0.3,2.1,1630000,,outrighted,,2050000,MLB-2026 Arb by club
2026,"Tate, Dillon",TOR,rhp,5.018,0,2.2,1400000,,elected FA,,1750000,MLB-2026 Arb by club
2026,"Varsho, Daulton",TOR,lf,5.128,2.8,17.9,8200000,,,10750000,11750000,MLB-2026 Arb by club
2026,"Abrams, CJ",WAS,ss,3.13,3.3,10.2,780600,,,4200000,5000000,MLB-2026 Arb by club
2026,"Adams, Riley",WAS,c,3.171,0.5,2.2,850000,,,1000000,1500000,MLB-2026 Arb by club
2026,"Alfaro, Jorge",WAS,rhp,5.16,-0.3,2.3,1000000,,,,1100000,MLB-2026 Arb by club
2026,"Cavalli, Cade",WAS,rhp,2.141,0.2,-0.1,760200,900000,825000,870000,1150000,MLB-2026 Arb by club
2026,"García Jr., Luis",WAS,2b,4.142,0.4,3.4,4500000,,,6875000,6250000,MLB-2026 Arb by club
2026,"Gore, MacKenzie",WAS,lhp-s,4,3,6,2890000,,,5600000,5000000,MLB-2026 Arb by club
2026,"Gray, Josiah",WAS,rhp-s,4.075,-,2.9,1350000,,,1350000,1350000,MLB-2026 Arb by club
2026,"Irvin, Jake",WAS,rhp-s,2.152,-0.4,2.5,774600,,,2800000,2774600,MLB-2026 Arb by club
2026,"Thompson, Mason",WAS,rhp,4.022,-0.8,-0.8,770000,,outrighted,,925000,MLB-2026 Arb by club
2025,"Gallen, Zac",ARI,rhp-s,5.1,2,14.5,10011000,,,13500000,13511000,MLB-2025 Arb by club
2025,"Perdomo, Geraldo",ARI,ss,3.015,1.8,4.3,786000,,,2550000,2000000,MLB-2025 Arb by club
2025,"Naylor, Josh",ARI,1b,5.127,1.4,2.9,6500000,,,10900000,9750000,MLB-2025 Arb by club
2025,"Smith, Pavin",ARI,1b,3.015,1,3.5,760000,,,1500000,1500000,MLB-2025 Arb by club
2025,"Ginkel, Kevin",ARI,rhp,4.033,0.9,3.3,1225000,,,2425000,2225000,MLB-2025 Arb by club
2025,"Thompson, Ryan",ARI,rhp,4.095,0.8,3.4,1350000,,,,2700000,MLB-2025 Arb by club
2025,"Puk, A.J.",ARI,lhp,4.124,0.7,3.5,1800000,,,2950000,2500000,MLB-2025 Arb by club
2025,"Mantiply, Joe",ARI,lhp,4.029,0.6,3.3,925000,,,1700000,1500000,MLB-2025 Arb by club
2025,"Nelson, Kyle",ARI,lhp,3.076,0,1.4,757300,,,825000,800000,MLB-2025 Arb by club
2025,"Rooker, Brent",ATH,of,3.059,5,7.8,750000,,"extn, 5 y/$60M",,5000000,MLB-2025 Arb by club
2025,"Andujar, Miguel",ATH,3b,5.053,0.5,3.5,1700000,,,3000000,2700000,MLB-2025 Arb by club
2025,"Brown, Seth",ATH,dh-1b,4.096,0.4,4.1,2600000,,,2700000,4000000,MLB-2025 Arb by club
2025,"Jiménez, Dany",ATL,rhp,2.156,-0.2,0.2,750000,,non-tendered,,900000,MLB-2025 Arb by club
2025,"Ynoa, Huascar",ATL,rhp,3.117,-,2,825000,,non-tendered,,850000,MLB-2025 Arb by club
2025,"Canning, Griffin",ATL,rhp-s,5.075,0.7,3.8,2600000,,non-tendered,,4750000,MLB-2025 Arb by club
2025,"Lee, Dylan",ATL,lhp,2.15,0.7,2.1,760000,,,1025000,1000000,MLB-2025 Arb by club
2025,"Kelenic, Jarred",ATL,lf,2.169,0.4,1.3,760000,,,2300000,1900000,MLB-2025 Arb by club
2025,"Laureano, Ramón",ATL,rf,5.159,0.3,6.6,5150000,,non-tendered,,6250000,MLB-2025 Arb by club
2025,"Rutschman, Adley",BAL,c,3,2,12,760300,,,5500000,5500000,MLB-2025 Arb by club
2025,"Mountcastle, Ryan",BAL,1b,4.105,1.7,9.5,4137500,,,6787000,6200000,MLB-2025 Arb by club
2025,"Kremer, Dean",BAL,rhp-s,3.112,1.5,3.5,756600,,,2950000,3000000,MLB-2025 Arb by club
2025,"Urías, Ramon",BAL,2b,4.025,1.4,5.1,2100000,,,3150000,3000000,MLB-2025 Arb by club
2025,"Akin, Keegan",BAL,lhp,4.083,1.1,2.5,825000,,,1475000,1250000,MLB-2025 Arb by club
2025,"Bradish, Kyle",BAL,rhp-s,2.16,1,5.7,754500,,,2350000,1600000,MLB-2025 Arb by club
2025,"Mullins, Cedric",BAL,cf,5.078,0.8,11.1,6325000,,,8725000,8000000,MLB-2025 Arb by club
2025,"Soto, Gregory",BAL,lhp,5.102,0.4,3,1666667,,,5350000,4500000,MLB-2025 Arb by club
2025,"Rivera, Emmanuel",BAL,3b-1b,3.026,0.3,2.4,765200,,,1000000,1500000,MLB-2025 Arb by club
2025,"Rogers, Trevor",BAL,lhp-s,4.069,0.3,3.5,1530000,,,2600000,2530000,MLB-2025 Arb by club
2025,"Mateo, Jorge",BAL,ss,5,0.3,2.1,2700000,4000000,3100000,3550000,3300000,MLB-2025 Arb by club
2025,"Wells, Tyler",BAL,rhp-s,3.132,0.2,2.2,1962500,,,2075000,1975000,MLB-2025 Arb by club
2025,"Webb, Jacob",BAL,rhp,4.046,0.1,1.2,1000000,,non-tendered,,1500000,MLB-2025 Arb by club
2025,"Crochet, Garrett",BOS,lhp,4.028,4.9,5.8,800000,,,3800000,3000000,MLB-2025 Arb by club
2025,"Duran, Jarren",BOS,cf,2.155,4.4,6.3,760000,4000000,3500000,3850000,4250000,MLB-2025 Arb by club
2025,"Houck, Tanner",BOS,rhp,3.1,3.6,8.1,770000,,,3950000,4500000,MLB-2025 Arb by club
2025,"Crawford, Kutter",BOS,rhp-s,2.136,2.7,4.7,760000,,,2750000,3000000,MLB-2025 Arb by club
2025,"Lambert, Jimmy",CHA,rhp,3.108,-,0.4,759250,,outrighted,,800000,MLB-2025 Arb by club
2025,"Vaughn, Andrew",CHA,1b,4,2.2,7.2,3250000,,,5850000,5950000,MLB-2025 Arb by club
2025,"Lopez, Nicky",CHA,2b,5.139,1,5.7,4300000,,outrighted,,4750000,MLB-2025 Arb by club
2025,"Sheets, Gavin",CHA,1b,3.076,0.6,1.6,756950,,non-tendered,,2350000,MLB-2025 Arb by club
2025,"Anderson, Justin",CHA,rhp,3.122,0,1.3,760000,,,900000,900000,MLB-2025 Arb by club
2025,"De Los Santos, Enyel",CHA,rhp,4.015,0,2.9,1160000,,non-tendered,,1360000,MLB-2025 Arb by club
2025,"Foster, Matt",CHA,rhp,4.093,0,0.5,750000,,outrighted,,800000,MLB-2025 Arb by club
2025,"Thaiss, Matt",CHA,c,3.038,-0.4,0.2,770000,,,1000000,1250000,MLB-2025 Arb by club
2025,"Wilson, Steven",CHA,rhp,3,-0.4,0.2,751900,,,950000,865000,MLB-2025 Arb by club
2025,"Murfee, Penn",CHA,rhp,2.169,-,1.5,740000,,,780000,800000,MLB-2025 Arb by club
2025,"Tucker, Kyle",CHN,rf,5.079,3,16.6,12000000,17500000,15000000,16500000,16000000,MLB-2025 Arb by club
2025,"Steele, Justin",CHN,lhp-s,3.143,3,9.1,4000000,,,6550000,6250000,MLB-2025 Arb by club
2025,"Tauchman, Mike",CHN,cf,4.143,1.4,3.8,1950000,,non-tendered,,2750000,MLB-2025 Arb by club
2025,"Pearson, Nate",CHN,rhp,4.005,0.5,0.9,800000,,,1350000,1250000,MLB-2025 Arb by club
2025,"Wisdom, Patrick",CHN,3b-1b,4.058,0.3,4.8,2725000,,DFA,,3225000,MLB-2025 Arb by club
2025,"Madrigal, Nick",CHN,2b,4.087,0.3,3.7,1810000,,non-tendered,,1910000,MLB-2025 Arb by club
2025,"Thompson, Keegan",CHN,rhp,3.006,0.1,1.3,760000,,,850000,900000,MLB-2025 Arb by club
2025,"Wingenter, Trey",CHN,rhp,4.049,0,1.3,1200000,,DFA,,1250000,MLB-2025 Arb by club
2025,"Alzolay, Adbert",CHN,rhp-s,4.05,0,4.2,2110000,,DFA,,2150000,MLB-2025 Arb by club
2025,"Merryweather, Julian",CHN,rhp,4.109,-0.1,2.3,1175000,,,1225000,1225000,MLB-2025 Arb by club
2025,"Morgan, Eli",CHN,rhp,3.091,-0.1,1.8,751200,,,950000,1125000,MLB-2025 Arb by club
2025,"Singer, Brady",CIN,rhp-s,4.156,2.6,9.8,4850000,,,8750000,8250000,MLB-2025 Arb by club
2025,"Trevino, Jose",CIN,c,5.063,2,9.1,2730000,,,3425000,3600000,MLB-2025 Arb by club
2025,"Lux, Gavin",CIN,2b,4.114,1.8,5,1225000,,,3325000,3225000,MLB-2025 Arb by club
2025,"Stephenson, Tyler",CIN,c,4.056,1.7,3.6,2525000,,,4925000,5000000,MLB-2025 Arb by club
2025,"Lodolo, Nick",CIN,lhp-s,3,1.6,3.3,760000,,,1975000,2000000,MLB-2025 Arb by club
2025,"Fraley, Jake",CIN,dh,4.097,0.8,4.1,2150000,,,3125000,3000000,MLB-2025 Arb by club
2025,"Espinal, Santiago",CIN,2b,4.149,0.8,4.3,2725000,,,2400000,3750000,MLB-2025 Arb by club
2025,"Moll, Sam",CIN,lhp,3.075,0.4,2.2,760000,,,1007500,950000,MLB-2025 Arb by club
2025,"Diaz, Alexis",CIN,rhp-c,3,-0.3,1.8,760000,,,4500000,3500000,MLB-2025 Arb by club
2025,"Kwan, Steven",CLE,lf,3,2.5,9.6,757600,,,4175000,4000000,MLB-2025 Arb by club
2025,"Lively, Ben",CLE,rhp-s,2.133,1,1.5,750000,,,2250000,2950000,MLB-2025 Arb by club
2025,"Hentges, Sam",CLE,lhp,3.157,0.3,3.1,1162500,,,1337000,1350000,MLB-2025 Arb by club
2025,"Thomas, Lane",CLE,rf,5.014,0,4.7,5450000,,,7825000,7950000,MLB-2025 Arb by club
2025,"McKenzie, Triston",CLE,rhp-s,3.168,-0.3,3.1,1600000,,,1950000,2250000,MLB-2025 Arb by club
2025,"Feltner, Ryan",COL,rhp-s,2.143,2.1,2.5,745000,,,2275000,2350000,MLB-2025 Arb by club
2025,"Rodgers, Brendan",COL,ss,5.075,1.1,6.3,3200000,,non-tendered,,5000000,MLB-2025 Arb by club
2025,"Gomber, Austin",COL,lhp,5.111,0.8,2.4,3150000,,,6350000,5000000,MLB-2025 Arb by club
2025,"Herget, Jimmy",COL,rhp,3.069,0.1,1.8,770000,,,850000,925000,MLB-2025 Arb by club
2025,"Gilbreath, Lucas",COL,lhp,3.148,0,0.8,760000,,,785000,800000,MLB-2025 Arb by club
2025,"Hilliard, Sam",COL,rf,4.023,-0.2,2,800000,,,1000000,1600000,MLB-2025 Arb by club
2025,"Quantrill, Cal",COL,rhp-s,5.132,-0.2,1.8,6550000,,non-tendered,,8000000,MLB-2025 Arb by club
2025,"Lawrence, Justin",COL,rhp,2.167,-0.4,1.5,745000,,,975000,1000000,MLB-2025 Arb by club
2025,"Skubal, Tarik",DET,lhp-s,4.114,5.3,9.2,2650000,,,10150000,8650000,MLB-2025 Arb by club
2025,"Rogers, Jake",DET,c,4.04,2.4,4.7,1700000,,,2640000,2800000,MLB-2025 Arb by club
2025,"Vierling, Matt",DET,lf,3.026,1.5,4.7,766000,,,3005000,3000000,MLB-2025 Arb by club
2025,"Mize, Casey",DET,rhp-s,4.111,1,1.5,830000,,,2340000,1830000,MLB-2025 Arb by club
2025,"Vest, Will",DET,rhp,3.1,0.7,2.9,760700,,,1400000,1450000,MLB-2025 Arb by club
2025,"Ibañez, Andy",DET,3b,2.17,0.3,3,766100,,,1400000,1350000,MLB-2025 Arb by club
2025,"McKinstry, Zach",DET,2b,3.099,0.3,1.6,764400,,,1650000,1275000,MLB-2025 Arb by club
2025,"Brieske, Beau",DET,rhp,2.134,0.1,0.6,750000,,,1025000,1250000,MLB-2025 Arb by club
2025,"Foley, Jason",DET,rhp-c,3.033,0.1,3,766300,,,3150000,3000000,MLB-2025 Arb by club
2025,"Garcia, Luis",HOU,rhp-s,4.083,-,4.2,1875000,,,1875000,1875000,MLB-2025 Arb by club
2025,"Valdez, Framber",HOU,lhp-s,5.163,4.2,18.6,12100000,,,18000000,17500000,MLB-2025 Arb by club
2025,"Meyers, Jake",HOU,lf,3.044,2.1,3,767300,,,2300000,3000000,MLB-2025 Arb by club
2025,"Peña, Jeremy",HOU,ss,3,2,4.8,783500,,,4100000,3850000,MLB-2025 Arb by club
2025,"Dubón, Mauricio",HOU,2b,4.162,1,4,3500000,,,5000000,4550000,MLB-2025 Arb by club
2025,"Paredes, Isaac",HOU,3b,3.16,0.9,6.5,3400000,,,6625000,5250000,MLB-2025 Arb by club
2025,"Abreu, Bryan",HOU,rhp,4.022,0.8,4.5,1750000,,,3450000,3750000,MLB-2025 Arb by club
2025,"McCormick, Chas",HOU,cf,4,0.5,4.7,2850000,,,3400000,3100000,MLB-2025 Arb by club
2025,"Wright, Kyle",KCA,rhp-s,4.062,-,4.4,1800000,,,1800000,1800000,MLB-2025 Arb by club
2025,"Isbel, Kyle",KCA,cf,3.043,1.1,2.3,758250,,,1750000,2000000,MLB-2025 Arb by club
2025,"Melendez, MJ",KCA,lf,2.153,0.9,3.6,754750,,,2650000,2100000,MLB-2025 Arb by club
2025,"Bubic, Kris",KCA,lhp-s,4.135,0.6,0,2350000,,,3000000,2925000,MLB-2025 Arb by club
2025,"Harvey, Hunter",KCA,rhp,5.047,0.5,2.9,2350000,,,3700000,3750000,MLB-2025 Arb by club
2025,"Schreiber, John",KCA,rhp,4.027,0.2,3,1175000,,,2300000,2000000,MLB-2025 Arb by club
2025,"Hernández, Carlos",KCA,rhp,3.099,-0.2,-0.3,1012500,,,1160000,1100000,MLB-2025 Arb by club
2025,"Ward, Taylor",LAA,lf,4.164,2.6,8.6,4800000,,,7825000,8250000,MLB-2025 Arb by club
2025,"Detmers, Reid",LAA,lhp-s,2.159,1.6,2.8,770000,,,1825000,1500000,MLB-2025 Arb by club
2025,"Adell, Jo",LAA,rf,3.085,1.5,1.3,770000,,,2100000,2000000,MLB-2025 Arb by club
2025,"Moniak, Mickey",LAA,of,3.027,1.2,1.6,770000,2000000,1500000,2000000,1750000,MLB-2025 Arb by club
2025,"Rengifo, Luis",LAA,2b,5.043,1.2,7.2,4400000,5950000,5800000,,5500000,MLB-2025 Arb by club
2025,"Burke, Brock",LAA,lhp,4.045,0.4,2.2,1035000,,,1150000,1250000,MLB-2025 Arb by club
2025,"Fulmer, Carson",LAA,rhp,3.108,0,-0.1,800000,,outrighted,,950000,MLB-2025 Arb by club
2025,"Suarez, José",LAA,lhp-s,4.022,0,0.5,925000,,,1100000,1000000,MLB-2025 Arb by club
2025,"Quijada, José",LAA,lhp,4.046,-0.1,1.2,840000,1140000,975000,1075000,1000000,MLB-2025 Arb by club
2025,"Kingery, Scott",LAA,2b,3.051,-,0.4,750000,,,770000,760000,MLB-2025 Arb by club
2025,"Gonsolin, Tony",LAN,rhp-s,4.152,-,2.8,3400000,,,5400000,4000000,MLB-2025 Arb by club
2025,"May, Dustin",LAN,rhp-s,5.059,-,3,2135000,,,2135000,2135000,MLB-2025 Arb by club
2025,"Phillips, Evan",LAN,rhp,4.136,0.6,4.2,4000000,,,6100000,5950000,MLB-2025 Arb by club
2025,"Kopech, Michael",LAN,rhp,5.041,0.5,2.2,3000000,,,5200000,5000000,MLB-2025 Arb by club
2025,"Banda, Anthony",LAN,lhp,3.135,0.4,1.4,1000000,,,1000000,1250000,MLB-2025 Arb by club
2025,"Vesia, Alex",LAN,lhp,4.078,0.3,2.7,1000000,2350000,2050000,2250000,1750000,MLB-2025 Arb by club
2025,"Graterol, Brusdar",LAN,rhp-c,4.167,0.1,3.8,2700000,,,2800000,2700000,MLB-2025 Arb by club
2025,"Sánchez, Jesús",MIA,of,3.118,2,4.9,2100000,,,4500000,3500000,MLB-2025 Arb by club
2025,"Cabrera, Edward",MIA,rhp-s,2.147,1.3,3.6,761000,,,1950000,2000000,MLB-2025 Arb by club
2025,"Fortes, Nick",MIA,c,2.149,0.7,3,759000,,,1860000,1500000,MLB-2025 Arb by club
2025,"Bender, Anthony",MIA,rhp,3.153,0.7,2.2,770000,,,1420000,1250000,MLB-2025 Arb by club
2025,"Garrett, Braxton",MIA,lhp,2.168,0.6,4.2,764000,,,1530000,1750000,MLB-2025 Arb by club
2025,"Contreras, William",MIL,c,3.112,5.9,12.2,766900,6500000,5600000,6000000,7500000,MLB-2025 Arb by club
2025,"Cortes, Nestor",MIL,lhp-s,5.094,1.4,4.1,3950000,,,7600000,7500000,MLB-2025 Arb by club
2025,"Civale, Aaron",MIL,rhp-s,5.058,1.3,5.4,4900000,,,8000000,7900000,MLB-2025 Arb by club
2025,"Milner, Hoby",MIL,lhp,5.068,1,4.1,2050000,,non-tendered,,2600000,MLB-2025 Arb by club
2025,"Mears, Nick",MIL,rhp,3.022,0.6,0.9,750000,,,963000,1000000,MLB-2025 Arb by club
2025,"Payamps, Joel",MIL,rhp,4.027,0.4,3.4,1650000,,,2995000,2650000,MLB-2025 Arb by club
2025,"Megill, Trevor",MIL,rhp,3.002,0.3,2.3,756600,,,1940000,2000000,MLB-2025 Arb by club
2025,"Haase, Eric",MIL,c,3.159,0,0.5,1000000,,,1350000,1500000,MLB-2025 Arb by club
2025,"Ober, Bailey",MIN,rhp,3.093,3.2,5.9,761850,,,3550000,3500000,MLB-2025 Arb by club
2025,"Ryan, Joe",MIN,rhp-s,3.033,3,6.7,758850,,,3000000,3600000,MLB-2025 Arb by club
2025,"Larnach, Trevor",MIN,of,3.009,2.1,2.6,760000,,,2100000,2500000,MLB-2025 Arb by club
2025,"Jax, Griffin",MIN,rhp,3.091,1.4,3,761750,,,2365000,2250000,MLB-2025 Arb by club
2025,"Castro, Willi",MIN,ss-of,5.017,1.4,3.9,3300000,,,6400000,6000000,MLB-2025 Arb by club
2025,"Jeffers, Ryan",MIN,c,4.089,1.1,5.1,2425000,,,4550000,4550000,MLB-2025 Arb by club
2025,"Duran, Jhoan",MIN,rhp-c,3,1,4.9,747200,,,4125000,3000000,MLB-2025 Arb by club
2025,"Lewis, Royce",MIN,3b-dh,2.142,0.6,2.1,745700,,,1625000,2000000,MLB-2025 Arb by club
2025,"Kirilloff, Alex",MIN,1b,3.141,0.4,1.4,1350000,,retired,,1750000,MLB-2025 Arb by club
2025,"Tonkin, Michael",MIN,rhp,4.074,0.2,3.6,1000000,,,1000000,1575000,MLB-2025 Arb by club
2025,"Stewart, Brock",MIN,rhp,3.093,0.1,1.1,900000,,,870000,900000,MLB-2025 Arb by club
2025,"Topa, Justin",MIN,rhp,4.044,0,1.9,1225000,,,1225000,1225000,MLB-2025 Arb by club
2025,"Castillo, Diego",MIN,rhp,4.169,0,5.7,1000000,,outrighted,,1000000,MLB-2025 Arb by club
2025,"Brubaker, JT",NYA,rhp,5,-,3,2275000,,,1820000,2275000,MLB-2025 Arb by club
2025,"Chisholm Jr., Jazz",NYA,3b-of,4.075,3,5.9,2625000,,,5850000,5950000,MLB-2025 Arb by club
2025,"Schmidt, Clarke",NYA,rhp-s,3.148,1.6,4.3,2025000,,,3600000,3025000,MLB-2025 Arb by club
2025,"Leiter Jr., Mark",NYA,rhp,4.031,1,4.8,1500000,2500000,2050000,2050000,2350000,MLB-2025 Arb by club
2025,"Grisham, Trent",NYA,cf,5.06,0.9,6.3,5500000,,,5000000,6300000,MLB-2025 Arb by club
2025,"Williams, Devin",NYA,rhp-c,5.056,0.3,5.9,7000000,,,8600000,8000000,MLB-2025 Arb by club
2025,"Berti, Jon",NYA,lf-3b,5.168,0.2,5.1,3625000,,non-tendered,,3750000,MLB-2025 Arb by club
2025,"Effross, Scott",NYA,rhp,2.154,0,1.6,750000,,,800000,850000,MLB-2025 Arb by club
2025,"Mayza, Tim",NYA,lhp,5.129,-0.1,5.1,3590000,,non-tendered,,4000000,MLB-2025 Arb by club
2025,"Siri, Jose",NYN,cf,3.015,2.1,4.4,757800,,,2400000,2900000,MLB-2025 Arb by club
2025,"Megill, Tylor",NYN,rhp,3.031,1.1,3.8,766250,,,1975000,2000000,MLB-2025 Arb by club
2025,"Peterson, David",NYN,lhp-s,4.089,1,4.3,2150000,,,4625000,4150000,MLB-2025 Arb by club
2025,"Blackburn, Paul",NYN,rhp-s,5.018,0.9,2.8,3450000,,,4050000,4300000,MLB-2025 Arb by club
2025,"Taylor, Tyrone",NYN,of,4.093,0.6,2.4,2025000,,,3025000,3000000,MLB-2025 Arb by club
2025,"Torrens, Luis",NYN,c,4.105,0.6,-0.6,1200000,,,1500000,1250000,MLB-2025 Arb by club
2025,"Reid-Foley, Sean",NYN,rhp,3.133,0.2,0.8,772750,,,800000,875000,MLB-2025 Arb by club
2025,"Súarez, Ranger",PHI,lhp-s,5.112,3.2,9,5050000,,,8800000,8255000,MLB-2025 Arb by club
2025,"Bohm, Alec",PHI,3b,4.106,2.6,7.2,4000000,,,7700000,7500000,MLB-2025 Arb by club
2025,"Stott, Bryson",PHI,2b,3,1.9,4.5,768000,,,3200000,3300000,MLB-2025 Arb by club
2025,"Marsh, Brandon",PHI,cf,3.078,1.4,3.6,766500,,,3000000,3000000,MLB-2025 Arb by club
2025,"Sosa, Edmundo",PHI,ss,4.14,1,3.4,1700000,,,3000000,2250000,MLB-2025 Arb by club
2025,"Ruiz, José",PHI,rhp,4.148,0.5,1.7,925000,,,1225000,1175000,MLB-2025 Arb by club
2025,"Hays, Austin",PHI,lf,5.057,0.4,7.7,6300000,,non-tendered,,6750000,MLB-2025 Arb by club
2025,"Luzardo, Jesus",PHI,lhp-s,4.165,0.3,5,5500000,,,6225000,6500000,MLB-2025 Arb by club
2025,"Stubbs, Garrett",PHI,c,4.12,-0.3,-1.1,850000,,,925000,1150000,MLB-2025 Arb by club
2025,"Oviedo, Johan",PIT,rhp-s,3.079,-,1.1,765000,1150000,850000,850000,1000000,MLB-2025 Arb by club
2025,"Joe, Connor",PIT,1b-of,3.136,1,4.7,2125000,,non-tendered,,3000000,MLB-2025 Arb by club
2025,"Bart, Joey",PIT,c,3.02,0.7,0.9,770000,,,1175000,1550000,MLB-2025 Arb by club
2025,"De La Cruz, Bryan",PIT,lf,3.056,0.6,2.9,768000,,non-tendered,,3250000,MLB-2025 Arb by club
2025,"Falter, Bailey",PIT,lhp-s,2.138,0.5,0.9,755000,,,2222000,2275000,MLB-2025 Arb by club
2025,"Santana, Dennis",PIT,rhp,4.126,0.5,1.3,1000000,2100000,1400000,1400000,1500000,MLB-2025 Arb by club
2025,"Holderman, Colin",PIT,rhp,2.144,0.1,1.5,755000,,,1500000,1250000,MLB-2025 Arb by club
2025,"Bednar, David",PIT,rhp,4.076,-0.1,3.7,4510000,,,5900000,6000000,MLB-2025 Arb by club
2025,"Patiño, Luis",SDN,rhp,3.061,-,-0.3,749400,,non-tendered,,765000,MLB-2025 Arb by club
2025,"Cease, Dylan",SDN,rhp-s,5.089,4.2,12.2,8000000,,,13750000,14000000,MLB-2025 Arb by club
2025,"King, Michael",SDN,rhp,5.004,3.2,7.5,3150000,8800000,7325000,7750000,7150000,MLB-2025 Arb by club
2025,"Arraez, Luis",SDN,2b,5.121,2.2,13.5,10600000,,,14000000,14900000,MLB-2025 Arb by club
2025,"Morejon, Adrian",SDN,lhp,4.14,0.9,1.8,850000,,,2000000,1750000,MLB-2025 Arb by club
2025,"Adam, Jason",SDN,rhp,4.132,0.8,3.7,2700000,,,4800000,5250000,MLB-2025 Arb by club
2025,"Wade, Tyler",SDN,2b,5.058,0.2,1,850000,,,900000,950000,MLB-2025 Arb by club
2025,"Campusano, Luis",SDN,c,2.144,-0.2,0.2,754700,,,1000000,1250000,MLB-2025 Arb by club
2025,"Raleigh, Cal",SEA,c,3.085,5.1,12.8,795000,,,5600000,5000000,MLB-2025 Arb by club
2025,"Gilbert, Logan",SEA,rhp-s,3.144,5.1,11.7,4050000,,,7625000,8750000,MLB-2025 Arb by club
2025,"Kirby, George",SEA,rhp-s,2.151,4,10.5,798600,,,4300000,5000000,MLB-2025 Arb by club
2025,"Arozarena, Randy",SEA,lf,4.129,2,12.3,8100000,,,11300000,11100000,MLB-2025 Arb by club
2025,"Rojas, Josh",SEA,2b,4.126,1.6,5.3,3100000,,non-tendered,,4250000,MLB-2025 Arb by club
2025,"Thornton, Trent",SEA,rhp-s,4.148,0.6,1.7,1200000,,,2000000,2200000,MLB-2025 Arb by club
2025,"Speier, Gabe",SEA,lhp,3,0.2,2.1,753300,,,845000,875000,MLB-2025 Arb by club
2025,"Saucedo, Tayler",SEA,lhp,3.112,0.2,1.2,753100,,,937500,950000,MLB-2025 Arb by club
2025,"Voth, Austin",SEA,rhp,5.115,0.2,1.3,1250000,,non-tendered,,2000000,MLB-2025 Arb by club
2025,"Haggerty, Sam",SEA,2b,4.036,0.1,1.6,900000,,non-tendered,,905000,MLB-2025 Arb by club
2025,"Chargois, JT",SEA,rhp,5.101,0,3,1285000,,non-tendered,,1585000,MLB-2025 Arb by club
2025,"Wade Jr., LaMonte",SFN,1b,5.035,1.6,5.9,3500000,,,5000000,4500000,MLB-2025 Arb by club
2025,"Yastrzemski, Mike",SFN,cf,5.128,1.2,7.9,7900000,,,9250000,9250000,MLB-2025 Arb by club
2025,"Rogers, Tyler",SFN,rhp,5.034,0.7,5.6,3200000,,,5250000,5250000,MLB-2025 Arb by club
2025,"Doval, Camilo",SFN,rhp,3.071,0.3,4,770000,,,4525000,4000000,MLB-2025 Arb by club
2025,"Warren, Austin",SFN,rhp,2.135,0,0.4,755000,,,785000,760000,MLB-2025 Arb by club
2025,"Donovan, Brendan",STL,2b,3,3.5,7.7,757200,3300000,2850000,2850000,4000000,MLB-2025 Arb by club
2025,"Nootbar, Lars",STL,lf,3.076,2.4,8.5,761000,2950000,2450000,2950000,3000000,MLB-2025 Arb by club
2025,"Pallante, Andre",STL,rhp,2.145,1.9,5,756900,2100000,1925000,2100000,2000000,MLB-2025 Arb by club
2025,"Helsley, Ryan",STL,rhp-c,5.105,0.9,3.9,3800000,,,8200000,6800000,MLB-2025 Arb by club
2025,"King, John",STL,lhp,3.145,0.6,2.9,1005000,,,1605000,1650000,MLB-2025 Arb by club
2025,"Romero, JoJo",STL,lhp,4.045,0.3,1.8,860000,,,2260000,1750000,MLB-2025 Arb by club
2025,"Littell, Zack",TBA,rhp-s,5.043,1.7,4.7,1850000,,,5720000,4500000,MLB-2025 Arb by club
2025,"Walls, Taylor",TBA,ss,3.092,1,2.7,757300,1575000,1300000,1350000,1250000,MLB-2025 Arb by club
2025,"Baz, Shane",TBA,rhp-s,2.158,0.7,1.2,743600,,,1450000,1500000,MLB-2025 Arb by club
2025,"Rortvedt, Ben",TBA,c,3.043,0.6,1.4,755400,,,1125000,1000000,MLB-2025 Arb by club
2025,"Rasmussen, Drew",TBA,rhp-s,4.111,0.4,5.6,1862500,,"extn, 2 y/$8.5",,1950000,MLB-2025 Arb by club
2025,"Alexander, Tyler",TBA,lhp-s,5.011,0.2,0.1,1950000,,non-tendered,,2550000,MLB-2025 Arb by club
2025,"Lovelady, Richard",TBA,lhp,3.008,0.1,1.2,760000,,non-tendered,,900000,MLB-2025 Arb by club
2025,"Cleavinger, Garrett",TBA,lhp,3.06,0.1,1,746900,,,1200000,1250000,MLB-2025 Arb by club
2025,"Sulser, Cole",TBA,rhp,4.031,0,1.7,1000000,,,900000,1000000,MLB-2025 Arb by club
2025,"Carlson, Dylan",TBA,cf,4.104,-0.1,4.6,2350000,,non-tendered,,2575000,MLB-2025 Arb by club
2025,"Poche, Colin",TBA,lhp,5.114,-0.1,1.6,2375000,,non-tendered,,2975000,MLB-2025 Arb by club
2025,"Heim, Jonah",TEX,c,4.097,0.8,8.9,3050000,,,4575000,4500000,MLB-2025 Arb by club
2025,"Dunning, Dane",TEX,rhp-s,4.078,0.7,5.1,3325000,,,2660000,3975000,MLB-2025 Arb by club
2025,"Sborz, Josh",TEX,rhp,4.055,0.1,2.3,1025000,,,1100000,1275000,MLB-2025 Arb by club
2025,"Tavares, Leody",TEX,cf,3.124,-0.4,3.3,2550000,,,4750000,3550000,MLB-2025 Arb by club
2025,"Guerrero Jr., Vladimir",TOR,1b,5.157,6,22.7,19900000,,,28500000,28900000,MLB-2025 Arb by club
2025,"Kirk, Alejandro",TOR,c,4.047,2.6,12,2800000,,,4600000,4200000,MLB-2025 Arb by club
2025,"Varsho, Daulton",TOR,lf,4.128,1.9,7.1,5650000,,,8200000,7400000,MLB-2025 Arb by club
2025,"Clement, Ernie",TOR,ss,2.168,1.7,3,757700,,,1970000,1800000,MLB-2025 Arb by club
2025,"Sandlin, Nick",TOR,rhp,3.157,0.2,2.4,1057000,,,1630000,1500000,MLB-2025 Arb by club
2025,"Manoah, Alek",TOR,rhp-s,3.063,0.2,2.2,782500,,,2200000,1750000,MLB-2025 Arb by club
2025,"Pop, Zach",TOR,rhp,2.171,0.1,1.7,765500,,,900000,1265500,MLB-2025 Arb by club
2025,"Tate, Dillon",TOR,rhp,4.144,0.1,3.3,1500000,,non-tendered,,1600000,MLB-2025 Arb by club
2025,"Swanson, Erik",TOR,rhp,5.059,0.1,3.5,2750000,,,3000000,2925000,MLB-2025 Arb by club
2025,"Romano, Jordan",TOR,rhp-c,5.051,0,4.4,7750000,,non-tendered,,7750000,MLB-2025 Arb by club
2025,"Thompson, Mason",WAS,rhp,3.046,-,1.3,749200,,,770000,800000,MLB-2025 Arb by club
2025,"García Jr., Luis",WAS,2b,3.142,2.8,5,1500000,,,4500000,4500000,MLB-2025 Arb by club
2025,"Gore, MacKenzie",WAS,lhp-s,3,1.9,2.9,749600,,,2890000,2950000,MLB-2025 Arb by club
2025,"Lowe, Nathaniel",WAS,1b,4.145,1.8,9.6,7500000,11100000,10300000,10300000,9900000,MLB-2025 Arb by club
2025,"Law, Derek",WAS,rhp,5.081,0.8,3.4,1500000,,,2750000,2900000,MLB-2025 Arb by club
2025,"Finnegan, Kyle",WAS,rhp-c,5,0.3,4.1,5100000,,non-tendered,,8100000,MLB-2025 Arb by club
2025,"Gray, Josiah",WAS,rhp-s,3.075,0,0,757400,,,1350000,800000,MLB-2025 Arb by club
2025,"Adams, Riley",WAS,c,2.171,-0.2,-1.9,750900,,,850000,1000000,MLB-2025 Arb by club
2025,"Rainey, Tanner",WAS,rhp,5.127,-0.7,0.9,1500000,,non-tendered,,1750000,MLB-2025 Arb by club
2024,"Barría, Jaime",ANA,rhp,4.035,0.1,-0.1,1050000,,outrighted,,1400000,MLB-2024 Arb by club
2024,"Canning, Griffin",ANA,rhp,4.075,2.3,3.1,850000,,,2600000,2750000,MLB-2024 Arb by club
2024,"Phillips, Brett",ANA,of,4.06,0,1.4,1200000,,outrighted,,1500000,MLB-2024 Arb by club
2024,"Quijada, José",ANA,lhp,3.046,0.1,1.4,750000,,,840000,975000,MLB-2024 Arb by club
2024,"Rengifo, Luis",ANA,2b,4.043,2.2,6.9,2300000,,,4400000,4500000,MLB-2024 Arb by club
2024,"Sandoval, Patrick",ANA,lhp-s,3.149,0.5,4.8,2750000,,,5025000,4250000,MLB-2024 Arb by club
2024,"Suarez, José",ANA,lhp-s,3.084,-0.4,0.5,750000,1350000,925000,925000,925000,MLB-2024 Arb by club
2024,"Wallach, Chad",ANA,c,4.018,-0.2,0.1,,,outrighted,,975000,MLB-2024 Arb by club
2024,"Walsh, Jared",ANA,1b,3.114,-0.1,1,2650000,,outrighted,,2750000,MLB-2024 Arb by club
2024,"Ward, Taylor",ANA,lf,3.164,1.3,4.8,2750000,4800000,4300000,4800000,4000000,MLB-2024 Arb by club
2024,"Adams, Austin L.",ARI,rhp,4.15,0.3,1.4,,,outrighted,,1600000,MLB-2024 Arb by club
2024,"Gallen, Zac",ARI,rhp-s,4.1,4.5,12.5,5600000,,,10011000,12000000,MLB-2024 Arb by club
2024,"Ginkel, Kevin",ARI,rhp,3.032,1.4,2.4,746600,,,1225000,1400000,MLB-2024 Arb by club
2024,"Lewis, Kyle",ARI,of,3.067,-0.1,0.8,1610000,,non-tendered,,1610000,MLB-2024 Arb by club
2024,"Mantiply, Joe",ARI,lhp,3.029,0.6,2.7,756000,,,925000,1250000,MLB-2024 Arb by club
2024,"Sewald, Paul",ARI,rhp,5.072,0.2,5,4100000,,,7350000,6800000,MLB-2024 Arb by club
2024,"Thompson, Ryan",ARI,rhp,3.095,0.2,2.5,1000000,,,1350000,1600000,MLB-2024 Arb by club
2024,"Walker, Christian",ARI,1b,5.124,2.7,9.8,6500000,,,10900000,11750000,MLB-2024 Arb by club
2024,"Allard, Kolby",ATL,lhp,3.162,0.1,-0.1,750000,,non-tendered,,1000000,MLB-2024 Arb by club
2024,"Chirinos, Yonny",ATL,rhp-s,5.114,0.2,2.8,1275000,,DFA,,2000000,MLB-2024 Arb by club
2024,"Fried, Max",ATL,lhp-s,5.148,1.7,15.2,13500000,,,15000000,15000000,MLB-2024 Arb by club
2024,"Heller, Ben",ATL,rhp,3.102,0.2,0.5,,,outrighted,,1100000,MLB-2024 Arb by club
2024,"Minter, A.J.",ATL,lhp,5.154,1.4,6.3,2200000,,,6220000,6000000,MLB-2024 Arb by club
2024,"Tonkin, Michael",ATL,rhp,3.074,1.2,3.4,750000,,non-tendered,,1450000,MLB-2024 Arb by club
2024,"Velazquez, Andrew",ATL,ss-3b,3.033,-0.1,-0.3,,,outrighted,,850000,MLB-2024 Arb by club
2024,"Ynoa, Huascar",ATL,rhp,3.011,-,2.1,750000,,,825000,900000,MLB-2024 Arb by club
2024,"Akin, Keegan",BAL,lhp,3.079,0.4,1.3,731100,,,825000,1000000,MLB-2024 Arb by club
2024,"Coulombe, Daniel",BAL,lhp,5.008,1.2,4.6,1000000,2400000,2200000,2300000,2000000,MLB-2024 Arb by club
2024,"Hays, Austin",BAL,lf,4.057,1.2,7.8,3200000,6300000,5850000,6300000,5800000,MLB-2024 Arb by club
2024,"Hilliard, Sam",BAL,rf,3.094,-0.3,2.5,750000,,,800000,1400000,MLB-2024 Arb by club
2024,"Irvin, Cole",BAL,lhp-s,3.083,0.3,-0.6,737600,,,2000000,1500000,MLB-2024 Arb by club
2024,"Mateo, Jorge",BAL,ss,4,0.4,1.3,2000000,,,2700000,2750000,MLB-2024 Arb by club
2024,"McKenna, Ryan",BAL,of,2.123,0.1,0,725800,,,800000,825000,MLB-2024 Arb by club
2024,"Means, John",BAL,lhp-s,5.007,-0.2,0.1,2975000,,,3325000,4000000,MLB-2024 Arb by club
2024,"Mountcastle, Ryan",BAL,1b,3.105,1.6,5.9,738400,,,4137500,3900000,MLB-2024 Arb by club
2024,"Mullins, Cedric",BAL,cf,4.078,1.4,10.7,4100000,,,6325000,6800000,MLB-2024 Arb by club
2024,"O'Hearn, Ryan",BAL,1b-of,4.17,0.9,1.4,1400000,3800000,3200000,3500000,2850000,MLB-2024 Arb by club
2024,"Pérez, Cionel",BAL,lhp,3.085,0.8,2.2,732400,1400000,1100000,,1300000,MLB-2024 Arb by club
2024,"Santander, Anthony",BAL,rf,5.162,1.8,6.9,7400000,,,11700000,11500000,MLB-2024 Arb by club
2024,"Tate, Dillon",BAL,rhp,4.048,-,3.2,1500000,,,1500000,1600000,MLB-2024 Arb by club
2024,"Urías, Ramón",BAL,2b,3.025,0.6,3.5,734700,,,2100000,1850000,MLB-2024 Arb by club
2024,"Webb, Jacob",BAL,rhp,3.046,0.3,1.1,,1000000,925000,1000000,1200000,MLB-2024 Arb by club
2024,"Wells, Tyler",BAL,rhp-s,2.132,0.9,2.1,732400,,,1962500,2000000,MLB-2024 Arb by club
2024,"McGuire, Reese",BOS,cf,4.027,0.1,2.6,1225000,,,1500000,2000000,MLB-2024 Arb by club
2024,"O'Neill, Tyler",BOS,lf,5.059,0.9,7.5,4950000,,,5850000,5850000,MLB-2024 Arb by club
2024,"Pivetta, Nick",BOS,rhp-s,5.166,3,12.4,5350000,,,7500000,8000000,MLB-2024 Arb by club
2024,"Rodriguez, Joely",BOS,lhp,4.096,0.2,2.8,1500000,,elected FA,,2750000,MLB-2024 Arb by club
2024,"Schreiber, John",BOS,rhp,3.027,0.7,2.8,750000,,,1175000,1500000,MLB-2024 Arb by club
2024,"Cease, Dylan",CHA,rhp-s,4.089,1.4,8,5700000,,,8000000,8700000,MLB-2024 Arb by club
2024,"Crochet, Garrett",CHA,lhp,3.028,0,0.9,733000,,,800000,950000,MLB-2024 Arb by club
2024,"Foster, Matt",CHA,rhp,3.093,-,0.8,734000,,,750000,775000,MLB-2024 Arb by club
2024,"Frazier, Clint",CHA,of,4.092,0,0.7,,,outrighted,,1000000,MLB-2024 Arb by club
2024,"Kopech, Michael",CHA,rhp-s,4.041,-0.4,1.7,2050000,,,3000000,3050000,MLB-2024 Arb by club
2024,"Lopez, Nicky",CHA,2b,4.139,0.7,7.4,3700000,,,4300000,4000000,MLB-2024 Arb by club
2024,"Soroka, Michael",CHA,rhp-s,5.009,0.3,3.7,2800000,,,3000000,3150000,MLB-2024 Arb by club
2024,"Thompson, Trayce",CHA,of,4.01,-0.3,1.4,1450000,,elected FA,,1600000,MLB-2024 Arb by club
2024,"Toussaint, Touki",CHA,rhp,3.071,0,1.6,,,,1300000,1500000,MLB-2024 Arb by club
2024,"Vaughn, Andrew",CHA,1b,3,2.2,4.1,760000,,,3250000,3500000,MLB-2024 Arb by club
2024,"Alzolay, Adbert",CHN,rhp-s,3.05,1.4,4.2,744750,,,2110000,2850000,MLB-2024 Arb by club
2024,"Burdi, Nick",CHN,rhp,3.14,0,0.2,,,outrighted,,850000,MLB-2024 Arb by club
2024,"Heuer, Codi",CHN,rhp,4,-,1.1,785000,,non-tendered,,800000,MLB-2024 Arb by club
2024,"Leiter Jr., Mark",CHN,rhp,3.031,1.3,3.8,850000,,,1500000,2000000,MLB-2024 Arb by club
2024,"Madrigal, Nick",CHN,2b,3.163,1,3.4,1225000,,,1810000,2225000,MLB-2024 Arb by club
2024,"Merryweather, Julian",CHN,rhp,3.109,1.7,2.4,737000,,,1175000,2000000,MLB-2024 Arb by club
2024,"Steele, Justin",CHN,lhp-s,2.143,3.8,6.1,740000,,,4000000,4000000,MLB-2024 Arb by club
2024,"Tauchman, Mike",CHN,cf,3.143,1,2,,,,1950000,1850000,MLB-2024 Arb by club
2024,"Wisdom, Patrick",CHN,3b-1b,3.058,0.3,1.9,763000,,,2725000,2250000,MLB-2024 Arb by club
2024,"Antone, Tejay",CIN,rhp,4,0.1,1.4,770000,,,830000,1000000,MLB-2024 Arb by club
2024,"Dunn, Justin",CIN,rhp,4.02,-,-1.3,900000,,outrighted,,900000,MLB-2024 Arb by club
2024,"Fraley, Jake",CIN,dh,3.097,1.1,2.5,740000,,,2150000,2000000,MLB-2024 Arb by club
2024,"Gutierrez, Vladimir",CIN,rhp,2.127,-,-1,730000,,elected FA,,900000,MLB-2024 Arb by club
2024,"India, Jonathan",CIN,2b,3,1.9,6,760000,4000000,3200000,2 y/$8.8M extn,3500000,MLB-2024 Arb by club
2024,"Law, Derek",CIN,rhp,4.081,0.4,2.5,1000000,,non-tendered,,1500000,MLB-2024 Arb by club
2024,"Senzel, Nick",CIN,of-3b,4.15,0.4,2.7,1950000,,non-tendered,,3250000,MLB-2024 Arb by club
2024,"Sims, Lucas",CIN,rhp,5.014,0.4,2.7,1267500,,,2850000,2850000,MLB-2024 Arb by club
2024,"Stephenson, Tyler",CIN,c,3.056,-1.6,0.4,740000,,,2525000,1750000,MLB-2024 Arb by club
2024,"Young, Alex",CIN,lhp,3.143,0.9,2.1,1150000,,,1160000,1750000,MLB-2024 Arb by club
2024,"Barlow, Scott",CLE,rhp,5.03,0.6,5.9,5300000,,,6700000,6800000,MLB-2024 Arb by club
2024,"Bieber, Shane",CLE,rhp-s,5.097,1.7,17.5,10010000,,,13125000,13000000,MLB-2024 Arb by club
2024,"Gallagher, Cam",CLE,c,5.073,0.1,2,1250000,,outrighted,,1400000,MLB-2024 Arb by club
2024,"Hentges, Sam",CLE,lhp,2.157,1.1,2.9,730200,,,1162500,1250000,MLB-2024 Arb by club
2024,"Karinchak, James",CLE,rhp,3.099,0.3,2.7,1500000,,,1900000,2200000,MLB-2024 Arb by club
2024,"Laureano, Ramón",CLE,rf,4.165,0.9,7.6,3550000,,,5150000,4800000,MLB-2024 Arb by club
2024,"McKenzie, Triston",CLE,rhp-s,3.074,0,3.4,739500,,,1600000,1500000,MLB-2024 Arb by club
2024,"Naylor, Josh",CLE,1b,4.127,2.1,5.4,3350000,,,6500000,7000000,MLB-2024 Arb by club
2024,"Sandlin, Nick",CLE,rhp,2.157,1.1,2.2,726000,,,1075000,1200000,MLB-2024 Arb by club
2024,"Beeks, Jalen",COL,lhp,5.003,0.6,2.6,1375000,,,1675000,1875000,MLB-2024 Arb by club
2024,"Blach, Ty",COL,lhp-s,3.135,-0.6,1.1,1100000,,outrighted,,1500000,MLB-2024 Arb by club
2024,"Castro, Harold",COL,3b,4.141,0,1.3,1300000,,outrighted,,1800000,MLB-2024 Arb by club
2024,"Gilbreath, Lucas",COL,lhp,2.148,-,1.1,725000,,,760000,775000,MLB-2024 Arb by club
2024,"Gomber, Austin",COL,lhp,4.111,-0.2,1.7,1650000,,,3150000,2650000,MLB-2024 Arb by club
2024,"Lambert, Peter",COL,rhp,3.128,0.5,0.7,,,,1250000,1250000,MLB-2024 Arb by club
2024,"Quantrill, Cal",COL,rhp-s,4.132,-0.9,2.1,5550000,,,6550000,6500000,MLB-2024 Arb by club
2024,"Rodgers, Brendan",COL,ss,4.075,0.1,5.1,2700000,,,3200000,3250000,MLB-2024 Arb by club
2024,"Wynns, Austin",COL,c,3.09,0,0.1,,,outrighted,,900000,MLB-2024 Arb by club
2024,"Baddoo, Akil",DET,of,2.119,1.4,4.2,,,,1550000,2000000,MLB-2024 Arb by club
2024,"Meadows, Austin",DET,rf,5.074,0,5.2,4300000,,non-tendered,,4300000,MLB-2024 Arb by club
2024,"Mize, Casey",DET,rhp-s,3.111,-,0.8,734200,840000,815000,1 y+opt extn,1000000,MLB-2024 Arb by club
2024,"Rogers, Jake",DET,c,3.04,1.9,1.2,726000,,,1700000,2000000,MLB-2024 Arb by club
2024,"Skubal, Tarik",DET,lhp,3.114,2.2,3.9,743700,,,2650000,2750000,MLB-2024 Arb by club
2024,"Turnbull, Spencer",DET,rhp-s,5.02,0.1,3.1,2150000,,non-tendered,,2500000,MLB-2024 Arb by club
2024,"Wingenter, Trey",DET,rhp,4.017,0.3,1.3,1000000,,outrighted,,1250000,MLB-2024 Arb by club
2024,"Abreu, Bryan",HOU,rhp,3.022,1.7,3.7,745200,,,1750000,1750000,MLB-2024 Arb by club
2024,"Dubón, Mauricio",HOU,2b,3.162,1.8,3.6,1400000,3500000,3000000,3500000,3000000,MLB-2024 Arb by club
2024,"Garcia, Luis",HOU,rhp-s,3.083,0.3,4.2,763200,,,1875000,1800000,MLB-2024 Arb by club
2024,"McCormick, Chas",HOU,cf,3,1.1,2.2,752500,,,2850000,2900000,MLB-2024 Arb by club
2024,"Tucker, Kyle",HOU,rf,4.079,4.3,13.9,5000000,,,12000000,12000000,MLB-2024 Arb by club
2024,"Urquidy, José",HOU,rhp-s,4.049,0.1,1.1,3025000,,,3750000,3725000,MLB-2024 Arb by club
2024,"Valdez, Framber",HOU,lhp-s,4.163,3.9,14.3,6800000,,,12100000,12500000,MLB-2024 Arb by club
2024,"Anderson, Nick",KCA,rhp,4.153,0.6,2.7,875000,,,1575000,1750000,MLB-2024 Arb by club
2024,"Bubic, Kris",KCA,lhp-s,3.135,0.2,-0.6,2200000,,,2350000,2300000,MLB-2024 Arb by club
2024,"Hearn, Taylor",KCA,lhp,3.165,0.1,-0.2,1462500,,elected FA,,1570000,MLB-2024 Arb by club
2024,"Hernández, Carlos",KCA,rhp,2.145,0.7,-0.1,730250,,,1012500,1200000,MLB-2024 Arb by club
2024,"Singer, Brady",KCA,rhp-s,3.156,1.8,7.2,2950000,,,4850000,5250000,MLB-2024 Arb by club
2024,"Staumont, Josh",KCA,rhp,4.071,0.3,1.2,1025000,,non-tendered,,1300000,MLB-2024 Arb by club
2024,"Taylor, Josh",KCA,rhp,4.118,0.3,2.1,1025000,,,1100000,1200000,MLB-2024 Arb by club
2024,"Wright, Kyle",KCA,rhp-s,3.062,0.6,4.4,750000,,,1800000,1300000,MLB-2024 Arb by club
2024,"Almonte, Yency",LAN,rhp,4.143,0.7,1.9,1500000,,,1900000,2250000,MLB-2024 Arb by club
2024,"Buehler, Walker",LAN,rhp,5.168,-,13.8,8025000,,,8025000,8025000,MLB-2024 Arb by club
2024,"Ferguson, Caleb",LAN,lhp,5.093,1.2,3.6,1100000,,,2400000,2250000,MLB-2024 Arb by club
2024,"Feyereisen, J.P.",LAN,rhp,3.108,-,0.5,750000,,,770000,900000,MLB-2024 Arb by club
2024,"Graterol, Brusdar",LAN,rhp-c,3.167,1.6,3.7,1225000,,,2700000,2550000,MLB-2024 Arb by club
2024,"Lux, Gavin",LAN,ss,3.114,-,2,750000,,,1225000,900000,MLB-2024 Arb by club
2024,"May, Dustin",LAN,rhp-s,4.059,0.4,3,1675000,,,2135000,2250000,MLB-2024 Arb by club
2024,"Phillips, Evan",LAN,rhp,3.136,1.3,3.6,1300000,,,4000000,3100000,MLB-2024 Arb by club
2024,"Smith, Will",LAN,c,4.09,2.9,12.3,5250000,,,8550000,9000000,MLB-2024 Arb by club
2024,"Suero, Wander",LAN,rhp,3.144,0.1,2.2,,,outrighted,,950000,MLB-2024 Arb by club
2024,"Vesia, Alex",LAN,lhp,3.078,1,2.5,750000,,,1000000,1500000,MLB-2024 Arb by club
2024,"Yarbrough, Ryan",LAN,lhp-s,5.117,0.6,2.5,3000000,,,3900000,4000000,MLB-2024 Arb by club
2024,"Arraez, Luis",MIA,2b,4.121,4.1,13.5,6100000,12000000,10600000,10600000,11000000,MLB-2024 Arb by club
2024,"Bender, Anthony",MIA,rhp,2.153,-,1.3,738500,,,770000,825000,MLB-2024 Arb by club
2024,"Berti, Jon",MIA,lf-3b,4.168,0.8,4.7,2100000,,exercised option,3500000,3250000,MLB-2024 Arb by club
2024,"Bethancourt, Christian",MIA,c,4.038,0.3,0.9,1350000,,,2050000,2000000,MLB-2024 Arb by club
2024,"Chargois, JT",MIA,rhp,4.101,0.7,3,850000,,,1285000,1350000,MLB-2024 Arb by club
2024,"Chisholm Jr., Jazz",MIA,cf,3.075,1.3,2.3,749500,2900000,2625000,2625000,2200000,MLB-2024 Arb by club
2024,"Davis, Jonathan",MIA,cf,3.035,-0.1,0.3,,,outrighted,,800000,MLB-2024 Arb by club
2024,"Hampson, Garrett",MIA,2b-ss,5.01,-0.1,2.1,,,non-tendered,,1200000,MLB-2024 Arb by club
2024,"Lúzardo, Jesus",MIA,lhp-s,3.165,2.6,4.6,2450000,,,5500000,6000000,MLB-2024 Arb by club
2024,"Okert, Steven",MIA,lhp,3.109,0.8,2.3,739000,,,1062500,1400000,MLB-2024 Arb by club
2024,"Puk, A.J.",MIA,lhp,3.124,1.5,2.8,736000,,,1800000,1550000,MLB-2024 Arb by club
2024,"Rogers, Trevor",MIA,lhp-s,3.094,0.2,3.2,752000,,,1530000,1750000,MLB-2024 Arb by club
2024,"Sánchez, Jesús",MIA,of,2.118,1,2,738000,,,2100000,1200000,MLB-2024 Arb by club
2024,"Scott, Tanner",MIA,lhp-c,5.059,2.1,5.8,2825000,5700000,5150000,5700000,6000000,MLB-2024 Arb by club
2024,"Stallings, Jacob",MIA,c,5.149,0.6,4.6,3350000,,non-tendered,,3750000,MLB-2024 Arb by club
2024,"Adames, Willy",MIL,ss,5.105,2.5,11.2,8700000,,,12250000,13000000,MLB-2024 Arb by club
2024,"Bauers, Jake",MIL,1b,3.084,-0.1,1.4,,,,1350000,1250000,MLB-2024 Arb by club
2024,"Burnes, Corbin",MIL,rhp-s,5.049,2.9,17,10010000,,,15637500,16000000,MLB-2024 Arb by club
2024,"Clarke, Taylor",MIL,rhp,4.12,0.6,1.8,1150000,,,1250000,2000000,MLB-2024 Arb by club
2024,"Lauer, Eric",MIL,lhp-s,4.111,-0.8,3.9,5075000,,outrighted,,5250000,MLB-2024 Arb by club
2024,"Milner, Hoby",MIL,lhp,4.068,1.4,3.1,1025000,,,2050000,1775000,MLB-2024 Arb by club
2024,"Payamps, Joel",MIL,rhp,3.027,1.6,3,730500,,,1650000,2100000,MLB-2024 Arb by club
2024,"Tellez, Rowdy",MIL,1b,5.004,-0.1,4.7,4950000,,non-tendered,,5450000,MLB-2024 Arb by club
2024,"Williams, Devin",MIL,rhp-c,4.056,1.4,5.5,3350000,,,7250000,6900000,MLB-2024 Arb by club
2024,"Wilson, Bryse",MIL,rhp-s,3.036,0.8,0.2,732600,,,1000000,1550000,MLB-2024 Arb by club
2024,"Woodruff, Brandon",MIL,rhp-s,5.161,1.3,15.5,10800000,,non-tendered,,12500000,MLB-2024 Arb by club
2024,"Alcala, Jorge",MIN,rhp,4.014,0.1,1.7,790000,,,790000,1200000,MLB-2024 Arb by club
2024,"Castro, Willi",MIN,inf-of,4.017,1.2,1.9,1800000,,,3300000,3300000,MLB-2024 Arb by club
2024,"De León, José",MIN,rhp-s,3.062,0.3,0.8,,,outrighted,,825000,MLB-2024 Arb by club
2024,"Farmer, Kyle",MIN,inf,5.129,0.7,3.6,5585000,,,6300000,6500000,MLB-2024 Arb by club
2024,"Gordon, Nick",MIN,ss,2.136,0.3,1.1,735400,1250000,900000,900000,1100000,MLB-2024 Arb by club
2024,"Jeffers, Ryan",MIN,c,3.089,0.5,2.5,741650,,,2425000,1750000,MLB-2024 Arb by club
2024,"Kirilloff, Alex",MIN,1b,2.141,-0.2,0.3,735650,,,1350000,1000000,MLB-2024 Arb by club
2024,"Luplow, Jordan",MIN,of,5.025,0,4.1,1400000,,elected FA,,1750000,MLB-2024 Arb by club
2024,"Thielbar, Caleb",MIN,lhp,5.131,0.6,4.2,2400000,,,3225000,3250000,MLB-2024 Arb by club
2024,"Abreu, Albert",NYA,rhp,2.118,0.5,1.1,738700,,non-tendered,,1000000,MLB-2024 Arb by club
2024,"Bowman, Matt",NYA,rhp,4.043,0.1,3.1,A3,,outrighted,,1250000,MLB-2024 Arb by club
2024,"Cordero, Franchy",NYA,cf-rf,4.16,0.1,0.7,1000000,,outrighted,,1600000,MLB-2024 Arb by club
2024,"Cordero, Jimmy",NYA,rhp,3.061,0.6,1.6,720000,,outrighted,,950000,MLB-2024 Arb by club
2024,"Cortes, Nestor",NYA,lhp-s,4.094,-0.1,2.7,3200000,,,3950000,4100000,MLB-2024 Arb by club
2024,"Germán, Domingo",NYA,rhp-s,4.142,1.3,6,2600000,,outrighted,,4000000,MLB-2024 Arb by club
2024,"González, Victor",NYA,lhp,3.058,0.5,1.6,,,,860000,950000,MLB-2024 Arb by club
2024,"Grisham, Trent",NYA,cf,4.06,0.3,4,3175000,,,5500000,4175000,MLB-2024 Arb by club
2024,"Holmes, Clay",NYA,rhp-c,5.031,1.6,5.4,3300000,,,6000000,5500000,MLB-2024 Arb by club
2024,"Loáisiga, Jonathan",NYA,rhp,5.022,0.2,4.1,2262500,,,2500000,2750000,MLB-2024 Arb by club
2024,"McKinney, Billy",NYA,of,3.087,0.6,1.4,,,outrighted,,1400000,MLB-2024 Arb by club
2024,"Schmidt, Clarke",NYA,rhp-s,2.148,1.9,2.8,740475,,,2025000,3000000,MLB-2024 Arb by club
2024,"Soto, Juan",NYA,lf,5.134,4.5,29,23000000,,,31000000,32000000,MLB-2024 Arb by club
2024,"Torres, Gleyber",NYA,2b,5.162,3.4,14.6,9950000,,,14200000,15000000,MLB-2024 Arb by club
2024,"Trevino, Jose",NYA,c,4.063,1.1,7.4,2360000,,,2730000,2860000,MLB-2024 Arb by club
2024,"Trivino, Lou",NYA,rhp,5.163,-,3.9,4100000,,non-tendered,,4150000,MLB-2024 Arb by club
2024,"Verdugo, Alex",NYA,rf,5.078,3.1,13.8,6300000,,,8700000,9000000,MLB-2024 Arb by club
2024,"Weber, Ryan",NYA,rhp,3.167,0.2,1.9,,,outrighted,,1100000,MLB-2024 Arb by club
2024,"Alonso, Pete",NYN,1b,5,3.6,16.8,14500000,,,20500000,21500000,MLB-2024 Arb by club
2024,"Bickford, Phil",NYN,rhp,2.134,0.2,2.5,740000,900000,815000,900000,850000,MLB-2024 Arb by club
2024,"Brigham, Jeff",NYN,rhp,3.142,0.4,0.8,760000,,non-tendered,,1000000,MLB-2024 Arb by club
2024,"Coonrod, Sam",NYN,rhp,4.078,0,1.3,775000,,non-tendered,,925000,MLB-2024 Arb by club
2024,"Curtiss, John",NYN,rhp,3.137,0.2,1.3,775000,,outrighted,,1150000,MLB-2024 Arb by club
2024,"Gott, Trevor",NYN,rhp,5.057,0.5,3,1200000,,non-tendered,,2000000,MLB-2024 Arb by club
2024,"Guillorme, Luis",NYN,inf,4.159,0.1,2.9,1600000,,non-tendered,,2000000,MLB-2024 Arb by club
2024,"Hernández, Elieser",NYN,rhp,5.044,-,1,1600000,,outrighted,,1600000,MLB-2024 Arb by club
2024,"Houser, Adrian",NYN,rhp,5.01,1.5,6.6,3600000,,,5050000,5000000,MLB-2024 Arb by club
2024,"Locastro, Tim",NYN,2b-of,4.122,-0.1,1.6,1400000,,outrighted,,1700000,MLB-2024 Arb by club
2024,"Lucchesi, Joey",NYN,lhp-s,4.112,-0.1,3.9,1150000,,,1650000,1800000,MLB-2024 Arb by club
2024,"Mendick, Danny",NYN,ss,3.058,-0.1,0.7,1000000,,outrighted,,1050000,MLB-2024 Arb by club
2024,"Oretga, Rafael",NYN,lf,3.035,0,2.2,,,outrighted,,1250000,MLB-2024 Arb by club
2024,"Pérez, Michael",NYN,c,3.095,0,-1.2,,,outrighted,,825000,MLB-2024 Arb by club
2024,"Peterson, David",NYN,lhp-s,3.089,1.6,3.3,750000,,,2150000,1750000,MLB-2024 Arb by club
2024,"Smith, Drew",NYN,rhp,5.034,0.3,1.6,1300000,,,2225000,1950000,MLB-2024 Arb by club
2024,"Stewart, DJ",NYN,of,2.168,0.2,2,,,,1380000,1100000,MLB-2024 Arb by club
2024,"Taylor, Tyrone",NYN,of,3.093,0.5,2.2,735400,,,2025000,1735000,MLB-2024 Arb by club
2024,"Vogelbach, Daniel",NYN,dh-1b,5.138,0,4,1500000,,non-tendered,,2500000,MLB-2024 Arb by club
2024,"Andujar, Miguel",OAK,3b,4.053,0.1,3.1,1525000,,,1700000,2000000,MLB-2024 Arb by club
2024,"Blackburn, Paul",OAK,rhp-s,4.018,1,1.8,1900000,,,3450000,2900000,MLB-2024 Arb by club
2024,"Brown, Seth",OAK,dh-1b,3.104,0.4,3.1,730000,,,2600000,2000000,MLB-2024 Arb by club
2024,"Newcomb, Sean",OAK,lhp-s,4.113,0.2,4.4,,,,1000000,1000000,MLB-2024 Arb by club
2024,"Perez, Carlos",OAK,c,3.167,-0.4,0.5,740000,,,,1000000,MLB-2024 Arb by club
2024,"Rucinski, Drew",OAK,rhp,1.162,-0.1,0.4,3000000,,,,3400000,MLB-2024 Arb by club
2024,"Toro, Abraham",OAK,3b,3.011,0.1,2.3,1250000,,,1275000,1750000,MLB-2024 Arb by club
2024,"Bohm, Alec",PHI,3b,3.106,2.8,5.5,748000,4000000,3400000,4000000,4000000,MLB-2024 Arb by club
2024,"Cave, Jake",PHI,rf,4.071,0.4,2.6,950000,,,1000000,1500000,MLB-2024 Arb by club
2024,"Covey, Dylan",PHI,rhp,3.138,0.5,1,,,,850000,1250000,MLB-2024 Arb by club
2024,"Fleming, Josh",PHI,lhp-s,2.144,0.4,2.1,727000,,non-tendered,,1200000,MLB-2024 Arb by club
2024,"Hoffman, Jeff",PHI,rhp,5.084,1.3,1.7,1300000,,,2200000,2250000,MLB-2024 Arb by club
2024,"Sosa, Edmundo",PHI,ss,3.14,0.8,2.7,950000,,,1700000,1850000,MLB-2024 Arb by club
2024,"Soto, Gregory",PHI,lhp,4.102,1.4,2.4,3925000,,,5000000,4900000,MLB-2024 Arb by club
2024,"Stubbs, Garrett",PHI,c,3.12,-0.4,-0.6,741000,,,850000,850000,MLB-2024 Arb by club
2024,"Suárez, Ranger",PHI,lhp-s,4.112,1.6,5.8,2950000,,,5050000,5600000,MLB-2024 Arb by club
2024,"Bednar, David",PIT,rhp-c,3.076,1.4,3.8,745000,,,4510000,3950000,MLB-2024 Arb by club
2024,"Borucki, Ryan",PIT,lhp,5.006,0.7,1.7,,,,1600000,1750000,MLB-2024 Arb by club
2024,"Brubaker, JT",PIT,rhp,4,-,3.4,2275000,,,2275000,2300000,MLB-2024 Arb by club
2024,"Joe, Connor",PIT,1b,2.136,0.3,2.2,735000,,,2125000,1735000,MLB-2024 Arb by club
2024,"Keller, Mitch",PIT,rhp-s,4.026,3.4,6.3,2437500,,,5442500,6000000,MLB-2024 Arb by club
2024,"Olivares, Edward",PIT,of,3.049,1.5,2.7,740750,,,1350000,1750000,MLB-2024 Arb by club
2024,"De Los Santos, Enyel",SDN,rhp,3.015,0.8,2.8,750000,,,1160000,1400000,MLB-2024 Arb by club
2024,"Higashioka, Kyle",SDN,c,5.005,1.5,6.4,1462500,,,2180000,2500000,MLB-2024 Arb by club
2024,"Hill, Tim",SDN,lhp,5.112,0.6,4.3,1850000,,non-tendered,,2750000,MLB-2024 Arb by club
2024,"King, Michael",SDN,rhp,4.004,2.2,4.3,1300000,,,3150000,3000000,MLB-2024 Arb by club
2024,"Morejon, Adrian",SDN,lhp,3.14,0.1,0.8,800000,,,850000,1000000,MLB-2024 Arb by club
2024,"Nola, Austin",SDN,c,4.045,0,3,2350000,,non-tendered,,2350000,MLB-2024 Arb by club
2024,"Ford, Mike",SEA,1b,3.008,0.3,0.8,,,non-tendered,,1250000,MLB-2024 Arb by club
2024,"France, Ty",SEA,1b,4.089,1.6,8.3,4100000,,,6775000,6600000,MLB-2024 Arb by club
2024,"Gilbert, Logan",SEA,rhp-s,2.144,3.7,6.6,767300,,,4050000,4250000,MLB-2024 Arb by club
2024,"Haggerty, Sam",SEA,2b,3.044,0.4,1.5,726600,,,900000,850000,MLB-2024 Arb by club
2024,"Rojas, Josh",SEA,2b,3.126,0,2.8,2575000,,,3100000,3325000,MLB-2024 Arb by club
2024,"Thornton, Trent",SEA,rhp-s,3.148,0.1,1.1,1000000,,,1200000,1250000,MLB-2024 Arb by club
2024,"Topa, Justin",SEA,rhp,3.044,1.5,1.9,,,,1250000,1750000,MLB-2024 Arb by club
2024,"Torrens, Luis",SEA,c,3.155,-0.1,-1.1,1200000,,outrighted,,1200000,MLB-2024 Arb by club
2024,"Urías, Luis",SEA,3b,4.098,0.3,4.6,4700000,,,5000000,5250000,MLB-2024 Arb by club
2024,"Davis, J.D.",SFN,3b,5.137,-0.6,3,4210000,6900000,6550000,6900000,5750000,MLB-2024 Arb by club
2024,"Estrada, Thairo",SFN,2b,3.169,0.8,3.8,2250000,,,4700000,4250000,MLB-2024 Arb by club
2024,"Rogers, Tyler",SFN,rhp,4.034,1.4,4.8,1675000,,,3200000,2750000,MLB-2024 Arb by club
2024,"Slater, Austin",SFN,of,5.147,0.2,2,3200000,,,4000000,3700000,MLB-2024 Arb by club
2024,"Wade Jr., LaMonte",SFN,1b,4.035,2.1,3.9,1375000,,,3500000,4000000,MLB-2024 Arb by club
2024,"Yastrzemski, Mike",SFN,cf,4.128,0.6,6.5,6100000,,,7900000,7500000,MLB-2024 Arb by club
2024,"Barnes, Jacob",SLN,rhp,5.112,0.1,3.5,,,elected FA,,1250000,MLB-2024 Arb by club
2024,"Carlson, Dylan",SLN,cf,3.104,0.9,5.4,742400,,,2350000,2100000,MLB-2024 Arb by club
2024,"Edman, Tommy",SLN,ss,4.114,2,10.4,4200000,6950000,6500000,2 y/$16.5M ext,7100000,MLB-2024 Arb by club
2024,"Helsley, Ryan",SLN,rhp-c,4.105,0.9,3.1,2150000,,,3800000,4000000,MLB-2024 Arb by club
2024,"Hudson, Dakota",SLN,rhp-s,4.156,0.2,3,2650000,,non-tendered,,3650000,MLB-2024 Arb by club
2024,"King, John",SLN,lhp,2.148,0.3,2.2,,,,1005000,1250000,MLB-2024 Arb by club
2024,"Kittredge, Andrew",SLN,rhp,5.07,0.2,3.9,2075000,,,2630000,2500000,MLB-2024 Arb by club
2024,"Knizner, Andrew",SLN,c,4.021,0.5,0,1100000,,non-tendered,,1850000,MLB-2024 Arb by club
2024,"Romero, JoJo",SLN,lhp,3.045,0.9,1.4,,,,860000,1400000,MLB-2024 Arb by club
2024,"VerHagen, Drew",SLN,rhp,5.066,0.8,3,3000000,,elected FA,,4400000,MLB-2024 Arb by club
2024,"Woodford, Jake",SLN,rhp-s,3.048,0.2,0.9,739800,,non-tendered,,1000000,MLB-2024 Arb by club
2024,"Adam, Jason",TBA,rhp,3.132,1.1,3,1775000,3250000,2700000,2700000,2775000,MLB-2024 Arb by club
2024,"Alexander, Tyler",TBA,lhp,4.058,0.7,-0.2,1875000,,,1950000,2000000,MLB-2024 Arb by club
2024,"Armstrong, Shawn",TBA,rhp,5.113,0.9,3.4,1200000,,,2050000,1950000,MLB-2024 Arb by club
2024,"Arozarena, Randy",TBA,lf,3.129,2.9,7.8,4150000,,,8100000,9000000,MLB-2024 Arb by club
2024,"Civale, Aaron",TBA,rhp-s,4.058,0.7,4.1,2454546,,,4900000,4000000,MLB-2024 Arb by club
2024,"Littell, Zack",TBA,rhp,4.043,0,3,,,,1850000,1500000,MLB-2024 Arb by club
2024,"McClanahan, Shane",TBA,lhp-s,2.158,1.9,8.1,737000,2 y/$7.2M,2024-25,,4000000,MLB-2024 Arb by club
2024,"Paredes, Isaac",TBA,3b,2.16,1.8,3.3,735000,,,3400000,2800000,MLB-2024 Arb by club
2024,"Poche, Colin",TBA,lhp,4.114,0.7,1.7,1175000,,,2375000,2250000,MLB-2024 Arb by club
2024,"Ramírez, Harold",TBA,dh-of,4.124,1.4,3.7,2200000,4300000,3800000,3800000,4000000,MLB-2024 Arb by club
2024,"Rasmussen, Drew",TBA,rhp-s,3.111,1,5.2,739700,,,1862500,3000000,MLB-2024 Arb by club
2024,"Sulser, Cole",TBA,rhp,3.157,0,1.6,825000,,,,950000,MLB-2024 Arb by club
2024,"Tapia, Raimel",TBA,of,5.144,0.4,6.3,2000000,,,,2750000,MLB-2024 Arb by club
2024,"Burke, Brock",TEX,lhp,3.065,0.7,1.8,742840,,,1035000,1400000,MLB-2024 Arb by club
2024,"Bush, Matt",TEX,rhp,5.058,0.1,3.7,1850000,,non-tendered,,2400000,MLB-2024 Arb by club
2024,"Dunning, Dane",TEX,rhp-s,3.083,1.7,4.3,742840,,,3325000,3250000,MLB-2024 Arb by club
2024,"García, Adolis",TEX,rf,3.095,3.7,9.9,747760,6900000,5000000,,5250000,MLB-2024 Arb by club
2024,"Heim, Jonah",TEX,c,3.097,4,8.2,745660,,,3050000,4000000,MLB-2024 Arb by club
2024,"Hernández, Jonathan",TEX,rhp,3.131,0.5,1.5,995000,,,1245000,1400000,MLB-2024 Arb by club
2024,"Lowe, Nathaniel",TEX,1b,3.145,1.5,5.6,4050000,,,7500000,6900000,MLB-2024 Arb by club
2024,"Martin, Brett",TEX,lhp,4.151,-,1.6,1275000,,non-tendered,,1275000,MLB-2024 Arb by club
2024,"Sborz, Josh",TEX,rhp,3.055,1.2,2.2,733450,,,1025000,1550000,MLB-2024 Arb by club
2024,"Taveras, Leody",TEX,cf,2.124,0.8,3.1,733445,,,2550000,2250000,MLB-2024 Arb by club
2024,"Biggio, Cavan",TOR,2b,4.129,0.1,3.6,2800000,,,4210000,3750000,MLB-2024 Arb by club
2024,"Cabrera, Génesis",TOR,lhp,4.011,0.3,1.9,950000,,,1512500,1500000,MLB-2024 Arb by club
2024,"Cimber, Adam",TOR,rhp,5.156,0.2,4.5,3150000,,non-tendered,,3300000,MLB-2024 Arb by club
2024,"Espinal, Santiago",TOR,2b,3.149,0.7,4,2100000,,,2725000,2750000,MLB-2024 Arb by club
2024,"Guerrero Jr., Vladimir",TOR,1b,4.157,4.2,16.4,14500000,19900000,18050000,19900000,21000000,MLB-2024 Arb by club
2024,"Jansen, Danny",TOR,c,5.05,1.8,8.4,3500000,,,5200000,5750000,MLB-2024 Arb by club
2024,"Kirk, Alejandro",TOR,c,3.047,3.2,9.2,767300,,,2800000,5250000,MLB-2024 Arb by club
2024,"Mayza, Tim",TOR,lhp,4.156,1.3,5.2,2100000,,,3590000,3550000,MLB-2024 Arb by club
2024,"Pearson, Nate",TOR,rhp,3.005,0.3,0.4,,,,800000,850000,MLB-2024 Arb by club
2024,"Richards, Trevor",TOR,rhp-s,5.084,1.4,4.4,1500000,,,2150000,2900000,MLB-2024 Arb by club
2024,"Romano, Jordan",TOR,rhp-c,4.051,1.2,4.4,4537500,,,7750000,6900000,MLB-2024 Arb by club
2024,"Swanson, Erik",TOR,rhp,4.096,1.4,3.4,1250000,,,2750000,2700000,MLB-2024 Arb by club
2024,"Varsho, Daulton",TOR,lf,3.128,1.4,5.8,3050000,,,5650000,4800000,MLB-2024 Arb by club
2024,"Chavis, Michael",WAS,3b,4.089,-0.2,-0.5,1000000,,outrighted,,1100000,MLB-2024 Arb by club
2024,"Finnegan, Kyle",WAS,rhp-c,4,1.2,3.8,2325000,,,5100000,4000000,MLB-2024 Arb by club
2024,"García, Luis",WAS,2b,2.142,1.4,1.8,738600,,,1950000,1400000,MLB-2024 Arb by club
2024,"Harvey, Hunter",WAS,rhp,4.047,1.4,2.4,870000,,,2350000,2100000,MLB-2024 Arb by club
2024,"Rainey, Tanner",WAS,rhp,4.127,0,1.6,1500000,,,1500000,1500000,MLB-2024 Arb by club
2024,"Robles, Victor",WAS,cf,5.033,0.3,3.8,2325000,,,2650000,2750000,MLB-2024 Arb by club
2024,"Smith, Dominic",WAS,1b,5.081,1.1,2.1,2000000,,non-tendered,,3900000,MLB-2024 Arb by club
2024,"Thomas, Lane",WAS,rf,4.014,2.1,5,2200000,,,5450000,6800000,MLB-2024 Arb by club
2023,"Barría, Jaime",ANA,rhp,3.035,0.5,0.4,730000,,,1050000,1000000,MLB-2023 Arb by club
2023,"Canning, Griffin",ANA,rhp,3.075,-,1.2,730000,,,850000,950000,MLB-2023 Arb by club
2023,"Ohtani, Shohei",ANA,rhp-s,5,3.5,11.3,5500000,,,30000000,,MLB-2023 Arb by club
2023,"Renfroe, Hunter",ANA,rf,5.165,2.6,11.3,7650000,11900000,11250000,11900000,10750000,MLB-2023 Arb by club
2023,"Rengifo, Luis",ANA,2b,3.043,2.4,4.1,,2300000,2000000,2300000,2100000,MLB-2023 Arb by club
2023,"Sandoval, Patrick",ANA,lhp,2.149,2,4.2,720000,,,2750000,2250000,MLB-2023 Arb by club
2023,"Toussaint, Touki",ANA,rhp,2.135,0.3,1.9,,,non-tendered,,950000,MLB-2023 Arb by club
2023,"Urshela, Giovanny",ANA,3b,5.127,2.2,8.6,6550000,10000000,8400000,8400000,8450000,MLB-2023 Arb by club
2023,"Wallach, Chad",ANA,c,3.03,0.1,0.4,,,outrighted,,815000,MLB-2023 Arb by club
2023,"Walsh, Jared",ANA,1b-rf,3.01,-0.8,1.4,730000,,,2650000,1250000,MLB-2023 Arb by club
2023,"Ward, Taylor",ANA,3b,2.164,3.9,4.7,720000,,,2750000,3250000,MLB-2023 Arb by club
2023,"Gallen, Zac",ARI,rhp-s,3.1,4.2,9.6,745600,,,5600000,4250000,MLB-2023 Arb by club
2023,"Kelly, Carson",ARI,c,4.161,0.9,6.2,3325000,,,4275000,4500000,MLB-2023 Arb by club
2023,"Lewis, Kyle",ARI,of,2.146,0.1,1.6,757900,,,1610000,1150000,MLB-2023 Arb by club
2023,"Luplow, Jordan",ARI,of,4.108,1.3,4.3,1400000,,non-tendered,,2750000,MLB-2023 Arb by club
2023,"Middleton, Keynan",ARI,rhp,5.023,0.1,0.7,,,outrighted,,900000,MLB-2023 Arb by club
2023,"Moronta, Reyes",ARI,rhp,4.111,0.2,2.6,,,non-tendered,,1900000,MLB-2023 Arb by club
2023,"Rojas, Josh",ARI,2b,2.152,1.1,1.8,730900,2900000,2575000,2575000,1500000,MLB-2023 Arb by club
2023,"Smith, Caleb",ARI,lhp-s,5.077,-0.1,2.6,2000000,,non-tendered,,2500000,MLB-2023 Arb by club
2023,"Sulser, Cole",ARI,rhp,3.028,0.4,1.7,711000,,,825000,1000000,MLB-2023 Arb by club
2023,"Walker, Christian",ARI,1b,4.124,4.4,10.4,2600000,,,6500000,6250000,MLB-2023 Arb by club
2023,"Bracho, Silvino",ATL,rhp,3.099,0,1.1,,,non-tendered,,900000,MLB-2023 Arb by club
2023,"Fried, Max",ATL,lhp-s,4.148,3.5,11.4,6850000,15000000,13500000,13500000,12750000,MLB-2023 Arb by club
2023,"Heredia, Guillermo",ATL,of,5.112,0.1,4.8,1000000,,non-tendered,,1250000,MLB-2023 Arb by club
2023,"Jiménez, Joe",ATL,rhp,5.061,1.5,3.8,1790000,,,2765000,3000000,MLB-2023 Arb by club
2023,"Luetge, Lucas",ATL,lhp,4.015,0.6,2.4,905000,,,1550000,1950000,MLB-2023 Arb by club
2023,"Matzek, Tyler",ATL,lhp,4.019,0,3,1400000,,2 y/$3.1M extn,,2250000,MLB-2023 Arb by club
2023,"Minter, A.J.",ATL,lhp,4.154,1.9,4.9,2200000,,,4287500,4500000,MLB-2023 Arb by club
2023,"Murphy, Sean",ATL,c,3.029,4,7.5,725000,,6 y/$73M extn,,3900000,MLB-2023 Arb by club
2023,"Santana, Dennis",ATL,rhp,3.095,0.6,0.8,720000,,,1000000,1250000,MLB-2023 Arb by club
2023,"Soroka, Mike",ATL,rhp-s,4.122,-,3.1,2800000,,,2800000,2800000,MLB-2023 Arb by club
2023,"Cave, Jake",BAL,of,3.137,0.3,0.2,800000,,,,875000,MLB-2023 Arb by club
2023,"Gallagher, Cam",BAL,c,4.073,0.1,2.5,885000,,outrighted,,1150000,MLB-2023 Arb by club
2023,"Garcia, Aramis",BAL,c,3.036,0.6,0.8,700000,,outrighted,,1250000,MLB-2023 Arb by club
2023,"Hays, Austin",BAL,lf,3.057,2.4,6.1,713000,,,3200000,3750000,MLB-2023 Arb by club
2023,"Mateo, Jorge",BAL,rf,3,0.9,1.3,709500,,,2000000,1250000,MLB-2023 Arb by club
2023,"Mullins, Cedric",BAL,cf,3.078,2.9,8.5,716500,,,4100000,5000000,MLB-2023 Arb by club
2023,"Santander, Anthony",BAL,rf,4.162,3.6,6.9,3150000,,,7400000,7100000,MLB-2023 Arb by club
2023,"Tate, Dillon",BAL,rhp,3.048,1.1,2.1,711500,,,1500000,915000,MLB-2023 Arb by club
2023,"Voth, Austin",BAL,rhp,3.127,0.6,0.8,875000,2000000,1700000,1850000,1550000,MLB-2023 Arb by club
2023,"Arroyo, Christian",BOS,3b,4.036,0.6,2,1200000,,,2000000,3000000,MLB-2023 Arb by club
2023,"Brasier, Ryan",BOS,rhp,5.109,0.8,2,1400000,,,2000000,2500000,MLB-2023 Arb by club
2023,"Chang, Yu-Cheng",BOS,ss,3.007,0.1,0.4,705400,,non-tendered,,825000,MLB-2023 Arb by club
2023,"Cordero, Franchy",BOS,cf-rf,4.092,0.1,-0.5,,,non-tendered,,1000000,MLB-2023 Arb by club
2023,"Devers, Rafael",BOS,3b,5.07,3.7,15.6,11200000,,,17500000,16500000,MLB-2023 Arb by club
2023,"McGuire, Reese",BOS,c,3.027,0.1,2.8,722400,,,1225000,2050000,MLB-2023 Arb by club
2023,"Pivetta, Nick",BOS,rhp-s,4.166,1.5,10.4,2650000,,,5350000,5250000,MLB-2023 Arb by club
2023,"Refsnyder, Rob",BOS,2b-of,4.048,0.7,0.7,,,,1200000,1250000,MLB-2023 Arb by club
2023,"Taylor, Josh",BOS,lhp,3.121,-,1.7,1025000,,,1025000,1050000,MLB-2023 Arb by club
2023,"Verdugo, Alex",BOS,of,4.078,1.9,7.3,3550000,,,6300000,5500000,MLB-2023 Arb by club
2023,"Cease, Dylan",CHA,rhp,3.089,4.5,7.7,750000,,,5700000,4750000,MLB-2023 Arb by club
2023,"Crick, Kyle",CHA,rhp,5.027,0.2,1.9,1250000,,outrighted,,1500000,MLB-2023 Arb by club
2023,"Engel, Adam",CHA,of,5.058,-0.6,1.5,2000000,,non-tendered,,2150000,MLB-2023 Arb by club
2023,"Giolito, Lucas",CHA,rhp-s,5.08,1.1,9.2,7450000,,,10400000,10450000,MLB-2023 Arb by club
2023,"Kopech, Michael",CHA,rhp,3.041,0.8,2.8,730000,,,2050000,1750000,MLB-2023 Arb by club
2023,"López, Reynaldo",CHA,rhp-s,5.004,1.3,2.4,2625000,,,3625000,3600000,MLB-2023 Arb by club
2023,"Mendick, Danny",CHA,ss,2.168,0.3,1.2,714000,,non-tendered,,1100000,MLB-2023 Arb by club
2023,"Ruiz, José",CHA,rhp,3.048,0.6,1,720000,,,925000,1300000,MLB-2023 Arb by club
2023,"Brault, Steven",CHN,lhp-s,4.167,0.1,1.7,,,outrighted,,1200000,MLB-2023 Arb by club
2023,"Happ, Ian",CHN,cf,5.036,3.2,7,6850000,,,10850000,11750000,MLB-2023 Arb by club
2023,"Heuer, Codi",CHN,rhp,3,-,1,734000,,,785000,750000,MLB-2023 Arb by club
2023,"Hoerner, Nico",CHN,2b,3.014,3.2,5.5,720000,,,2525000,4000000,MLB-2023 Arb by club
2023,"Madrigal, Nick",CHN,2b,2.164,0.9,2.2,716500,,,1225000,1750000,MLB-2023 Arb by club
2023,"Mills, Alec",CHN,rhp,3.097,-0.2,2.1,741250,,outrighted,,800000,MLB-2023 Arb by club
2023,"Oretga, Rafael",CHN,lf,2.145,0.6,1.7,738500,,non-tendered,,1500000,MLB-2023 Arb by club
2023,"Reyes, Franmil",CHN,rf,4.115,-0.1,4.4,4550000,,outrighted,,5250000,MLB-2023 Arb by club
2023,"Sampson, Adrian",CHN,rhp,2.117,0.2,0.7,,,,1900000,,MLB-2023 Arb by club
2023,"Wick, Rowan",CHN,rhp,3.114,0.7,1.7,724000,,,1550000,1000000,MLB-2023 Arb by club
2023,"Wieck, Brad",CHN,lhp,3.085,-,1,717000,,outrighted,,755000,MLB-2023 Arb by club
2023,"Antone, Tejay",CIN,rhp,3,-,1.5,720000,,,770000,750000,MLB-2023 Arb by club
2023,"Aquíno, Aristides",CIN,rf,3.003,0.8,2.1,720000,,non-tendered,,1350000,MLB-2023 Arb by club
2023,"Cessa, Luis",CIN,rhp,5.131,0.3,2.5,1800000,,,2650000,2750000,MLB-2023 Arb by club
2023,"Dunn, Justin",CIN,rhp,3.016,-0.5,-1,720000,,,900000,775000,MLB-2023 Arb by club
2023,"Farmer, Buck",CIN,rhp,5.14,0.8,1.6,850000,,,1750000,1250000,MLB-2023 Arb by club
2023,"Hoffman, Jeff",CIN,rhp-s,4.105,0.3,2,925000,,non-tendered,,1750000,MLB-2023 Arb by club
2023,"Law, Derek",CIN,rhp,3.081,0.2,1.9,,,non-tendered,,1250000,MLB-2023 Arb by club
2023,"Newman, Kevin",CIN,2b,4.046,0.8,3.5,1950000,,,2662500,3500000,MLB-2023 Arb by club
2023,"Senzel, Nick",CIN,of-3b,3.15,1.1,2.1,1250000,,,1950000,2300000,MLB-2023 Arb by club
2023,"Sims, Lucas",CIN,rhp,4.014,0,3,1200000,,,1267500,1650000,MLB-2023 Arb by club
2023,"Bieber, Shane",CLE,rhp-s,4.097,3.8,15.3,6000000,,,10010000,12750000,MLB-2023 Arb by club
2023,"Civale, Aaron",CLE,rhp,3.058,1.1,2.8,716900,,,2600000,2150000,MLB-2023 Arb by club
2023,"Gose, Anthony",CLE,lhp,3.139,0.2,0.3,702900,,non-tendered,,900000,MLB-2023 Arb by club
2023,"Karinchak, James",CLE,rhp,2.169,1,2.9,714500,,,1500000,2000000,MLB-2023 Arb by club
2023,"Maile, Luke",CLE,c,5.148,0.2,3.1,900000,,non-tendered,,1600000,MLB-2023 Arb by club
2023,"Naylor, Josh",CLE,lf-1b,3.127,1.4,2.4,1200000,,,3350000,2850000,MLB-2023 Arb by club
2023,"Plesac, Zach",CLE,rhp,3.086,0.1,1,2000000,,,2950000,2500000,MLB-2023 Arb by club
2023,"Quantrill, Cal",CLE,rhp-s,3.132,0.8,3,2510000,,,5550000,5000000,MLB-2023 Arb by club
2023,"Rosario, Amed",CLE,ss-of,5.062,2.8,6.2,4950000,,,7800000,9000000,MLB-2023 Arb by club
2023,"Blach, Ty",COL,lhp-s,3.007,0.1,-0.1,750000,,,,780000,MLB-2023 Arb by club
2023,"Gomber, Austin",COL,lhp,3.111,-0.1,2.1,710000,,,1650000,1250000,MLB-2023 Arb by club
2023,"Hampson, Garrett",COL,2b-ss,4.03,0.1,2,1862500,,non-tendered,,2000000,MLB-2023 Arb by club
2023,"Kinley, Tyler",COL,rhp,4.014,0.4,1.6,1025000,,,,1400000,MLB-2023 Arb by club
2023,"Lamet, Dinelson",COL,rhp-s,5.07,0.4,7.5,4775000,,,5000000,5500000,MLB-2023 Arb by club
2023,"Rodgers, Brendan",COL,ss,3.075,2.9,4.7,710000,,,2700000,3750000,MLB-2023 Arb by club
2023,"Suter, Brent",COL,lhp,5.161,0.3,4.1,2700000,,,3000000,3500000,MLB-2023 Arb by club
2023,"Alexander, Tyler",DET,lhp,3.058,-1.3,-1.2,716900,,,1875000,800000,MLB-2023 Arb by club
2023,"Candelario, Jeimer",DET,3b,5.038,0.2,4.5,5800000,,non-tendered,,6350000,MLB-2023 Arb by club
2023,"Castro, Harold",DET,3b,3.141,0.2,0.3,1275000,,non-tendered,,1425000,MLB-2023 Arb by club
2023,"Castro, Willi",DET,ss,3.017,0.8,0.9,,,non-tendered,,1100000,MLB-2023 Arb by club
2023,"Cisnero, José",DET,rhp,5.02,0.2,2,1900000,,,2287500,2150000,MLB-2023 Arb by club
2023,"Diaz, Miguel",DET,rhp,2.132,0,1,,,non-tendered,,835000,MLB-2023 Arb by club
2023,"Funkhouser, Kyle",DET,rhp,2.133,-,0.4,710200,,non-tendered,,735000,MLB-2023 Arb by club
2023,"García, Rony",DET,rhp,2.138,0.4,0.1,704800,,,830000,895000,MLB-2023 Arb by club
2023,"Meadows, Austin",DET,rf,4.074,0.5,4.5,4000000,,,4300000,4500000,MLB-2023 Arb by club
2023,"Reyes, Victor",DET,rf,4.075,-0.4,0.5,1400000,,outrighted,,1550000,MLB-2023 Arb by club
2023,"Dubón, Mauricio",HOU,ss,2.162,0.1,2.5,715000,,,1400000,1400000,MLB-2023 Arb by club
2023,"James, Josh",HOU,rhp,3.11,-,2.1,,,non-tendered,,875000,MLB-2023 Arb by club
2023,"Javier, Cristian",HOU,rhp-s,3,3.5,4.8,749100,3500000,3000000,5 y/$64M extn,3000000,MLB-2023 Arb by club
2023,"Maton, Phil",HOU,rhp,5.047,0.9,4.6,1550000,,,2550000,2850000,MLB-2023 Arb by club
2023,"Stanek, Ryne",HOU,rhp,5.038,0.8,3.8,2100000,,,3600000,3500000,MLB-2023 Arb by club
2023,"Taylor, Blake",HOU,lhp,3,0,0.3,731800,,,830000,875000,MLB-2023 Arb by club
2023,"Tucker, Kyle",HOU,of,3.079,4.1,8.8,764200,7500000,5000000,5000000,4750000,MLB-2023 Arb by club
2023,"Urquidy, José",HOU,rhp-s,3.049,0.8,1.8,748700,,,3025000,2100000,MLB-2023 Arb by club
2023,"Valdez, Framber",HOU,lhp,3.163,3.3,7.8,3000000,,,6800000,7000000,MLB-2023 Arb by club
2023,"Barlow, Scott",KCA,rhp,4.03,1.6,4.8,2400000,,,5300000,4200000,MLB-2023 Arb by club
2023,"Bubic, Kris",KCA,lhp-s,2.135,-0.9,-1,713750,,,2200000,1100000,MLB-2023 Arb by club
2023,"Clarke, Taylor",KCA,rhp,3.12,0.8,1.8,975000,,,1150000,1700000,MLB-2023 Arb by club
2023,"Garrett, Amir",KCA,lhp,5.099,0.4,4.4,2025000,,,2650000,2725000,MLB-2023 Arb by club
2023,"Keller, Brad",KCA,rhp,5,0.7,1.6,4825000,,,5775000,6000000,MLB-2023 Arb by club
2023,"Lopez, Nicky",KCA,2b,3.139,0.7,5.7,2550000,,,3700000,3550000,MLB-2023 Arb by club
2023,"Mondesi, Adalberto",KCA,ss,5.088,0.1,2.8,3000000,,,3045000,3100000,MLB-2023 Arb by club
2023,"O'Hearn, Ryan",KCA,1b,4.002,-0.2,-0.2,1300000,,,1400000,1300000,MLB-2023 Arb by club
2023,"Singer, Brady",KCA,rhp-s,2.156,2.9,5.3,726250,3325000,2950000,2950000,3750000,MLB-2023 Arb by club
2023,"Staumont, Josh",KCA,rhp,3.072,0.4,1.5,728000,,,1025000,975000,MLB-2023 Arb by club
2023,"Almonte, Yency",LAN,rhp,3.143,0.5,1.4,,,,1500000,1600000,MLB-2023 Arb by club
2023,"Bellinger, Cody",LAN,1b-of,5.16,0.5,15.3,17000000,,non-tendered,,18250000,MLB-2023 Arb by club
2023,"Buehler, Walker",LAN,rhp-s,4.168,0.7,13.7,7250000,,,8025000,8000000,MLB-2023 Arb by club
2023,"Ferguson, Caleb",LAN,lhp,4.088,0.3,2.3,762500,,,1100000,1500000,MLB-2023 Arb by club
2023,"Gonsolin, Tony",LAN,rhp-s,2.152,2.4,4.2,720000,3400000,3000000,2 y/$6.65 extn,3000000,MLB-2023 Arb by club
2023,"Graterol, Brusdar",LAN,rhp,2.167,0.8,1.5,720000,,,1225000,1200000,MLB-2023 Arb by club
2023,"May, Dustin",LAN,rhp,3.059,0.3,2.5,730000,,,1675000,1800000,MLB-2023 Arb by club
2023,"Ríos, Edwin",LAN,3b,3.003,0,0,730000,,non-tendered,,1000000,MLB-2023 Arb by club
2023,"Phillips, Evan",LAN,rhp,2.136,1.5,2.5,720000,,,1300000,1250000,MLB-2023 Arb by club
2023,"Smith, Will",LAN,c,3.09,4.1,10.8,730000,,,5250000,5250000,MLB-2023 Arb by club
2023,"Thompson, Trayce",LAN,of,3.01,0.7,1,,,,1450000,1400000,MLB-2023 Arb by club
2023,"Urias, Julio",LAN,lhp-s,5.117,2.6,8.7,8000000,,,14250000,13000000,MLB-2023 Arb by club
2023,"Anderson, Brian",MIA,3b,5.031,1.1,8.4,4475000,,non-tendered,,6750000,MLB-2023 Arb by club
2023,"Arraez, Luis",MIA,2b,3.121,3.3,8.5,2125000,6100000,5000000,6100000,6000000,MLB-2023 Arb by club
2023,"Berti, Jon",MIA,3b,3.168,1.1,3.2,1200000,2300000,1900000,1 y/$2.125+opt,2450000,MLB-2023 Arb by club
2023,"Chargois, JT",MIA,rhp,3.101,0.2,1.9,710500,,,850000,1500000,MLB-2023 Arb by club
2023,"Cooper, Garrett",MIA,rf-1b,5.053,0.5,2.8,2500000,,,4200000,3250000,MLB-2023 Arb by club
2023,"Floro, Dylan",MIA,rhp,5.053,0.6,3.4,3000000,,,3900000,3800000,MLB-2023 Arb by club
2023,"López, Pablo",MIA,rhp-s,4.093,2.6,8.9,2450000,,,5450000,5250000,MLB-2023 Arb by club
2023,"Lúzardo, Jesus",MIA,lhp-s,2.165,1.8,3.2,715000,2450000,2100000,2450000,2000000,MLB-2023 Arb by club
2023,"Scott, Tanner",MIA,lhp,4.059,1.1,4.2,1050000,,,2825000,2000000,MLB-2023 Arb by club
2023,"Stallings, Jacob",MIA,c,4.149,0.4,5.5,2450000,,,3350000,3750000,MLB-2023 Arb by club
2023,"Wendle, Joey",MIA,3b-2b,5.088,0.8,7.2,4550000,,,6000000,7000000,MLB-2023 Arb by club
2023,"Adames, Willy",MIL,ss,4.105,2.4,9,4600000,,,8700000,9000000,MLB-2023 Arb by club
2023,"Brosseau, Mike",MIL,3b,3.031,0.2,0.7,706300,,,1400000,1000000,MLB-2023 Arb by club
2023,"Burnes, Corbin",MIL,rhp-s,4.049,5.4,14.4,6500000,10750000,10010000,10010000,13100000,MLB-2023 Arb by club
2023,"Bush, Matt",MIL,rhp,4.132,0.5,3.5,825000,,,1850000,1800000,MLB-2023 Arb by club
2023,"Caratini, Victor",MIL,c,5.051,1.7,3.6,2000000,,,2800000,3400000,MLB-2023 Arb by club
2023,"Gott, Trevor",MIL,rhp,4.057,0.6,1.3,725000,,non-tendered,,1900000,MLB-2023 Arb by club
2023,"Gustave, Jandel",MIL,rhp,4.027,0.3,0.7,700000,,non-tendered,,975000,MLB-2023 Arb by club
2023,"Hiura, Keston",MIL,2b,3.009,0.3,0,705100,,,2200000,1400000,MLB-2023 Arb by club
2023,"Houser, Adrian",MIL,rhp-s,4.01,-0.2,4,2425000,,,3600000,2925000,MLB-2023 Arb by club
2023,"Lauer, Eric",MIL,lhp,4.033,0.9,4.6,2425000,,,5075000,4000000,MLB-2023 Arb by club
2023,"Milner, Hoby",MIL,lhp,3.068,0.8,1.8,705100,,,1025000,1250000,MLB-2023 Arb by club
2023,"Perdomo, Luis",MIL,rhp,5.034,0.1,1.9,,,non-tendered,,1250000,MLB-2023 Arb by club
2023,"Tellez, Rowdy",MIL,1b,4.004,2.2,3.9,1940000,,,4950000,3750000,MLB-2023 Arb by club
2023,"Toro, Abraham",MIL,3b,2.149,0.5,1.5,730300,,,1250000,1250000,MLB-2023 Arb by club
2023,"Urías, Luis",MIL,2b-ss,3.12,1.8,4.7,2550000,,,4700000,3500000,MLB-2023 Arb by club
2023,"Williams, Devin",MIL,rhp,3.056,1.8,4.5,714500,,,3350000,3000000,MLB-2023 Arb by club
2023,"Woodruff, Brandon",MIL,rhp-s,4.161,3.7,14.5,6800000,,,10800000,13250000,MLB-2023 Arb by club
2023,"Alcala, Jorge",MIN,rhp,3.014,0,1.4,717900,,,790000,980000,MLB-2023 Arb by club
2023,"Coulombe, Daniel",MIN,lhp,4.008,0,2.8,979500,,outrighted,,1450000,MLB-2023 Arb by club
2023,"Farmer, Kyle",MIN,inf,4.129,1.2,2.9,3155000,,,5585000,4655000,MLB-2023 Arb by club
2023,"Garlick, Kyle",MIN,rf,2.163,0.5,1.1,,,,750000,1000000,MLB-2023 Arb by club
2023,"López, Jorge",MIN,rhp,4.102,0.8,2.6,1500000,,,3525000,2900000,MLB-2023 Arb by club
2023,"Mahle, Tyler",MIN,rhp-s,5.018,1.5,8.6,5200000,,,7500000,8000000,MLB-2023 Arb by club
2023,"Paddack, Chris",MIN,rhp-s,4,0.2,5.8,2250000,,,2400000,3250000,MLB-2023 Arb by club
2023,"Pagán, Emilio",MIN,rhp,5.091,1.3,4.2,2300000,,,3500000,4250000,MLB-2023 Arb by club
2023,"Stashak, Cody",MIN,rhp,3.064,0.2,0.8,720400,,outrighted,,980000,MLB-2023 Arb by club
2023,"Thielbar, Caleb",MIN,lhp,4.131,1.5,3.8,1300000,,,2400000,2950000,MLB-2023 Arb by club
2023,"Cortes, Nestor",NYA,lhp-s,3.094,2.6,3.6,727500,,,3200000,2100000,MLB-2023 Arb by club
2023,"Germán, Domingo",NYA,rhp-s,4.017,0.4,5.4,1750000,,,2600000,2350000,MLB-2023 Arb by club
2023,"Higashioka, Kyle",NYA,c,4.005,1.8,4.6,935000,,,1462500,1800000,MLB-2023 Arb by club
2023,"Holmes, Clay",NYA,rhp,4.031,1,2.9,1100000,,,3300000,3200000,MLB-2023 Arb by club
2023,"Kiner-Falefa, Isiah",NYA,ss,5,1.3,5.9,4700000,,,6000000,6250000,MLB-2023 Arb by club
2023,"King, Michael",NYA,rhp,3.004,1.3,2.2,722500,,,1300000,1900000,MLB-2023 Arb by club
2023,"Loáisiga, Jonathan",NYA,rhp,4.022,0.3,2.9,1650000,,,2262500,3000000,MLB-2023 Arb by club
2023,"Locastro, Tim",NYA,2b-of,3.122,0.1,1.6,,,outrighted,,1350000,MLB-2023 Arb by club
2023,"Montas, Frankie",NYA,rhp-s,5.015,0.6,8,5025000,,,7500000,7025000,MLB-2023 Arb by club
2023,"Peralta, Wandy",NYA,lhp,5.168,0.7,2.6,2150000,,,3350000,3250000,MLB-2023 Arb by club
2023,"Torres, Gleyber",NYA,ss,4.162,2.9,11.7,6250000,10200000,9700000,9950000,9500000,MLB-2023 Arb by club
2023,"Trevino, Jose",NYA,c,3.063,3.6,6.7,720000,,,2360000,3600000,MLB-2023 Arb by club
2023,"Trivino, Lou",NYA,rhp,4.163,0.4,3.9,3000000,,,4100000,3600000,MLB-2023 Arb by club
2023,"Alonso, Pete",NYN,1b,4,5.4,14.4,7400000,,,14500000,15000000,MLB-2023 Arb by club
2023,"Brigham, Jeff",NYN,rhp,3.01,0.3,0.7,,,,760000,1000000,MLB-2023 Arb by club
2023,"Curtiss, John",NYN,rhp,3.045,-,1.2,700000,,,,825000,MLB-2023 Arb by club
2023,"Guillorme, Luis",NYN,inf,3.167,1.4,2.1,875000,,,1600000,1500000,MLB-2023 Arb by club
2023,"Hernandez, Elieser",NYN,rhp,4.051,0,2,1325000,,,1600000,1625000,MLB-2023 Arb by club
2023,"Lucchesi, Joey",NYN,lhp-s,4.067,-,4.3,1150000,,,1150000,1200000,MLB-2023 Arb by club
2023,"McNeil, Jeff",NYN,2b,4.069,3.6,9.3,3000000,7750000,6250000,,6000000,MLB-2023 Arb by club
2023,"Nido, Tomás",NYN,c,4.089,1.9,4.2,890000,,,1575000,2000000,MLB-2023 Arb by club
2023,"Smith, Dominic",NYN,1b,4.081,-0.1,0,3950000,,non-tendered,,4100000,MLB-2023 Arb by club
2023,"Smith, Drew",NYN,rhp,4.034,0.8,1.3,750000,,,1300000,1400000,MLB-2023 Arb by club
2023,"Vogelbach, Daniel",NYN,1b,4.138,0.7,3.5,800000,,,,2600000,MLB-2023 Arb by club
2023,"Blackburn, Paul",OAK,rhp,3.018,0.6,0.4,710000,,,1900000,1200000,MLB-2023 Arb by club
2023,"Guerra, Deolis",OAK,rhp,4.071,-,1.2,815000,,non-tendered,,825000,MLB-2023 Arb by club
2023,"Kemp, Tony",OAK,2b-of,5.098,1.5,5.5,2225000,,,3725000,3500000,MLB-2023 Arb by club
2023,"Laureano, Ramon",OAK,cf,3.165,0.8,9.4,2046154,,,3550000,4000000,MLB-2023 Arb by club
2023,"Pruitt, Austin",OAK,rhp,4.055,0.3,1.4,,,outrighted,,1275000,MLB-2023 Arb by club
2023,"Alvarado, José",PHI,lhp,5.082,1.6,4.3,1900000,3700000,3200000,3450000,3500000,MLB-2023 Arb by club
2023,"Coonrod, Sam",PHI,rhp,3.078,0,1.1,717500,,,775000,900000,MLB-2023 Arb by club
2023,"Domínguez, Seranthony",PHI,rhp,4.131,1,2.6,727500,2900000,2100000,2 y/$7.25 extn,2250000,MLB-2023 Arb by club
2023,"Hoskins, Rhys",PHI,1b,5.053,2.6,13.3,7700000,,,12000000,11000000,MLB-2023 Arb by club
2023,"Munoz, Yairo",PHI,ss,3.003,0.1,0.7,,,outrighted,,900000,MLB-2023 Arb by club
2023,"Sosa, Edmundo",PHI,ss,2.14,0.1,1.9,715600,,,950000,1250000,MLB-2023 Arb by club
2023,"Soto, Gregory",PHI,lhp,3.102,0.4,1.4,722400,,,3925000,950000,MLB-2023 Arb by club
2023,"Suárez, Ranger",PHI,lhp-s,3.112,0.1,2.6,730000,,,2950000,2600000,MLB-2023 Arb by club
2023,"Andújar, Miguel",PIT,3b,4.002,0.1,2.7,,,,1525000,2250000,MLB-2023 Arb by club
2023,"Brubaker, JT",PIT,rhp,3,1,3.5,725000,,,2275000,2150000,MLB-2023 Arb by club
2023,"Choi, Ji-Man",PIT,1b,5.076,-0.3,2.1,3200000,5400000,4650000,4650000,3750000,MLB-2023 Arb by club
2023,"Keller, Mitch",PIT,rhp,3.026,1.2,2.3,725000,,,2437500,2000000,MLB-2023 Arb by club
2023,"Stephenson, Robert",PIT,rhp,5.049,0.2,3.2,1280000,,,1750000,1500000,MLB-2023 Arb by club
2023,"Underwood, Duane",PIT,rhp,3.044,0.8,1.9,725000,,,1025000,1300000,MLB-2023 Arb by club
2023,"Adams, Austin L.",SDN,rhp,4.015,0,1.7,925000,,outrighted,,1350000,MLB-2023 Arb by club
2023,"Alfaro, Jorge",SDN,c,5.083,-0.2,3.1,2725000,,non-tendered,,3225000,MLB-2023 Arb by club
2023,"Castillo, José",SDN,lhp,3.125,0,0.9,,,,730000,845000,MLB-2023 Arb by club
2023,"Cronenworth, Jake",SDN,lf-rhp,3,2.1,5.3,757200,,,4225000,4000000,MLB-2023 Arb by club
2023,"Grisham, Trent",SDN,cf,3.06,0.8,4.4,729300,,,3175000,2100000,MLB-2023 Arb by club
2023,"Hader, Josh",SDN,rhp-c,5.115,0.4,9.6,11000000,,,14100000,12750000,MLB-2023 Arb by club
2023,"Hill, Tim",SDN,lhp,4.112,0.1,2.6,1325000,,,1850000,1525000,MLB-2023 Arb by club
2023,"Morejon, Adrian",SDN,lhp,3.013,0.2,0.8,704500,,,800000,980000,MLB-2023 Arb by club
2023,"Nola, Austin",SDN,c,3.106,0.5,3.6,726900,,,2350000,2250000,MLB-2023 Arb by club
2023,"Soto, Juan",SDN,lf,4.134,3.1,22.5,17100000,,,23000000,23500000,MLB-2023 Arb by club
2023,"Borucki, Ryan",SEA,lhp-s,4.066,0.1,0.8,825000,,,,900000,MLB-2023 Arb by club
2023,"Castillo, Diego",SEA,rhp,4.118,0.7,5.2,2150000,3225000,2950000,2950000,3500000,MLB-2023 Arb by club
2023,"France, Ty",SEA,3b,3.089,2.6,7,734500,,,4100000,4000000,MLB-2023 Arb by club
2023,"Hernández, Teoscar",SEA,lf,5.097,3,12.5,10650000,16000000,14000000,14000000,15000000,MLB-2023 Arb by club
2023,"Moore, Dylan",SEA,3b,4,1,3,1350000,2250000,1900000,3 y/$8.875 extn,2250000,MLB-2023 Arb by club
2023,"Murphy, Tom",SEA,c,5.092,0.1,2.3,1575000,,,1625000,1825000,MLB-2023 Arb by club
2023,"Sadler, Casey",SEA,rhp,4.035,-,1.5,1025000,,,,1100000,MLB-2023 Arb by club
2023,"Sewald, Paul",SEA,rhp,4.072,1.2,4.3,1735000,,,4100000,3400000,MLB-2023 Arb by club
2023,"Torrens, Luis",SEA,c,3.091,-0.3,-0.7,1200000,,,,1200000,MLB-2023 Arb by club
2023,"Weaver, Luke",SEA,rhp,5.112,0.2,5.5,2875000,,non-tendered,,3275000,MLB-2023 Arb by club
2023,"Alexander, Scott",SFN,lhp,5.08,0.1,2.3,,,,1200000,1000000,MLB-2023 Arb by club
2023,"Brebbia, John",SFN,rhp,5.078,0.4,3.2,837500,,,2300000,1500000,MLB-2023 Arb by club
2023,"Cotton, Jharel",SFN,rhp-s,3.162,0,0.6,700000,,outrighted,,925000,MLB-2023 Arb by club
2023,"Davis, J.D.",SFN,3b,4.137,0,2.3,2760000,,,4210000,3000000,MLB-2023 Arb by club
2023,"Estrada, Thairo",SFN,2b-ss,2.169,1.9,2.9,715000,,,2250000,1400000,MLB-2023 Arb by club
2023,"García, Jarlín",SFN,lhp,5.114,0.7,3,1725000,,non-tendered,,2750000,MLB-2023 Arb by club
2023,"Junis, Jakob",SFN,rhp-s,5.002,1.2,5,,,,2800000,4150000,MLB-2023 Arb by club
2023,"Littell, Zack",SFN,rhp,3.067,0.4,1.5,730000,,outrighted,,975000,MLB-2023 Arb by club
2023,"Rogers, Tyler",SFN,rhp,3.034,0.2,1.9,730000,,,1675000,1200000,MLB-2023 Arb by club
2023,"Slater, Austin",SFN,of,4.147,0.9,2.9,1850000,,,3200000,2750000,MLB-2023 Arb by club
2023,"Wade, LaMonte",SFN,lf,3.035,0.7,2.1,730000,,,1375000,1300000,MLB-2023 Arb by club
2023,"Webb, Logan",SFN,rhp-s,3.044,2.7,7.6,730000,,,4600000,4500000,MLB-2023 Arb by club
2023,"Yastrzemski, Mike",SFN,of,3.128,1.6,7.4,3700000,,,6100000,6250000,MLB-2023 Arb by club
2023,"Young, Alex",SFN,lhp-s,2.143,0.3,0.9,,,non-tendered,,900000,MLB-2023 Arb by club
2023,"Cabrera, Génesis",SLN,lhp,3.011,-0.1,1.1,719200,1150000,950000,950000,1100000,MLB-2023 Arb by club
2023,"Edman, Tommy",SLN,2b,3.114,2.7,7.3,722900,,,4200000,4100000,MLB-2023 Arb by club
2023,"Flaherty, Jack",SLN,rhp-s,5.006,0.1,11,5000000,,,5400000,5250000,MLB-2023 Arb by club
2023,"Helsley, Ryan",SLN,rhp,3.105,1.8,2.3,722450,3000000,2150000,2150000,2000000,MLB-2023 Arb by club
2023,"Hicks, Jordan",SLN,rhp-s,5,0.9,1.8,937500,,,1837500,1800000,MLB-2023 Arb by club
2023,"Hudson, Dakota",SLN,rhp-s,4.062,-1.2,1.4,1050000,,,2650000,1750000,MLB-2023 Arb by club
2023,"Knizner, Andrew",SLN,c,3.021,0,-0.5,718300,,,1100000,925000,MLB-2023 Arb by club
2023,"Montgomery, Jordan",SLN,lhp-s,5.153,0.8,4.7,6000000,,,10000000,9500000,MLB-2023 Arb by club
2023,"O'Neill, Tyler",SLN,lf,4.059,0.6,6,3400000,,,4950000,4500000,MLB-2023 Arb by club
2023,"Reyes, Alex",SLN,rhp-s,5.056,-,2,2850000,,non-tendered,,2900000,MLB-2023 Arb by club
2023,"Stratton, Chris",SLN,rhp-s,5.1,0.2,4.4,2700000,,,2800000,3000000,MLB-2023 Arb by club
2023,"Adam, Jason",TBA,rhp,2.132,1.5,2.2,900000,1775000,1550000,1775000,1750000,MLB-2023 Arb by club
2023,"Anderson, Nick",TBA,rhp,3.153,-,2,845000,,outrighted,,850000,MLB-2023 Arb by club
2023,"Armstrong, Shawn",TBA,rhp,4.113,1,2.5,1000000,,,1200000,2950000,MLB-2023 Arb by club
2023,"Arozarena, Randy",TBA,lf,2.129,2.2,4.9,716600,,,4150000,3600000,MLB-2023 Arb by club
2023,"Beeks, Jalen",TBA,lhp,4.07,1,1.8,750000,,,1375000,2400000,MLB-2023 Arb by club
2023,"Bethancourt, Christian",TBA,c-lf,3.038,0.4,0.9,,,,1350000,1000000,MLB-2023 Arb by club
2023,"Chirinos, Yonny",TBA,rhp-s,4.137,0.1,2.4,1175000,,,1275000,1300000,MLB-2023 Arb by club
2023,"Díaz, Yandy",TBA,3b,4.122,3.4,7.1,2800000,6300000,5500000,3 y/$24M extn,6000000,MLB-2023 Arb by club
2023,"Fairbanks, Pete",TBA,rhp,3.057,0.8,2.6,714400,1900000,1500000,,1400000,MLB-2023 Arb by club
2023,"Kittredge, Andrew",TBA,rhp,4.07,0.2,2.9,1850000,,,2075000,2500000,MLB-2023 Arb by club
2023,"Mejía, Francisco",TBA,c,4.062,-0.3,1.6,1455000,,,2155000,1655000,MLB-2023 Arb by club
2023,"Poche, Colin",TBA,lhp,3.109,0.6,1.3,,1300000,1175000,1175000,1600000,MLB-2023 Arb by club
2023,"Quinn, Roman",TBA,of,4.035,0,0.9,,,outrighted,,900000,MLB-2023 Arb by club
2023,"Raley, Luke",TBA,rf,3.045,-0.3,-0.6,,,,,760000,MLB-2023 Arb by club
2023,"Ramirez, Harold",TBA,of,3.124,1,3.5,728000,2200000,1900000,2200000,2250000,MLB-2023 Arb by club
2023,"Springs, Jeffrey",TBA,lhp,4.055,2.5,4.1,947500,3550000,2700000,4 y/$31M extn,2350000,MLB-2023 Arb by club
2023,"Thompson, Ryan",TBA,rhp,3,0.5,1.6,,1200000,1000000,1000000,1400000,MLB-2023 Arb by club
2023,"Yarbrough, Ryan",TBA,lhp-s,4.117,-0.5,1.9,3850000,,non-tendered,,4050000,MLB-2023 Arb by club
2023,"Garver, Mitch",TEX,c,5.045,0.9,6,3335000,,,3900000,5000000,MLB-2023 Arb by club
2023,"Hearn, Taylor",TEX,lhp,3.125,-0.1,-0.2,1050000,,,1462500,1300000,MLB-2023 Arb by club
2023,"Hernández, Jonathan",TEX,rhp,3.041,0.2,1,720000,,,995000,990000,MLB-2023 Arb by club
2023,"Lowe, Nathaniel",TEX,1b,2.145,2.7,3.2,716000,,,4050000,2500000,MLB-2023 Arb by club
2023,"Martin, Brett",TEX,lhp,3.151,0.4,1.6,1025000,,,1275000,1350000,MLB-2023 Arb by club
2023,"Bichette, Bo",TOR,ss,3.063,3.1,8.4,723550,7500000,5000000,3 y/$33.6M ext,5750000,MLB-2023 Arb by club
2023,"Biggio, Cavan",TOR,2b,3.129,0.1,3.6,2112500,,,2800000,3000000,MLB-2023 Arb by club
2023,"Cimber, Adam",TOR,rhp,4.156,0.7,2.6,1575000,,,3150000,2850000,MLB-2023 Arb by club
2023,"Espinal, Santiago",TOR,2b,2.149,1.4,4.3,718000,,,2100000,2300000,MLB-2023 Arb by club
2023,"Guerrero, Vladimir Jr.",TOR,3b,3.157,4.1,11.8,7900000,,,14500000,14500000,MLB-2023 Arb by club
2023,"Jansen, Danny",TOR,c,4.05,1.9,6.1,1950000,,,3500000,4000000,MLB-2023 Arb by club
2023,"Mayza, Tim",TOR,lhp,3.156,0.7,3.2,1250000,,,2100000,2350000,MLB-2023 Arb by club
2023,"Richards, Trevor",TOR,rhp-s,4.084,1,4.3,1000000,,,1500000,2400000,MLB-2023 Arb by club
2023,"Romano, Jordan",TOR,rhp,3.051,1.2,3.3,728400,,,4537500,3500000,MLB-2023 Arb by club
2023,"Swanson, Erik",TOR,rhp,3.096,1.3,2.1,711600,,,1250000,1600000,MLB-2023 Arb by club
2023,"Tapia, Raimel",TOR,of,5.02,0.4,2.1,3950000,,non-tendered,,5000000,MLB-2023 Arb by club
2023,"Thornton, Trent",TOR,rhp-s,3.073,0.2,0.9,850000,,,1000000,1050000,MLB-2023 Arb by club
2023,"Varsho, Daulton",TOR,c,2.128,2.8,4.2,721700,,,3050000,2550000,MLB-2023 Arb by club
2023,"Zimmer, Bradley",TOR,of,4.077,-0.1,1,1300000,,non-tendered,,1450000,MLB-2023 Arb by club
2023,"Arano, Victor",WAS,rhp,3.022,0.7,1.6,900000,,,925000,1150000,MLB-2023 Arb by club
2023,"Edwards Jr., Carl",WAS,rhp,5.169,0.8,4.5,,,,2250000,1500000,MLB-2023 Arb by club
2023,"Fedde, Erick",WAS,rhp,4.099,-1.2,1.7,2150000,,non-tendered,,2650000,MLB-2023 Arb by club
2023,"Finnegan, Kyle",WAS,rhp,3,1.2,2.4,725900,,,2325000,2100000,MLB-2023 Arb by club
2023,"Harvey, Hunter",WAS,rhp,3.047,0.7,0.9,,,,870000,875000,MLB-2023 Arb by club
2023,"Rainey, Tanner",WAS,rhp,3.127,0.4,2,860000,,,1500000,1500000,MLB-2023 Arb by club
2023,"Robles, Victor",WAS,cf,4.033,1.4,5.8,1650000,2600000,2300000,1 y/$2.325+opt,3900000,MLB-2023 Arb by club
2023,"Thomas, Lane",WAS,rf,3.014,1.9,3.4,723600,,,2200000,1650000,MLB-2023 Arb by club
2023,"Vargas, Ildemaro",WAS,ss,3.007,0.8,2.6,,,,975000,1250000,MLB-2023 Arb by club
2023,"Voit, Luke",WAS,1b,4.169,0.2,4.8,5450000,,non-tendered,,6500000,MLB-2023 Arb by club
2022,"Barreto, Franklin",ANA,ss,3.031,-,-0.5,600500,,outrighted,,650000,MLB-2022 Arb by club
2022,"Gosselin, Phil",ANA,2b,5.106,0.4,0.9,,,non-tendered,,1200000,MLB-2022 Arb by club
2022,"Guerra, Junior",ANA,rhp-s,5.155,0.1,3.8,750000,,DFA,,1000000,MLB-2022 Arb by club
2022,"Mayers, Mike",ANA,rhp,4.02,1.4,1.8,1200000,,,2150000,2250000,MLB-2022 Arb by club
2022,"Stassi, Max",ANA,c,5.049,1.9,6,1600000,,,3000000,3000000,MLB-2022 Arb by club
2022,"Wade, Tyler",ANA,2b,3.088,-0.1,-0.1,603300,,,825000,750000,MLB-2022 Arb by club
2022,"Kelly, Carson",ARI,c,3.161,2,5.5,1700000,,,3325000,3400000,MLB-2022 Arb by club
2022,"Luplow, Jordan",ARI,of,3.112,0.1,3,581500,,,1400000,1350000,MLB-2022 Arb by club
2022,"Ramirez, Noe",ARI,rhp,4.083,0,2.2,1175000,,,1250000,1750000,MLB-2022 Arb by club
2022,"Smith, Caleb",ARI,lhp-s,4.078,1,4,1465000,,,2000000,2500000,MLB-2022 Arb by club
2022,"Walker, Christian",ARI,1b,3.124,0.8,4.8,619300,,,2600000,2500000,MLB-2022 Arb by club
2022,"Weaver, Luke",ARI,rhp-s,4.112,0.8,5.6,1950000,,,2875000,2950000,MLB-2022 Arb by club
2022,"Wendelken, J.B.",ARI,rhp,3.028,0.1,1.4,580500,,,835000,875000,MLB-2022 Arb by club
2022,"Arcia, Orlando",ATL,ss,4.112,0.3,5.2,2000000,2 y / $3M,extension,,2250000,MLB-2022 Arb by club
2022,"Camargo, Johan",ATL,2b,3.161,0,2.9,,,non-tendered,,1500000,MLB-2022 Arb by club
2022,"Dayton, Grant",ATL,lhp,5.007,0.1,0.9,900000,,outrighted,,1250000,MLB-2022 Arb by club
2022,"Duvall, Adam",ATL,rf,5.151,0.8,8.8,5000000,10275000,9275000,9275000,8000000,MLB-2022 Arb by club
2022,"Fried, Max",ATL,lhp-s,3.148,3.5,9.7,3500000,6850000,6600000,6850000,7400000,MLB-2022 Arb by club
2022,"Heredia, Guillermo",ATL,of,4.112,0.8,4,,,,1000000,2000000,MLB-2022 Arb by club
2022,"Jackson, Luke",ATL,rhp,5.019,1,2.2,1900000,4000000,3600000,3600000,3500000,MLB-2022 Arb by club
2022,"Matzek, Tyler",ATL,lhp,3.019,1.1,1.3,600500,,,1400000,1750000,MLB-2022 Arb by club
2022,"Minter, A.J.",ATL,lhp,3.154,1.1,2.9,1300000,,,2200000,2250000,MLB-2022 Arb by club
2022,"Newcomb, Sean",ATL,lhp-s,3.121,0.5,5.1,600500,,,900000,1000000,MLB-2022 Arb by club
2022,"Olson, Matt",ATL,1b,4.103,5.2,15,5000000,8 y / $168M,extension,,11000000,MLB-2022 Arb by club
2022,"Riley, Austin",ATL,3b,2.138,4.2,4.9,590500,4200000,3950000,3950000,3750000,MLB-2022 Arb by club
2022,"Rodriguez, Richard",ATL,rhp,4.016,-0.1,2.3,1700000,,non-tendered,,2750000,MLB-2022 Arb by club
2022,"Santana, Edgar",ATL,rhp,3.022,0.6,1.8,,,released,,1400000,MLB-2022 Arb by club
2022,"Soroka, Mike",ATL,rhp-s,3.146,-,5.1,2800000,,,2800000,2850000,MLB-2022 Arb by club
2022,"Swanson, Dansby",ATL,ss,5.047,2.3,9,6000000,10000000,9200000,10000000,9250000,MLB-2022 Arb by club
2022,"Fry, Paul",BAL,lhp,3.075,0.7,2.1,581000,,,850000,1250000,MLB-2022 Arb by club
2022,"Lopez, Jorge",BAL,rhp-s,3.102,0.4,-0.1,586750,,,1500000,1200000,MLB-2022 Arb by club
2022,"Mancini, Trey",BAL,1b,5.015,1.1,7,4750000,8000000,7375000,1 y/$7.75 extn,6900000,MLB-2022 Arb by club
2022,"Means, John",BAL,lhp-s,3.007,0.8,3,593500,3100000,2700000,2 y/$5.925 extn,2800000,MLB-2022 Arb by club
2022,"Santander, Anthony",BAL,rf,3.162,0.9,3.9,2100000,,,3150000,4000000,MLB-2022 Arb by club
2022,"Scott, Tanner",BAL,lhp,3.059,0.8,2.8,580000,,,1050000,1200000,MLB-2022 Arb by club
2022,"Severino, Pedro",BAL,c,4.099,-0.2,-0.1,1825000,,outrighted,,2500000,MLB-2022 Arb by club
2022,"Valaika, Pat",BAL,ss,4.079,0,1,875000,,outrighted,,1350000,MLB-2022 Arb by club
2022,"Arroyo, Christian",BOS,3b,3.036,0.5,1,581500,,,1200000,1250000,MLB-2022 Arb by club
2022,"Brasier, Ryan",BOS,rhp,4.109,0.1,1,1250000,,,1400000,1500000,MLB-2022 Arb by club
2022,"Cordero, Franchy",BOS,cf-rf,3.122,-0.4,-0.6,800000,,DFA,,1000000,MLB-2022 Arb by club
2022,"Devers, Rafael",BOS,3b,4.07,4.3,13.8,4575000,,,11200000,10250000,MLB-2022 Arb by club
2022,"Pivetta, Nick",BOS,rhp-s,3.166,2,7.5,613500,,,2650000,3750000,MLB-2022 Arb by club
2022,"Plawecki, Kevin",BOS,c,5.167,1,5.8,1600000,,,2250000,2100000,MLB-2022 Arb by club
2022,"Taylor, Josh",BOS,lhp,2.121,0.8,1.6,580500,,,1025000,1000000,MLB-2022 Arb by club
2022,"Verdugo, Alex",BOS,of,3.078,2.5,5.2,649500,,,3550000,3500000,MLB-2022 Arb by club
2022,"Cordero, Jimmy",CHA,rhp,2.136,-,0.7,575000,,outrighted,,950000,MLB-2022 Arb by club
2022,"Engel, Adam",CHA,of,4.058,1,1.7,1375000,,,2000000,2000000,MLB-2022 Arb by club
2022,"Fry, Jace",CHA,lhp,3.118,0,2.1,862500,,outrighted,,1100000,MLB-2022 Arb by club
2022,"Giolito, Lucas",CHA,rhp-s,4.08,3.1,8.2,4150000,7500000,7300000,7450000,8250000,MLB-2022 Arb by club
2022,"Goodwin, Brian",CHA,of,4.135,0.3,2,,,outrighted,,1500000,MLB-2022 Arb by club
2022,"Lopez, Reynaldo",CHA,rhp-s,4.004,0.7,-3.4,,,,2625000,2000000,MLB-2022 Arb by club
2022,"Marshall, Evan",CHA,rhp,5.09,0.3,1,2000000,,outrighted,,2500000,MLB-2022 Arb by club
2022,"Biagini, Joe",CHN,rhp,4.083,-,1.6,-,,outrighted,,750000,MLB-2022 Arb by club
2022,"Brothers, Rex",CHN,lhp,5.163,1.1,0.9,850000,,outrighted,,1750000,MLB-2022 Arb by club
2022,"Contreras, Willson",CHN,c,5.108,2,9.7,6650000,10250000,9000000,9625000,9000000,MLB-2022 Arb by club
2022,"Happ, Ian",CHN,cf,4.036,1.7,4.2,4100000,,,6850000,6750000,MLB-2022 Arb by club
2022,"Holder, Jonathan",CHN,rhp,4.124,-,1.8,750000,,outrighted,,900000,MLB-2022 Arb by club
2022,"Morgan, Adam",CHN,lhp,5.114,0.5,1.7,,,outrighted,,1500000,MLB-2022 Arb by club
2022,"Ramirez, Harold",CHN,of,2.124,1.4,2,,,,728000,1250000,MLB-2022 Arb by club
2022,"Castillo, Luis",CIN,rhp-s,4.101,3,14.1,4200000,,,7350000,8000000,MLB-2022 Arb by club
2022,"Cessa, Luis",CIN,rhp,4.131,0.4,2.7,1050000,,,1800000,1750000,MLB-2022 Arb by club
2022,"Farmer, Kyle",CIN,c,3.129,1.9,1.9,640000,,,3155000,2000000,MLB-2022 Arb by club
2022,"Hoffman, Jeff",CIN,rhp-s,3.105,0.5,-1.8,585500,,,925000,925000,MLB-2022 Arb by club
2022,"Mahle, Tyler",CIN,rhp-s,4.018,3.6,4.1,2200000,,,5200000,5000000,MLB-2022 Arb by club
2022,"Naquin, Tyler",CIN,rf,5.033,1.3,4.3,1500000,,,4025000,3000000,MLB-2022 Arb by club
2022,"Senzel, Nick",CIN,of-3b,2.15,0.2,0.7,580500,,,1250000,875000,MLB-2022 Arb by club
2022,"Sims, Lucas",CIN,rhp,3.014,1.3,1.8,598500,1600000,1200000,1200000,1250000,MLB-2022 Arb by club
2022,"Bieber, Shane",CLE,rhp-s,3.097,2.4,12.7,679900,,,6000000,5500000,MLB-2022 Arb by club
2022,"Hedges, Austin",CLE,c,5.166,0.9,12,3280000,,,4000000,4000000,MLB-2022 Arb by club
2022,"Naylor, Josh",CLE,lf-1b,2.127,0.7,0.4,577500,,,1200000,1000000,MLB-2022 Arb by club
2022,"Quantrill, Cal",CLE,rhp-s,2.132,1,3,586200,,,2510000,3000000,MLB-2022 Arb by club
2022,"Reyes, Franmil",CLE,rf,3.115,1.6,4.4,602400,,,4550000,2800000,MLB-2022 Arb by club
2022,"Rosario, Amed",CLE,ss-of,4.062,1.5,4.3,2400000,,,4950000,4750000,MLB-2022 Arb by club
2022,"Wittgren, Nick",CLE,rhp,5.071,0.9,2.3,2000000,,outrighted,,2900000,MLB-2022 Arb by club
2022,"Zimmer, Bradley",CLE,of,3.077,0.1,1.5,,,,1300000,1000000,MLB-2022 Arb by club
2022,"Bard, Daniel",COL,rhp,5.103,0.9,3.5,2925000,,,4400000,4250000,MLB-2022 Arb by club
2022,"Diaz, Elias",COL,c,5.088,2.2,3.4,1200000,3 y/$14.5M,extension,,2900000,MLB-2022 Arb by club
2022,"Estevez, Carlos",COL,rhp,5.022,0.8,0.8,1450000,,,3025000,2250000,MLB-2022 Arb by club
2022,"Freeland, Kyle",COL,lhp-s,4.144,1,3.6,5025000,7800000,6425000,5 y/$64.5 ext,7000000,MLB-2022 Arb by club
2022,"Hampson, Garrett",COL,2b-ss,3.03,0.9,0.9,580500,,,1863000,1500000,MLB-2022 Arb by club
2022,"Kinley, Tyler",COL,rhp,3.014,0.8,1.2,580500,,,1025000,950000,MLB-2022 Arb by club
2022,"McMahon, Ryan",COL,1b-3b,4.006,1.8,3.9,2375000,6 y / $70M,extension,,4750000,MLB-2022 Arb by club
2022,"Stephenson, Robert",COL,rhp,4.049,0.7,0.5,805000,,,1280000,950000,MLB-2022 Arb by club
2022,"Tapia, Raimel",COL,of,4.02,1.4,1.3,1950000,,,3950000,3500000,MLB-2022 Arb by club
2022,"Boyd, Matt",DET,lhp-s,5.136,0.2,-0.3,6500000,,non-tendered,,7250000,MLB-2022 Arb by club
2022,"Candelario, Jeimer",DET,3b,4.038,2.3,4.6,2850000,,,5800000,5000000,MLB-2022 Arb by club
2022,"Castro, Harold",DET,3b,2.141,0.1,-0.1,581700,,,1275000,1000000,MLB-2022 Arb by club
2022,"Cisnero, Jose",DET,rhp,4.02,0.8,0.7,970000,,,1900000,1970000,MLB-2022 Arb by club
2022,"Fulmer, Michael",DET,rhp-s,5.157,1.2,6.9,3100000,,,4950000,4850000,MLB-2022 Arb by club
2022,"Garneau, Dustin",DET,c,3.14,0.4,0.4,,,,1175000,1250000,MLB-2022 Arb by club
2022,"Goodrum, Niko",DET,ss,4.031,0.3,3,2100000,,outrighted,,3000000,MLB-2022 Arb by club
2022,"Greiner, Grayson",DET,c,3.041,-0.2,-0.5,583100,,non-tendered,,725000,MLB-2022 Arb by club
2020,"Hutchison, Drew",DET,rhp-s,4.13,-0.1,-1.8,,,outrighted,,850000,MLB-2022 Arb by club
2022,"Jimenez, Joe",DET,rhp,4.061,0.3,2.2,,,,1790000,1500000,MLB-2022 Arb by club
2022,"Krol, Ian",DET,lhp,4.068,0.1,-0.2,,,outrighted,,925000,MLB-2022 Arb by club
2022,"Reyes, Victor",DET,rf,3.075,0.3,0.9,587100,,,1400000,1250000,MLB-2022 Arb by club
2022,"Turnbull, Spencer",DET,rhp-s,3.02,0.7,2.6,586900,2100000,1325000,2 y/$3.65 extn,1750000,MLB-2022 Arb by club
2022,"Diaz, Aledmys",HOU,ss,5.1,0.8,5.6,3000000,,,4450000,4250000,MLB-2022 Arb by club
2022,"James, Josh",HOU,rhp,2.168,0.1,1.7,602000,,,800000,800000,MLB-2022 Arb by club
2022,"Maton, Phil",HOU,rhp,4.047,0.5,3,975000,,,1550000,1500000,MLB-2022 Arb by club
2022,"Montero, Rafael",HOU,rhp,4.138,0,2.8,2250000,,,2725000,3250000,MLB-2022 Arb by club
2022,"Stanek, Ryne",HOU,rhp,4.038,0.9,3.5,1100000,,,2100000,2250000,MLB-2022 Arb by club
2022,"Valdez, Framber",HOU,lhp-s,2.163,1.8,3.2,637300,,,3000000,3000000,MLB-2022 Arb by club
2022,"Alberto, Hanser",KCA,2b,5.085,0.5,2.8,1650000,,outrighted,,2250000,MLB-2022 Arb by club
2022,"Barlow, Scott",KCA,rhp,3.03,1.3,3.1,650000,,,2400000,2000000,MLB-2022 Arb by club
2022,"Benintendi, Andrew",KCA,lf,5.062,2.2,9.5,6600000,8500000,7300000,8500000,9000000,MLB-2022 Arb by club
2022,"Gallagher, Cam",KCA,c,3.106,0.7,2.1,604000,,,885000,1250000,MLB-2022 Arb by club
2022,"Garrett, Amir",KCA,lhp,4.099,0.9,1.3,1500000,,,2025000,2500000,MLB-2022 Arb by club
2022,"Junis, Jakob",KCA,rhp-s,4.016,0.5,0.6,1700000,,outrighted,,1850000,MLB-2022 Arb by club
2022,"Keller, Brad",KCA,rhp-s,4,-0.2,2.5,3350000,,,4825000,4500000,MLB-2022 Arb by club
2022,"Lopez, Nicky",KCA,ss,2.139,3.2,3.7,597500,2950000,2550000,2550000,2250000,MLB-2022 Arb by club
2022,"Mondesi, Adalberto",KCA,ss-3b,4.088,0.1,2,2525000,,,3000000,3000000,MLB-2022 Arb by club
2022,"O'Hearn, Ryan",KCA,1b,3.002,-0.3,-0.8,,,,1300000,900000,MLB-2022 Arb by club
2022,"Alexander, Scott",LAN,lhp,5.039,0.2,0.2,1000000,,outrighted,,1400000,MLB-2022 Arb by club
2022,"Bellinger, Cody",LAN,1b-of,4.16,0.1,15.3,16100000,,,17000000,17000000,MLB-2022 Arb by club
2022,"Ferguson, Caleb",LAN,lhp,3.093,-,1.8,605500,,,762500,800000,MLB-2022 Arb by club
2022,"Turner, Trea",LAN,ss,5.135,3,20.4,13000000,,,21000000,19500000,MLB-2022 Arb by club
2022,"Urias, Julio",LAN,lhp-s,4.117,3.9,8,3600000,,,8000000,8250000,MLB-2022 Arb by club
2022,"Aguilar, Jesus",MIA,1b,5.082,2.1,6.9,4350000,7750000,7000000,1 y/$7.5+opt,8000000,MLB-2022 Arb by club
2022,"Alcantara, Sandy",MIA,rhp-s,3.1,4.3,7.4,630000,5 y / $56M,extension,,4000000,MLB-2022 Arb by club
2022,"Anderson, Brian",MIA,3b,4.031,1.1,7.1,3800000,,,4475000,5000000,MLB-2022 Arb by club
2022,"Berti, Jon",MIA,3b,2.168,0.5,1.7,607500,,,1200000,950000,MLB-2022 Arb by club
2022,"Bleier, Richard",MIA,lhp,5.074,0.9,1.1,1425000,2 y / $6M,extension,,2425000,MLB-2022 Arb by club
2022,"Brigham, Jeff",MIA,rhp,2.126,-,-0.1,570750,,outrighted,,675000,MLB-2022 Arb by club
2022,"Brinson, Lewis",MIA,cf,3.084,0.6,0.3,587500,,outrighted,,975000,MLB-2022 Arb by club
2022,"Cooper, Garrett",MIA,rf-1b,4.053,0.5,2.3,1900000,,,2500000,2750000,MLB-2022 Arb by club
2022,"Floro, Dylan",MIA,rhp,4.053,0.9,1.9,975000,,,3000000,2000000,MLB-2022 Arb by club
2022,"Hernandez, Elieser",MIA,rhp,3.118,0.7,1.3,579000,,,1325000,1500000,MLB-2022 Arb by club
2022,"Lopez, Pablo",MIA,rhp-s,3.093,2.4,6.3,595000,3000000,2450000,2450000,3750000,MLB-2022 Arb by club
2022,"Sierra, Magneuris",MIA,of,2.138,0.6,0.5,571375,,outrighted,,875000,MLB-2022 Arb by club
2022,"Stallings, Jacob",MIA,c,3.149,2.1,5.3,1300000,3100000,2450000,2450000,3000000,MLB-2022 Arb by club
2022,"Wendle, Joey",MIA,3b-2b,4.088,1.4,6.1,2250000,4900000,4350000,4550000,3500000,MLB-2022 Arb by club
2022,"Adames, Willy",MIL,ss,3.105,0.5,7.5,590000,,,4600000,3500000,MLB-2022 Arb by club
2022,"Burnes, Corbin",MIL,rhp-s,3.049,5.5,8.2,608000,,,6500000,5600000,MLB-2022 Arb by club
2022,"Gustave, Jandel",MIL,rhp,3.027,0.1,0.2,,,,675000,825000,MLB-2022 Arb by club
2022,"Hader, Josh",MIL,lhp,4.115,1.7,8.2,6675000,,,11000000,10250000,MLB-2022 Arb by club
2022,"Houser, Adrian",MIL,rhp-s,3.01,1.2,4.2,584100,3000000,2425000,2425000,2000000,MLB-2022 Arb by club
2022,"Lauer, Eric",MIL,lhp,3.033,1.6,2.8,,,,2425000,2500000,MLB-2022 Arb by club
2022,"Maile, Luke",MIL,c,4.132,0.1,3,,,outrighted,,1000000,MLB-2022 Arb by club
2022,"Narvaez, Omar",MIL,c,5.089,2.8,6.1,2500000,,,5000000,3900000,MLB-2022 Arb by club
2022,"Peterson, Jace",MIL,2b-3b,5.142,0.5,2.4,,,,1850000,1500000,MLB-2022 Arb by club
2022,"Rea, Colin",MIL,rhp,3.09,-,-0.1,702500,,outrighted,,715000,MLB-2022 Arb by club
2022,"Renfroe, Hunter",MIL,rf,4.165,3.2,7.6,3100000,,,7650000,7000000,MLB-2022 Arb by club
2022,"Suter, Brent",MIL,lhp,4.161,0.9,2.6,1600000,,,2700000,2500000,MLB-2022 Arb by club
2022,"Tellez, Rowdy",MIL,1b,3.004,0.2,1.3,598100,,,1940000,1750000,MLB-2022 Arb by club
2022,"Urias, Luis",MIL,ss,2.12,2.6,2.5,575100,,,2550000,,MLB-2022 Arb by club
2022,"Vogelbach, Dan",MIL,1b,3.138,0.2,1.9,1400000,,non-tendered,,2100000,MLB-2022 Arb by club
2022,"Woodruff, Brandon",MIL,rhp-s,3.161,4.8,11,3275000,,,6800000,7500000,MLB-2022 Arb by club
2022,"Arraez, Luis",MIN,2b,2.121,2.5,5.5,611000,2400000,1850000,2125000,2100000,MLB-2022 Arb by club
2022,"Astudillo, Willians",MIN,c,2.141,0.5,1.9,573500,,DFA,,1000000,MLB-2022 Arb by club
2022,"Buxton, Byron",MIN,cf,5.16,2.8,13,5125000,7 y / $100M,extension,,7500000,MLB-2022 Arb by club
2022,"Cave, Jake",MIN,of,3.072,-0.1,0.1,597500,,,800000,975000,MLB-2022 Arb by club
2022,"Cotton, Jharel",MIN,rhp-s,3.052,0,-1.4,,,,700000,950000,MLB-2022 Arb by club
2022,"Coulombe, Daniel",MIN,lhp,3.008,0.4,2.3,,,outrighted,,1150000,MLB-2022 Arb by club
2022,"Duffey, Tyler",MIN,rhp,5.074,0.6,3.2,2200000,,,,3200000,MLB-2022 Arb by club
2022,"Gant, John",MIN,rhp,5.004,0,3.4,2100000,,,,3000000,MLB-2022 Arb by club
2022,"Minaya, Juan",MIN,rhp,2.14,0.4,-0.2,,,non-tendered,,950000,MLB-2022 Arb by club
2022,"Refsnyder, Rob",MIN,2b-of,3.091,0,-0.3,,,outrighted,,850000,MLB-2022 Arb by club
2022,"Rogers, Taylor",MIN,lhp,5.145,1.2,5.5,6000000,,,7300000,7000000,MLB-2022 Arb by club
2022,"Sanchez, Gary",MIN,c,5.086,2,12.4,6350000,9500000,8500000,9000000,8000000,MLB-2022 Arb by club
2022,"Thielbar, Caleb",MIN,lhp,3.131,0.9,0.2,650000,,,1300000,1250000,MLB-2022 Arb by club
2022,"Urshela, Giovanny",MIN,3b,4.127,0.9,6.9,4650000,,,6550000,6100000,MLB-2022 Arb by club
2022,"Andujar, Miguel",NYA,3b,3.117,0.7,2.3,639000,,,1300000,1500000,MLB-2022 Arb by club
2022,"Frazier, Clint",NYA,of,3.149,-0.3,0.6,2100000,,outrighted,,2250000,MLB-2022 Arb by club
2022,"Gallo, Joey",NYA,of-3b,5.103,1.3,13,6200000,,,10275000,9500000,MLB-2022 Arb by club
2022,"German, Domingo",NYA,rhp-s,3.017,1.4,4.8,619675,,,1750000,2000000,MLB-2022 Arb by club
2022,"Green, Chad",NYA,rhp,5.05,1.4,7,2150000,,,4000000,3750000,MLB-2022 Arb by club
2022,"Higashioka, Kyle",NYA,c,3.005,1.1,2.6,594000,,,935000,1000000,MLB-2022 Arb by club
2022,"Holmes, Clay",NYA,rhp,3.031,0.5,1.5,650000,,,1100000,1000000,MLB-2022 Arb by club
2022,"Judge, Aaron",NYA,rf-dh,5.051,5.1,20.8,10175000,21000000,17000000,19000000,17500000,MLB-2022 Arb by club
2022,"Kiner-Falefa, Isiah",NYA,c,4,2.5,2.3,2000000,,,4700000,4750000,MLB-2022 Arb by club
2022,"Loaisiga, Jonathan",NYA,rhp,3.022,1.5,2.5,595800,,,1650000,1500000,MLB-2022 Arb by club
2022,"Locastro, Tim",NYA,2b-of,3.01,0,0.9,589100,,,900000,775000,MLB-2022 Arb by club
2022,"Luetge, Lucas",NYA,lhp,3.015,1.1,1.7,600000,,,905000,900000,MLB-2022 Arb by club
2022,"Montgomery, Jordan",NYA,lhp-s,4.153,1.9,4.3,2130000,,,6000000,4250000,MLB-2022 Arb by club
2022,"Peralta, Wandy",NYA,lhp,4.168,0.3,-0.8,925000,,,2150000,1850000,MLB-2022 Arb by club
2022,"Taillon, Jameson",NYA,rhp-s,5.11,1.2,10.1,2250000,,,5800000,4500000,MLB-2022 Arb by club
2022,"Torres, Gleyber",NYA,ss,3.162,1.4,9.6,4000000,,,6250000,5900000,MLB-2022 Arb by club
2022,"Alonso, Pete",NYN,1b,3,3.4,8.8,676775,,,7400000,6400000,MLB-2022 Arb by club
2022,"Bassitt, Chris",NYN,rhp-s,5.13,2.8,4.4,4900000,9000000,8300000,1 y/$8.8 extn,8500000,MLB-2022 Arb by club
2022,"Castro, Miguel",NYN,rhp,5.079,0.9,0.9,1687500,,,2620000,2687500,MLB-2022 Arb by club
2022,"Davis, J.D.",NYN,3b,3.137,-0.1,2.5,2100000,,,2760000,2500000,MLB-2022 Arb by club
2022,"Diaz, Edwin",NYN,rhp-c,5.121,1.5,9.9,7000000,,,10200000,10000000,MLB-2022 Arb by club
2022,"Gsellman, Robert",NYN,rhp-s,5.042,0.2,1.2,1300000,,non-tendered,,1750000,MLB-2022 Arb by club
2022,"Guillorme, Luis",NYN,inf,2.167,0.5,0.7,580701,,,875000,775000,MLB-2022 Arb by club
2022,"Lucchesi, Joey",NYN,lhp-s,3.067,0.5,5.7,607100,,,1150000,1600000,MLB-2022 Arb by club
2022,"Lugo, Seth",NYN,rhp-s,5.082,0.8,6.2,2925000,,,2925000,3900000,MLB-2022 Arb by club
2022,"Martinez, Jose",NYN,lf-rf,5.002,-,2.7,1000000,,outrighted,,1000000,MLB-2022 Arb by club
2022,"McNeil, Jeff",NYN,3b-lf,3.069,1.4,6.2,642251,,,3000000,2500000,MLB-2022 Arb by club
2022,"Nido, Tomas",NYN,c,3.089,0.7,1.6,577720,,,,900000,MLB-2022 Arb by club
2022,"Nimmo, Brandon",NYN,lf,5.042,2.6,8.6,4700000,,,7000000,6400000,MLB-2022 Arb by club
2022,"Peraza, Jose",NYN,2b,5.116,0.6,5.9,,,outrighted,,1100000,MLB-2022 Arb by club
2022,"Smith, Dominic",NYN,1b,3.146,0.1,0.5,2550000,,,3950000,3550000,MLB-2022 Arb by club
2022,"Smith, Drew",NYN,rhp,3.034,0.3,0.3,574500,,,,875000,MLB-2022 Arb by club
2022,"Williams, Trevor",NYN,rhp-s,5.026,0.9,4.8,2500000,,,3900000,3750000,MLB-2022 Arb by club
2022,"Guerra, Deolis",OAK,rhp,3.071,0.4,1.6,,,,815000,1000000,MLB-2022 Arb by club
2022,"Kemp, Tony",OAK,2b-of,4.098,2.2,3.4,1050000,,,2250000,2500000,MLB-2022 Arb by club
2022,"Kozma, Pete",OAK,ss-2b,3.097,0.1,3.6,,,outrighted,,800000,MLB-2022 Arb by club
2022,"Laureano, Ramon",OAK,cf,3.014,2,8.8,580500,,,,3000000,MLB-2022 Arb by club
2022,"Manaea, Sean",OAK,lhp-s,5.157,2.8,9.4,5950000,,,9750000,10000000,MLB-2022 Arb by club
2022,"Montas, Frankie",OAK,rhp,4.015,3.2,5.8,1800000,,,5025000,5250000,MLB-2022 Arb by club
2022,"Pinder, Chad",OAK,2b-of,5.047,0.4,3.7,2275000,,,2725000,3000000,MLB-2022 Arb by club
2022,"Trivino, Lou",OAK,rhp,3.163,0.7,3,912500,,,3000000,2750000,MLB-2022 Arb by club
2022,"Alvarado, Jose",PHI,lhp,4.088,0.5,2.7,1000000,,,1900000,1750000,MLB-2022 Arb by club
2022,"Dominguez, Seranthony",PHI,rhp,3.131,-,1.6,727500,,,725000,750000,MLB-2022 Arb by club
2022,"Eflin, Zach",PHI,rhp-s,5.018,1.5,4.4,4450000,6900000,5150000,1 y/$5.7+opt,5950000,MLB-2022 Arb by club
2022,"Herrera, Odubel",PHI,cf,5.077,1.2,9.5,10350000,,outrighted,,11000000,MLB-2022 Arb by club
2022,"Hoskins, Rhys",PHI,1b,4.053,1.9,10.4,4800000,,,7700000,7200000,MLB-2022 Arb by club
2022,"Jankowski, Travis",PHI,cf,5.028,0.2,0.5,,,outrighted,,950000,MLB-2022 Arb by club
2022,"Knapp, Andrew",PHI,c,5,-0.4,-0.6,1100000,,outrighted,,1250000,MLB-2022 Arb by club
2022,"Quinn, Roman",PHI,of,3.088,0.3,0.2,578000,,DFA,,725000,MLB-2022 Arb by club
2022,"Torreyes, Ronnie",PHI,2b,4.006,0.9,2.8,800000,,outrighted,,1750000,MLB-2022 Arb by club
2022,"Brault, Steven",PIT,lhp-s,4.085,-0.2,0.7,2050000,,DFA,,2250000,MLB-2022 Arb by club
2022,"Difo, Wilmer",PIT,ss,4.138,0.4,2.6,,,outrighted,,1250000,MLB-2022 Arb by club
2022,"Gamel, Ben",PIT,cf,5.02,0,1.1,1500000,,,1800000,2500000,MLB-2022 Arb by club
2022,"Kuhl, Chad",PIT,rhp-s,5.079,0.5,2.4,2130000,,outrighted,,3130000,MLB-2022 Arb by club
2022,"Moran, Colin",PIT,3b,4.107,0.1,0.6,2800000,,DFA,,3800000,MLB-2022 Arb by club
2022,"Newman, Kevin",PIT,2b,3.046,0.3,2.9,598000,,,1950000,2000000,MLB-2022 Arb by club
2022,"Perez, Michael",PIT,c,3,-0.4,-0.6,591500,,DFA,,850000,MLB-2022 Arb by club
2022,"Reynolds, Bryan",PIT,of,2.163,4.7,7.4,601000,4900000,4250000,2 y / $13.5,4250000,MLB-2022 Arb by club
2022,"Shreve, Chasen",PIT,lhp,5.158,0.3,2.7,,,outrighted,,2500000,MLB-2022 Arb by club
2022,"Stratton, Chris",PIT,rhp-s,4.1,1.1,2.4,1100000,,,2700000,2100000,MLB-2022 Arb by club
2022,"Adams, Austin L.",SDN,rhp,3.015,0.7,1.8,580200,,,925000,1250000,MLB-2022 Arb by club
2022,"Alfaro, Jorge",SDN,c,4.083,0.2,3.4,2050000,,,2725000,2900000,MLB-2022 Arb by club
2022,"Altavilla, Dan",SDN,rhp,4.063,0,1.5,850000,,outrighted,,1250000,MLB-2022 Arb by club
2022,"Caratini, Victor",SDN,c,4.051,0.8,2.2,1300000,,,2000000,2000000,MLB-2022 Arb by club
2022,"Castillo, Jose",SDN,lhp,3.121,-,0.8,590000,,non-tendered,,700000,MLB-2022 Arb by club
2022,"Diaz, Miguel",SDN,rhp,2.125,0.5,0,,,outrighted,,850000,MLB-2022 Arb by club
2022,"Hill, Tim",SDN,lhp,3.112,1,2,596000,,,1325000,1350000,MLB-2022 Arb by club
2022,"Lamet, Dinelson",SDN,rhp-s,4.13,0.8,6.9,4200000,,,4775000,4750000,MLB-2022 Arb by club
2022,"Musgrove, Joe",SDN,rhp-s,5.063,4,13.3,4450000,,,8625000,8500000,MLB-2022 Arb by club
2022,"Paddack, Chris",SDN,rhp-s,3,1.6,6.2,610900,,,2250000,2250000,MLB-2022 Arb by club
2022,"Pagan, Emilio",SDN,rhp,4.091,0.5,3.6,1570000,,,2300000,2300000,MLB-2022 Arb by club
2022,"Strahm, Matt",SDN,lhp,5.064,0.1,2.6,2050000,,non-tendered,,2250000,MLB-2022 Arb by club
2022,"Voit, Luke",SDN,1b,3.169,0.1,4.3,4700000,,,5450000,5600000,MLB-2022 Arb by club
2022,"Wingenter, Trey",SDN,rhp,3.053,-,1.5,590000,,non-tendered,,725000,MLB-2022 Arb by club
2022,"Castillo, Diego",SEA,rhp,3.118,0.9,4.1,582300,,,2150000,1750000,MLB-2022 Arb by club
2022,"Crawford, J.P.",SEA,ss,3.163,1.5,4.7,2050000,,,4850000,4500000,MLB-2022 Arb by club
2022,"Frazier, Adam",SEA,ss-of,5.075,0.6,6.7,4300000,8000000,6700000,8000000,6500000,MLB-2022 Arb by club
2022,"Haniger, Mitch",SEA,rf,5.048,3.1,10.9,3010000,8000000,6170000,7750000,8010000,MLB-2022 Arb by club
2022,"Moore, Dylan",SEA,3b,3,0.6,1.8,590400,,,1350000,1500000,MLB-2022 Arb by club
2022,"Murphy, Tom",SEA,c,4.092,1.3,3.2,875000,,,1575000,1750000,MLB-2022 Arb by club
2022,"Sadler, Casey",SEA,rhp,3.035,0.7,0.9,591800,,,1025000,1250000,MLB-2022 Arb by club
2022,"Sewald, Paul",SEA,rhp,3.072,1.9,3.4,,,,1735000,1700000,MLB-2022 Arb by club
2022,"Steckenrider, Drew",SEA,rhp,4.094,0.5,1.4,800000,,,3100000,1750000,MLB-2022 Arb by club
2022,"Torrens, Luis",SEA,c,2.118,0.4,-0.6,580700,,,1200000,810000,MLB-2022 Arb by club
2022,"Winker, Jesse",SEA,lf-rf,4.08,3.8,8.1,3150000,7000000,5400000,2 y/$14.5 extn,6250000,MLB-2022 Arb by club
2022,"Brebbia, John",SFN,rhp,4.057,0.3,2.8,800000,,,837500,1200000,MLB-2022 Arb by club
2022,"Casali, Curt",SFN,c,5.151,0.5,4.9,1500000,,,2600000,2250000,MLB-2022 Arb by club
2022,"Dickerson, Alex",SFN,lf,5.12,0.8,2.3,2100000,,released,,3100000,MLB-2022 Arb by club
2022,"Garcia, Jarlin",SFN,lhp,4.114,1.2,2.3,950000,,,1725000,1800000,MLB-2022 Arb by club
2022,"Leone, Dominic",SFN,rhp,5.168,0.6,4.2,,,,2250000,1750000,MLB-2022 Arb by club
2022,"Ruf, Darin",SFN,1b-of,4.138,1.9,2.5,1275000,2 y / $6.25M,extension,,2550000,MLB-2022 Arb by club
2022,"Slater, Austin",SFN,of,3.147,1,1,1150000,,,1850000,2150000,MLB-2022 Arb by club
2022,"Yastrzemski, Mike",SFN,of,2.128,2.1,5.4,600000,,,3700000,3150000,MLB-2022 Arb by club
2022,"Bader, Harrison",SLN,of,4.03,3,7.6,2000000,4800000,3800000,2 y/$10.4 extn,4000000,MLB-2022 Arb by club
2022,"Flaherty, Jack",SLN,rhp-s,4.006,1.3,13.7,3900000,,,5000000,5500000,MLB-2022 Arb by club
2022,"Gallegos, Giovanny",SLN,rhp,3.085,1.5,4.3,594500,,,2410000,2500000,MLB-2022 Arb by club
2022,"Hicks, Jordan",SLN,rhp,4,0.1,-0.2,862500,,,938000,975000,MLB-2022 Arb by club
2022,"Hudson, Dakota",SLN,rhp-s,3.066,0.1,2.7,595700,,,1050000,1500000,MLB-2022 Arb by club
2022,"Miller, Justin",SLN,rhp,4.022,0,-1,,,outrighted,,1100000,MLB-2022 Arb by club
2022,"O'Neill, Tyler",SLN,lf,3.059,4,5,594700,4150000,3400000,3400000,3250000,MLB-2022 Arb by club
2022,"Reyes, Alex",SLN,rhp-s,4.056,1,2,900000,,,2850000,2900000,MLB-2022 Arb by club
2022,"Anderson, Nick",TBA,rhp,3,-0.1,2.2,587900,,,845000,875000,MLB-2022 Arb by club
2022,"Beeks, Jalen",TBA,lhp,3.07,-,-1.5,588800,,,750000,700000,MLB-2022 Arb by club
2022,"Chirinos, Yonny",TBA,rhp-s,3.137,-,2.9,1175000,,,1175000,1200000,MLB-2022 Arb by club
2022,"Choi, Ji-Man",TBA,1b,4.076,0.4,2.7,2450000,,,3200000,3450000,MLB-2022 Arb by club
2022,"Conley, Adam",TBA,lhp-s,4.154,0.1,0.2,,,released,,1000000,MLB-2022 Arb by club
2022,"Diaz, Yandy",TBA,3b,3.122,2,3.6,588900,,,2800000,2588900,MLB-2022 Arb by club
2022,"Drake, Oliver",TBA,lhp,5.045,-,3.1,775000,,outrighted,,1000000,MLB-2022 Arb by club
2022,"Glasnow, Tyler",TBA,rhp-s,4.158,2.5,6.8,4000000,,,5100000,5500000,MLB-2022 Arb by club
2022,"Kittredge, Andrew",TBA,rhp,3.07,1.5,2.3,750000,,,1850000,1750000,MLB-2022 Arb by club
2022,"Margot, Manuel",TBA,cf,5.012,2.3,4.8,3400000,,,5600000,5000000,MLB-2022 Arb by club
2022,"Meadows, Austin",TBA,rf,3.074,1.9,5.5,581400,,,4000000,4000000,MLB-2022 Arb by club
2022,"Mejia, Francisco",TBA,c,3.054,0.9,1.8,580500,,,1455000,1250000,MLB-2022 Arb by club
2022,"Phillips, Brett",TBA,of,3.013,0.8,2.1,584400,,,1400000,1100000,MLB-2022 Arb by club
2022,"Reed, Cody",TBA,lhp,3.072,0,0.8,581200,,outrighted,,800000,MLB-2022 Arb by club
2022,"Springs, Jeffrey",TBA,lhp,3.043,1.1,0.2,585000,,,947000,975000,MLB-2022 Arb by club
2022,"Wisler, Matt",TBA,rhp-s,5.042,0.3,1.3,1150000,,,2160000,1750000,MLB-2022 Arb by club
2022,"Yarbrough, Ryan",TBA,lhp-s,3.147,-0.3,3.2,2300000,,,3850000,3900000,MLB-2022 Arb by club
2022,"Bush, Matt",TEX,rhp,3.132,0,0.5,680000,,outrighted,,950000,MLB-2022 Arb by club
2022,"Calhoun, Willie",TEX,2b,3.033,0.6,1.2,593000,,,1300000,1250000,MLB-2022 Arb by club
2022,"Garver, Mitch",TEX,c,4.045,1.4,6,1875000,,,3335000,3500000,MLB-2022 Arb by club
2022,"Guzman, Ronald",TEX,1b,3.083,0,1.1,606000,,outrighted,,1000000,MLB-2022 Arb by club
2022,"Hearn, Taylor",TEX,lhp,2.14,0,0.1,582500,,,1050000,900000,MLB-2022 Arb by club
2022,"Martin, Brett",TEX,lhp,2.151,0.2,0.8,589500,,,1025000,1000000,MLB-2022 Arb by club
2022,"Barnes, Jacob",TOR,rhp,4.157,0.1,3.1,750000,,DFA,,1000000,MLB-2022 Arb by club
2022,"Berríos, José O.",TOR,rhp-s,5.044,1,9.7,6100000,7 y / $131M,extension,,10000000,MLB-2022 Arb by club
2022,"Biggio, Cavan",TOR,2b,2.129,0.7,3.9,604000,,,2123000,1500000,MLB-2022 Arb by club
2022,"Borucki, Ryan",TOR,lhp-s,3.06,0.2,1.1,595200,,,825000,850000,MLB-2022 Arb by club
2022,"Chapman, Matt",TOR,3b,4.109,1.7,15.2,6490000,2 y / $25M,extension,,9850000,MLB-2022 Arb by club
2022,"Cimber, Adam",TOR,rhp,3.156,0.3,1.1,925000,,,1575000,1250000,MLB-2022 Arb by club
2022,"Guerrero, Vladimir Jr.",TOR,1b,2.157,6.3,8,605400,,,7900000,8750000,MLB-2022 Arb by club
2022,"Hernández, Teoscar",TOR,lf,4.097,3.8,8.8,4325000,,,10650000,9250000,MLB-2022 Arb by club
2022,"Jansen, Danny",TOR,c,3.05,1,4.5,601800,,,1950000,1250000,MLB-2022 Arb by club
2022,"Mayza, Tim",TOR,lhp,2.156,1,2.3,600000,,,1250000,1000000,MLB-2022 Arb by club
2022,"Richards, Trevor",TOR,rhp-s,3.084,0.4,3.4,,,,1000000,1000000,MLB-2022 Arb by club
2022,"Stripling, Ross",TOR,rhp,5.115,0.5,9.4,3000000,,,3790000,4250000,MLB-2022 Arb by club
2022,"Bell, Josh",WAS,1b-rf,5.053,2.6,5,6350000,,,10000000,10500000,MLB-2022 Arb by club
2022,"Fedde, Erick",WAS,rhp,3.099,1.6,1.8,599200,,,2150000,2000000,MLB-2022 Arb by club
2022,"Harper, Ryne",WAS,rhp,2.135,0.3,0.8,,,outrighted,,800000,MLB-2022 Arb by club
2022,"Rainey, Tanner",WAS,rhp,2.127,0.2,1.6,589000,,,860000,775000,MLB-2022 Arb by club
2022,"Robles, Victor",WAS,of,3.033,0.6,3.4,614000,2100000,1600000,1650000,1500000,MLB-2022 Arb by club
2022,"Ross, Joe",WAS,rhp-s,5.018,1.7,5.3,1500000,,,2400000,3000000,MLB-2022 Arb by club
2022,"Soto, Juan",WAS,lf,3.134,7.2,16.6,8500000,,,17100000,17000000,MLB-2022 Arb by club
2022,"Stevenson, Andrew",WAS,lf,2.125,0.2,-0.1,579100,,,850000,900000,MLB-2022 Arb by club
2022,"Suero, Wander",WAS,rhp,3.095,0.3,2.3,600700,,non-tendered,,1000000,MLB-2022 Arb by club
2022,"Voth, Austin",WAS,rhp,2.127,0.4,0,587700,,,875000,1000000,MLB-2022 Arb by club
2021,"Anderson, Justin",ANA,rhp,2.161,0.3,0.5,577000,,non-tendered,,,MLB-2021 Arb by club
2021,"Andriese, Matt",ANA,rhp-s,5.071,0.5,6.2,1395000,,non-tendered,,,MLB-2021 Arb by club
2021,"Bedrosian, Cam",ANA,rhp,5.153,0.2,4.2,2800000,,outrighted-FA,,,MLB-2021 Arb by club
2021,"Bundy, Dylan",ANA,rhp-s,5.026,1.5,3.9,5000000,,,8325000,,MLB-2021 Arb by club
2021,"Heaney, Andrew",ANA,lhp-s,5.15,0.9,6.2,4300000,,,6750000,,MLB-2021 Arb by club
2021,"Mayers, Mike",ANA,rhp,3.02,0.7,0.4,573000,,,1200000,,MLB-2021 Arb by club
2021,"Middleton, Keynan",ANA,rhp,3.089,-0.1,0.7,800000,,non-tendered,,,MLB-2021 Arb by club
2021,"Ohtani, Shohei",ANA,rhp-s,3,0,1.1,700000,3300000,2500000,2 y/$8.5 extn,,MLB-2021 Arb by club
2021,"Pena, Felix",ANA,rhp,3.079,0.6,3.4,587500,,,1100000,,MLB-2021 Arb by club
2021,"Robles, Hansel",ANA,rhp-c,5.119,0,2.4,3850000,,non-tendered,,,MLB-2021 Arb by club
2021,"Stassi, Max",ANA,c,4.049,0.9,3.6,800000,,,1600000,,MLB-2021 Arb by club
2021,"Guerra, Junior",ARI,rhp-s,4.155,0.2,3.8,2550000,,released,,,MLB-2021 Arb by club
2021,"Kelly, Carson",ARI,c,2.161,0.6,3.5,581700,,,1700000,,MLB-2021 Arb by club
2021,"Smith, Caleb",ARI,lhp-s,3.078,-0.2,3,586500,,,1465000,,MLB-2021 Arb by club
2021,"Weaver, Luke",ARI,rhp-s,3.112,0.1,4.7,597000,,,1950000,,MLB-2021 Arb by club
2021,"Camargo, Johan",ATL,2b,3.098,0.1,2.8,1700000,,,1360000,,MLB-2021 Arb by club
2021,"Dayton, Grant",ATL,lhp,4.007,0.2,0.9,655000,,,900000,,MLB-2021 Arb by club
2021,"Duvall, Adam",ATL,lf,4.151,0.8,5.9,3250000,,non-tendered,,,MLB-2021 Arb by club
2021,"Fried, Max",ATL,lhp-s,2.148,1.5,6.6,583500,,,3500000,,MLB-2021 Arb by club
2021,"Jackson, Luke",ATL,rhp,4.019,0.4,1.2,1825000,,,1900000,,MLB-2021 Arb by club
2021,"Minter, A.J.",ATL,lhp,2.162,0.5,1.8,583500,,,1300000,,MLB-2021 Arb by club
2021,"Soroka, Mike",ATL,rhp-s,2.146,0.2,5.2,583500,2800000,2100000,2800000,,MLB-2021 Arb by club
2021,"Swanson, Dansby",ATL,ss,4.047,1,6.7,3150000,6700000,6000000,6000000,,MLB-2021 Arb by club
2021,"Alberto, Hanser",BAL,2b,4.085,0.2,2.2,1650000,,non-tendered,,,MLB-2021 Arb by club
2021,"Armstrong, Shawn",BAL,rhp,3.028,0.3,0.6,573500,,,825000,,MLB-2021 Arb by club
2021,"Mancini, Trey",BAL,1b-of,4.015,dnp,5.9,4750000,,,4750000,,MLB-2021 Arb by club
2021,"Nunez, Renato",BAL,1b-dh,2.167,0,0.6,578000,,released,,,MLB-2021 Arb by club
2021,"Sanchez, Yolmer",BAL,2b,5.04,0,2.7,,,,1000000,,MLB-2021 Arb by club
2021,"Santander, Anthony",BAL,rf,2.162,1.3,3,572500,2475000,2100000,2100000,,MLB-2021 Arb by club
2021,"Severino, Pedro",BAL,c,3.099,0.1,0.1,576000,,,1825000,,MLB-2021 Arb by club
2021,"Valaika, Pat",BAL,ss,3.079,0.8,1,573500,,,875000,,MLB-2021 Arb by club
2021,"Barnes, Matt",BOS,rhp,5.11,0.4,5.7,3100000,,,4500000,,MLB-2021 Arb by club
2021,"Brasier, Ryan",BOS,rhp,3.109,0.4,0.9,584500,,,1250000,,MLB-2021 Arb by club
2021,"Brice, Austin",BOS,rhp,3.101,0.2,0.5,573500,,,870000,,MLB-2021 Arb by club
2021,"Devers, Rafael",BOS,3b,3.07,-0.4,9.5,692500,,,4575000,,MLB-2021 Arb by club
2021,"Plawecki, Kevin",BOS,c,4.167,-0.1,4.8,900000,,,1600000,,MLB-2021 Arb by club
2021,"Rodriguez, Eduardo",BOS,lhp-s,5.13,dnp,7.1,8300000,,,8300000,,MLB-2021 Arb by club
2021,"Weber, Ryan",BOS,rhp,2.138,0.3,1,600000,,outrighted,,,MLB-2021 Arb by club
2021,"Engel, Adam",CHA,of,3.058,-0.1,0.7,588000,,,1375000,,MLB-2021 Arb by club
2021,"Fry, Jace",CHA,lhp,3.005,0.3,2.2,590000,,,862500,,MLB-2021 Arb by club
2021,"Giolito, Lucas",CHA,rhp-s,3.08,1.6,5,627000,,,4150000,,MLB-2021 Arb by club
2021,"Lopez, Reynaldo",CHA,rhp-s,3.091,-0.6,-4.1,605000,,,2100000,,MLB-2021 Arb by club
2021,"Marshall, Evan",CHA,rhp,4.09,0.7,0.8,1100000,,,2000000,,MLB-2021 Arb by club
2021,"Mazara, Nomar",CHA,rf,5,-0.3,1.3,5560000,,non-tendered,,,MLB-2021 Arb by club
2021,"Rodon, Carlos",CHA,lhp-s,5.168,-0.3,-1.1,4450000,,non-tendered,,,MLB-2021 Arb by club
2021,"Almora, Albert",CHN,cf,4.012,0,2.8,1575000,,non-tendered,,,MLB-2021 Arb by club
2021,"Baez, Javier",CHN,ss,5.089,0.9,11.3,10000000,,,11650000,,MLB-2021 Arb by club
2021,"Bryant, Kris",CHN,3b,5.171,0.3,20.1,18600000,,,19500000,,MLB-2021 Arb by club
2021,"Contreras, Willson",CHN,c,4.108,1.3,7.6,4500000,,,6650000,,MLB-2021 Arb by club
2021,"Davies, Zach",CHN,rhp-s,5.02,1.2,7.4,5250000,,,8630000,,MLB-2021 Arb by club
2021,"Happ, Ian",CHN,cf,3.036,0.2,2.5,624000,4100000,3250000,4100000,,MLB-2021 Arb by club
2021,"Martinez, Jose",CHN,lf-rf,4.002,-0.2,2.5,2425000,,non-tendered,,,MLB-2021 Arb by club
2021,"Rea, Colin",CHN,rhp,3.085,-0.1,-0.2,,,,702500,,MLB-2021 Arb by club
2021,"Ryan, Kyle",CHN,lhp,3.139,-0.1,-0.7,975000,,,800000,,MLB-2021 Arb by club
2021,"Schwarber, Kyle",CHN,lf,5.086,0.3,7.7,7010000,,non-tendered,,,MLB-2021 Arb by club
2021,"Tepera, Ryan",CHN,rhp,5.008,0.5,1.2,,,non-tendered,,,MLB-2021 Arb by club
2021,"Winkler, Daniel",CHN,rhp,5.063,0,1.1,750000,,,900000,,MLB-2021 Arb by club
2021,"Bradley, Archie",CIN,rhp,5.112,0.6,1.8,4100000,,non-tendered,,,MLB-2021 Arb by club
2021,"Casali, Curt",CIN,c,4.151,0.5,4.4,1462500,,non-tendered,,,MLB-2021 Arb by club
2021,"Castillo, Luis",CIN,rhp-s,3.101,1.9,10.8,663500,,,4200000,,MLB-2021 Arb by club
2021,"Garrett, Amir",CIN,lhp,3.099,0.3,0.4,595000,,,1500000,,MLB-2021 Arb by club
2021,"Goodwin, Brian",CIN,of,4.019,1,2.1,2200000,,non-tendered,,,MLB-2021 Arb by club
2021,"Lorenzen, Michael",CIN,rhp-of,5.159,0.6,-0.1,3725000,,,4437500,,MLB-2021 Arb by club
2021,"Mahle, Tyler",CIN,rhp,3.018,0.6,0.6,609793,,,2200000,,MLB-2021 Arb by club
2021,"Ramirez, Noe",CIN,rhp,3.139,0.1,2,900000,,,1175000,,MLB-2021 Arb by club
2021,"Winker, Jesse",CIN,lf-rf,3.08,1,4.3,605000,,,3150000,,MLB-2021 Arb by club
2021,"DeShields Jr., Delino",CLE,cf-lf,5.109,0.2,6.3,1875000,,non-tendered,,,MLB-2021 Arb by club
2021,"Hedges, Austin",CLE,c,4.166,1,11.6,3000000,,,3280000,,MLB-2021 Arb by club
2021,"Maton, Phil",CLE,rhp,3.047,0.5,1.2,572100,,,975000,,MLB-2021 Arb by club
2021,"Naquin, Tyler",CLE,rf,4.033,0.2,3,1450000,,non-tendered,,,MLB-2021 Arb by club
2021,"Rosario, Amed",CLE,ss,3.062,-0.8,2.8,608780,,,2400000,,MLB-2021 Arb by club
2021,"Wittgren, Nick",CLE,rhp,4.071,0.2,1.5,1125000,,,2000000,,MLB-2021 Arb by club
2021,"Bard, Daniel",COL,rhp,4.103,0.5,2.6,1000000,,,2925000,,MLB-2021 Arb by club
2021,"Dahl, David",COL,lf,3.162,-0.2,2.5,2475000,,non-tendered,,,MLB-2021 Arb by club
2021,"Diaz, Elias",COL,c,4.088,0.1,1.2,1100000,,,1200000,,MLB-2021 Arb by club
2021,"Diaz, Jairo",COL,rhp,3.083,-0.3,0.7,573500,,,1100000,,MLB-2021 Arb by club
2021,"Estevez, Carlos",COL,rhp,4.022,-0.1,0,1080000,,,1450000,,MLB-2021 Arb by club
2021,"Freeland, Kyle",COL,lhp-s,3.144,0.4,2.5,2875000,,,5025000,,MLB-2021 Arb by club
2021,"Givens, Mychal",COL,rhp,5.069,0,4.7,3225000,,,4050000,,MLB-2021 Arb by club
2021,"Gonzalez, Alex ""Chi Chi""",COL,rhp-s,2.149,0,-2.1,1750000,,non-tendered,,,MLB-2021 Arb by club
2021,"Gray, Jon",COL,rhp-s,5.062,-0.1,8.2,5600000,,,6000000,,MLB-2021 Arb by club
2021,"McMahon, Ryan",COL,1b-3b,3.006,0.3,2.1,573500,,,2375000,,MLB-2021 Arb by club
2021,"Senzatela, Antonio",COL,rhp-s,3.106,1,0.6,573500,,,3000000,,MLB-2021 Arb by club
2021,"Stephenson, Robert",COL,rhp,3.049,-0.2,-0.2,592000,,,805000,,MLB-2021 Arb by club
2021,"Tapia, Raimel",COL,of,3.02,-0.1,-0.1,573500,,,1950000,,MLB-2021 Arb by club
2021,"Wolters, Tony",COL,c,4.161,-0.5,4.3,1900000,,non-tendered,,,MLB-2021 Arb by club
2021,"Boyd, Matt",DET,lhp-s,4.136,-1,-0.8,5300000,,,6500000,,MLB-2021 Arb by club
2021,"Candelario, Jeimer",DET,3b,3.038,1.1,2,583300,,,2850000,,MLB-2021 Arb by club
2021,"Cisnero, Jose",DET,rhp,3.02,0.7,0.1,571200,,,970000,,MLB-2021 Arb by club
2021,"Farmer, Buck",DET,rhp,4.083,0.3,-0.3,1150000,,,1850000,,MLB-2021 Arb by club
2021,"Fulmer, Michael",DET,rhp-s,4.157,-0.9,5.4,2800000,,,3100000,,MLB-2021 Arb by club
2021,"Goodrum, Niko",DET,ss,3.031,0.3,2.7,698200,,,2100000,,MLB-2021 Arb by club
2021,"Jimenez, Joe",DET,rhp-c,3.077,-0.7,1.5,584900,,,1500000,,MLB-2021 Arb by club
2021,"Jones, JaCoby",DET,cf,3.125,0,0.4,1575000,,,2650000,,MLB-2021 Arb by club
2021,"Norris, Daniel",DET,lhp,5.073,0.5,-0.1,2962500,,,3475000,,MLB-2021 Arb by club
2021,"Correa, Carlos",HOU,ss,5.119,-0.1,16.7,8000000,12500000,9750000,11700000,,MLB-2021 Arb by club
2021,"Diaz, Aledmys",HOU,ss,4.1,0.2,4.8,2600000,,,3000000,,MLB-2021 Arb by club
2021,"McCullers Jr., Lance",HOU,rhp-s,5.14,1.2,10,4100000,,,6500000,,MLB-2021 Arb by club
2021,"Cordero, Franchy",KCA,cf-rf,3.038,0,-0.2,571100,,,800000,,MLB-2021 Arb by club
2021,"Dozier, Hunter",KCA,3b-rf,3.06,0.3,1.7,610500,,,2720000,,MLB-2021 Arb by club
2021,"Franco, Maikel",KCA,3b,5.157,0.6,6.4,2950000,,non-tendered,,,MLB-2021 Arb by club
2021,"Hahn, Jesse",KCA,rhp,5.031,0.4,1.8,600000,,,1750000,,MLB-2021 Arb by club
2021,"Junis, Jakob",KCA,rhp-s,3.082,-0.1,0,608000,,,1700000,,MLB-2021 Arb by club
2021,"Keller, Brad",KCA,rhp-s,3,1,3,613000,,,3350000,,MLB-2021 Arb by club
2021,"Mondesi, Adalberto",KCA,ss,3.088,-0.3,1.9,604500,,,2525000,,MLB-2021 Arb by club
2021,"Montgomery, Mike",KCA,lhp-s,5.089,0,3.2,3100000,,outrighted-FA,,,MLB-2021 Arb by club
2021,"Soler, Jorge",KCA,dh-rf,5.143,0,3.8,7966667,,,8050000,,MLB-2021 Arb by club
2021,"Sparkman, Glenn",KCA,rhp,3.001,0,-4.3,604500,,released,,,MLB-2021 Arb by club
2021,"Alexander, Scott",LAN,lhp,4.039,0.1,0,875000,,,1000000,,MLB-2021 Arb by club
2021,"Barnes, Austin",LAN,c,4.098,0.7,7.7,1100000,2000000,1500000,2 y/$4.3M extn,,MLB-2021 Arb by club
2021,"Bellinger, Cody",LAN,1b-of,3.16,1.5,15.2,11500000,,,16100000,,MLB-2021 Arb by club
2021,"Buehler, Walker",LAN,rhp,2.168,0.7,9.8,603500,4150000,3300000,2 y/$8M extn,,MLB-2021 Arb by club
2021,"Floro, Dylan",LAN,rhp,3.053,0.5,0.5,593500,,,975000,,MLB-2021 Arb by club
2021,"Knebel, Corey",LAN,rhp,5.151,-0.1,3.5,5125000,,,5250000,,MLB-2021 Arb by club
2021,"Seager, Corey",LAN,ss,5.032,2.1,15.4,7600000,,,13750000,,MLB-2021 Arb by club
2021,"Urias, Julio",LAN,lhp-s,3.117,0.5,4.2,1000000,,,3600000,,MLB-2021 Arb by club
2021,"Aguilar, Jesus",MIA,1b,4.082,0.5,4.7,2575000,,,4350000,,MLB-2021 Arb by club
2021,"Alfaro, Jorge",MIA,c,3.083,-0.4,3.2,595000,,,2050000,,MLB-2021 Arb by club
2021,"Anderson, Brian",MIA,3b,3.031,1.3,6,615000,,,3800000,,MLB-2021 Arb by club
2021,"Bleier, Richard",MIA,lhp,4.074,0.5,0.8,915000,,,1425000,,MLB-2021 Arb by club
2021,"Cimber, Adam",MIA,rhp,2.139,0.2,-0.1,581500,,,925000,,MLB-2021 Arb by club
2021,"Cooper, Garrett",MIA,rf-1b,3.053,0.5,1.8,580000,,,1900000,,MLB-2021 Arb by club
2021,"Garcia, Yimi",MIA,rhp,5.149,0.5,1.9,1100000,,,1900000,,MLB-2021 Arb by club
2021,"Stanek, Ryne",MIA,rhp,3.038,0,2.3,604200,,non-tendered,,,MLB-2021 Arb by club
2021,"Urena, Jose",MIA,rhp-s,5.04,0,2.3,3750000,,non-tendered,,,MLB-2021 Arb by club
2021,"Arcia, Orlando",MIL,ss,4.047,0.7,4.9,2200000,,,2000000,,MLB-2021 Arb by club
2021,"Claudio, Alex",MIL,lhp,5.114,0.3,2.2,1750000,,non-tendered,,,MLB-2021 Arb by club
2021,"Hader, Josh",MIL,lhp,3.115,0.3,6.6,4100000,,,6675000,,MLB-2021 Arb by club
2021,"Narvaez, Omar",MIL,c,4.089,0.4,3.3,2725000,,,2500000,,MLB-2021 Arb by club
2021,"Peterson, Jace",MIL,2b-3b,4.149,0,1.6,,,non-tendered,,,MLB-2021 Arb by club
2021,"Pina, Manny",MIL,c,5.046,0.3,4.9,1850000,,,1650000,,MLB-2021 Arb by club
2021,"Vogelbach, Dan",MIL,1b,2.138,0.8,2.6,580900,,,1400000,,MLB-2021 Arb by club
2021,"Woodruff, Brandon",MIL,rhp,2.161,1.9,6.2,633100,,,3275000,,MLB-2021 Arb by club
2021,"Berrios, Jose O.",MIN,rhp-s,4.044,0.8,6.7,4025000,,,6100000,,MLB-2021 Arb by club
2021,"Buxton, Byron",MIN,cf,4.16,1.4,10.2,3075000,,,5125000,,MLB-2021 Arb by club
2021,"Duffey, Tyler",MIN,rhp,4.074,0.6,2.6,1200000,,,2200000,,MLB-2021 Arb by club
2021,"Garver, Mitch",MIN,c,3.045,-0.2,4.5,620000,,,1875000,,MLB-2021 Arb by club
2021,"Rogers, Taylor",MIN,lhp,4.145,0.3,4.3,4450000,,,6000000,,MLB-2021 Arb by club
2021,"Rosario, Eddie",MIN,lf,5.12,1.4,11.3,7750000,,non-tendered,,,MLB-2021 Arb by club
2021,"Thielbar, Caleb",MIN,lhp,2.131,0.3,-0.6,,,,650000,,MLB-2021 Arb by club
2021,"Wisler, Matt",MIN,rhp-s,4.042,0.3,0.3,725000,,non-tendered,,,MLB-2021 Arb by club
2021,"Cessa, Luis",NYA,rhp,3.131,0.3,2.3,895000,,,1050000,,MLB-2021 Arb by club
2021,"Frazier, Clint",NYA,of,2.133,0.8,0.9,588100,,,2100000,,MLB-2021 Arb by club
2021,"Green, Chad",NYA,rhp,4.05,0.7,5.9,1275000,,,2150000,,MLB-2021 Arb by club
2021,"Heller, Ben",NYA,rhp,3.021,0,0.1,575150,,,625000,,MLB-2021 Arb by club
2021,"Holder, Jonathan",NYA,rhp,3.124,0.3,2,750000,,non-tendered,,,MLB-2021 Arb by club
2021,"Judge, Aaron",NYA,rf-dh,4.051,0.5,15.7,8500000,,,10175000,,MLB-2021 Arb by club
2021,"Montgomery, Jordan",NYA,lhp-s,3.145,0.6,2.2,,,,2130000,,MLB-2021 Arb by club
2021,"Sanchez, Gary",NYA,c,4.086,-0.1,10.4,5000000,,,6350000,,MLB-2021 Arb by club
2021,"Torres, Gleyber",NYA,2b,2.162,0.6,8.2,675600,,,4000000,,MLB-2021 Arb by club
2021,"Urshela, Giovanny",NYA,3b,3.127,1.4,6,2475000,,,4650000,,MLB-2021 Arb by club
2021,"Voit, Luke",NYA,1b,2.169,1.4,3.1,634000,,,4700000,,MLB-2021 Arb by club
2021,"Barnes, Jacob",NYN,rhp,4.03,0.4,3,640000,,,750000,,MLB-2021 Arb by club
2021,"Castro, Miguel",NYN,rhp,4.079,0.6,0.5,1050000,,,1687500,,MLB-2021 Arb by club
2021,"Conforto, Michael",NYN,rf,5.043,0.9,12,8000000,,,12250000,,MLB-2021 Arb by club
2021,"Davis, J.D.",NYN,3b,2.137,0.4,2.6,592463,2475000,2100000,2100000,,MLB-2021 Arb by club
2021,"Diaz, Edwin",NYN,rhp-c,4.121,1,8.5,5100000,,,7000000,,MLB-2021 Arb by club
2021,"Gsellman, Robert",NYN,rhp-s,4.042,-0.3,0.8,1225000,,,1300000,,MLB-2021 Arb by club
2021,"Heredia, Guillermo",NYN,of,3.112,0.3,3.5,1000000,,,1000000,,MLB-2021 Arb by club
2021,"Lindor, Francisco",NYN,ss,5.113,1.3,26.4,17500000,,,22300000,,MLB-2021 Arb by club
2021,"Lugo, Seth",NYN,rhp-s,4.082,1,5.5,2000000,,,2925000,,MLB-2021 Arb by club
2021,"Matz, Steven",NYN,lhp-s,5.099,-0.7,8,5000000,,,5200000,,MLB-2021 Arb by club
2021,"Nimmo, Brandon",NYN,lf,4.042,0.9,6,2175000,,,4700000,,MLB-2021 Arb by club
2021,"Shreve, Chasen",NYN,lhp,5.012,0.5,2.6,1500000,,non-tendered,,,MLB-2021 Arb by club
2021,"Smith, Dominic",NYN,1b,2.146,0.5,0.3,578826,,,2550000,,MLB-2021 Arb by club
2021,"Syndergaard, Noah",NYN,rhp-s,5.149,-,22.1,9700000,,,9700000,,MLB-2021 Arb by club
2021,"Tropeano, Nick",NYN,rhp-s,4.05,0.2,0.9,,,non-tendered,,,MLB-2021 Arb by club
2021,"Bassitt, Chris",OAK,rhp,4.13,1.1,1.6,2250000,,,4900000,,MLB-2021 Arb by club
2021,"Canha, Mark",OAK,1b-lf,5.092,1.6,7.3,4800000,,,6925000,,MLB-2021 Arb by club
2021,"Chapman, Matt",OAK,3b,3.109,-0.2,13.4,623500,,,6490000,,MLB-2021 Arb by club
2021,"Kemp, Tony",OAK,2b-of,3.098,0.2,1.2,597100,,,1050000,,MLB-2021 Arb by club
2021,"Manaea, Sean",OAK,lhp-s,4.157,0.9,6.5,3750000,,,5950000,,MLB-2021 Arb by club
2021,"Montas, Frankie",OAK,rhp,3.015,0,2.3,573500,,,1800000,,MLB-2021 Arb by club
2021,"Olson, Matt",OAK,1b,3.103,1.2,9.8,603500,,,5000000,,MLB-2021 Arb by club
2021,"Pinder, Chad",OAK,2b-of,4.047,0,3.3,2025000,,,2275000,,MLB-2021 Arb by club
2021,"Smith, Burch",OAK,rhp,3.095,0.2,-1.1,680000,,,705000,,MLB-2021 Arb by club
2021,"Trivino, Lou",OAK,rhp,2.163,0.3,2.3,568500,,,912500,,MLB-2021 Arb by club
2021,"Alvarado, Jose",PHI,lhp,3.088,0.1,2.2,573100,,,1000000,,MLB-2021 Arb by club
2021,"Dominguez, Seranthony",PHI,rhp,2.147,-,1.6,571500,,,727500,,MLB-2021 Arb by club
2021,"Eflin, Zach",PHI,rhp-s,4.018,1.9,3,2625000,,,4450000,,MLB-2021 Arb by club
2021,"Hale, David",PHI,rhp-s,3.163,0.8,0.8,800000,,,850000,,MLB-2021 Arb by club
2021,"Hoskins, Rhys",PHI,1b,3.053,0.5,8.5,605000,,,4800000,,MLB-2021 Arb by club
2021,"Knapp, Andrew",PHI,c,4,0.2,-0.2,710000,,,1100000,,MLB-2021 Arb by club
2021,"Neris, Hector",PHI,rhp,5.068,0.5,6.7,4600000,,,5000000,,MLB-2021 Arb by club
2021,"Velasquez, Vincent",PHI,rhp-s,5.086,0.7,5.6,3600000,,,4000000,,MLB-2021 Arb by club
2021,"Brault, Steven",PIT,lhp-s,3.085,0.3,1,590500,,,2050000,,MLB-2021 Arb by club
2021,"Crick, Kyle",PIT,rhp,3.104,0.1,0.6,590000,,,800000,,MLB-2021 Arb by club
2021,"Feliz, Michael",PIT,rhp,4.169,0,4,1100000,,,1000000,,MLB-2021 Arb by club
2021,"Frazier, Adam",PIT,ss-of,4.075,1,4.7,2800000,,,4300000,,MLB-2021 Arb by club
2021,"Gonzalez, Erik",PIT,ss,4.007,-0.2,0.1,725000,,,1225000,,MLB-2021 Arb by club
2021,"Kuhl, Chad",PIT,rhp-s,4.079,0.3,2.1,840000,,,2130000,,MLB-2021 Arb by club
2021,"Moran, Colin",PIT,3b,3.107,0.4,0.6,593500,,,2800000,,MLB-2021 Arb by club
2021,"Musgrove, Joe",PIT,rhp-s,4.063,0.9,9.3,2800000,,,4450000,,MLB-2021 Arb by club
2021,"Osuna, Jose",PIT,of,3.036,0.2,0.7,589500,,released,,,MLB-2021 Arb by club
2021,"Rodriguez, Richard",PIT,rhp,3.016,0.5,2.5,633500,,,1700000,,MLB-2021 Arb by club
2021,"Stallings, Jacob",PIT,c,2.149,0.7,3.2,586500,,,1300000,,MLB-2021 Arb by club
2021,"Stratton, Chris",PIT,rhp-s,3.1,0.8,2.3,588500,,,1100000,,MLB-2021 Arb by club
2021,"Taillon, Jameson",PIT,rhp-s,4.11,0.8,9,2250000,,,2250000,,MLB-2021 Arb by club
2021,"Williams, Trevor",PIT,rhp-s,4.027,-0.5,3.3,2825000,,DFA,,,MLB-2021 Arb by club
2021,"Altavilla, Dan",SDN,rhp,3.063,0.2,1.5,573500,,,850000,,MLB-2021 Arb by club
2021,"Caratini, Victor",SDN,c,3.051,0,1.4,592000,,,1300000,,MLB-2021 Arb by club
2021,"Clevinger, Mike",SDN,rhp-s,4.013,0.3,10.1,4100000,2 yr / $11M,extension,,,MLB-2021 Arb by club
2021,"Garcia, Greg",SDN,ss,5.083,0.2,3.2,1500000,,non-tendered,,,MLB-2021 Arb by club
2021,"Lamet, Dinelson",SDN,rhp-s,3.13,2.1,6.2,1300000,,,4200000,,MLB-2021 Arb by club
2021,"Pagan, Emilio",SDN,rhp,3.091,0.1,3.2,591000,,,1570000,,MLB-2021 Arb by club
2021,"Perdomo, Luis",SDN,rhp-s,4.072,0.4,1.7,950000,,DFA,,,MLB-2021 Arb by club
2021,"Pham, Tommy",SDN,lf,5.107,0.1,7.6,7900000,,,8900000,,MLB-2021 Arb by club
2021,"Strahm, Matt",SDN,lhp,4.064,0.2,2.7,1400000,,,2050000,,MLB-2021 Arb by club
2021,"Crawford, J.P.",SEA,ss,2.163,1.2,3.1,575800,,,2050000,,MLB-2021 Arb by club
2021,"Haniger, Mitch",SEA,rf,4.048,1.4,7.8,3010000,,,3010000,,MLB-2021 Arb by club
2021,"Montero, Rafael",SEA,rhp,4.138,0.1,2.5,785000,,,2250000,,MLB-2021 Arb by club
2021,"Murphy, Tom",SEA,c,3.092,2,2,577300,,,875000,,MLB-2021 Arb by club
2021,"Anderson, Tyler",SFN,lhp-s,5.065,-0.4,2.6,1775000,,non-tendered,,,MLB-2021 Arb by club
2021,"Dickerson, Alex",SFN,lf,4.12,0.8,1.4,925000,,,2100000,,MLB-2021 Arb by club
2021,"Garcia, Jarlin",SFN,lhp,3.114,0.3,1.3,588500,,,950000,,MLB-2021 Arb by club
2021,"Gott, Trevor",SFN,rhp,3.048,-0.1,-0.1,588500,,,700000,,MLB-2021 Arb by club
2021,"Moronta, Reyes",SFN,rhp,3.028,-,2.3,588500,,,695000,,MLB-2021 Arb by club
2021,"Peralta, Wandy",SFN,lhp,3.168,0.5,-1.1,805000,,,925000,,MLB-2021 Arb by club
2021,"Robertson, Daniel",SFN,ss,3.029,0,2.4,1025000,,non-tendered,,,MLB-2021 Arb by club
2021,"Ruf, Darin",SFN,1b-of,3.138,0.4,0.6,800000,,,1275000,,MLB-2021 Arb by club
2021,"Slater, Austin",SFN,of,2.147,0.6,0,576000,,,1150000,,MLB-2021 Arb by club
2021,"Solano, Donovan",SFN,2b-3b,5.081,0,2.8,1375000,3900000,3250000,3250000,,MLB-2021 Arb by club
2021,"Bader, Harrison",SLN,of,3.03,-0.4,4.6,590100,,,2000000,,MLB-2021 Arb by club
2021,"Brebbia, John",SLN,rhp,3.093,-,2.5,587600,,non-tendered,,,MLB-2021 Arb by club
2021,"Flaherty, Jack",SLN,rhp-s,3.006,0.7,12.2,604500,3900000,3000000,3900000,,MLB-2021 Arb by club
2021,"Gant, John",SLN,rhp,4.004,0.5,3.5,1300000,,,2100000,,MLB-2021 Arb by club
2021,"Hicks, Jordan",SLN,rhp,3,-,-0.3,578800,,,862500,,MLB-2021 Arb by club
2021,"Reyes, Alex",SLN,rhp-s,3.043,0.4,1.2,,,,900000,,MLB-2021 Arb by club
2021,"Chirinos, Yonny",TBA,rhp-s,2.137,0,2.9,576700,,,1175000,,MLB-2021 Arb by club
2021,"Choi, Ji-Man",TBA,1b,3.076,0.1,1.6,850000,2450000,1850000,2450000,,MLB-2021 Arb by club
2021,"Glasnow, Tyler",TBA,rhp-s,3.158,1.4,3.3,2050000,,,4000000,,MLB-2021 Arb by club
2021,"Margot, Manuel",TBA,cf,4.012,0.4,2.5,2475000,,,3400000,,MLB-2021 Arb by club
2021,"Renfroe, Hunter",TBA,rf,3.165,0.1,4.4,3300000,,outrighted-FA,,,MLB-2021 Arb by club
2021,"Wendle, Joey",TBA,3b-2b,3.088,0.8,4.8,575600,,,2250000,,MLB-2021 Arb by club
2021,"Yarbrough, Ryan",TBA,lhp-s,2.147,0.7,3.6,578500,3100000,2300000,2300000,,MLB-2021 Arb by club
2021,"Gallo, Joey",TEX,3b,4.103,0.8,9.4,4400000,,,6200000,,MLB-2021 Arb by club
2021,"Kiner-Falefa, Isiah",TEX,c,3,0.2,-0.2,587000,,,2000000,,MLB-2021 Arb by club
2021,"Santana, Danny",TEX,cf-rf,5.14,-0.1,2.3,3600000,,non-tendered,,,MLB-2021 Arb by club
2021,"Cole, A.J.",TOR,rhp-s,3.124,0.1,0.4,850000,,non-tendered,,,MLB-2021 Arb by club
2021,"Hernandez, Teoscar",TOR,lf,3.097,1.1,4.6,602200,,,4325000,,MLB-2021 Arb by club
2021,"Shaw, Travis",TOR,3b,5.053,0.5,10.7,4000000,,non-tendered,,,MLB-2021 Arb by club
2021,"Stripling, Ross",TOR,rhp,4.115,-0.8,8.5,2100000,,,3000000,,MLB-2021 Arb by club
2021,"Bell, Josh",WAS,1b-rf,4.053,-0.1,2.4,4800000,,,6350000,,MLB-2021 Arb by club
2021,"Ross, Joe",WAS,rhp-s,4.018,-,3.6,1500000,,,1500000,,MLB-2021 Arb by club
2021,"Soto, Juan",WAS,lf,2.134,1.6,9.5,629400,,,8500000,,MLB-2021 Arb by club
2021,"Turner, Trea",WAS,ss,4.135,1.5,15.8,7450000,,,13000000,,MLB-2021 Arb by club
2020,"La Stella, Tommy",ANA,2b-3b,5.057,1.5,2.7,1350000,,,3250000,,MLB-2020 Arb by club
2020,"Bedrosian, Cam",ANA,rhp,4.153,1.3,4,1750000,,,2800000,,MLB-2020 Arb by club
2020,"Heaney, Andrew",ANA,lhp-s,4.15,0.5,5.3,3400000,,,4300000,,MLB-2020 Arb by club
2020,"Robles, Hansel",ANA,rhp,4.119,1.3,2.7,1400000,,,3850000,,MLB-2020 Arb by club
2020,"Stassi, Max",ANA,c,3.049,-0.3,2.3,590100,,,800000,,MLB-2020 Arb by club
2020,"Smith, Kevan",ANA,c,3.031,0.5,1.6,572500,,,non-tendered,,MLB-2020 Arb by club
2020,"Goodwin, Brian",ANA,of,3.019,1.2,1.6,583500,2200000,1850000,2200000,,MLB-2020 Arb by club
2020,"Middleton, Kenyan",ANA,rhp,2.15,0,0.8,563500,,,800000,,MLB-2020 Arb by club
2020,"Ramirez, Noe",ANA,rhp,2.139,1.1,2,569000,,,900000,,MLB-2020 Arb by club
2020,"Bundy, Dylan",ANA,rhp-s,4.026,1.6,2.3,2800000,,,5000000,,MLB-2020 Arb by club
2020,"Walker, Taijuan",ARI,rhp-s,5.142,-,4.6,5025000,,,non-tendered,,MLB-2020 Arb by club
2020,"Peralta, David",ARI,lf,5.12,0.7,9,7000000,,,3 y/$22 extn,,MLB-2020 Arb by club
2020,"Souza, Steven",ARI,rf,5.072,-,1.9,4125000,,,non-tendered,,MLB-2020 Arb by club
2020,"Ahmed, Nick",ARI,ss,5.054,3.3,10.3,3662500,6950000,6600000,4 / $32.5 extn,,MLB-2020 Arb by club
2020,"Lamb, Jake",ARI,1b,5.053,0.5,7.3,4825000,,,5510000,,MLB-2020 Arb by club
2020,"Chafin, Andrew",ARI,lhp,5.02,0.8,2,1945000,,,3045000,,MLB-2020 Arb by club
2020,"Joseph, Caleb",ARI,c,5.02,0,9,1100000,,,non-tendered,,MLB-2020 Arb by club
2020,"Ray, Robbie",ARI,lhp-s,5.007,3.2,11.6,6050000,,,9430000,,MLB-2020 Arb by club
2020,"Bradley, Archie",ARI,rhp,4.112,0.6,1.3,1830000,4100000,3625000,4100000,,MLB-2020 Arb by club
2020,"Andriese, Matt",ARI,rhp-s,4.071,1.3,5.7,920000,,,1390000,,MLB-2020 Arb by club
2020,"Almonte, Abraham",ARI,of,4.017,0.3,0.6,,,,outrighted,,MLB-2020 Arb by club
2020,"Greene, Shane",ATL,rhp,5.075,1.1,2.5,4000000,6750000,6250000,6250000,,MLB-2020 Arb by club
2020,"Foltynewicz, Mike",ATL,rhp-s,4.134,1.8,6.1,5475000,,,6425000,,MLB-2020 Arb by club
2020,"Culberson, Charlie",ATL,inf,4.084,0,0.1,1395000,,,non-tendered,,MLB-2020 Arb by club
2020,"Duvall, Adam",ATL,lf,3.151,0.4,5.6,,,,3250000,,MLB-2020 Arb by club
2020,"Murphy, John Ryan",ATL,c,3.122,0.1,2,900000,,,non-tendered,,MLB-2020 Arb by club
2020,"Swanson, Dansby",ATL,ss,3.047,2.7,5.7,585000,,,3150000,,MLB-2020 Arb by club
2020,"Jackson, Luke",ATL,rhp,3.019,1.7,0.8,585000,,,1825000,,MLB-2020 Arb by club
2020,"Dayton, Grant",ATL,lhp,3.007,0.2,0.7,585000,,,655000,,MLB-2020 Arb by club
2020,"Camargo, Johan",ATL,2b,2.136,0.4,2.8,575000,,,1700000,,MLB-2020 Arb by club
2020,"Givens, Mychal",BAL,rhp,4.069,1.5,4.6,2125000,,,3225000,,MLB-2020 Arb by club
2020,"Alberto, Hanser",BAL,ss,3.085,1.9,2,578000,,,1650000,,MLB-2020 Arb by club
2020,"Castro, Miguel",BAL,rhp,3.079,1.1,-0.6,569000,,,1050000,,MLB-2020 Arb by club
2020,"Bleier, Richard",BAL,lhp,3.074,0.1,-0.1,572500,,,915000,,MLB-2020 Arb by club
2020,"Mancini, Trey",BAL,1b-of,3.015,3.2,6.3,575500,,,4750000,,MLB-2020 Arb by club
2020,"Bradley Jr., Jackie",BOS,cf,5.15,1.1,11.4,8550000,,,11000000,,MLB-2020 Arb by club
2020,"Betts, Mookie",BOS,rf,5.07,5.6,35.7,20000000,,,27000000,,MLB-2020 Arb by club
2020,"Workman, Brandon",BOS,rhp,5.051,1.9,1.9,1150000,,,3500000,,MLB-2020 Arb by club
2020,"Rodriguez, Eduardo",BOS,lhp-s,4.13,2.8,7,4300000,8975000,8300000,8300000,,MLB-2020 Arb by club
2020,"Barnes, Matt",BOS,rhp,4.11,1.8,5.3,1600000,,,3100000,,MLB-2020 Arb by club
2020,"Hembree, Heath",BOS,rhp,4.106,-0.5,1.1,1312500,,,1612500,,MLB-2020 Arb by club
2020,"Osich, Josh",BOS,lhp,3.118,0.6,0.4,,,,non-tendered,,MLB-2020 Arb by club
2020,"Benintendi, Andrew",BOS,lf,3.062,1.3,7.7,717500,4150000,3400000,2 / $10 extn,,MLB-2020 Arb by club
2020,"Hernandez, Marco",BOS,ss,3.058,-0.3,-0.2,564000,,,non-tendered,,MLB-2020 Arb by club
2020,"Colome, Alex",CHA,rhp,5.118,0.9,5.2,7325000,,,10532500,,MLB-2020 Arb by club
2020,"McCann, James",CHA,c,5.028,1.8,1.5,2500000,,,5400000,,MLB-2020 Arb by club
2020,"Garcia, Leury",CHA,cf-2b,5.025,1.1,1.2,1550000,,,3250000,,MLB-2020 Arb by club
2020,"Rodon, Carlos",CHA,lhp-s,4.168,0.6,-0.8,4200000,,,4450000,,MLB-2020 Arb by club
2020,"Sanchez, Yolmer",CHA,2b,4.134,2.2,2.8,4625000,,,non-tendered,,MLB-2020 Arb by club
2020,"Marshall, Evan",CHA,rhp,3.09,0.2,0.1,,,,1100000,,MLB-2020 Arb by club
2020,"Mazara, Nomar",CHA,rf,4,0.6,2.1,3300000,,,5560000,,MLB-2020 Arb by club
2020,"Bryant, Kris",CHN,3b,4.171,3,20.2,12900000,,,18600000,,MLB-2020 Arb by club
2020,"Russell, Addison",CHN,ss,4.118,0.8,6.6,3400000,,,non-tendered,,MLB-2020 Arb by club
2020,"Baez, Javy",CHN,2b,4.089,3.9,10.5,5200000,,,10000000,,MLB-2020 Arb by club
2020,"Schwarber, Kyle",CHN,lf,4.086,2.8,7.5,3390000,,,7010000,,MLB-2020 Arb by club
2020,"Contreras, Willson",CHN,c,3.108,2.5,7.2,684000,,,4500000,,MLB-2020 Arb by club
2020,"Almora, Albert",CHN,cf,3.072,0,2.6,615500,,,1575000,,MLB-2020 Arb by club
2020,"Cotton, Jharel",CHN,rhp-s,2.158,-,-1.4,565000,,,640000,,MLB-2020 Arb by club
2020,"Ryan, Kyle",CHN,lhp,2.139,0.9,-0.6,700000,,,975000,,MLB-2020 Arb by club
2020,"Bauer, Trevor",CIN,rhp-s,5.158,2,11.2,13000000,,,17500000,,MLB-2020 Arb by club
2020,"Gausman, Kevin",CIN,rhp-s,5.151,1.1,10.6,9350000,,,non-tendered,,MLB-2020 Arb by club
2020,"Dietrich, Derek",CIN,lf-2b,5.151,1.2,5.2,2000000,,,outrighted,,MLB-2020 Arb by club
2020,"DeSclafani, Anthony",CIN,rhp-s,5.062,3.3,7.9,2125000,,,5975000,,MLB-2020 Arb by club
2020,"Lorenzen, Michael",CIN,rhp-of,4.159,1.1,2.4,1950000,,,3725000,,MLB-2020 Arb by club
2020,"Casali, Curt",CIN,c,3.151,1.2,3.3,950000,,,1462500,,MLB-2020 Arb by club
2020,"Jankowski, Travis",CIN,cf,3.148,0.1,0.2,1165000,,,1050000,,MLB-2020 Arb by club
2020,"Peraza, Jose",CIN,2b,3.141,0.9,5.4,2775000,,,non-tendered,,MLB-2020 Arb by club
2020,"Bowman, Matt",CIN,rhp,3.021,0.2,1.3,,,,865000,,MLB-2020 Arb by club
2020,"Salazar, Danny",CLE,rhp-s,5.162,-0.1,10.6,4500000,,,outrighted,,MLB-2020 Arb by club
2020,"Leon, Sandy",CLE,c,5.144,0.1,3.1,2475000,,,2000000,,MLB-2020 Arb by club
2020,"Lindor, Francisco",CLE,ss,4.113,3.7,25,10550000,,,17500000,,MLB-2020 Arb by club
2020,"Plawecki, Kevin",CLE,c,3.167,0.2,4.1,1137500,,,non-tendered,,MLB-2020 Arb by club
2020,"Anderson, Cody",CLE,rhp-s,3.116,-0.2,1.1,641250,,,outrighted,,MLB-2020 Arb by club
2020,"Wittgren, Nick",CLE,rhp,3.071,0.3,1.3,,,,1125000,,MLB-2020 Arb by club
2020,"Clevinger, Mike",CLE,rhp-s,3.041,3.2,9.4,592200,,,4100000,,MLB-2020 Arb by club
2020,"Naquin, Tyler",CLE,rf,3.033,0.4,1.2,574800,,,1450000,,MLB-2020 Arb by club
2020,"Cole, A.J.",CLE,rhp,2.124,-0.3,1.2,,,,outrighted,,MLB-2020 Arb by club
2020,"DeShields Jr., Delino",CLE,cf-lf,4.109,0.8,5.4,1400000,,,1875000,,MLB-2020 Arb by club
2020,"Oberg, Scott",COL,rhp,4.063,1.2,1.1,1300000,,3 y/$13M extn,2000000,,MLB-2020 Arb by club
2020,"Gray, Jon",COL,rhp-s,4.062,2.9,8.4,2925000,,,5600000,,MLB-2020 Arb by club
2020,"Story, Trevor",COL,ss,4,4.9,14.9,5000000,11500000,10750000,2 y/$27.5 extn,,MLB-2020 Arb by club
2020,"Wolters, Tony",COL,rhp,3.161,1.7,5.3,960000,2475000,1900000,1900000,,MLB-2020 Arb by club
2020,"Estevez, Carlos",COL,rhp,3.022,1,0.1,,,,1080000,,MLB-2020 Arb by club
2020,"Dahl, David",COL,lf,2.162,1.6,3,560000,,,2425000,,MLB-2020 Arb by club
2020,"Freeland, Kyle",COL,lhp-s,2.144,-0.6,2.1,565000,,,2875000,,MLB-2020 Arb by club
2020,"Norris, Daniel",DET,lhp,4.073,0.9,-0.1,1275000,,,2962500,,MLB-2020 Arb by club
2020,"Fulmer, Michael",DET,rhp-s,3.157,-,6.3,2800000,,,2800000,,MLB-2020 Arb by club
2020,"Boyd, Matt",DET,lhp-s,3.136,3.7,0.2,2600000,,,5300000,,MLB-2020 Arb by club
2020,"Farmer, Buck",DET,rhp,3.083,1.1,-0.6,570800,,,1150000,,MLB-2020 Arb by club
2020,"VerHagen, Drew",DET,rhp-s,3.066,-0.2,-0.1,567400,,,released,,MLB-2020 Arb by club
2020,"Jones, Jacoby",DET,cf,2.125,0,0.4,567100,,,1575000,,MLB-2020 Arb by club
2020,"Springer, George",HOU,cf,5.166,4.6,23.2,12000000,22500000,17500000,21000000,,MLB-2020 Arb by club
2020,"Peacock, Brad",HOU,rhp,5.165,0.6,3.6,3110000,,,3900000,,MLB-2020 Arb by club
2020,"Sanchez, Aaron",HOU,rhp-s,5.069,-1.4,0.5,3900000,,,non-tendered,,MLB-2020 Arb by club
2020,"McCullers Jr., Lance",HOU,rhp-s,4.14,-,8.7,4100000,,,4100000,,MLB-2020 Arb by club
2020,"Correa, Carlos",HOU,ss,4.119,2.3,16.7,5000000,,,8000000,,MLB-2020 Arb by club
2020,"Osuna, Roberto",HOU,rhp-c,4.097,1.3,6.9,6500000,,,10000000,,MLB-2020 Arb by club
2020,"Devenski, Chris",HOU,rhp,4,-0.1,5.3,1525000,,,2000000,,MLB-2020 Arb by club
2020,"Biagini, Joe",HOU,rhp,3.134,-0.7,1.6,900000,,,1000000,,MLB-2020 Arb by club
2020,"Diaz, Aledmys",HOU,ss,3.1,1,4.6,2000000,2600000,2000000,2600000,,MLB-2020 Arb by club
2020,"Soler, Jorge",KCA,rf-dh,4.143,4.5,3.8,4666667,,,7300000,,MLB-2020 Arb by club
2020,"Montgomery, Mike",KCA,lhp-s,4.089,-2,2.9,2440000,,,3100000,,MLB-2020 Arb by club
2020,"Hahn, Jesse",KCA,rhp,4.067,0.4,1.4,800000,,,non-tendered,,MLB-2020 Arb by club
2020,"Cuthbert, Cheslor",KCA,3b,3.152,-0.4,0.7,850000,,,non-tendered,,MLB-2020 Arb by club
2020,"Baez, Pedro",LAN,rhp,5.059,1.3,4.8,2100000,4000000,3500000,4000000,,MLB-2020 Arb by club
2020,"Hernandez, Enrique",LAN,2b-ss,5.054,1.3,7.2,3725000,,,5900000,,MLB-2020 Arb by club
2020,"Pederson, Joc",LAN,cf,5.028,2.9,6.9,5000000,9500000,7750000,7750000,,MLB-2020 Arb by club
2020,"Garcia, Yimi",LAN,rhp,4.149,0.7,1.4,710000,,,non-tendered,,MLB-2020 Arb by club
2020,"Taylor, Chris",LAN,cf,4.037,0.6,8.1,3500000,5800000,5250000,2 / $13.4 extn,,MLB-2020 Arb by club
2020,"Seager, Corey",LAN,ss,4.032,3.2,13.3,4000000,,,7600000,,MLB-2020 Arb by club
2020,"Stripling, Ross",LAN,rhp,3.115,2.2,9.3,595000,,,2100000,,MLB-2020 Arb by club
2020,"Barnes, Austin",LAN,c,3.098,0.7,6.1,575000,,,1100000,,MLB-2020 Arb by club
2020,"Alexander, Scott",LAN,lhp,3.097,0,-0.1,575000,,,875000,,MLB-2020 Arb by club
2020,"Muncy, Max",LAN,1b,3.027,4.9,8.9,575000,4675000,4000000,3 y/$26 extn,,MLB-2020 Arb by club
2020,"Bellinger, Cody",LAN,1b-of,2.16,6.6,12.3,605000,,,11500000,,MLB-2020 Arb by club
2020,"Urias, Julio",LAN,lhp-s,2.122,1.8,3.7,565000,,,1000000,,MLB-2020 Arb by club
2020,"Villar, Jonathan",MIA,2b,5.113,3.2,7.2,4825000,,,8200000,,MLB-2020 Arb by club
2020,"Urena, Jose",MIA,rhp-s,4.04,0,2.3,3200000,,,3750000,,MLB-2020 Arb by club
2020,"Conley, Adam",MIA,lhp-s,3.147,-1,0.1,1125000,,,1525000,,MLB-2020 Arb by club
2020,"Aguilar, Jesus",MIA,1b,3.082,0.2,4.3,637500,2575000,2325000,2575000,,MLB-2020 Arb by club
2020,"Riddle, J.T.",MIA,ss,2.118,0,2.1,560000,,,outrighted,,MLB-2020 Arb by club
2020,"Nelson, Jimmy",MIL,rhp-s,5.107,-0.3,3.7,3700000,,,non-tendered,,MLB-2020 Arb by club
2020,"Perez, Hernan",MIL,3b,5.056,0,2.3,2500000,,,outrighted,,MLB-2020 Arb by club
2020,"Knebel, Corey",MIL,rhp,4.151,1.5,3.5,5125000,,,5125000,,MLB-2020 Arb by club
2020,"Claudio, Alex",MIL,lhp,4.114,0.3,1.9,1275000,,,non-tendered,,MLB-2020 Arb by club
2020,"Shaw, Travis",MIL,3b,4.053,0.2,10.2,4675000,,,non-tendered,,MLB-2020 Arb by club
2020,"Spangenberg, Cory",MIL,3b,4.041,0.3,1.9,,,,outrighted,,MLB-2020 Arb by club
2020,"Guerra, Junior",MIL,rhp-s,3.155,1.2,3.6,2225000,,,non-tendered,,MLB-2020 Arb by club
2020,"Saladino, Tyler",MIL,2b,3.092,0,2.5,887500,,,non-tendered,,MLB-2020 Arb by club
2020,"Arcia, Orlando",MIL,ss,3.047,0.4,4.1,565700,,,2200000,,MLB-2020 Arb by club
2020,"Gamel, Ben",MIL,of,3.029,0.3,1.4,567700,,,1400000,,MLB-2020 Arb by club
2020,"Suter, Brent",MIL,lhp,2.161,0.2,1,568300,1250000,825000,2 / $2.5 extn,,MLB-2020 Arb by club
2020,"Austin, Tyler",MIL,of,2.151,0.3,0.3,568600,,,outrighted,,MLB-2020 Arb by club
2020,"Hader, Josh",MIL,lhp,2.115,2.6,6.3,687600,6400000,4100000,4100000,,MLB-2020 Arb by club
2020,"Narvaez, Omar",MIL,c,3.089,3.5,4.2,581200,2725000,2725000,,,MLB-2020 Arb by club
2020,"Adrianza, Ehire",MIN,ss,5.131,0.8,2.3,1300000,,,1600000,,MLB-2020 Arb by club
2020,"Cron, C.J.",MIN,1b-dh,5.097,1.3,6.1,4800000,,,non-tendered,,MLB-2020 Arb by club
2020,"May, Trevor",MIN,rhp,5.012,1,2.2,900000,,,2205000,,MLB-2020 Arb by club
2020,"Rosario, Eddie",MIN,lf,4.12,2.3,10.8,4190000,,,7750000,,MLB-2020 Arb by club
2020,"Sano, Miguel",MIN,3b,4.066,2.5,8.4,2650000,6250000,5100000,3 y/$30 extn,,MLB-2020 Arb by club
2020,"Buxton, Byron",MIN,cf,3.16,1.5,7.3,1750000,,,3075000,,MLB-2020 Arb by club
2020,"Rogers, Taylor",MIN,lhp,3.145,1.9,4,1525000,,,4450000,,MLB-2020 Arb by club
2020,"Duffey, Tyler",MIN,rhp,3.074,1.4,2,,,,1200000,,MLB-2020 Arb by club
2020,"Berrios, Jose",MIN,rhp-s,3.044,2.9,6,620000,4400000,4025000,4025000,,MLB-2020 Arb by club
2020,"Wisler, Matt",MIN,rhp-s,3.042,0.7,0.3,570000,,,725000,,MLB-2020 Arb by club
2020,"Paxton, James",NYA,lhp-s,5.151,2.6,16.1,8575000,,,12500000,,MLB-2020 Arb by club
2020,"Kahnle, Tommy",NYA,rhp,4.131,1.9,3.4,1387500,,,2650000,,MLB-2020 Arb by club
2020,"Lyons, Tyler",NYA,lhp,4.064,0.1,3.1,,,,outrighted,,MLB-2020 Arb by club
2020,"Bird, Greg",NYA,1b,4.053,0,0.6,1200000,,,DFA,,MLB-2020 Arb by club
2020,"Sanchez, Gary",NYA,c,3.086,3,11,669800,,,5000000,,MLB-2020 Arb by club
2020,"Judge, Aaron",NYA,rf-dh,3.051,2.7,14.3,684300,,,8500000,,MLB-2020 Arb by club
2020,"Green, Chad",NYA,rhp,3.046,1.3,5.2,598650,,,1275000,,MLB-2020 Arb by club
2020,"Montgomery, Jordan",NYA,lhp-s,2.153,0,1.6,596600,,,850000,,MLB-2020 Arb by club
2020,"Cessa, Luis",NYA,rhp,2.131,0.5,2,578975,,,895000,,MLB-2020 Arb by club
2020,"Urshela, Giovanny",NYA,3b,2.127,3.4,4.5,575000,,,2475000,,MLB-2020 Arb by club
2020,"Holder, Jonathan",NYA,rhp,2.124,0.3,1.7,580300,,,750000,,MLB-2020 Arb by club
2020,"Marisnick, Jake",NYN,cf,5.132,0,3.1,2212500,,,3312500,,MLB-2020 Arb by club
2020,"Stroman, Marcus",NYN,rhp-s,5.148,4,15.8,7400000,,,12000000,,MLB-2020 Arb by club
2020,"Panik, Joe",NYN,2b,5.1,1,7,3850000,,,DFA,,MLB-2020 Arb by club
2020,"Syndergaard, Noah",NYN,rhp-s,4.149,4.9,21.9,6000000,,,9700000,,MLB-2020 Arb by club
2020,"Matz, Steven",NYN,lhp-s,4.099,2.4,8.8,2625000,,,5000000,,MLB-2020 Arb by club
2020,"Conforto, Michael",NYN,rf,4.043,3.4,10.3,4025000,,,8000000,,MLB-2020 Arb by club
2020,"Diaz, Edwin",NYN,rhp-c,3.121,1.5,7.5,607425,,,5100000,,MLB-2020 Arb by club
2020,"Lugo, Seth",NYN,rhp-s,3.082,2.3,4.5,591875,,,2000000,,MLB-2020 Arb by club
2020,"Nimmo, Brandon",NYN,lf,3.042,0.9,5.1,598285,,,2175000,,MLB-2020 Arb by club
2020,"Gsellman, Robert",NYN,rhp-s,3.042,0.4,1.1,582500,,,1225000,,MLB-2020 Arb by club
2020,"Hendriks, Liam",OAK,rhp,5.164,2.4,2.9,2150000,,,5300000,,MLB-2020 Arb by club
2020,"McFarland, T.J.",OAK,lhp,5.164,-0.7,-0.2,1400000,,,1800000,,MLB-2020 Arb by club
2020,"Semien, Marcus",OAK,ss,5.118,7.5,21.1,5900000,,,13000000,,MLB-2020 Arb by club
2020,"Phegley, Josh",OAK,c,5.087,0.8,1.7,1075000,,,non-tendered,,MLB-2020 Arb by club
2020,"Treinen, Blake",OAK,rhp-c,5.065,-0.2,4.2,6400000,,,non-tendered,,MLB-2020 Arb by club
2020,"Grossman, Robbie",OAK,lf,5.06,0.7,1.9,2000000,,,3725000,,MLB-2020 Arb by club
2020,"Canha, Mark",OAK,1b-lf,4.092,3.6,5.9,2050000,,,4800000,,MLB-2020 Arb by club
2020,"Buchter, Ryan",OAK,lhp,4.01,-0.3,-0.2,1400000,,,non-tendered,,MLB-2020 Arb by club
2020,"Manaea, Sean",OAK,lhp-s,3.157,0.6,5.6,3150000,,,3750000,,MLB-2020 Arb by club
2020,"Bassitt, Chris",OAK,rhp,3.13,2,0.5,565000,,,2250000,,MLB-2020 Arb by club
2020,"Pinder, Chad",OAK,2b-of,3.047,0.1,2.7,565000,,,2025000,,MLB-2020 Arb by club
2020,"Hernandez, Cesar",PHI,2b,5.154,0.8,8.5,7750000,,,non-tendered,,MLB-2020 Arb by club
2020,"Realmuto, J.T.",PHI,c,5.038,3.6,16.6,5900000,12400000,10000000,10000000,,MLB-2020 Arb by club
2020,"Parker, Blake",PHI,rhp,5.036,0.7,3.9,1800000,,,outrighted,,MLB-2020 Arb by club
2020,"Alvarez, Jose",PHI,lhp,5.035,0.3,2.6,1925000,,,2950000,,MLB-2020 Arb by club
2020,"Franco, Maikel",PHI,3b,4.157,1.2,6,5200000,,,non-tendered,,MLB-2020 Arb by club
2020,"Velasquez, Vincent",PHI,rhp-s,4.086,0.4,4.9,2249000,,,3600000,,MLB-2020 Arb by club
2020,"Neris, Hector",PHI,rhp,4.068,1.8,6.3,1800000,5200000,4250000,4600000,,MLB-2020 Arb by club
2020,"Eickhoff, Jerad",PHI,rhp,4.028,-0.2,4.7,975000,,,outrighted,,MLB-2020 Arb by club
2020,"Morin, Mike",PHI,rhp,4.026,-0.3,3.6,"?  $700,000",,,outrighted,,MLB-2020 Arb by club
2020,"Morgan, Adam",PHI,lhp,4.017,0.4,1,1100000,,,1575000,,MLB-2020 Arb by club
2020,"Gosselin, Phil",PHI,2b,3.125,0,0.5,,,,outrighted,,MLB-2020 Arb by club
2020,"Ramos, Edubray",PHI,rhp,3.06,0,1,573500,,,outrighted,,MLB-2020 Arb by club
2020,"Eflin, Zach",PHI,rhp-s,3.018,1.1,1.1,590000,,,2625000,,MLB-2020 Arb by club
2020,"Pirela, Jose",PHI,lf,3.002,0,0.6,575000,,,released,,MLB-2020 Arb by club
2020,"Knapp, Andrew",PHI,c,3,0.3,-0.3,565000,,,710000,,MLB-2020 Arb by club
2020,"Kela, Keone",PIT,rhp,5,0.5,3.5,3175000,,,3725000,,MLB-2020 Arb by club
2020,"Feliz, Michael",PIT,rhp,3.169,1.2,3.9,850000,,,1100000,,MLB-2020 Arb by club
2020,"Taillon, Jameson",PIT,rhp-s,3.11,0.8,9,587500,,,2000000,,MLB-2020 Arb by club
2020,"Diaz, Elias",PIT,c,3.088,1,2.5,578500,,,non-tendered,,MLB-2020 Arb by club
2020,"Kuhl, Chad",PIT,rhp-s,3.079,-,1.8,578000,,,840000,,MLB-2020 Arb by club
2020,"Frazier, Adam",PIT,ss-of,3.075,1,3.7,584000,,,2800000,,MLB-2020 Arb by club
2020,"Musgrove, Joe",PIT,rhp,3.063,4,8.4,582500,,,2800000,,MLB-2020 Arb by club
2020,"Bell, Josh",PIT,1b-rf,3.053,2,2.6,587000,,,4800000,,MLB-2020 Arb by club
2020,"Williams, Trevor",PIT,rhp-s,3.027,0.1,3.8,584000,,,2825000,,MLB-2020 Arb by club
2020,"Gonzalez, Erik",PIT,ss,3.007,0.2,0.4,577000,,,725000,,MLB-2020 Arb by club
2020,"Profar, Jurickson",SDN,2b,5.165,0.3,2.3,3600000,,,5700000,,MLB-2020 Arb by club
2020,"Yates, Kirby",SDN,rhp-c,5.021,2.2,6.2,3062000,,,7062500,,MLB-2020 Arb by club
2020,"Garcia, Greg",SDN,ss,4.083,1.1,3,910000,,,1500000,,MLB-2020 Arb by club
2020,"Hedges, Austin",SDN,c,3.166,0.2,7.9,2060000,,,3000000,,MLB-2020 Arb by club
2020,"Edwards, Carl",SDN,rhp,3.098,0,3.1,1500000,,,outrighted,,MLB-2020 Arb by club
2020,"Perdomo, Luis",SDN,rhp,3.086,0.8,1.3,,,,950000,,MLB-2020 Arb by club
2020,"Strahm, Matt",SDN,lhp,3.064,1.7,2.4,581700,,,1400000,,MLB-2020 Arb by club
2020,"Margot, Manuel",SDN,cf,3.012,1,2.7,577100,,,2475000,,MLB-2020 Arb by club
2020,"Pham, Tommy",SDN,lf,4.107,3,10.9,4100000,,,7900000,,MLB-2020 Arb by club
2020,"Lamet, Dinelson",SDN,rhp-s,2.13,2,4.1,566700,,,1300000,,MLB-2020 Arb by club
2020,"Davies, Zach",SDN,rhp-s,4.02,0.8,6.2,2600000,,,5250000,,MLB-2020 Arb by club
2020,"Beckham, Tim",SEA,3b,5.101,0.5,2.9,1750000,,,non-tendered,,MLB-2020 Arb by club
2020,"Bass, Anthony",SEA,rhp,5.01,1,1.8,950000,,,lost on waivers,,MLB-2020 Arb by club
2020,"Santana, Domingo",SEA,lf,4.024,1.3,2.7,1950000,,,non-tendered,,MLB-2020 Arb by club
2020,"Smith, Mallex",SEA,lf-cf,3.125,0.7,1.9,578400,,,2350000,,MLB-2020 Arb by club
2020,"Tuivailala, Sam",SEA,rhp,3.082,0.2,1.3,568600,,,800000,,MLB-2020 Arb by club
2020,"Haniger, Mitch",SEA,rf,3.048,1,7.4,590100,,,3010000,,MLB-2020 Arb by club
2020,"Broxton, Keon",SEA,cf,3.038,-0.9,0.1,571765,,,outrighted,,MLB-2020 Arb by club
2020,"Pillar, Kevin",SFN,cf,5.113,1.4,9.7,5800000,,,non-tendered,,MLB-2020 Arb by club
2020,"Solano, Donovan",SFN,2b,4.081,0.9,2.8,,,,1375000,,MLB-2020 Arb by club
2020,"Anderson, Tyler",SFN,lhp-s,4.062,0,3,2625000,,,non-tendered,,MLB-2020 Arb by club
2020,"Dickerson, Alex",SFN,lf,3.106,0.6,1.2,,,,925000,,MLB-2020 Arb by club
2020,"Rickard, Joey",SFN,of,3.049,0,0.6,570000,,,non-tendered,,MLB-2020 Arb by club
2020,"Peralta, Wandy",SFN,lhp,2.168,-0.4,-1.5,570000,,,805000,,MLB-2020 Arb by club
2020,"Leone, Dominic",SLN,rhp,4.068,-0.1,3.5,1260000,,,DFA,,MLB-2020 Arb by club
2020,"Gant, John",SLN,rhp,3.004,0.8,3.1,571300,,,1300000,,MLB-2020 Arb by club
2020,"Zunino, Mike",TBA,c,5.165,-0.3,12.1,4412500,,,4500000,,MLB-2020 Arb by club
2020,"Duffy, Matt",TBA,ss,5.059,0.2,7.5,2675000,,,DFA,,MLB-2020 Arb by club
2020,"Renfroe, Hunter",TBA,rf,2.165,0.9,3.6,582100,,,3300000,,MLB-2020 Arb by club
2020,"Roe, Chaz",TBA,rhp,4.094,0.4,1.7,1250000,,,2185200,,MLB-2020 Arb by club
2020,"Heredia, Guillermo",TBA,of,3.054,0.2,2.8,782000,,,non-tendered,,MLB-2020 Arb by club
2020,"Drake, Oliver",TBA,lhp,3.045,1.4,3.5,566100,,,1025000,,MLB-2020 Arb by club
2020,"Glasnow, Tyler",TBA,rhp-s,2.158,2,2.8,566700,,,2050000,,MLB-2020 Arb by club
2020,"Robertson, Daniel",TBA,ss,2.134,0.1,2.4,570300,,,1025000,,MLB-2020 Arb by club
2020,"Santana, Danny",TEX,cf-rf,4.14,2.1,2.4,,,,3600000,,MLB-2020 Arb by club
2020,"Federowicz, Tim",TEX,c,3.158,0.1,-0.3,1000000,,,outrighted,,MLB-2020 Arb by club
2020,"Montero, Rafael",TEX,rhp,3.138,0.4,2.3,,,,785000,,MLB-2020 Arb by club
2020,"Goody, Nick",TEX,rhp,3.105,-0.3,0.8,,,,915000,,MLB-2020 Arb by club
2020,"Gallo, Joey",TEX,3b,3.103,2.1,8.1,605500,,,4400000,,MLB-2020 Arb by club
2020,"Biddle, Jesse",TEX,lhp,2.166,-0.5,0.1,575000,,,outrighted,,MLB-2020 Arb by club
2020,"Shoemaker, Matt",TOR,rhp-s,5.166,0.4,5.6,3500000,,,4200000,,MLB-2020 Arb by club
2020,"Giles, Ken",TOR,rhp-c,5.106,1.6,9.2,6300000,,,9600000,,MLB-2020 Arb by club
2020,"Drury, Brandon",TOR,3b,3.165,-0.4,0,1300000,,,2050000,,MLB-2020 Arb by club
2020,"Maile, Luke",TOR,c,3.099,0,2.3,579000,,,non-tendered,,MLB-2020 Arb by club
2020,"Dull, Ryan",TOR,rhp,3.022,-0.4,2.4,860000,,,outrighted,,MLB-2020 Arb by club
2020,"Law, Derek",TOR,rhp,2.126,-0.1,1.6,567500,,,non-tendered,,MLB-2020 Arb by club
2020,"Strickland, Hunter",WAS,rhp,4.163,-0.3,1.8,1300000,,,1600000,,MLB-2020 Arb by club
2020,"Guerra, Javy",WAS,rhp,4.145,0.1,-0.5,,,,non-tendered,,MLB-2020 Arb by club
2020,"Taylor, Michael",WAS,of,4.129,-0.3,3.9,3250000,,,3325000,,MLB-2020 Arb by club
2020,"Elias, Roenis",WAS,lhp,4.069,-0.1,2,910000,,,1975000,,MLB-2020 Arb by club
2020,"Ross, Joe",WAS,rhp,4.018,-0.5,3.6,1000000,,,1500000,,MLB-2020 Arb by club
2020,"Turner, Trea",WAS,ss,3.135,3.9,14.2,3725000,,,7450000,,MLB-2020 Arb by club
2020,"Glover, Koda",WAS,rhp,3.051,-,0.3,564300,,,non-tendered,,MLB-2020 Arb by club
2020,"Difo, Wilmer",WAS,ss,3.016,0.1,2.2,581100,,,1000000,,MLB-2020 Arb by club
2019,"Skaggs, Tyler",ANA,lhp-s,4.135,2.1,4.7,1875000,,,3700000,,MLB-2019 Arb by club
2019,"Heaney, Andrew",ANA,lhp-s,3.15,3.5,4.9,800000,,,3400000,,MLB-2019 Arb by club
2019,"Ramirez, J.C.",ANA,rhp,3.139,-0.3,0.5,1900000,,,1901000,,MLB-2019 Arb by club
2019,"Bedrosian, Cam",ANA,rhp,3.153,0.5,2.7,1100000,,,1750000,,MLB-2019 Arb by club
2019,"Garcia, Luis",ANA,rhp,4.006,0.9,2,1200000,,,1675000,,MLB-2019 Arb by club
2019,"Robles, Hansel",ANA,rhp,3.119,0.3,1.9,553125,,,1400000,,MLB-2019 Arb by club
2019,"La Stella, Tommy",ANA,2b-3b,4.057,0.1,1.8,950000,,,1350000,,MLB-2019 Arb by club
2019,"Tropeano, Nick",ANA,rhp-s,3.068,0.5,1.5,542500,,,1075000,,MLB-2019 Arb by club
2019,"Shoemaker, Matt",ANA,rhp-s,4.166,-0.1,5.4,4125000,,non-tendered,,,MLB-2019 Arb by club
2019,"Parker, Blake",ANA,rhp,4.036,-0.2,3.3,1800000,,non-tendered,,,MLB-2019 Arb by club
2019,"Peralta, David",ARI,rf,4.12,3,12.6,3300000,,,7000000,,MLB-2019 Arb by club
2019,"Ray, Robbie",ARI,lhp-s,4.007,1.9,8.3,3950000,,,6050000,,MLB-2019 Arb by club
2019,"Walker, Taijuan",ARI,rhp-s,4.142,0,4,4825000,,,5025000,,MLB-2019 Arb by club
2019,"Lamb, Jake",ARI,3b,4.053,0.7,9.7,4275000,,,4825000,,MLB-2019 Arb by club
2019,"Souza, Steven",ARI,rf,4.072,-0.6,2.6,3550000,,,4125000,,MLB-2019 Arb by club
2019,"Ahmed, Nick",ARI,ss,4.054,3.4,6,1275000,,,3662500,,MLB-2019 Arb by club
2019,"Owings, Chris",ARI,ss,5.012,-0.8,0.7,3400000,,non-tendered,3000000,,MLB-2019 Arb by club
2019,"Miller, Shelby",ARI,rhp-s,5.166,0.2,3.7,4900000,,non-tendered,2000000,,MLB-2019 Arb by club
2019,"Chafin, Andrew",ARI,lhp,4.02,0.4,1.1,1195000,,,1945000,,MLB-2019 Arb by club
2019,"Bradley, Archie",ARI,rhp,3.112,0.4,0.5,581900,,,1830000,,MLB-2019 Arb by club
2019,"McFarland, T.J.",ARI,lhp,4.164,0.2,-2.2,850000,1675000,1275000,1400000,,MLB-2019 Arb by club
2019,"Andriese, Matt",ARI,rhp-s,3.071,0,4.1,558400,,,920000,,MLB-2019 Arb by club
2019,"Murphy, John Ryan",ARI,c,3.043,1.2,1.4,558000,,,900000,,MLB-2019 Arb by club
2019,"Boxberger, Brad",ARI,rhp,5.109,-0.1,3.4,1850000,,non-tendered,,,MLB-2019 Arb by club
2019,"Gausman, Kevin",ATL,rhp-s,4.151,2.8,10,5600000,,,9350000,,MLB-2019 Arb by club
2019,"Foltynewicz, Mike",ATL,rhp-s,3.163,3.9,4.1,2200000,,,5475000,,MLB-2019 Arb by club
2019,"Vizcaino, Arodys",ATL,rhp-c,5.168,0.2,3,3400000,,,4800000,,MLB-2019 Arb by club
2019,"Duvall, Adam",ATL,lf,3.096,1.1,7.6,645000,,,2875000,,MLB-2019 Arb by club
2019,"Venters, Jonny",ATL,lhp,5.159,0,2.9,,,,2250000,,MLB-2019 Arb by club
2019,"Winkler, Daniel",ATL,rhp,4,1,1.3,610000,,,1610000,,MLB-2019 Arb by club
2019,"Freeman, Sam",ATL,lhp,4.066,0.5,1.2,1075000,,,1575000,,MLB-2019 Arb by club
2019,"Culberson, Charlie",ATL,2b-3b,3.084,1.5,0.8,575000,,,1395000,,MLB-2019 Arb by club
2019,"Lindgren, Jacob",ATL,lhp,2.134,n/a,n/a,820000,,,,,MLB-2019 Arb by club
2019,"Villar, Jonathan",BAL,2b,4.113,1.1,8.6,2550000,,,4825000,,MLB-2019 Arb by club
2019,"Bundy, Dylan",BAL,rhp-s,3.026,-0.1,2.1,1640000,,,2800000,,MLB-2019 Arb by club
2019,"Givens, Mychal",BAL,rhp,3.069,0.1,3.4,566500,,,2150000,,MLB-2019 Arb by club
2019,"Beckham, Tim",BAL,3b,4.134,-0.1,3.6,3350000,,non-tendered,,,MLB-2019 Arb by club
2019,"Joseph, Caleb",BAL,c,4.127,-0.6,6.4,1250000,,non-tendered,,,MLB-2019 Arb by club
2019,"Peterson, Jace",BAL,2b-3b,4.003,0,2.1,900000,,outrighted,,,MLB-2019 Arb by club
2019,"Betts, Mookie",BOS,rf,4.07,9.1,29.5,10500000,,,20000000,,MLB-2019 Arb by club
2019,"Bogaerts, Xander",BOS,ss,5.042,5.3,15.1,7050000,,,12000000,,MLB-2019 Arb by club
2019,"Bradley Jr., Jackie",BOS,cf,4.15,2.2,10.2,6100000,,,8550000,,MLB-2019 Arb by club
2019,"Rodriguez, Eduardo",BOS,lhp-s,3.13,2.3,4.9,2375000,,,4300000,,MLB-2019 Arb by club
2019,"Holt, Brock",BOS,3b-rf,5.052,0.4,4.7,2225000,,,3575000,,MLB-2019 Arb by club
2019,"Leon, Sandy",BOS,c,4.149,0.1,2.1,1950000,,,2475000,,MLB-2019 Arb by club
2019,"Thornburg, Tyler",BOS,rhp,5.057,0,2,2050000,,,1750000,,MLB-2019 Arb by club
2019,"Barnes, Matt",BOS,rhp,3.11,1.9,3.5,605000,,,1600000,,MLB-2019 Arb by club
2019,"Wright, Steven",BOS,rhp-s,4.088,1.5,6.8,1100000,,,1375000,,MLB-2019 Arb by club
2019,"Hembree, Heath",BOS,rhp,3.106,0.7,1.7,581500,,,1312500,,MLB-2019 Arb by club
2019,"Workman, Brandon",BOS,rhp,4.051,-0.6,0,835000,,,1150000,,MLB-2019 Arb by club
2019,"Swihart, Blake",BOS,c,2.164,-0.3,0.2,563500,,,910000,,MLB-2019 Arb by club
2019,"Smith, Carson",BOS,rhp,4.028,0.1,2.3,850000,,outrighted,,,MLB-2019 Arb by club
2019,"Abreu, Jose",CHA,1b,5,2,17.7,13000000,,,16000000,,MLB-2019 Arb by club
2019,"Colome, Alex",CHA,rhp-c,4.118,0.8,4,5300000,,,7325000,,MLB-2019 Arb by club
2019,"Sanchez, Yolmer",CHA,2b,3.134,1,0.5,2350000,,,4625000,,MLB-2019 Arb by club
2019,"Rodon, Carlos",CHA,lhp-s,3.168,-1.8,-1.6,2300000,,,4200000,,MLB-2019 Arb by club
2019,"Garcia, Avisail",CHA,rf,5.167,1.1,6,6700000,,non-tendered,3500000,,MLB-2019 Arb by club
2019,"Garcia, Leury",CHA,cf-2b,4.025,0.7,-0.1,1175000,,,1550000,,MLB-2019 Arb by club
2019,"Farquhar, Danny",CHA,rhp,4.135,0.2,5.9,1050000,,outrighted,,,MLB-2019 Arb by club
2019,"Davidson, Matt",CHA,3b-dh,2.145,0.2,-1.1,570000,,non-tendered,,,MLB-2019 Arb by club
2019,"Bryant, Kris",CHN,3b,3.171,3.3,24.8,10850000,,,12900000,,MLB-2019 Arb by club
2019,"Hendricks, Kyle",CHN,rhp-s,4.081,5,19,4175000,,,7405000,,MLB-2019 Arb by club
2019,"Baez, Javier",CHN,2b,3.089,6,10.2,657000,,,5200000,,MLB-2019 Arb by club
2019,"Russell, Addison",CHN,ss,3.167,1.5,8.7,3200000,,,3400000,,MLB-2019 Arb by club
2019,"Schwarber, Kyle",CHN,lf-c,3.086,2.6,6.2,604500,,,3390000,,MLB-2019 Arb by club
2019,"Montgomery, Mike",CHN,lhp-s,3.089,0.9,4.3,611250,,,2440000,,MLB-2019 Arb by club
2019,"Edwards, Carl",CHN,rhp,2.134,0.3,3.1,594000,,,1500000,,MLB-2019 Arb by club
2019,"Torreyes, Ronnie",CHN,2b,2.139,0,1.7,615500,,non-tendered,800000,,MLB-2019 Arb by club
2019,"Roark, Tanner",CIN,rhp-s,5.055,0.9,11.4,6475000,,,10000000,,MLB-2019 Arb by club
2019,"Gennett, Scooter",CIN,2b,5.071,3.9,10.2,5700000,,,9775000,,MLB-2019 Arb by club
2019,"Puig, Yasiel",CIN,rf,5.102,2,19.3,9214286,,,9700000,,MLB-2019 Arb by club
2019,"Hamilton, Billy",CIN,cf,5.028,1.3,9,4600000,,non-tendered,4250000,,MLB-2019 Arb by club
2019,"Peraza, Jose",CIN,2b,2.141,2.9,4.1,570000,,,2775000,,MLB-2019 Arb by club
2019,"DeSclafani, Anthony",CIN,rhp-s,4.062,0.2,4.5,860000,,,2125000,,MLB-2019 Arb by club
2019,"Lorenzen, Michael",CIN,rhp,3.159,-0.8,-2.8,1312500,,,1950000,,MLB-2019 Arb by club
2019,"Casali, Curt",CIN,c,2.151,0.5,2.5,513600,,,950000,,MLB-2019 Arb by club
2019,"Wood, Alex",CIN,lhp-s,5.123,3.3,17.8,6000000,9650000,8700000,9650000,,MLB-2019 Arb by club
2019,"Lindor, Francisco",CLE,ss,3.113,6.6,21.3,623200,,,10550000,,MLB-2019 Arb by club
2019,"Salazar, Danny",CLE,rhp-s,4.162,2.5,10.9,5000000,,,4500000,,MLB-2019 Arb by club
2019,"Martin, Leonys",CLE,cf,5.161,3.1,12.1,1750000,,,3000000,,MLB-2019 Arb by club
2019,"Plawecki, Kevin",CLE,c,2.167,1,4.4,557471,,,1137500,,MLB-2019 Arb by club
2019,"Ramirez, Neil",CLE,rhp,4.001,0.6,1.7,750000,,,1000000,,MLB-2019 Arb by club
2019,"Goody, Nick",CLE,rhp,2.16,-0.1,1.4,561500,,,675000,,MLB-2019 Arb by club
2019,"Anderson, Cody",CLE,rhp-s,3.017,1,1.5,545000,,,641250,,MLB-2019 Arb by club
2019,"Bauer, Trevor",CLE,rhp-s,4.158,5.7,9.2,6525000,13000000,11000000,13000000,,MLB-2019 Arb by club
2019,"Barnes, Brandon",CLE,lf-cf,3.124,0,1.7,1000000,,outrighted,,,MLB-2019 Arb by club
2019,"Story, Trevor",COL,ss,3,5.2,11.4,555000,,,5000000,,MLB-2019 Arb by club
2019,"Bettis, Chad",COL,rhp-s,4.096,-0.6,-0.9,2000000,,,3325000,,MLB-2019 Arb by club
2019,"Gray, Jon",COL,rhp-s,3.062,1.7,5.2,555000,,,2925000,,MLB-2019 Arb by club
2019,"Anderson, Tyler",COL,lhp-s,3.065,1,3.2,555000,,,2625000,,MLB-2019 Arb by club
2019,"Rusin, Chris",COL,lhp-s,4.092,-0.4,-0.5,1287500,,,1687500,,MLB-2019 Arb by club
2019,"Oberg, Scott",COL,rhp,3.063,1,-0.2,555000,,,1300000,,MLB-2019 Arb by club
2019,"Wolters, Tony",COL,c,2.161,1.2,3,550000,,,960000,,MLB-2019 Arb by club
2019,"Arenado, Nolan",COL,3b,5.155,5.9,34.7,17750000,30000000,24000000,26000000,,MLB-2019 Arb by club
2019,"Castellanos, Nick",DET,3b,5.029,4.6,9.1,6050000,,,9950000,,MLB-2019 Arb by club
2019,"Greene, Shane",DET,rhp,4.075,0.7,1.4,1950000,,,4000000,,MLB-2019 Arb by club
2019,"Boyd, Matt",DET,lhp-s,2.136,0.2,-2.8,562000,,,2600000,,MLB-2019 Arb by club
2019,"Hardy, Blaine",DET,lhp,3.108,1.2,2.2,795000,,,1300000,,MLB-2019 Arb by club
2019,"Norris, Daniel",DET,lhp-s,3.073,0.1,-0.7,561400,,,1275000,,MLB-2019 Arb by club
2019,"McCann, James",DET,c,4.028,-1,-2.7,2375000,,non-tendered,,,MLB-2019 Arb by club
2019,"Wilson, Alex",DET,rhp,5.038,0.6,0.7,1925000,,non-tendered,,,MLB-2019 Arb by club
2019,"Coleman, Louis",DET,rhp,4.16,-0.2,1.8,,,outrighted,,,MLB-2019 Arb by club
2019,"Kozma, Pete",DET,ss-2b,3.094,0.1,2.3,575000,,outrighted,,,MLB-2019 Arb by club
2019,"Fulmer, Michael",DET,rhp-s,2.157,1,5.9,575200,3400000,2800000,2800000,,MLB-2019 Arb by club
2019,"Osuna, Roberto",HOU,rhp-c,3.098,0.5,5.7,5300000,,,6500000,,MLB-2019 Arb by club
2019,"McHugh, Collin",HOU,rhp-s,5.085,1.9,14.8,5000000,,,5800000,,MLB-2019 Arb by club
2019,"Harris, Will",HOU,rhp,5.102,1.7,9,2800000,,,4225000,,MLB-2019 Arb by club
2019,"McCullers Jr., Lance",HOU,rhp-s,3.14,3,8.4,2450000,,,4100000,,MLB-2019 Arb by club
2019,"Peacock, Brad",HOU,rhp,4.165,1.8,3.2,2440000,,,3100000,,MLB-2019 Arb by club
2019,"Pressly, Ryan",HOU,rhp,5.039,2.5,5.6,1600000,,,2900000,,MLB-2019 Arb by club
2019,"Marisnick, Jake",HOU,cf,4.132,0,3.9,1900000,,,2212500,,MLB-2019 Arb by club
2019,"Cole, Gerrit",HOU,rhp-s,5.111,6.4,23.6,6750000,13500000,11425000,13500000,,MLB-2019 Arb by club
2019,"Correa, Carlos",HOU,ss,3.119,2.9,15.2,1000000,5000000,4250000,5000000,,MLB-2019 Arb by club
2019,"Devenski, Chris",HOU,rhp,3,0.7,5.8,599200,1650000,1400000,1525000,,MLB-2019 Arb by club
2019,"Peralta, Wily *",KC,rhp,5.049,-0.5,-1.8,1500000,,,2250000,,MLB-2019 Arb by club
2019,"Cuthbert, Cheslor",KC,3b,3.03,-0.5,-0.1,573500,,,850000,,MLB-2019 Arb by club
2019,"Hahn, Jesse",KC,rhp,3.067,-0.6,1.1,574000,,,800000,,MLB-2019 Arb by club
2019,"Flynn, Brian",KC,lhp,3.086,-1.5,-1.5,573500,,,800000,,MLB-2019 Arb by club
2019,"Maurer, Brandon",KC,rhp,5.04,-0.5,2.1,2950000,,outrighted,,,MLB-2019 Arb by club
2019,"Karns, Nate",KC,rhp-s,4.033,0.5,4.2,1375000,,outrighted,,,MLB-2019 Arb by club
2019,"Pederson, Joc",LAN,cf,4.028,2.4,7.4,2600000,,,5000000,,MLB-2019 Arb by club
2019,"Seager, Corey",LAN,ss,3.032,0.8,15,605000,,,4000000,,MLB-2019 Arb by club
2019,"Hernandez, Enrique",LAN,2b-ss,4.054,2.5,8.1,1600000,,,3725000,,MLB-2019 Arb by club
2019,"Taylor, Chris",LAN,cf,3.037,3.7,10.4,575000,,,3500000,,MLB-2019 Arb by club
2019,"Fields, Josh",LAN,rhp,5.083,0,0.9,2200000,,,2850000,,MLB-2019 Arb by club
2019,"Cingrani, Tony",LAN,lhp,5.088,0.3,0.1,2300000,,,2650000,,MLB-2019 Arb by club
2019,"Baez, Pedro",LAN,rhp,4.059,1,3.4,1500000,,,2100000,,MLB-2019 Arb by club
2019,"Garcia, Yimi",LAN,rhp,3.149,-0.3,0.7,630000,,,710000,,MLB-2019 Arb by club
2019,"Koehler, Tom",LAN,rhp-s,5.152,-0.8,2.1,2000000,,released,,,MLB-2019 Arb by club
2019,"Rosscup, Zac",LAN,lhp,3.164,0.2,0.4,610000,,released,,,MLB-2019 Arb by club
2019,"Goeddel, Erik",LAN,rhp,3.037,0.7,2.2,,,released,,,MLB-2019 Arb by club
2019,"Realmuto, J.T.",MIA,c,4.038,5.8,16.2,2900000,,,5900000,,MLB-2019 Arb by club
2019,"Straily, Dan",MIA,rhp-s,4.126,0.2,5.6,3370000,,,5000000,,MLB-2019 Arb by club
2019,"Urena, Jose",MIA,rhp-s,3.04,2.6,1.8,535000,,,3200000,,MLB-2019 Arb by club
2019,"Rojas, Miguel",MIA,ss,4.038,1.4,4.1,1180000,,,3155000,,MLB-2019 Arb by club
2019,"Conley, Adam",MIA,lhp-s,2.147,0.8,1.2,537500,,,1125000,,MLB-2019 Arb by club
2019,"Dietrich, Derek",MIA,lf-2b,4.151,1.5,9.3,2900000,,released,,,MLB-2019 Arb by club
2019,"Holaday, Bryan",MIA,c,4.056,-0.2,-1,1000000,,outrighted,,,MLB-2019 Arb by club
2019,"Knebel, Corey",MIL,rhp,3.151,1.5,3.8,3650000,,,5125000,,MLB-2019 Arb by club
2019,"Shaw, Travis",MIL,3b,3.088,4.6,11.2,567400,,,4675000,,MLB-2019 Arb by club
2019,"Nelson, Jimmy",MIL,rhp-s,4.107,n/a,3.8,3700000,,,3700000,,MLB-2019 Arb by club
2019,"Davies, Zach",MIL,rhp-s,3.02,0.5,4.5,572000,,,2600000,,MLB-2019 Arb by club
2019,"Perez, Hernan",MIL,3b,4.079,0.7,3,1975000,,,2500000,,MLB-2019 Arb by club
2019,"Pina, Manny",MIL,c,3.046,1.7,3.4,560100,,,1750000,,MLB-2019 Arb by club
2019,"Kratz, Erik",MIL,c,4.156,1.4,3.4,,,,1500000,,MLB-2019 Arb by club
2019,"Claudio, Alex",MIL,lhp,3.114,0.2,1.2,568450,,,1275000,,MLB-2019 Arb by club
2019,"Saladino, Tyler",MIL,2b,3.053,0.6,1.2,565000,,,887500,,MLB-2019 Arb by club
2019,"Schoop, Jonathan",MIL,2b-3b,5.027,1.5,7.6,8500000,,non-tendered,,,MLB-2019 Arb by club
2019,"Vogt, Stephen",MIL,c,5.084,-0.1,3.6,3065000,,outrighted,,,MLB-2019 Arb by club
2019,"Cedeno, Xavier",MIL,lhp,5.005,1,3.8,1050000,,non-tendered,,,MLB-2019 Arb by club
2019,"Jennings, Dan",MIL,lhp,5.171,0,0.1,750000,,non-tendered,,,MLB-2019 Arb by club
2019,"Odorizzi, Jake",MIN,rhp-s,5.042,-0.6,6.4,6300000,,,9500000,,MLB-2019 Arb by club
2019,"Gibson, Kyle",MIN,rhp-s,5.039,2.5,3.2,4200000,,,8125000,,MLB-2019 Arb by club
2019,"Cron, C.J.",MIN,1b-dh,4.097,2.1,5,2300000,,,4800000,,MLB-2019 Arb by club
2019,"Rosario, Eddie",MIN,lf,3.12,3.7,8.4,602500,,,4190000,,MLB-2019 Arb by club
2019,"Kepler, Max",MIN,rf,2.152,2.6,4.1,587500,,,3125000,,MLB-2019 Arb by club
2019,"Sano, Miguel",MIN,rf,3.066,0,5.5,602500,,,2650000,,MLB-2019 Arb by club
2019,"Buxton, Byron",MIN,cf,2.16,-0.6,5.9,580000,,,1750000,,MLB-2019 Arb by club
2019,"Rogers, Taylor",MIN,lhp,2.145,1.3,2.1,565000,,,1525000,,MLB-2019 Arb by club
2019,"Adrianza, Ehire",MIN,2b-ss,4.131,0,1.6,1000000,,,1300000,,MLB-2019 Arb by club
2019,"May, Trevor",MIN,rhp,4.012,0.6,1.5,650000,,,900000,,MLB-2019 Arb by club
2019,"Grossman, Robbie",MIN,lf,4.06,1.2,2.2,2000000,,non-tendered,,,MLB-2019 Arb by club
2019,"Gregorius, Didi",NYA,ss,5.159,4.2,14.6,8250000,,,11750000,,MLB-2019 Arb by club
2019,"Paxton, James",NYA,lhp-s,4.151,4.9,13.4,4900000,,,8575000,,MLB-2019 Arb by club
2019,"Gray, Sonny",NYA,rhp-s,5.061,0.4,12.9,6500000,,,7500000,,MLB-2019 Arb by club
2019,"Betances, Dellin",NYA,rhp,5.078,2.1,10.7,5100000,,,7250000,,MLB-2019 Arb by club
2019,"Hicks, Aaron",NYA,of,5.041,2.9,7.9,2825000,,,6000000,,MLB-2019 Arb by club
2019,"Romine, Austin",NYA,c,5.045,1.1,0.5,1100000,,,1800000,,MLB-2019 Arb by club
2019,"Kahnle, Tommy",NYA,rhp,3.131,0.2,1.5,1312500,,,1387500,,MLB-2019 Arb by club
2019,"Bird, Greg",NYA,1b,3.053,-0.7,0.4,582000,,,1200000,,MLB-2019 Arb by club
2019,"Severino, Luis",NYA,rhp-s,2.17,5.6,12.4,604975,5250000,4400000,10000000,4-year extension,MLB-2019 Arb by club
2019,"deGrom, Jacob",NYN,rhp-s,4.139,8,27.2,7400000,,,17000000,,MLB-2019 Arb by club
2019,"Syndergaard, Noah",NYN,rhp-s,3.149,5,16.8,2975000,,,6000000,,MLB-2019 Arb by club
2019,"Wheeler, Zack",NYN,rhp-s,5.098,4.8,10.2,1900000,,,5975000,,MLB-2019 Arb by club
2019,"Conforto, Michael",NYN,lf-rf,3.043,3.2,11.4,605094,,,4025000,,MLB-2019 Arb by club
2019,"d'Arnaud, Travis",NYN,c,5.044,0.2,11.4,3475000,,,3515000,,MLB-2019 Arb by club
2019,"Matz, Steven",NYN,lhp-s,3.099,3,6.4,577000,,,2625000,,MLB-2019 Arb by club
2019,"Flores, Wilmer",NYN,2b-3b,5.003,1,7.2,3400000,,non-tendered,,,MLB-2019 Arb by club
2019,"Montero, Rafael",NYN,rhp,3.068,n/a,n/a,558025,,outrighted,,,MLB-2019 Arb by club
2019,"Davis, Khris",OAK,lf,5.104,3.3,13.5,10500000,,,16500000,,MLB-2019 Arb by club
2019,"Fiers, Mike",OAK,rhp-s,5.085,1.4,10.4,6000000,,extension,6000000,,MLB-2019 Arb by club
2019,"Semien, Marcus",OAK,ss,4.118,5.6,13.3,3125000,,,5900000,,MLB-2019 Arb by club
2019,"Profar, Jurickson",OAK,lf,4.165,1.7,1,1050000,,,3600000,,MLB-2019 Arb by club
2019,"Manaea, Sean",OAK,lhp-s,2.157,2.4,5.3,550000,,,3150000,,MLB-2019 Arb by club
2019,"Hendriks, Liam",OAK,rhp,4.164,0.1,0.5,1900000,,,2150000,,MLB-2019 Arb by club
2019,"Canha, Mark",OAK,1b-lf,3.092,1.5,2.1,545000,,,2050000,,MLB-2019 Arb by club
2019,"Buchter, Ryan",OAK,lhp,3.01,0.6,0.7,555000,,,1400000,,MLB-2019 Arb by club
2019,"Phegley, Josh",OAK,c,4.087,0,-0.3,905000,,,1075000,,MLB-2019 Arb by club
2019,"Dull, Ryan",OAK,rhp,2.143,0.3,3,555000,,,860000,,MLB-2019 Arb by club
2019,"Graveman, Kendall",OAK,rhp-s,3.078,0,-0.3,2360000,,non-tendered,,,MLB-2019 Arb by club
2019,"Treinen, Blake",OAK,rhp-c,4.065,2.5,3.9,2150000,6400000,5600000,6400000,,MLB-2019 Arb by club
2019,"Gearrin, Cory",OAK,rhp,5.136,0.2,0.3,1675000,,non-tendered,,,MLB-2019 Arb by club
2019,"Hernandez, Cesar",PHI,2b,4.154,3.6,12.4,5100000,,,7750000,,MLB-2019 Arb by club
2019,"Franco, Maikel",PHI,3b,3.17,2,4.7,2950000,,,5200000,,MLB-2019 Arb by club
2019,"Velasquez, Vincent",PHI,rhp-s,3.086,1.9,4.4,559000,,,2249000,,MLB-2019 Arb by club
2019,"Alvarez, Jose",PHI,lhp,4.035,0.8,2.7,1050000,,,1930000,,MLB-2019 Arb by club
2019,"Neris, Hector",PHI,rhp,3.068,1.4,4.6,582500,,,1800000,,MLB-2019 Arb by club
2019,"Altherr, Aaron",PHI,of,3.028,-0.9,3.4,561000,,,1350000,,MLB-2019 Arb by club
2019,"Morgan, Adam",PHI,lhp,3.017,0.4,0.6,559000,,,1100000,,MLB-2019 Arb by club
2019,"Eickhoff, Jerad",PHI,rhp-s,3.045,0.1,4.9,568000,,,975000,,MLB-2019 Arb by club
2019,"Bour, Justin",PHI,1b,4.064,0.8,5.1,3400000,,non-tendered,,,MLB-2019 Arb by club
2019,"Avilan, Luis",PHI,lhp,5.146,0,2.1,2450000,,non-tendered,,,MLB-2019 Arb by club
2019,"Florimon Jr., Pedro",PHI,ss,3.126,0.5,1.5,600000,,non-tendered,,,MLB-2019 Arb by club
2019,"Nola, Aaron",PHI,rhp-s,3.076,6.6,16.2,573000,6750000,4500000,11200000,signed 4-year extension,MLB-2019 Arb by club
2019,"Dickerson, Corey",PIT,lf,5.101,2.9,11.7,5950000,,,8500000,,MLB-2019 Arb by club
2019,"Kela, Keone",PIT,rhp,4,1.1,2.9,1200000,,,3175000,,MLB-2019 Arb by club
2019,"Feliz, Michael",PIT,rhp,3.026,-0.1,2.9,575500,,,850000,,MLB-2019 Arb by club
2019,"Lavarnway, Ryan",PIT,c,3.001,0.2,-1.1,,,outrighted,,,MLB-2019 Arb by club
2019,"Jankowski, Travis",SD,cf,2.169,0.8,1,,,,11650000,,MLB-2019 Arb by club
2019,"Yates, Kirby",SD,rhp,4.021,2.2,4.5,1062500,,,3062500,,MLB-2019 Arb by club
2019,"Hedges, Austin",SD,c,2.166,2.1,6.9,553100,,,2060000,,MLB-2019 Arb by club
2019,"Erlin, Robbie",SD,lhp,4.078,2.6,4.4,650000,,,1450000,,MLB-2019 Arb by club
2019,"Mitchell, Bryan",SD,rhp-s,3.049,-1.6,-2.1,552800,,,910000,,MLB-2019 Arb by club
2019,"Garcia, Greg",SD,ss,3.083,0.1,3.3,569600,,,910000,,MLB-2019 Arb by club
2019,"Spangenberg, Cory",SD,3b,4.004,0,3.9,1700000,,outrighted,,,MLB-2019 Arb by club
2019,"Dickerson, Alex",SD,lf,2.146,,,551600,,outrighted,,,MLB-2019 Arb by club
2019,"Elias, Roenis",SEA,lhp,3.069,-0.2,2.1,,,,9100000,,MLB-2019 Arb by club
2019,"Santana, Domingo",SEA,rf,3.024,0.8,5.2,572400,,,1950000,,MLB-2019 Arb by club
2019,"Ramirez, Erasmo",SEA,rhp,5.158,-0.7,3.9,4200000,,outrighted,,,MLB-2019 Arb by club
2019,"Vincent, Nick",SEA,rhp,5.067,0.9,6.5,2750000,,outrighted,,,MLB-2019 Arb by club
2019,"Herrmann, Chris",SEA,c,4.128,0.5,-1,1300000,,outrighted,,,MLB-2019 Arb by club
2019,"Cook, Ryan",SEA,rhp,4.153,0.2,3.2,,,outrighted,,,MLB-2019 Arb by club
2019,"Grimm, Justin",SEA,rhp,5.111,-0.4,3.5,1250000,,outrighted,,,MLB-2019 Arb by club
2019,"Dyson, Sam",SF,rhp,4.142,0.7,0.8,4425000,,,5000000,,MLB-2019 Arb by club
2019,"Smith, Will",SF,lhp,5.155,1,5.1,2500000,,,4225000,,MLB-2019 Arb by club
2019,"Panik, Joe",SF,2b,4.1,0.6,8.6,3450000,,,3850000,,MLB-2019 Arb by club
2019,"Strickland, Hunter",SF,rhp,3.163,0.2,2.2,1550000,,non-tendered,,,MLB-2019 Arb by club
2019,"d'Arnaud, Chase",SF,2b-ss,3.056,-0.2,-0.6,,,outrighted,,,MLB-2019 Arb by club
2019,"Hernandez, Gorkys",SF,of,3.013,0.8,0.9,561500,,non-tendered,,,MLB-2019 Arb by club
2019,"Ozuna, Marcell",STL,lf,5.124,3,17.9,9000000,,,12250000,,MLB-2019 Arb by club
2019,"Wacha, Michael",STL,rhp-s,5.062,1.3,12.4,5300000,,,6350000,,MLB-2019 Arb by club
2019,"Leone, Dominic",STL,rhp,3.123,0.2,3.7,1085000,,,1260000,,MLB-2019 Arb by club
2019,"Shreve, Chasen",STL,lhp,3.167,0.8,2.4,825000,,,900000,,MLB-2019 Arb by club
2019,"Zunino, Mike",TBA,c,4.165,1.3,11.5,2975000,,,4412500,,MLB-2019 Arb by club
2019,"Duffy, Matt",TBA,ss,4.059,2.9,8.3,930000,,,2675000,,MLB-2019 Arb by club
2019,"Roe, Chaz",TBA,rhp,3.094,0.7,1.4,720000,,,1275000,,MLB-2019 Arb by club
2019,"Nuno, Vidal",TBA,lhp,4.012,0.2,0.5,1125000,,outrighted,,,MLB-2019 Arb by club
2019,"Sucre, Jesus",TBA,c,4.137,-1.4,0.3,925000,,outrighted,,,MLB-2019 Arb by club
2019,"Pham, Tommy",TBA,cf,3.107,3.5,10.4,570100,4100000,3500000,4100000,,MLB-2019 Arb by club
2019,"Mazara, Nomar",TEX,rf,3,-0.5,0.5,563560,,,3300000,,MLB-2019 Arb by club
2019,"DeShields Jr., Delino",TEX,cf-lf,3.116,1.1,4.5,561500,,,1400000,,MLB-2019 Arb by club
2019,"Barnette, Tony",TEX,rhp,3,0.3,1.6,1500000,,outrighted,,,MLB-2019 Arb by club
2019,"Rua, Ryan",TEX,lf-rf,3.117,-0.3,0.1,870000,,outrighted,,,MLB-2019 Arb by club
2019,"Butler, Eddie",TEX,rhp,2.141,-0.7,-4.6,570750,,outrighted,,,MLB-2019 Arb by club
2019,"Bush, Matt",TEX,rhp,2.132,-0.5,0.7,555950,,non-tendered,,,MLB-2019 Arb by club
2019,"Perez, Carlos",TEX,c,2.164,-0.6,0.2,,,outrighted,,,MLB-2019 Arb by club
2019,"Stroman, Marcus",TOR,rhp-s,4.148,1.3,10.2,6500000,,,7400000,,MLB-2019 Arb by club
2019,"Giles, Ken",TOR,rhp,4.106,0.9,7.5,4600000,,,6300000,,MLB-2019 Arb by club
2019,"Pillar, Kevin",TOR,cf,4.113,2.6,7.5,3250000,,,5800000,,MLB-2019 Arb by club
2019,"Grichuk, Randal",TOR,lf,4.033,2,8.5,2800000,,,5000000,,MLB-2019 Arb by club
2019,"Sanchez, Aaron",TOR,rhp-s,4.069,-0.8,1.7,2700000,,,3900000,,MLB-2019 Arb by club
2019,"Travis, Devon",TOR,2b,3.163,-0.2,3.5,1450000,,,1950000,,MLB-2019 Arb by club
2019,"Drury, Brandon",TOR,3b,2.165,-0.6,1.2,621900,,,1300000,,MLB-2019 Arb by club
2019,"Biagini, Joe",TOR,rhp,2.134,-0.6,2.1,543000,,,900000,,MLB-2019 Arb by club
2019,"Petricka, Jake",TOR,rhp,4.157,-0.4,-1.9,1300000,,outrighted,,,MLB-2019 Arb by club
2019,"Tepera, Ryan",TOR,rhp,3.008,0,1.1,574700,1800000,1525000,1525000,,MLB-2019 Arb by club
2019,"Solarte, Yangervis",TOR,3b,5,-0.9,6.3,4125000,,non-tendered,,,MLB-2019 Arb by club
2019,"Rendon, Anthony",WAS,3b,5.13,5.7,23.3,12300000,,,18800000,,MLB-2019 Arb by club
2019,"Turner, Trea",WAS,ss,2.135,5.6,13.5,577200,,,3725000,,MLB-2019 Arb by club
2019,"Ross, Joe",WAS,rhp-s,3.067,-0.3,3.9,567900,,,1000000,,MLB-2019 Arb by club
2019,"Solis, Sammy",WAS,lhp,3.061,0.2,1.1,560300,,,850000,,MLB-2019 Arb by club
2019,"Taylor, Michael",WAS,cf,4.01,1,6.4,2525000,3500000,3250000,3250000,,MLB-2019 Arb by club
2019,"Barraclough, Kyle",WAS,rhp,3.059,0.3,3.8,1113000,2000000,1725000,1725000,,MLB-2019 Arb by club
2018,"Richards, Garrett",ANA,rhp-s,5.148,0.7,14.5,6850000,,,7300000,,MLB-2018 Arb by club
2018,"Shoemaker, Matt",ANA,rhp-s,3.166,0.4,7.4,3325000,,,4125000,,MLB-2018 Arb by club
2018,"Maldonado, Martin",ANA,c,5.156,2.5,7.8,1725000,,,3900000,,MLB-2018 Arb by club
2018,"Cron, C.J.",ANA,1b-dh,3.097,0.6,2.9,565000,,,2300000,,MLB-2018 Arb by club
2018,"Ramirez, J.C.",ANA,rhp,2.139,1.4,1.6,550000,,,1900000,,MLB-2018 Arb by club
2018,"Skaggs, Tyler",ANA,lhp-s,3.135,0.8,1.4,555000,,,1875000,,MLB-2018 Arb by club
2018,"Parker, Blake",ANA,rhp,3.036,1.9,2.3,560000,,,1800000,,MLB-2018 Arb by club
2018,"Wood, Blake",ANA,rhp,5.131,0.2,2.7,1275000,,,1450000,,MLB-2018 Arb by club
2018,"Bedrosian, Cam",ANA,rhp,2.153,0.8,2.4,555000,,,1100000,,MLB-2018 Arb by club
2018,"Alvarez, Jose",ANA,lhp,3.035,0.2,0.3,557500,,,1050000,,MLB-2018 Arb by club
2018,"Heaney, Andrew",ANA,lhp-s,2.15,0.1,0.2,543000,,,800000,,MLB-2018 Arb by club
2018,"Hoover, J.J.",ARI,rhp,4.133,-0.1,1.9,900000,,non-tendered,n/a,,MLB-2018 Arb by club
2018,"Pollock, A.J.",ARI,cf,5.052,2.9,12.4,6750000,,,7750000,,MLB-2018 Arb by club
2018,"Corbin, Patrick",ARI,lhp-s,5.105,2,4.7,3950000,,,7500000,,MLB-2018 Arb by club
2018,"Miller, Shelby",ARI,rhp-s,4.166,-0.2,2.4,4700000,4900000,4700000,4900000,,MLB-2018 Arb by club
2018,"Walker, Taijuan",ARI,rhp-s,3.142,2.5,7,2250000,,,4825000,,MLB-2018 Arb by club
2018,"Lamb, Jake",ARI,3b,3.053,3.4,9,573300,,,4275000,,MLB-2018 Arb by club
2018,"Ray, Robbie",ARI,lhp-s,3.007,3.5,5.7,570400,,,3950000,,MLB-2018 Arb by club
2018,"Owings, Chris",ARI,ss,4.027,2.1,1.5,2300000,,,3400000,,MLB-2018 Arb by club
2018,"Peralta, David",ARI,rf,3.12,3.7,9.6,572200,,,3300000,,MLB-2018 Arb by club
2018,"Delgado, Randall",ARI,rhp,5.1,0.7,1.7,1775000,,,2250000,,MLB-2018 Arb by club
2018,"Boxberger, Brad",ARI,rhp,4.109,0.6,3.9,1600000,,,1850000,,MLB-2018 Arb by club
2018,"Herrmann, Chris",ARI,c,4.001,-0.5,-1.8,937500,,,1300000,,MLB-2018 Arb by club
2018,"Ahmed, Nick",ARI,ss,3.054,0.5,2.6,566000,,,1275000,,MLB-2018 Arb by club
2018,"Chafin, Andrew",ARI,lhp,3.02,0.9,2.4,559300,,,1195000,,MLB-2018 Arb by club
2018,"McFarland, T.J.",ARI,rhp,3.164,0.5,1.1,685000,,,850000,,MLB-2018 Arb by club
2018,"Adams, Matt",ATL,1b,5.033,1.3,5,2800000,,non-tendered,n/a,,MLB-2018 Arb by club
2018,"Peterson, Jace",ATL,2b-3b,3.003,0.1,2.5,555000,,non-tendered,n/a,,MLB-2018 Arb by club
2018,"Santana, Danny",ATL,of,3.111,0,1,545000,,non-tendered,n/a,,MLB-2018 Arb by club
2018,"Vizcaino, Arodys",ATL,rhp,4.168,1,2.7,1550000,,,3400000,,MLB-2018 Arb by club
2018,"Foltynewicz, Mike",ATL,rhp-s,2.163,-0.4,0,544000,2300000,2200000,2200000,,MLB-2018 Arb by club
2018,"Freeman, Sam",ATL,lhp,3.066,0.4,0.8,550000,,,1075000,,MLB-2018 Arb by club
2018,"Winkler, Daniel",ATL,rhp,3,0.2,0.4,545000,,,610000,,MLB-2018 Arb by club
2018,"Machado, Manny",BAL,3b,5.056,1.3,23.2,11500000,,,16000000,,MLB-2018 Arb by club
2018,"Britton, Zach",BAL,lhp-c,5.158,0.1,7.7,11500000,,,12000000,,MLB-2018 Arb by club
2018,"Schoop, Jonathan",BAL,2b-3b,4.027,4.7,6.1,3475000,9000000,7500000,8500000,,MLB-2018 Arb by club
2018,"Gausman, Kevin",BAL,rhp-s,3.151,2.1,9.6,3450000,6225000,5300000,5600000,,MLB-2018 Arb by club
2018,"Brach, Brad",BAL,rhp,5.063,1.4,7.7,3050000,,,5165000,,MLB-2018 Arb by club
2018,"Beckham, Tim",BAL,2b,3.134,2.9,3.6,885000,,,3350000,,MLB-2018 Arb by club
2018,"Joseph, Caleb",BAL,c,3.145,2.1,5.8,700000,,,1250000,,MLB-2018 Arb by club
2018,"Betts, Mookie",BOS,rf,3.07,5.5,20.4,950000,10500000,7500000,10500000,,MLB-2018 Arb by club
2018,"Pomeranz, Drew",BOS,lhp-s,5.013,3.3,7.8,4450000,,,8500000,,MLB-2018 Arb by club
2018,"Bogaerts, Xander",BOS,ss,4.042,2.3,9.8,4500000,,,7050000,,MLB-2018 Arb by club
2018,"Bradley Jr., Jackie",BOS,rf,3.15,1.2,8,3600000,,,6100000,,MLB-2018 Arb by club
2018,"Kelly, Joe",BOS,rhp,5.029,0.4,2.7,2800000,,,3825000,,MLB-2018 Arb by club
2018,"Rodriguez, Eduardo",BOS,lhp-s,2.13,3,5.6,584500,,,2375000,,MLB-2018 Arb by club
2018,"Holt, Brock",BOS,3b-rf,4.052,-0.2,4.2,1950000,,,2225000,,MLB-2018 Arb by club
2018,"Leon, Sandy",BOS,c,3.149,0.2,0.9,1300000,,,1950000,,MLB-2018 Arb by club
2018,"Vazquez, Christian",BOS,c,3.031,1.8,3.7,561000,,,1425000,,MLB-2018 Arb by club
2018,"Wright, Steven",BOS,rhp-s,3.089,-0.8,3.2,593500,,,1100000,,MLB-2018 Arb by club
2018,"Smith, Carson",BOS,rhp,3.028,0,2.3,556750,,,850000,,MLB-2018 Arb by club
2018,"Workman, Brandon",BOS,rhp,3.115,0.4,0.2,550000,,,835000,,MLB-2018 Arb by club
2018,"Abreu, Jose",CHA,1b,4,3.9,15.7,10825000,,,13000000,,MLB-2018 Arb by club
2018,"Garcia, Avisail",CHA,rf,4.167,3.7,5,3000000,6700000,5850000,6700000,,MLB-2018 Arb by club
2018,"Avilan, Luis",CHA,lhp,4.146,1,3.4,1500000,,,2450000,,MLB-2018 Arb by club
2018,"Sanchez, Yolmer",CHA,2b,2.134,1.6,-0.5,546000,2350000,2100000,2350000,,MLB-2018 Arb by club
2018,"Rodon, Carlos",CHA,lhp-s,2.168,0.3,2.6,600000,,,2300000,,MLB-2018 Arb by club
2018,"Garcia, Leury",CHA,cf-2b,3.025,1.2,-0.7,546500,,,1175000,,MLB-2018 Arb by club
2018,"Farquhar, Danny",CHA,rhp,3.135,0.8,5.2,900000,,,1050000,,MLB-2018 Arb by club
2018,"Putnam, Zach",CHA,rhp,4.135,0.3,3.5,1117500,,non-tendered,,,MLB-2018 Arb by club
2018,"Alburquerque, Al",CHA,rhp,5.045,0,4.3,900000,,non-tendered,,,MLB-2018 Arb by club
2018,"Petricka, Jake",CHA,rhp,4.044,-0.4,1.7,825000,,non-tendered,,,MLB-2018 Arb by club
2018,"Bryant, Kris",CHN,3b,2.171,6.6,21.5,1050000,,,10850000,,MLB-2018 Arb by club
2018,"Wilson, Justin",CHN,lhp,5.035,0.3,3.7,2700000,,,4250000,,MLB-2018 Arb by club
2018,"Hendricks, Kyle",CHN,rhp-s,3.081,3.5,14,760500,,,4175000,,MLB-2018 Arb by club
2018,"Russell, Addison",CHN,ss,2.167,1.7,7.1,644000,,,3200000,,MLB-2018 Arb by club
2018,"Grimm, Justin",CHN,rhp,4.153,-0.2,1.7,1825000,2475000,2200000,2200000,,MLB-2018 Arb by club
2018,"La Stella, Tommy",CHN,2b-3b,3.057,0.9,1.7,573500,,,950000,,MLB-2018 Arb by club
2018,"Rondon, Hector",CHN,rhp-c,5,1,6,4000000,,non-tendered,,,MLB-2018 Arb by club
2018,"Gennett, Scooter",CIN,2b,4.071,2.3,6.3,2525000,5700000,5100000,5700000,,MLB-2018 Arb by club
2018,"Hamilton, Billy",CIN,cf,4.028,1,7.6,2625000,,,4600000,,MLB-2018 Arb by club
2018,"Suarez, Eugenio",CIN,3b,3.061,3.7,9.2,595000,4200000,3750000,3750000,,MLB-2018 Arb by club
2018,"Lorenzen, Michael",CIN,rhp,2.159,0.8,-0.4,555000,,,1312500,,MLB-2018 Arb by club
2018,"DeSclafini, Anthony",CIN,rhp-s,3.062,-,3.1,585000,,,860000,,MLB-2018 Arb by club
2018,"Allen, Cody",CLE,rhp,5.076,1.4,8.1,7350000,,,10575000,,MLB-2018 Arb by club
2018,"Bauer, Trevor",CLE,rhp-s,3.158,1.9,6.9,3550000,6525000,5300000,6525000,,MLB-2018 Arb by club
2018,"Chisenhall, Lonnie",CLE,rf,5.158,1.2,6.3,4300000,,,5587500,,MLB-2018 Arb by club
2018,"Salazar, Danny",CLE,rhp-s,3.162,2.3,11.7,3400000,,,5000000,,MLB-2018 Arb by club
2018,"McAllister, Zach",CLE,rhp,5.077,0,2.6,1825000,,,2450000,,MLB-2018 Arb by club
2018,"Blackmon, Charlie",COL,cf,5.102,7.9,18,7300000,,,14000000,,MLB-2018 Arb by club
2018,"LeMahieu, D.J.",COL,2b,5.128,4.8,12.5,4800000,,,8500000,,MLB-2018 Arb by club
2018,"Bettis, Chad",COL,rhp-s,3.096,-0.1,2.1,545000,,,2000000,,MLB-2018 Arb by club
2018,"Rusin, Chris",COL,lhp-s,3.092,1,-1.2,545000,,,1287500,,MLB-2018 Arb by club
2018,"Iglesias, Jose",DET,ss,5.036,0,4.3,4100000,6800000,5600000,6275000,,MLB-2018 Arb by club
2018,"Castellanos, Nicholas",DET,3b,4.029,0.9,4.5,3000000,,,6050000,,MLB-2018 Arb by club
2018,"McCann, James",DET,c,3.028,-0.9,-2.5,552100,,,2375000,,MLB-2018 Arb by club
2018,"Greene, Shane",DET,rhp,3.075,0.7,1,550600,,,1950000,,MLB-2018 Arb by club
2018,"Wilson, Alex",DET,rhp,4.038,0,1.2,1175000,,,1925000,,MLB-2018 Arb by club
2018,"Hardy, Blaine",DET,lhp,2.13,-1.2,-1.6,540000,,,795000,,MLB-2018 Arb by club
2018,"Rondon, Bruce",DET,rhp,3.098,0.2,1.7,850000,,non-tendered,,,MLB-2018 Arb by club
2018,"Keuchel, Dallas",HOU,lhp-s,5.089,4.7,19.6,9150000,,,13200000,,MLB-2018 Arb by club
2018,"Springer, George",HOU,cf,3.166,4.4,15.7,3900000,10500000,8500000,12000000,,MLB-2018 Arb by club
2018,"Gattis, Evan",HOU,dh-c,5,0.8,9.5,5200000,,,6700000,,MLB-2018 Arb by club
2018,"Fiers, Mike",HOU,rhp-s,4.085,0.4,2.6,3450000,,non-tendered,6000000,,MLB-2018 Arb by club
2018,"McHugh, Collin",HOU,rhp-s,4.085,1.3,7.9,3850000,5000000,4550000,5000000,,MLB-2018 Arb by club
2018,"Giles, Ken",HOU,rhp-c,3.113,1.4,6.5,550100,4600000,4200000,4600000,,MLB-2018 Arb by club
2018,"McCullers Jr., Lance",HOU,rhp-s,2.14,2.7,7.7,548000,,,2450000,,MLB-2018 Arb by club
2018,"Peacock, Brad",HOU,rhp-s,3.165,3.9,2.5,541500,,,2440000,,MLB-2018 Arb by club
2018,"Marisnick, Jake",HOU,cf,3.145,0.9,3.9,1100000,,,1900000,,MLB-2018 Arb by club
2018,"Herrera, Kelvin",KC,rhp-c,5.157,0.5,9.9,5325000,,,7937500,,MLB-2018 Arb by club
2018,"Maurer, Brandon",KC,rhp,4.089,-0.6,0.9,1900000,3500000,2950000,2950000,,MLB-2018 Arb by club
2018,"Karns, Nate",KC,rhp,3.033,0.7,4.5,571000,,,1375000,,MLB-2018 Arb by club
2018,"Grandal, Yasmani",LAN,c,5.115,4.5,23.8,5500000,,,7900000,,MLB-2018 Arb by club
2018,"Wood, Alex",LAN,lhp-s,4.124,3.6,10.6,2800000,,,6000000,,MLB-2018 Arb by club
2018,"Pederson, Joc",LAN,cf,3.023,0.5,5,555000,,,2600000,,MLB-2018 Arb by club
2018,"Cingrani, Tony",LAN,lhp,4.088,0,0.2,1825000,,,2300000,,MLB-2018 Arb by club
2018,"Fields, Josh",LAN,rhp,4.083,0.5,3.1,975000,,,2200000,,MLB-2018 Arb by club
2018,"Hernandez, Enrique",LAN,2b-3b,3.054,2.3,5.6,555000,,,1600000,,MLB-2018 Arb by club
2018,"Baez, Pedro",LAN,rhp,3.059,0,2.6,550000,,,1500000,,MLB-2018 Arb by club
2018,"Garcia, Yimi",LAN,rhp,3.004,-,-0.2,555000,,,630000,,MLB-2018 Arb by club
2018,"Bour, Justin",MIA,1b,3.064,2,4.4,552500,3400000,3000000,3400000,,MLB-2018 Arb by club
2018,"Straily, Dan",MIA,rhp-s,3.126,2.2,3.4,552100,3550000,3370000,3370000,,MLB-2018 Arb by club
2018,"Realmuto, J.T.",MIA,c,3.038,5.2,9.3,562500,3500000,2900000,2900000,,MLB-2018 Arb by club
2018,"Dietrich, Derek",MIA,2b-3b,3.151,1.5,7.7,1700000,,,2900000,,MLB-2018 Arb by club
2018,"Rojas, Miguel",MIA,ss,3.043,2.1,2.7,535000,,,1180000,,MLB-2018 Arb by club
2018,"Nelson, Jimmy",MIL,rhp-s,3.107,3.9,4.5,547000,,,3700000,,MLB-2018 Arb by club
2018,"Knebel, Corey",MIL,rhp,2.151,2.3,3.2,538900,,,3650000,,MLB-2018 Arb by club
2018,"Villar, Jonathan",MIL,2b,3.113,0.8,7.5,554500,,,2550000,,MLB-2018 Arb by club
2018,"Hughes, Jared",MIL,rhp,5.162,0.8,4.7,950000,,non-tendered,2125000,,MLB-2018 Arb by club
2018,"Perez, Hernan",MIL,3b,3.079,1.4,2.3,545700,,,1975000,,MLB-2018 Arb by club
2018,"Jeffress, Jeremy",MIL,rhp,4.104,-1.1,1.8,2100000,,,1700000,,MLB-2018 Arb by club
2018,"Escobar, Eduardo",MIN,ss,5.128,0.9,1.8,2600000,,,4850000,,MLB-2018 Arb by club
2018,"Gibson, Kyle",MIN,rhp-s,4.039,-1.3,4.9,2900000,4550000,4200000,4200000,,MLB-2018 Arb by club
2018,"Grossman, Robbie",MIN,lf,3.06,0.2,1,552500,,,2000000,,MLB-2018 Arb by club
2018,"Pressly, Ryan",MIN,rhp,4.039,0.5,1,1175000,,,1600000,,MLB-2018 Arb by club
2018,"Adrianza, Ehire",MIN,2b-ss,3.131,1.2,1.6,600000,,,1000000,,MLB-2018 Arb by club
2018,"May, Trevor",MIN,rhp,3.051,-,2.3,555000,,,650000,,MLB-2018 Arb by club
2018,"Gregorius, Didi",NYA,ss,4.159,4.4,10.4,5100000,,,8250000,,MLB-2018 Arb by club
2018,"Gray, Sonny",NYA,rhp-s,4.061,4.2,17.4,3575000,,,6500000,,MLB-2018 Arb by club
2018,"Betances, Dellin",NYA,rhp,4.078,1.4,10.1,3000000,,,5100000,,MLB-2018 Arb by club
2018,"Warren, Adam",NYA,rhp-s,5.036,1.7,6.3,2290000,,,3315000,,MLB-2018 Arb by club
2018,"Hicks, Aaron",NYA,of,4.041,1.8,4.9,1350000,,,2825000,,MLB-2018 Arb by club
2018,"Kahnle, Tommy",NYA,rhp,3.015,1.7,2.9,540000,,,1312500,,MLB-2018 Arb by club
2018,"Romine, Austin",NYA,c,4.045,-0.2,-1,805000,,,1100000,,MLB-2018 Arb by club
2018,"Shreve, Chasen",NYA,lhp,2.167,1,2.2,552425,,,825000,,MLB-2018 Arb by club
2018,"Ramos, A.J.",NYN,rhp-c,5.03,1.5,7.9,6550000,,,9225000,,MLB-2018 Arb by club
2018,"Familia, Jeurys",NYN,rhp-c,5.023,0,6.3,7425000,,,7925000,,MLB-2018 Arb by club
2018,"deGrom, Jacob",NYN,rhp-s,3.139,5.9,17.1,4050000,,,7400000,,MLB-2018 Arb by club
2018,"Harvey, Matt",NYN,rhp-s,5.072,-1.9,11.3,5125000,,,5625000,,MLB-2018 Arb by club
2018,"d'Arnaud, Travis",NYN,c,4.044,2.3,10,1875000,,,3475000,,MLB-2018 Arb by club
2018,"Flores, Wilmer",NYN,2b-3b,4.003,1.5,6.3,2200000,,,3400000,,MLB-2018 Arb by club
2018,"Syndergaard, Noah",NYN,rhp-s,2.149,0.7,11.1,605500,,,2975000,,MLB-2018 Arb by club
2018,"Wheeler, Zack",NYN,rhp-s,4.098,-1.4,1.9,800000,1900000,1500000,1900000,,MLB-2018 Arb by club
2018,"Robles, Hansel",NYN,rhp,2.129,-0.1,1.5,553125,,,900000,,MLB-2018 Arb by club
2018,"Davis, Khris",OAK,lf,4.104,2.4,10.2,5000000,,,10500000,,MLB-2018 Arb by club
2018,"Semien, Marcus",OAK,ss,3.118,1.7,7.7,545000,,,3125000,,MLB-2018 Arb by club
2018,"Graveman, Kendall",OAK,rhp-s,3.014,1.7,4.2,545000,2600000,2360000,2360000,,MLB-2018 Arb by club
2018,"Treinen, Blake",OAK,rhp-c,3.065,0.8,3.3,563700,,,2150000,,MLB-2018 Arb by club
2018,"Hatcher, Chris",OAK,rhp,4.146,0.3,1.7,1250000,,,2150000,,MLB-2018 Arb by club
2018,"Hendriks, Liam",OAK,rhp,4.038,0.7,0.1,1100000,,,1900000,,MLB-2018 Arb by club
2018,"Phegley, Josh",OAK,rhp,3.114,0.1,-0.9,545000,,,905000,,MLB-2018 Arb by club
2018,"Smolinski, Jake",OAK,rhp,3.016,-0.1,1.1,545000,,,775000,,MLB-2018 Arb by club
2018,"Hernandez, Cesar",PHI,2b,3.154,3.5,8.9,2550000,,,5100000,,MLB-2018 Arb by club
2018,"Franco, Maikel",PHI,3b,2.17,-0.7,2.7,560000,,,2950000,,MLB-2018 Arb by club
2018,"Rupp, Cameron",PHI,c,3.089,0.3,1.9,565000,,,2050000,,MLB-2018 Arb by club
2018,"Garcia, Luis",PHI,rhp,3.006,1.1,2.3,540000,,,1200000,,MLB-2018 Arb by club
2018,"Cole, Gerrit",PIT,rhp-s,4.111,3.2,14.3,3750000,,,6750000,,MLB-2018 Arb by club
2018,"Mercer, Jordy",PIT,ss,5.095,0.3,8.4,4325000,,,6750000,,MLB-2018 Arb by club
2018,"Kontos, George",PIT,rhp,4.171,1,2.9,1750000,,,2725000,,MLB-2018 Arb by club
2018,"Rivero, Felipe",PIT,rhp,2.162,1.9,3.5,564500,2900000,2400000,,,MLB-2018 Arb by club
2018,"Galvis, Freddy",SDN,ss,5.021,2.9,5.3,4350000,,,6825000,,MLB-2018 Arb by club
2018,"Hand, Brad",SDN,lhp,4.092,1.8,1.2,1375000,,,3600000,,MLB-2018 Arb by club
2018,"Spangenberg, Cory",SDN,3b,3.016,2.6,3.9,540000,,,1700000,,MLB-2018 Arb by club
2018,"Yates, Kirby",SDN,rhp,3.022,1.4,1.4,540000,,,1062500,,MLB-2018 Arb by club
2018,"Capps, Carter",SDN,rhp,4.133,0,2.4,987500,,,1062500,,MLB-2018 Arb by club
2018,"Szczur, Matt",SDN,of,2.134,0.9,1.3,549500,,,950000,,MLB-2018 Arb by club
2018,"Phelps, David",SEA,rhp,5.156,0.7,4.6,4600000,,,5550000,,MLB-2018 Arb by club
2018,"Paxton, James",SEA,lhp-s,3.151,3.7,8.5,2350000,,,4900000,,MLB-2018 Arb by club
2018,"Ramirez, Erasmo",SEA,rhp,4.158,2.2,7,3215000,,,4200000,,MLB-2018 Arb by club
2018,"Smyly, Drew",SEA,lhp-s,5.154,-,4.9,6850000,,non-tendered,3000000,,MLB-2018 Arb by club
2018,"Zunino, Mike",SEA,c,3.16,2.9,8.5,570000,,,2975000,,MLB-2018 Arb by club
2018,"Vincent, Nick",SEA,rhp,4.067,1.1,4.8,1325000,,,2750000,,MLB-2018 Arb by club
2018,"Simmons, Shae",SEA,rhp,3.111,0.2,0.7,536200,,non-tendered,,,MLB-2018 Arb by club
2018,"Dyson, Sam",SFN,rhp,3.142,-0.4,4.2,3520000,,,4425000,,MLB-2018 Arb by club
2018,"Panik, Joe",SFN,2b,3.1,2,8,600000,,,3450000,,MLB-2018 Arb by club
2018,"Smith, Will",SFN,lhp,4.155,-,2.2,2500000,,,2500000,,MLB-2018 Arb by club
2018,"Gearrin, Cory",SFN,rhp,4.136,0.8,2.7,1500000,,,1675000,,MLB-2018 Arb by club
2018,"Strickland, Hunter",SFN,rhp,2.163,0.2,2.4,555000,,,1550000,,MLB-2018 Arb by club
2018,"Ozuna, Marcell",SLN,lf,4.124,6.1,14.8,3500000,,,9000000,,MLB-2018 Arb by club
2018,"Wacha, Michael",SLN,rhp-s,4.062,0.7,5.5,2775000,,,5300000,,MLB-2018 Arb by club
2018,"Grichuk, Randal",SLN,rf,3.033,1.3,6.4,557200,,,2800000,,MLB-2018 Arb by club
2018,"Lyons, Tyler",SLN,lhp,3.07,1,1.2,549800,,,1200000,,MLB-2018 Arb by club
2018,"Odorizzi, Jake",TBA,rhp-s,4.042,1.4,9.8,4100000,6300000,6050000,6300000,,MLB-2018 Arb by club
2018,"Dickerson, Corey",TBA,lf-dh,4.101,3.9,8.8,3025000,,,5950000,,MLB-2018 Arb by club
2018,"Hechavarria, Adeiny",TBA,ss,5.06,0.8,4.9,4350000,5900000,5350000,5900000,,MLB-2018 Arb by club
2018,"Colome, Alex",TBA,rhp-c,3.118,0.8,3.8,547900,,,5300000,,MLB-2018 Arb by club
2018,"Miller, Brad",TBA,2b,4.094,0.7,8.6,3575000,,,4500000,,MLB-2018 Arb by club
2018,"Souza, Steven",TBA,rf,3.072,2,3.2,546700,,,3550000,,MLB-2018 Arb by club
2018,"Jennings, Dan",TBA,lhp,4.171,0.4,0.6,1400000,,,2375000,,MLB-2018 Arb by club
2018,"Duffy, Matt",TBA,ss,3.059,-,5.4,545300,,,930000,,MLB-2018 Arb by club
2018,"Sucre, Jesus",TBA,c,3.137,0.8,1.2,630000,,,925000,,MLB-2018 Arb by club
2018,"Cedeno, Xavier",TBA,rhp,4.06,-0.2,1.4,1300000,,non-tendered,,,MLB-2018 Arb by club
2018,"Diekman, Jake",TEX,lhp,5.05,0.1,5,2550000,,,2712500,,MLB-2018 Arb by club
2018,"Kela, Keone",TEX,rhp,2.168,0.6,2.4,543210,,,1200000,,MLB-2018 Arb by club
2018,"Profar, Jurickson",TEX,lf,3.165,0,-0.7,1005000,,,1050000,,MLB-2018 Arb by club
2018,"Rua, Ryan",TEX,of,2.129,-0.1,0.4,544740,,,870000,,MLB-2018 Arb by club
2018,"Griffin, A.J.",TEX,rhp-s,5.034,0.6,1.6,2000000,,non-tendered,,,MLB-2018 Arb by club
2018,"Martinez, Nick",TEX,rhp,3.002,-1,-6.1,545000,,released,,,MLB-2018 Arb by club
2018,"Donaldson, Josh",TOR,3b,5.158,3.8,31.2,17000000,,,23000000,,MLB-2018 Arb by club
2018,"Stroman, Marcus",TOR,rhp-s,3.148,4.4,11.5,3400000,6900000,6500000,6500000,,MLB-2018 Arb by club
2018,"Osuna, Roberto",TOR,rhp-c,3,2.1,4.9,552400,5800000,5300000,5300000,,MLB-2018 Arb by club
2018,"Pillar, Kevin",TOR,of,3.113,0.1,4.9,555000,,,3250000,,MLB-2018 Arb by club
2018,"Sanchez, Aaron",TOR,rhp-s,3.069,-0.6,5,535000,,,2700000,,MLB-2018 Arb by club
2018,"Koehler, Tom",TOR,lhp-s,4.152,-1.5,1,5750000,,,2000000,,MLB-2018 Arb by club
2018,"Carrera, Ezequiel",TOR,of,4.039,0.9,1.2,1162500,,,1900000,,MLB-2018 Arb by club
2018,"Loup, Aaron",TOR,lhp,5.04,0.9,3.9,1125000,,,1812500,,MLB-2018 Arb by club
2018,"Travis, Devon",TOR,2b,3,0.1,3.7,545200,,,1450000,,MLB-2018 Arb by club
2018,"Leone, Dominic",TOR,rhp,2.119,1.8,2.6,,,,1085000,,MLB-2018 Arb by club
2018,"Goins, Ryan",TOR,ss,3.106,0.1,-1.1,548200,,non-tendered,,,MLB-2018 Arb by club
2018,"Rendon, Anthony",WAS,3b,4.13,6.2,17.7,5800000,,,12300000,,MLB-2018 Arb by club
2018,"Roark, Tanner",WAS,rhp,4.055,2.9,9.5,4315000,,,6475000,,MLB-2018 Arb by club
2018,"Taylor, Michael",WAS,of,3.01,3.9,5.4,557900,,,2525000,,MLB-2018 Arb by club
