year,player,position,age,qualifying_offer,old_club,new_club,years,guarantee,term,option,opt_out,aav,agent,club_owner,gm_or_baseball_ops,details
2026,"Tucker, Kyle",rf,29,rejected,CHN,LAN,4,240000000,2026-29,,,60000000,Excel,Mark Walter,AFriedman / BGomes,
2026,"Cease, Dylan",rhp-s,30,rejected,SDN,TOR,7,210000000,2026-32,,,30000000,Boras Corp.,Edward Rogers,MShapiro/RAtkins,
2026,"Bregman, Alex",3b,32,,BOS,CHN,5,175000000,2026-30,,,35000000,Boras Corp.,Tom Ricketts,JHoyer / CHawkins,
2026,"Bellinger, Cody",cf,30,,NYA,NYA,5,162500000,2026-30,,,32500000,Boras Corp.,Hal Steinbrenner,Brian Cashman,
2026,"Alonso, Pete",1b,31,,NYN,BAL,5,155000000,2026-30,,,31000000,Boras Corp.,David Rubenstein,Mike Elias,
2026,"Schwarber, Kyle",lf-dh,33,rejected,PHI,PHI,5,150000000,2026-30,,,30000000,Excel,John Middleton,DDombrowski / PMattingly,
2026,"Suárez, Ranger",lhp-s,30,rejected,PHI,BOS,5,130000000,2026-30,,,26000000,Boras Corp.,John Henry,Craig Breslow,
2026,"Bichette, Bo",2b,28,rejected,TOR,NYN,3,126000000,2026-28,,,42000000,Vayner Sports,Steve Cohen,David Stearns,
2026,"Valdez, Framber",lhp-s,32,rejected,HOU,DET,3,115000000,2026-28,player,,38333333,Octagon,Chris Ilitch,SHarris / JGreenberg,
2026,"Naylor, Josh",1b,29,,SEA,SEA,5,92500000,2026-30,,,18500000,ISE,John Stanton,J Dipoto / J Hollander,
2026,"King, Michael",rhp-s,31,rejected,SDN,SDN,3,75000000,2026-28,player (2),,25000000,Excel,John Seidler,A.J. Preller,
2026,"Díaz, Edwin",rhp-c,32,rejected,NYN,LAN,3,69000000,2026-28,,,23000000,Wasserman,Mark Walter,AFriedman / BGomes,
2026,"Williams, Devin",rhp-c,31,,NYA,NYN,3,51000000,2026-28,,,17000000,Klutch Spts,Steve Cohen,David Stearns,
2026,"Realmuto, J.T.",c,35,,PHI,PHI,3,45000000,2026-28,,,15000000,CAA,John Middleton,DDombrowski / PMattingly,
2026,"Suarez, Robert",rhp-c,35,,SDN,ATL,3,45000000,2026-28,,,15000000,Amuse Sports,Atl Braves Holdings,Alex Anthopoulos,
2026,"Kelly, Merrill",rhp-s,36,,TEX,ARI,2,40000000,2026-27,vesting,,20000000,Apex,Ken Kendrick,Mike Hazen,
2026,"Polanco, Jorge",3b-2b,32,,SEA,NYN,2,40000000,2026-27,,,20000000,Octagon,Steve Cohen,David Stearns,
2026,"Rogers, Tyler",rhp,35,,NYN,TOR,3,37000000,2026-28,,,12333333,Frontline,Edward Rogers,MShapiro/RAtkins,
2026,"O'Hearn, Ryan",1b-of,32,,SDN,PIT,2,29000000,2026-27,,,14500000,ACES,Bob Nutting,Ben Cherington,
2026,"Helsley, Ryan",rhp-c,31,,NYN,BAL,2,28000000,2026-27,,Y,14000000,Wasserman,David Rubenstein,Mike Elias,
2026,"Yastrzemski, Mike",rf,35,,KCA,ATL,2,23000000,2026-27,,,11500000,Jack Toffey,Atl Braves Holdings,Alex Anthopoulos,
2026,"Gallen, Zac",rhp-s,29,rejected,ARI,ARI,1,22025000,2026,,,22025000,Boras Corp.,Ken Kendrick,Mike Hazen,
2026,"Grisham, Trent",cf,29,accepted,NYA,NYA,1,22025000,2026,,,22025000,ISE,Hal Steinbrenner,Brian Cashman,
2026,"Imanaga, Shota",lhp-s,32,accepted,CHN,CHN,1,22025000,2026,,,22025000,Octagon,Tom Ricketts,JHoyer / CHawkins,
2026,"Torres, Gleyber",2b,29,accepted,DET,DET,1,22025000,2026,,,22025000,Octagon,Chris Ilitch,SHarris / JGreenberg,
2026,"Woodruff, Brandon",rhp-s,33,accepted,MIL,MIL,1,22025000,2026,,,22025000,McKinnins Sports,Mark Attanasio,Matt Arnold,
2026,"Houser, Adrian",rhp,33,,TBA,SFN,2,22000000,2026-27,club,,11000000,Players Edge,Greg Johnson,B Posey / Z Minasian,
2026,"Keller, Brad",rhp,30,,CHN,PHI,2,22000000,2026-27,,,11000000,Excel,John Middleton,DDombrowski / PMattingly,
2026,"Weaver, Luke",rhp,32,,NYA,NYN,2,22000000,2026-27,,,11000000,Ballengee,Steve Cohen,David Stearns,
2026,"Bader, Harrison",cf,32,,PHI,SFN,2,20500000,2026-27,,,10250000,Vayner Sports,Greg Johnson,B Posey / Z Minasian,
2026,"Domínguez, Seranthony",rhp,31,,TOR,CHA,2,20000000,2026-27,mutual,,10000000,Epitome Sports,Jerry Reinsdorf,Chris Getz,
2026,"Kim, Ha-Seong",ss,30,,ATL,ATL,1,20000000,2026,,,20000000,Boras Corp.,Atl Braves Holdings,Alex Anthopoulos,
2026,"Pagán, Emilio",rhp,35,,CIN,CIN,2,20000000,2026-27,player,,10000000,Ballengee,Bob Castellini,NKrall / BMeador,
2026,"Finnegan, Kyle",rhp,34,,DET,DET,2,19000000,2026-27,,,9500000,Warner Sports,Chris Ilitch,SHarris / JGreenberg,
2026,"Bassitt, Chris",rhp-s,37,,TOR,BAL,1,18500000,2026,,,18500000,Meister Sports,David Rubenstein,Mike Elias,
2026,"Iglesias, Raisel",rhp-c,36,,ATL,ATL,1,16000000,2026,,,16000000,PRIME,Atl Braves Holdings,Alex Anthopoulos,
2026,"Matz, Steven",lhp-s,35,,BOS,TBA,2,15000000,2026-27,,,7500000,Icon Sports,Patrick Zalupski,Erik Neander,
2026,"Suárez, Eugenio",3b,34,,SEA,CIN,1,15000000,2026,mutual,,15000000,Octagon,Bob Castellini,NKrall / BMeador,
2026,"Jansen, Danny",c,31,,MIL,TEX,2,14500000,2026-27,mutual,,7250000,ISE,RDavis/BSimpson,CYoung / RFenstermaker,
2026,"Maton, Phil",rhp,33,,TEX,CHN,2,14500000,2026-27,,,7250000,Paragon Sports,Tom Ricketts,JHoyer / CHawkins,
2026,"Caratini, Victor",c,32,,HOU,MIN,2,14000000,2026-27,,,7000000,ACES,Tom Pohlad,DFalvey /JZoll,
2026,"Fairbanks, Pete",rhp-c,32,,TBA,MIA,1,13000000,2026,,,13000000,Republik Sports,Bruce Sherman,Peter Bendix,
2026,"Martinez, Nick",rhp-s,35,,CIN,TBA,1,13000000,mutual,,,13000000,Boras Corp.,Patrick Zalupski,Erik Neander,
2026,"Verlander, Justin",rhp-s,43,,SFN,DET,1,13000000,2026,,,13000000,ISE,Chris Ilitch,SHarris / JGreenberg,
2026,"Castro, Willi",2b-of,29,,CHN,COL,2,12800000,2026,,,6400000,ISE,Monfort brothers,PDepodesta / JByrnes,
2026,"May, Dustin",rhp-s,28,,BOS,STL,1,12500000,2026,mutual,,12500000,Paragon,Bill DeWitt Jr.,Chaim Bloom,
2026,"Arraez, Luis",2b,29,,SDN,SFN,1,12000000,2026,,,12000000,MVP Sports,Greg Johnson,B Posey / Z Minasian,
2026,"Ozuna, Marcell",dh,35,,ATL,PIT,1,12000000,2026,mutual,,12000000,CAA,Bob Nutting,Ben Cherington,
2026,"Jansen, Kenley",rhp-c,38,,LAA,DET,1,11000000,2026,club,,11000000,Wasserman,Chris Ilitch,SHarris / JGreenberg,
2026,"Eflin, Zach",rhp-s,32,,BAL,BAL,1,10000000,2026,mutual,,10000000,O'Connell Sports,David Rubenstein,Mike Elias,
2026,"Mahle, Tyler",rhp-s,31,,TEX,SFN,1,10000000,2026,,,10000000,ISE,Greg Johnson,B Posey / Z Minasian,
2026,"Lorenzen, Michael",rhp-s,34,,KCA,COL,1,8000000,2026,club,,8000000,CAA,Monfort brothers,PDepodesta / JByrnes,
2026,"Soto, Gregory",lhp,31,,NYN,PIT,1,7750000,2026,,,7750000,Munger English English (Willie Joe Ronda),Bob Nutting,Ben Cherington,
2026,"Soroka, Michael",rhp-s,28,,CHN,ARI,1,7500000,2026,mutual,,7500000,ISE,Ken Kendrick,Mike Hazen,
2026,"Bell, Josh",1b-dh,33,,WAS,MIN,1,7000000,2026,mutual,,7000000,Boras Corp.,Tom Pohlad,DFalvey /JZoll,
2026,"Littell, Zack",rhp-s,30,,CIN,WAS,1,7000000,2026,mutual,,7000000,CAA,Ted Lerner,P Toboni / A Kilambi,
2026,"Mullins, Cedric",cf,31,,NYN,TBA,1,7000000,2026,mutual,,7000000,Cote Spts Mgt,Patrick Zalupski,Erik Neander,
2026,"Johnson, Pierce",rhp,35,,ATL,CIN,1,6500000,2026,mutual,,6500000,Boggs & Assoc.,Bob Castellini,NKrall / BMeador,
2026,"Refsnyder, Rob",2b-of,35,,BOS,SEA,1,6250000,2026,,,6250000,PSI Sports,John Stanton,J Dipoto / J Hollander,
2026,"Civale, Aaron",rhp-s,31,,CHN,ATH,1,6000000,2026,,,6000000,Jack Toffey,John Fisher,David Forst,
2026,"Harvey, Hunter",rhp,31,,KCA,CHN,1,6000000,2026,mutual,,6000000,Beverly Hills SC,Tom Ricketts,JHoyer / CHawkins,
2026,"Hays, Austin",lf,30,,CIN,CHA,1,6000000,2026,mutual,,6000000,MAS+,Jerry Reinsdorf,Chris Getz,
2026,"Kiner-Falefa, Isiah",2b,31,,TOR,BOS,1,6000000,2026,,,6000000,ALIGND,John Henry,Craig Breslow,
2026,"Quintana, José",lhp-s,37,,MIL,COL,1,6000000,2026,,,6000000,Wasserman,Monfort brothers,PDepodesta / JByrnes,
2026,"Rojas, Miguel",ss,37,,LAN,LAN,1,5500000,2026,,,5500000,Beverly Hills,Mark Walter,AFriedman / BGomes,
2026,"Armstrong, Shawn",rhp,35,,TEX,CLE,1,5500000,2026,mutual,,5500000,ISE,Paul Dolan,CAntonetti / MChernoff,
2026,"Thomas, Lane",rf,30,,CLE,KCA,1,5250000,2026,,,5250000,Wasserman,John Sherman,J.J. Piccolo,
2026,"Sugano, Tomoyuki",rhp-s,36,,BAL,COL,1,5100000,2026,,,5100000,Wasserman,Monfort brothers,PDepodesta / JByrnes,
2026,"Yates, Kirby",rhp,39,,LAN,LAA,1,5000000,2026,,,5000000,Beverly Hills,Arturo Moreno,Perry Minasian,
2026,"Ferguson, Caleb",lhp,29,,SEA,CIN,1,4500000,2026,,,4500000,Excel,Bob Castellini,NKrall / BMeador,
2026,"Hernández, Kiké",ss-cf,34,,LAN,LAN,1,4500000,2026,,,4500000,Wasserman,Mark Walter,AFriedman / BGomes,
2026,"Newcomb, Sean",lhp-s,33,,ATH,CHA,1,4500000,2026,,,4500000,Tidal Sports,Jerry Reinsdorf,Chris Getz,
2026,"Thielbar, Caleb",lhp,39,,CHN,CHN,1,4500000,2026,mutual,,4500000,ISE,Tom Ricketts,JHoyer / CHawkins,
2026,"Kinley, Tyler",rhp,35,,ATL,ATL,1,4250000,2026,club,,4250000,Paragon,Atl Braves Holdings,Alex Anthopoulos,
2026,"Andujar, Miguel",lf,31,,CIN,SDN,1,4000000,2026,mutual,,4000000,CAA,John Seidler,A.J. Preller,
2026,"Goldschmidt, Paul",1b,38,,NYA,NYA,1,4000000,2026,,,4000000,Excel,Hal Steinbrenner,Brian Cashman,
2026,"Junis, Jakob",rhp,33,,CLE,TEX,1,4000000,2026,mutual,,4000000,Wasserman,RDavis/BSimpson,CYoung / RFenstermaker,
2026,"Martin, Chris",rhp,40,,TEX,TEX,1,4000000,2026,,,4000000,ISE,RDavis/BSimpson,CYoung / RFenstermaker,
2026,"Moncada, Yoán",3b,31,,LAA,LAA,1,4000000,2026,,,4000000,Wasserman,Arturo Moreno,Perry Minasian,
2026,"Paddack, Chris",rhp-s,30,,DET,MIA,1,4000000,2026,,,4000000,Boras Corp.,Bruce Sherman,Peter Bendix,
2026,"Pomeranz, Drew",lhp,37,,CHN,LAA,1,4000000,2026,,,4000000,CAA,Arturo Moreno,Perry Minasian,
2026,"Milner, Hoby",lhp,35,,TEX,CHN,1,3750000,2026,,,3750000,MVP Sports,Tom Ricketts,JHoyer / CHawkins,
2026,"Rengifo, Luis",2b,29,,LAA,MIL,1,3500000,2026,,,3500000,MVP Spts,Mark Attanasio,Matt Arnold,
2026,"Stanek, Ryne",rhp,34,,NYN,STL,1,3500000,2026,club,,3500000,MVP Sports,Bill DeWitt Jr.,Chaim Bloom,
2026,"Giolito, Lucas",rhp-s,31,,BOS,SDN,1,3000000,2026,mutual,,3000000,CAA,John Seidler,A.J. Preller,
2026,"Scherzer, Max",rhp-s,41,,TOR,TOR,1,3000000,2026,,,3000000,Boras Corp.,Edward Rogers,MShapiro/RAtkins,
2026,"McCann, James",c,36,,ARI,ARI,1,2750000,2026,mutual,,2750000,Ballengee,Ken Kendrick,Mike Hazen,
2026,"Canning, Griffin",rhp-s,30,,NYN,SDN,1,2500000,2026,mutual,,2500000,Wasserman,John Seidler,A.J. Preller,
2026,"Miller, Shelby",rhp,35,,MIL,CHN,2,2500000,2026-27,,,1250000,Excel,Tom Ricketts,JHoyer / CHawkins,
2026,"Rosario, Amed",ss,30,,NYA,NYA,1,2500000,2026,,,2500000,Octagon,Hal Steinbrenner,Brian Cashman,
2026,"Yarbrough, Ryan",lhp-s,34,,NYA,NYA,1,2500000,2026,,,2500000,Excel,Hal Steinbrenner,Brian Cashman,
2026,"Mikolas, Miles",rhp-s,37,,STL,WAS,1,2250000,2026,,,2250000,Octagon,Ted Lerner,P Toboni / A Kilambi,
2026,"Barlow, Scott",rhp,33,,CIN,ATH,1,2000000,2026,,,2000000,Warner Sports,John Fisher,David Forst,
2026,"Blackburn, Paul",rhp-s,32,,NYA,NYA,1,2000000,2026,,,2000000,Boras Corp.,Hal Steinbrenner,Brian Cashman,
2026,"Rogers, Taylor",lhp,35,,CHN,MIN,1,2000000,2026,,,2000000,Frontline,Tom Pohlad,DFalvey /JZoll,
2026,"Romano, Jordan",rhp-c,33,,PHI,LAA,1,2000000,2026,,,2000000,VC Sports,Arturo Moreno,Perry Minasian,
2026,"Santana, Carlos",1b-dh,40,,CHN,ARI,1,2000000,2026,,,2000000,Octagon,Ken Kendrick,Mike Hazen,
2026,"García, Luis",rhp,39,,LAA,NYN,1,1750000,2026,,,1750000,Reynolds Sports,Steve Cohen,David Stearns,
2026,"Márquez, Germán",rhp-s,31,,COL,SDN,1,1750000,2026,mutual,,1750000,LA Sports Mgt,John Seidler,A.J. Preller,
2026,"Beeks, Jalen",lhp,32,,ARI,TEX,1,1600000,2026,,,1600000,Frontline,RDavis/BSimpson,CYoung / RFenstermaker,
2026,"Sánchez, Gary",c,33,,BAL,MIL,1,1500000,2026,,,1500000,MDR Sports,Mark Attanasio,Matt Arnold,
2026,"Sewald, Paul",rhp,36,,DET,ARI,1,1500000,2026,,,1500000,ISE,Ken Kendrick,Mike Hazen,
2026,"Urquidy, José",rhp-s,31,,DET,PIT,1,1500000,2026,,,1500000,Octagon,Bob Nutting,Ben Cherington,
2026,"Montgomery, Jordan",lhp-s,33,,MIL,TEX,1,1250000,2026,,,1250000,Wasserman,RDavis/BSimpson,CYoung / RFenstermaker,
2026,"Suter, Brent",rhp,36,,CIN,LAA,1,1250000,2026,,,1250000,Diamond Sports,Arturo Moreno,Perry Minasian,
2026,"Hart, Kyle",lhp-s,33,,SDN,SDN,1,1200000,2026,club,,1200000,NPG Sports,John Seidler,A.J. Preller,
2026,"Alexander, Tyler",lhp-s,31,,CHA,TEX,1,1125000,2026,,,1125000,SSG Baseball,RDavis/BSimpson,CYoung / RFenstermaker,
2026,"Corbin, Patrick",lhp-s,36,,TEX,TOR,1,1000000,2026,,,1000000,ISE,Edward Rogers,MShapiro/RAtkins,
2026,"Coulombe, Daniel",lhp,36,,TEX,BOS,1,1000000,2026,,,1000000,ALIGND,John Henry,Craig Breslow,
2026,"Marte, Starling",dh-rf,37,,NYN,KCA,1,1000000,2026,,,1000000,Klutch Spts,John Sherman,J.J. Piccolo,
2026,"Mateo, Jorge",ss,31,,BAL,ATL,1,1000000,2026,,,1000000,Movement Baseball,Atl Braves Holdings,Alex Anthopoulos,
2026,"Arcia, Orlando",ss,31,,COL,MIN,0,,2026,,,,World Sports,Tom Pohlad,DFalvey /JZoll,$1.25M in majors
2026,"Brasier, Ryan",rhp,38,,CHN,TEX,0,,2026,,,,ALIGND,RDavis/BSimpson,CYoung / RFenstermaker,$1.7M in majors
2026,"Buehler, Walker",rhp-s,31,,PHI,SDN,0,,2026,,,,Excel,John Seidler,A.J. Preller,$1.5M in majors
2026,"Chafin, Andrew",lhp,36,,LAA,MIN,0,,2026,,,,Meister Sports,Tom Pohlad,Jeremy Zoll,$2M in majors
2026,"Conforto, Michael",dh-rf,33,,LAN,CHN,0,,2026,,,,Boras Corp.,Tom Ricketts,JHoyer / CHawkins,$2M in majors
2026,"DeJong, Paul",3b,32,,WAS,NYA,0,,2026,,,,CL Rocks,Hal Steinbrenner,Brian Cashman,$1M in majors
2026,"Díaz, Elias",c,35,,SDN,KCA,0,,2026,,,,ACES,John Sherman,J.J. Piccolo,$2M in majors
2026,"Farmer, Kyle",2b,35,,COL,ATL,0,,2026,,,,Beverly Hills SC,Atl Braves Holdings,Alex Anthopoulos,$1.25M in majors
2026,"France, Ty",1b,31,,TOR,SDN,0,,2026,,,,Equity Baseball,John Seidler,A.J. Preller,$1.35M in majors
2026,"Frazier, Adam",2b-of,34,,KCA,LAA,0,,2026,,,,McKinnins Sports,Arturo Moreno,Perry Minasian,$1.75M in majors
2026,"Garver, Mitch",c-dh,35,,SEA,SEA,0,,2026,,,,ISE,John Seidler,A.J. Preller,$2.25M in majors
2026,"Grichuk, Randal",rf,34,,KCA,NYA,0,,2026,,,,Excel,Hal Steinbrenner,Brian Cashman,
2026,"Hendricks, Liam",rhp,37,,BOS,MIN,0,,2026,,,,ALIGND,Tom Pohlad,Jeremy Zoll,$2.25M in majors
2026,"Hoskins, Rhys",1b,33,,MIL,CLE,0,,2026,,,,Boras Corp.,Paul Dolan,CAntonetti / MChernoff,$1.5M in majors
2026,"Kahnle, Tommy",rhp,36,,DET,BOS,0,,2026,,,,Covenant Sports,John Henry,Craig Breslow,
2026,"Kimbrel, Craig",rhp,38,,HOU,NYN,0,,2026,,,,SportsMeter,Steve Cohen,David Stearns,$2.5M in majors
2026,"Law, Derek",rhp,35,,WAS,ARI,0,,2026,,,,CAA,Ken Kendrick,Mike Hazen,$1.5M in majors
2026,"Loáisiga, Jonathan",rhp,31,,NYA,ARI,0,,2026,,,,ISE,Ken Kendrick,Mike Hazen,$1.5M in majors
2026,"Maile, Luke",c,35,,KCA,KCA,0,,2026,,,,Meister Sports,John Sherman,J.J. Piccolo,
2026,"Mayza, Tim",lhp,34,,PHI,PHI,0,,2026,,,,Ballengee,John Middleton,DDombrowski / PMattingly,$1.75M in majors
2026,"McCutchen, Andrew",dh-of,38,,PIT,TEX,0,,2026,,,,Aegis Sports,RDavis/BSimpson,CYoung / RFenstermaker,$1.5M in majors
2026,"Means, John",lhp-s,30,,CLE,KCA,0,,2026,,,,Wasserman,John Sherman,J.J. Piccolo,$2.5M in majors
2026,"Montero, Rafael",rhp,35,,DET,NYA,0,,2026,,,,GSE,Hal Steinbrenner,Brian Cashman,$1.85M in majors
2026,"Moore, Dylan",3b,33,,TEX,PHI,0,,2026,,,,Klutch Sports,John Middleton,DDombrowski / PMattingly,$1.85M in majors
2026,"Pérez, Martin",lhp-s,35,,CHA,ATL,0,,2026,,,,Octagon,Atl Braves Holdings,Alex Anthopoulos,$3.5M in majors
2026,"Pham, Tommy",lf,39,,PIT,NYN,0,,2026,,,,Vayner Sports,Steve Cohen,David Stearns,
2026,"Rodgers, Brendan",ss,29,,HOU,BOS,0,,2026,,,,Boras Corp.,John Henry,Craig Breslow,$1.85M in majors
2026,"Seabold, Connor",rhp,30,,ATL,TOR,0,,2026,,,,,Edward Rogers,MShapiro/RAtkins,$1M in majors
2026,"Slater, Austin",of,33,,NYA,DET,0,,2026,,,,Ballengee,Chris Ilitch,SHarris / JGreenberg,$2M in majors
2026,"Smith, Dominic",1b,31,,SFN,ATL,0,,2026,,,,Roc Nation,Atl Braves Holdings,Alex Anthopoulos,$1.25M in majors
2026,"Smith, Drew",rhp,32,,NYN,WAS,0,,2026,,,,MVP Sports,Ted Lerner,P Toboni / A Kilambi,$1.75M in majors
2026,"Strickland, Hunter",rhp,37,,LAA,LAA,0,,2026,,,,All Bases Covered,Arturo Moreno,Perry Minasian,$1.2M in majors
2026,"Taylor, Chris",lf-rf,35,,LAA,LAA,0,,2026,,,,Meister Sports,Arturo Moreno,Perry Minasian,$1.6M in majors
2026,"Trivino, Lou",rhp,34,,PHI,PHI,0,,2026,,,,Pro Edge Spts,John Middleton,DDombrowski / PMattingly,$1.75M in majors
2026,"Vázquez, Christian",c,35,,MIN,HOU,0,,2026,,,,MDR Sports,Jim Crane,Dana Brown,$1M in majors
2026,"Castro, Miguel",rhp,31,,CHA,MEX,,signed by Leones de Yucatán,,,,,Ballengee,,,
2026,"Rodriguez, Elvin",rhp,28,,ARI,KBO,,"Lotte Giants, 1 y/$1M",,,,,,,,
2026,"Ureña, José",rhp-s,34,,LAA,NPB,,"Rakuten Golden Eagles, 1 y (26)",,,,,Premier Talent & Spts,,,
2026,"Heaney, Andrew",lhp-s,35,,LAN,,,,,,,,Icon Sports,,,
2026,"Hendricks, Kyle",rhp-s,36,,LAA,,,,,,,,Wasserman,,,
2026,"Kershaw, Clayton",lhp-s,38,,LAN,,,,,,,,Excel,,,
2026,"Maldonado, Martín",c,39,,SDN,,,,,,,,MVP Sports,,,
2026,"Robertson, David",rhp,41,,PHI,,,,,,,,self-represented,,,
2026,"Taylor, Michael A.",cf,35,,CHA,,,,,,,,ALIGND,,,
2026,"Anderson, Tyler",lhp-s,36,,LAA,,,,,,,,Beverly Hills SC,,,
2026,"Cobb, Alex",rhp-s,38,,DET,,,,,,,,Beverly Hills,,,
2026,"Cortes, Nestor",lhp-s,31,,SDN,,,,,,,,Wasserman,,,
2026,"Flores, Wilmer",2b-3b,34,,SFN,,,,,,,,Rimas Sports,,,
2026,"Gray, Jon",rhp-s,34,,TEX,,,,,,,,CAA,,,
2026,"Iglesias, José",ss,36,,SDN,,,,,,,,MVP Spts,,,
2026,"Jackson, Luke",rhp,34,,SEA,,,,,,,,Beverly Hills,,,
2026,"Kepler, Max",lf,33,,PHI,,,,,,,,VC Sports,,,
2026,"Kopech, Michael",rhp,30,,LAN,,,,,,,,Boras Corp.,,,
2026,"Leclerc, José",rhp,32,,ATH,,,,,,,,Munger English,,,
2026,"McGough, Scott",rhp,36,,ATH,,,,,,,,Wasserman,,,
2026,"Miley, Wade",lhp-s,39,,CIN,,,,,,,,O'Connell Spts,,,
2026,"Montes, Coco",ss,29,,TBA,,,,,,,,,,,
2026,"Morton, Charlie",rhp-s,42,,ATL,,,,,,,,Wasserman,,,
2026,"Murphy, Tom",c,35,,SFN,,,,,,,,Ballengee,,,
2026,"Solano, Donovan",2b-3b,38,,TEX,,,,,,,,ACES,,,
2026,"Tellez, Rowdy",1b,31,,TEX,,,,,,,,Primo Sports Gp Bryce Dixon,,,
2026,"Turner, Justin",1b-3b,41,,CHN,,,,,,,,Vayner Sports,,,
2026,"Wilson, Justin",lhp,38,,BOS,,,,,,,,ACES,,,
2026,"Winker, Jesse",dh-lf,32,,NYN,,,,,,,,Excel,,,
2025,"Soto, Juan",rf,26,rejected,NYA,NYN,15,765000000,2025-39,,,51000000,Boras Corp.,Steve Cohen,David Stearns,
2025,"Fried, Max",lhp-s,31,rejected,ATL,NYA,8,218000000,2025-32,,,27250000,CAA,Hal Steinbrenner,Brian Cashman,
2025,"Burnes, Corbin",rhp-s,30,rejected,BAL,ARI,6,210000000,2025-30,,,35000000,Boras Corp.,Ken Kendrick,Mike Hazen,
2025,"Snell, Blake",lhp-s,32,,SFN,LAN,5,182000000,2025-29,,,36400000,Boras Corp.,Mark Walter,AFriedman / BGomes,
2025,"Adames, Willy",ss,29,rejected,MIL,SFN,7,182000000,2025-31,,,26000000,CAA,Greg Johnson,B Posey / Z Minasian,
2025,"Bregman, Alex",2b,31,rejected,HOU,BOS,3,120000000,2025-27,,,40000000,Boras Corp.,John Henry,Craig Breslow,
2025,"Santander, Anthony",rf,30,rejected,BAL,TOR,5,92500000,2025-29,club,Y,18500000,Beverly Hills SC,Edward Rogers,MShapiro/RAtkins,
2025,"Eovaldi, Nathan",rhp-s,35,,TEX,TEX,3,75000000,2025-27,,,25000000,ACES,RDavis/BSimpson,CYoung / RFenstermaker,
2025,"Manaea, Sean",lhp-s,33,rejected,NYN,NYN,3,75000000,2025-27,,,25000000,Boras Corp.,Steve Cohen,David Stearns,
2025,"Scott, Tanner",lhp-c,30,,SDN,LAN,4,72000000,2025-28,,,18000000,MVP Spts,Mark Walter,AFriedman / BGomes,
2025,"Severino, Luis",rhp-s,31,rejected,NYN,ATH,3,67000000,2025-27,,Y,22333333,Klutch Spts,John Fisher,David Forst,
2025,"Hernández, Teoscar",lf,32,rejected,LAN,LAN,3,66000000,2025-27,club,,22000000,Republik Spts,Mark Walter,AFriedman / BGomes,
2025,"Kikuchi, Yusei",lhp-s,34,,HOU,LAA,3,63675000,2025-27,,,21225000,Boras Corp.,Arturo Moreno,Perry Minasian,
2025,"Walker, Christian",1b,33,rejected,ARI,HOU,3,60000000,2025-27,,,20000000,CAA,Jim Crane,Dana Brown,
2025,"Pivetta, Nick",rhp-s,32,rejected,BOS,SDN,4,55000000,2025-28,,,13750000,CAA,Seidler family,A.J. Preller,
2025,"Alonso, Pete",1b,30,rejected,NYN,NYN,2,54000000,2025-26,,,27000000,Boras Corp.,Steve Cohen,David Stearns,
2025,"O'Neill, Tyler",lf,30,,BOS,BAL,3,49500000,2025-27,,Y,16500000,Boras Corp.,David Rubenstein,Mike Elias,
2025,"Profar, Jurickson",lf,32,,SDN,ATL,3,42000000,2025-27,,,14000000,MVP Spts,Atl Braves Holdings,Alex Anthopoulos,
2025,"Holmes, Clay",rhp-s,32,,NYA,NYN,3,38000000,2025-27,,,12666667,Wasserman,Steve Cohen,David Stearns,
2025,"Pederson, Joc",lf,33,,ARI,TEX,2,37000000,2025-26,,Y,18500000,Excel,RDavis/BSimpson,CYoung / RFenstermaker,
2025,"Flaherty, Jack",rhp-s,29,,LAN,DET,2,35000000,2025-26,,Y,17500000,CAA,Chris Ilitch,SHarris / JGreenberg,
2025,"Montas, Frankie",rhp-s,32,,MIL,NYN,2,34000000,2025-26,,Y,17000000,Boras Corp.,Steve Cohen,David Stearns,
2025,"Hoffman, Jeff",rhp-s,32,,PHI,TOR,3,33000000,2025-27,,,11000000,CAA,Edward Rogers,MShapiro/RAtkins,
2025,"Boyd, Matt",lhp-s,34,,CLE,CHN,2,29000000,2025-26,,,14500000,Boras Corp.,Tom Ricketts,JHoyer / CHawkins,
2025,"Kim, Ha-Seong",ss,29,,SDN,TBA,2,29000000,2025-26,,,14500000,Boras Corp.,Stuart Sternberg,Erik Neander,
2025,"Bieber, Shane",rhp-s,30,,CLE,CLE,2,26000000,2025-26,player,,13000000,Rosenhaus Spts,Paul Dolan,Antonetti/Chernoff,
2025,"Estévez, Carlos",rhp-c,32,,PHI,KCA,2,22000000,2025-26,club,,11000000,Premier Talent,John Sherman,J.J. Picollo,
2025,"Minter, A.J.",lhp,31,,ATL,NYN,2,22000000,2025,,Y,22000000,Bledsoe Agy,Steve Cohen,David Stearns,
2025,"Treinen, Blake",rhp,37,,LAN,LAN,2,22000000,2025-26,,,11000000,Apex,Mark Walter,AFriedman / BGomes,
2025,"Buehler, Walker",rhp-s,30,,LAN,BOS,1,21050000,2025,,,21050000,Excel,John Henry,Craig Breslow,
2025,"Martinez, Nick",rhp-s,34,accepted,CIN,CIN,1,21050000,2025,,,21050000,Boras Corp.,Bob Castellini,NKrall / BMeador,
2025,"Conforto, Michael",dh-rf,32,,SFN,LAN,1,17000000,2025,,,17000000,Boras Corp.,Mark Walter,AFriedman / BGomes,
2025,"Scherzer, Max",rhp-s,40,,TEX,TOR,1,15500000,2025,,,15500000,Boras Corp.,Edward Rogers,MShapiro/RAtkins,
2025,"Cobb, Alex",rhp-s,37,,CLE,DET,1,15000000,2025,,,15000000,Beverly Hills SC,Chris Ilitch,SHarris / JGreenberg,
2025,"García, Yimi",rhp,34,,SEA,TOR,2,15000000,2025-26,,,7500000,Nova Spts,Edward Rogers,MShapiro/RAtkins,
2025,"Morton, Charlie",rhp-s,41,,ATL,BAL,1,15000000,2025,,,15000000,Wasserman,David Rubenstein,Mike Elias,
2025,"Torres, Gleyber",2b,28,,NYA,DET,1,15000000,2025,,,15000000,Octagon,Chris Ilitch,SHarris / JGreenberg,
2025,"Verlander, Justin",rhp-s,42,,HOU,SFN,1,15000000,2025,,,15000000,ISE,Greg Johnson,B Posey / Z Minasian,
2025,"Williams, Trevor",rhp-s,33,,WAS,WAS,1,14000000,2025-26,,,7000000,Boggs & Assoc.,Mark Lerner,Mike Rizzo,
2025,"Higashioka, Kyle",c,35,,SDN,TEX,2,13500000,2025-26,mutual,,6750000,Beverly Hills SC,RDavis/BSimpson,CYoung / RFenstermaker,
2025,"Yates, Kirby",rhp,38,,TEX,LAN,1,13000000,2025,,,13000000,Beverly Hills,Mark Walter,AFriedman / BGomes,
2025,"Goldschmidt, Paul",1b,37,,STL,NYA,1,12500000,2025,,,12500000,Excel,Hal Steinbrenner,Brian Cashman,
2025,"d'Arnaud, Travis",c,36,,ATL,LAA,2,12000000,2025-26,,,6000000,Wasserman,Arturo Moreno,Perry Minasian,
2025,"Santana, Carlos",1b-dh,39,,MIN,CLE,1,12000000,2025,,,12000000,Octagon,Paul Dolan,Antonetti/Chernoff,
2025,"Kelly, Carson",c,29,,TEX,CHN,2,11500000,2025-26,mutual,,5750000,Apex,Tom Ricketts,JHoyer / CHawkins,
2025,"Chapman, Aroldis",lhp,37,,PIT,BOS,1,10750000,2025,,,10750000,Wasserman,John Henry,Craig Breslow,
2025,"Jansen, Kenley",rhp-c,37,,BOS,LAA,1,10000000,2025,,,10000000,Wasserman,Arturo Moreno,Perry Minasian,
2025,"Kepler, Max",lf,32,,MIN,PHI,1,10000000,2025,,,10000000,VC Sports,John Middleton,DDombrowski / PMattingly,
2025,"Kittredge, Andrew",rhp,35,,STL,BAL,1,10000000,2025,club,,10000000,Paragon Spts,David Rubenstein,Mike Elias,
2025,"Leclerc, José",rhp-c,31,,TEX,ATH,1,10000000,2025,,,10000000,Munger English,John Fisher,David Forst,
2025,"Soroka, Michael",rhp,27,,CHA,WAS,1,9000000,2025,,,9000000,ISE,Mark Lerner,Mike Rizzo,
2025,"Jansen, Danny",c,30,,BOS,TBA,1,8500000,2025,mutual,,8500000,ISE,Stuart Sternberg,Erik Neander,
2025,"Sanchez, Gary",c,32,,MIL,BAL,1,8500000,2025,,,8500000,MDR Spts,David Rubenstein,Mike Elias,
2025,"Kahnle, Tommy",rhp,35,,NYA,DET,1,7750000,2025,,,7750000,Ballengee,Chris Ilitch,SHarris / JGreenberg,
2025,"Polanco, Jorge",3b,31,,SEA,SEA,1,7750000,2025,,,7750000,Octagon,John Stanton,J Dipoto / J Hollander,
2025,"Kershaw, Clayton",lhp-s,37,,LAN,LAN,1,7500000,2025,,,7500000,Excel,Mark Walter,AFriedman / BGomes,
2025,"Winker, Jesse",dh-lf,31,,NYN,NYN,1,7500000,2025,,,7500000,Excel,Steve Cohen,David Stearns,
2025,"Lorenzen, Michael",rhp-s,33,,KCA,KCA,1,7000000,2025,mutual,,7000000,CAA,John Sherman,J.J. Picollo,
2025,"Sewald, Paul",rhp-c,35,,ARI,CLE,1,7000000,2025,mutual,,7000000,ISE,Paul Dolan,CAntonetti / MChernoff,
2025,"Hernández, Kiké",ss-cf,33,,LAN,LAN,1,6500000,2025,,,6500000,Wasserman,Mark Walter,AFriedman / BGomes,
2025,"Bader, Harrison",cf,31,,NYN,MIN,1,6250000,2025,mutual,,6250000,Vayner Spts,Jim Pohlad,DFalvey /JZoll,
2025,"Robertson, David",rhp,40,,TEX,PHI,1,6021505,2025,,,6021505,self-represented,John Middleton,DDombrowski / PMattingly,
2025,"Bell, Josh",1b-dh,32,,ARI,WAS,1,6000000,2025,,,6000000,Boras Corp.,Mark Lerner,Mike Rizzo,
2025,"Turner, Justin",dh-1b,40,,SEA,CHN,1,6000000,2025,,,6000000,Vayner Spts,Tom Ricketts,JHoyer / CHawkins,
2025,"Martin, Chris",rhp,39,,BOS,TEX,1,5500000,2025,,,5500000,ISE,RDavis/BSimpson,CYoung / RFenstermaker,
2025,"Gibson, Kyle",rhp-s,37,,STL,BAL,1,5250000,2025,,,5250000,Rowley Spts,David Rubenstein,Mike Elias,
2025,"Heaney, Andrew",lhp-s,34,,TEX,PIT,1,5250000,2025,,,5250000,Icon Spts,Bob Nutting,Ben Cherington,
2025,"Grichuk, Randal",cf,33,,ARI,ARI,1,5000000,2025,mutual,,5000000,Excel,Ken Kendrick,Mike Hazen,
2025,"Loáisiga, Jonathan",rhp,30,,NYA,NYA,1,5000000,2025,club,,5000000,ISE,Hal Steinbrenner,Brian Cashman,
2025,"McCutchen, Andrew",rf,38,,PIT,PIT,1,5000000,2025,,,5000000,Aegis Spts,Bob Nutting,Ben Cherington,
2025,"Moncada, Yoán",3b,30,,CHA,LAA,1,5000000,2025,,,5000000,Wasserman,Arturo Moreno,Perry Minasian,
2025,"Pérez, Martín",lhp-s,34,,SDN,CHA,1,5000000,2025,mutual,,5000000,Octagon,Jerry Reinsdorf,Chris Getz,
2025,"Rea, Colin",rhp,35,,MIL,CHN,1,5000000,2025,club,,5000000,Sterling Spts,Tom Ricketts,JHoyer / CHawkins,
2025,"Junis, Jakob",rhp-s,32,,CIN,CLE,1,4500000,2025,,,4500000,Wasserman,Paul Dolan,CAntonetti / MChernoff,
2025,"Stanek, Ryne",rhp,33,,NYN,NYN,1,4500000,2025,,,4500000,MVP Spts,Steve Cohen,David Stearns,
2025,"Pham, Tommy",of,37,,KCA,PIT,1,4025000,2025,,,4025000,Vayner Spts,Bob Nutting,Ben Cherington,
2025,"Hedges, Austin",c,32,,CLE,CLE,1,4000000,2025,,,4000000,Boras Corp.,Paul Dolan,CAntonetti / MChernoff,
2025,"Quintana, José",lhp-s,36,,NYN,MIL,1,4000000,2025,,,4000000,Wasserman,Mark Attanasio,Matt Arnold,
2025,"Ross, Joe",rhp-s,32,,MIL,PHI,1,4000000,2025,,,4000000,Wasserman,John Middleton,DDombrowski / PMattingly,
2025,"Díaz, Elias",c,34,,SDN,SDN,1,3500000,2025,mutual,,3500000,MAS+,Seidler family,A.J. Preller,
2025,"Solano, Donovan",2b-3b,37,,SDN,SEA,1,3500000,2025,,,3500000,ACES,John Stanton,J Dipoto / J Hollander,
2025,"Farmer, Kyle",inf,34,,MIN,COL,1,3250000,2025,mutual,,3250000,Beverly Hills SC,Monfort brothers,Bill Schmidt,
2025,"Coulombe, Daniel",lhp,35,,BAL,MIN,1,3000000,2025,,,3000000,ALIGND,Jim Pohlad,DFalvey /JZoll,
2025,"Ferguson, Caleb",lhp,28,,HOU,PIT,1,3000000,2025,,,3000000,Excel,Bob Nutting,Ben Cherington,
2025,"López, Jorge",rhp,32,,CHN,WAS,1,3000000,2025,,,3000000,Wasserman,Mark Lerner,Mike Rizzo,
2025,"Sims, Lucas",rhp,31,,BOS,WAS,1,3000000,2025,,,3000000,TWC Spts,Mark Lerner,Mike Rizzo,
2025,"Hill, Tim",lhp,35,,NYA,NYA,1,2850000,2025,club,,2850000,Paragon Spts,Hal Steinbrenner,Brian Cashman,
2025,"Brebbia, John",rhp,35,,ATL,DET,1,2750000,2025,club,,2750000,Icon Spts,Chris Ilitch,SHarris / JGreenberg,
2025,"Newman, Kevin",ss,31,,ARI,LAA,1,2750000,2025,club,,2750000,Jonathan Weiss,Arturo Moreno,Perry Minasian,
2025,"Thielbar, Caleb",lhp,38,,MIN,CHN,1,2750000,2025,,,2750000,Octagon,Tom Ricketts,JHoyer / CHawkins,
2025,"Hendricks, Kyle",rhp-s,35,,CHN,LAA,1,2500000,2025,,,2500000,Wasserman,Arturo Moreno,Perry Minasian,
2025,"Stallings, Jacob",c,35,,COL,COL,1,2500000,2025,mutual,,2500000,McKinnis Spts,Monfort brothers,Bill Schmidt,
2025,"Suter, Brent",lhp,35,,CIN,CIN,1,2500000,2025,club,,2500000,Diamond Spts,Bob Castellini,NKrall / BMeador,
2025,"Wilson, Justin",lhp,37,,CIN,BOS,1,2250000,2025,,,2250000,ACES,John Henry,Craig Breslow,
2025,"Urshela, Gio",ss,33,,ATL,ATH,1,2150000,2025,,,2150000,Klutch Spts,John Fisher,David Forst,
2025,"Alexander, Scott",lhp,35,,ATH,COL,1,2000000,2025,,,2000000,Apex,Monfort brothers,Bill Schmidt,
2025,"Maton, Phil",rhp,32,,NYN,STL,1,2000000,2025,,,2000000,Paragon Spts,Bill DeWitt Jr.,John Mozeliak,
2025,"Rosario, Amed",ss,29,,CIN,WAS,1,2000000,2025,,,2000000,Octagon,Mark Lerner,Mike Rizzo,
2025,"Raley, Brooks",lhp,37,,NYN,NYN,1,1850000,2025,club,,1850000,CAA,Steve Cohen,David Stearns,
2025,"McFarland, T.J.",lhp,36,,ATH,ATH,1,1800000,2025,,,1800000,Octagon,John Fisher,David Forst,
2025,"Slater, Austin",of,32,,BAL,CHA,1,1750000,2025,,,1750000,Ballengee,Jerry Reinsdorf,Chris Getz,
2025,"Frazier, Adam",2b-of,33,,KCA,PIT,1,1525000,2025,,,1525000,McKinnis Spts,Bob Nutting,Ben Cherington,
2025,"Jackson, Luke",rhp,33,,ATL,TEX,1,1500000,2025,,,1500000,Beverly Hills SC,RDavis/BSimpson,CYoung / RFenstermaker,
2025,"Verdugo, Alex",lf,29,,NYA,ATL,1,1500000,2025,,,1500000,MVP Spts,Atl Braves Holdings,Alex Anthopoulos,
2025,"Graveman, Kendall",rhp,34,,HOU,ARI,1,1350000,2025,mutual,,1350000,Sports One,Ken Kendrick,Mike Hazen,
2025,"Turnbull, Spencer",rhp-s,32,,PHI,TOR,1,1265306,2025,,,1000000,Boras Corp.,Edward Rogers,MShapiro/RAtkins,
2025,"Gamel, Ben",cf,33,,HOU,HOU,1,1200000,2025,,,1200000,Wasserman,Jim Crane,Dana Brown,
2025,"Corbin, Patrick",lhp-s,35,,WAS,TEX,1,1100000,2025,,,1100000,ISE,RDavis/BSimpson,CYoung / RFenstermaker,
2025,"DeJong, Paul",ss,31,,KCA,WAS,1,1000000,2025,,,1000000,CL Rocks,Mark Lerner,Mike Rizzo,
2025,"Heyward, Jason",rf,35,,HOU,SDN,1,1000000,2025,,,1000000,Excel,Seidler family,A.J. Preller,
2025,"Means, John",lhp-s,29,,BAL,CLE,1,1000000,2025,club,,1000000,Wasserman,Paul Dolan,CAntonetti / MChernoff,
2025,"Smith, Drew",rhp,31,,NYN,NYN,1,1000000,2025,club,,1000000,MVP Spts,Steve Cohen,David Stearns,
2025,"Ahmed, Nick",ss,34,,SDN,TEX,0,1250000,2025,,,,Excel,RDavis/BSimpson,CYoung / RFenstermaker,
2025,"Bard, Daniel",rhp,40,,COL,SEA,0,,2025,,,,ISE,John Stanton,J Dipoto / J Hollander,
2025,"Barnes, Jacob",rhp,35,,WAS,TOR,0,1400000,2025,,,,Vayner Spts,Edward Rogers,MShapiro/RAtkins,
2025,"Beeks, Jalen",lhp,31,,PIT,HOU,0,,2025,,,,Frontline,Jim Crane,Dana Brown,
2025,"Borucki, Ryan",lhp,31,,PIT,PIT,0,,2025,,,,ISE,Bob Nutting,Ben Cherington,
2025,"Buchanan, David",rhp,36,,CIN,TEX,0,1375000,2025,,,,TWC Spts,RDavis/BSimpson,CYoung / RFenstermaker,
2025,"Canha, Mark",lf,36,,SFN,MIL,0,1400000,2025,,,,CAA,Mark Attanasio,Matt Arnold,
2025,"Casali, Curt",c,36,,SFN,ATL,0,1250000,2025,,,,Beverly Hills,Atl Braves Holdings,Alex Anthopoulos,
2025,"Chafin, Andrew",lhp,35,,TEX,DET,0,,2025,,,,Meister Spts,Chris Ilitch,SHarris / JGreenberg,
2025,"Chavez, Jesse",rhp,37,,ATL,TEX,0,1250000,2025,,,,Apex,RDavis/BSimpson,CYoung / RFenstermaker,
2025,"Clevinger, Mike",rhp-s,34,,CHA,CHA,0,1500000,2025,,,,ACES,Jerry Reinsdorf,Chris Getz,
2025,"DeSclafani, Anthony",rhp-s,35,,MIN,NYA,0,,2025,,,,VC Sports,Hal Steinbrenner,Brian Cashman,
2025,"Drury, Brandon",3b-dh,32,,LAA,CHA,0,2000000,2025,,,,Wasserman,Jerry Reinsdorf,Chris Getz,
2025,"Farmer, Buck",rhp,34,,CIN,ATL,0,1000000,2025,,,,Excel,Atl Braves Holdings,Alex Anthopoulos,
2025,"Flexen, Chris",rhp-s,31,,CHA,CHN,0,1500000,2025,,,,O'Connell Spts,Tom Ricketts,JHoyer / CHawkins,
2025,"Fuminami, Shintaro",rhp,31,,NYN,SEA,0,1300000,2025,,,,Boras Corp.,John Stanton,J Dipoto / J Hollander,
2025,"Gallo, Joey",rf,31,,WAS,CHA,0,,2025,,,,Boras Corp.,Jerry Reinsdorf,Chris Getz,
2025,"García, Luis",rhp,38,,BOS,LAN,0,1500000,2025,,,,Reynolds Spts,Mark Walter,AFriedman / BGomes,
2025,"Gott, Trevor",rhp,32,,ATH,SEA,0,1350000,2025,,,,Sports One,John Stanton,J Dipoto / J Hollander,
2025,"Grandal, Yasmani",c,36,,PIT,BOS,0,,2025,,,,Wasserman,John Henry,Craig Breslow,
2025,"Gurriel, Yuli",1b,41,,KCA,SDN,0,1350000,2025,,,,Mato Spts,John Seidler,A.J. Preller,
2025,"Hampson, Garrett",2b-of,30,,KCA,ARI,0,1500000,2025,,,,TWC Spts,Ken Kendrick,Mike Hazen,
2025,"Iglesias, José",ss,35,,NYN,SDN,0,3000000,2025,,,,MVP Spts,John Seidler,A.J. Preller,
2025,"Jankowski, Travis",cf,34,,TEX,CHN,0,1250000,2025,,,,Excel,Tom Ricketts,JHoyer / CHawkins,
2025,"Jiménez, Eloy",dh-lf,28,,BAL,TBA,0,2000000,2025,,,,Klutch Spts,Stuart Sternberg,Erik Neander,
2025,"Kriske, Brooks",rhp,31,,BAL,CHN,0,900000,2025,,,,,Tom Ricketts,JHoyer / CHawkins,
2025,"Maile, Luke",c,34,,CIN,KCA,0,2000000,2025,,,,Meister Spts,John Sherman,J.J. Picollo,
2025,"Margot, Manuel",rf,30,,MIN,MIL,0,1300000,2025,,,,Wasserman,Mark Attanasio,Matt Arnold,
2025,"McCann, James",c,35,,BAL,ATL,0,,2025,,,,Ballengee,Atl Braves Holdings,Alex Anthopoulos,
2025,"McGough, Scott",rhp,35,,ARI,ARI,0,1250000,2025,,,,Wasserman,Ken Kendrick,Mike Hazen,
2025,"Miley, Wade",lhp-s,38,,MIL,CIN,0,2500000,2025,,,,O'Connell Spts,Bob Castellini,NKrall / BMeador,
2025,"Moore, Matt",lhp-s,36,,LAA,BOS,0,2000000,2025,,,,Boras Corp.,John Henry,Craig Breslow,
2025,"Neris, Héctor",rhp,36,,HOU,ATL,0,,2025,,,,Octagon,Atl Braves Holdings,Alex Anthopoulos,
2025,"Ottavino, Adam",rhp,39,,NYN,BOS,0,2000000,2025,,,,WME,John Henry,Craig Breslow,
2025,"Pillar, Kevin",cf,36,,LAA,TEX,0,1000000,2025,,,,All Bases Covered,RDavis/BSimpson,CYoung / RFenstermaker,
2025,"Stassi, Max",c,34,,CHA,SFN,0,,2025,,,,Wasserman,Greg Johnson,BPosey / ZMinasian,
2025,"Strickland, Hunter",rhp,36,,LAA,TEX,0,,2025,,,,All Bases Covered,RDavis/BSimpson,CYoung / RFenstermaker,
2025,"Stripling, Ross",rhp-s,35,,ATH,KCA,0,1750000,2025,,,,Excel,John Sherman,J.J. Picollo,
2025,"Trivino, Lou",rhp,33,,NYA,SFN,0,1500000,2025,,,,Pro Edge Spts,Greg Johnson,B Posey / Z Minasian,
2025,"Ureña, José",rhp-s,33,,TEX,NYN,0,2000000,2025,,,,Premier Talent,Steve Cohen,David Stearns,
2025,"Yarbrough, Ryan",lhp-s,33,,TOR,TOR,0,2000000,2025,,,,Excel,Edward Rogers,MShapiro/RAtkins,
2025,"Uwasawa, Naoyuki",rhp-s,31,,BOS,NPB,1,,2025,,,,,SoftBank Hawks,,
2025,"Blackmon, Charlie",dh-of,39,,COL,,,,,,,,ACES,,,
2025,"Carpenter, Matt",dh-1b,39,,STL,,,,,,,,CAA,,,
2025,"Hudson, Daniel",rhp,38,,LAN,,,,,,,,Wasserman,,,
2025,"Kiermaier, Kevin",cf,35,,LAN,,,,,,,,Equity Baseball,,,
2025,"Lynn, Lance",rhp-s,38,,STL,,,,,,,,Headline Spts,,,
2025,"Merrifield, Whit",2b,36,,ATL,,,,,,,,Warner Spts,,,
2025,"Wood, Alex",lhp-s,34,,ATH,,,,,,,,ACES,,,
2025,"Duvall, Adam",cf,36,,ATL,,,,,,,,CAA,,,
2025,"Paxton, James",lhp-s,36,,BOS,,,,,,,,Boras Corp.,,,
2025,"Smyly, Drew",lhp,36,,CHN,,,,,,,,Frontline,,,
2025,"Leone, Dominic",rhp,33,,CHA,,,,,,,,ACES,,,
2025,"Grossman, Robbie",lf,35,,KCA,,,,,,,,Alliance Spts,,,
2025,"Smith, Will",lhp-c,35,,KCA,,,,,,,,CAA,,,
2025,"Kelly, Joe",rhp,37,,LAN,,,,,,,,ACES,,,
2025,"Martinez, J.D.",dh-rf,37,,NYN,,,,,,,,Boras Corp.,,,
2025,"Rizzo, Anthony",1b,35,,NYA,,,,,,,,Sports One,,,
2025,"Gonzales, Marco",lhp-s,33,,PIT,,,,,,,,CAA,,,
2025,"Peralta, David",lf,37,,SDN,,,,,,,,ACES,,,
2025,"Middleton, Keynan",rhp,30,,STL,,,,,,,,ACES,,,
2025,"Duffy, Matt",ss,34,,TEX,,,,,,,,Grand Central,,,
2024,"Ohtani, Shohei",rhp-s,29,rejected,ANA,LAN,10,700000000,2024-33,,,70000000,CAA,Mark Walter,AFriedman / BGomes,
2024,"Nola, Aaron",rhp-s,31,rejected,PHI,PHI,7,172000000,2024-30,,,24571429,Paragon,John Middleton,DDombrowski / SFuld,
2024,"Hader, Josh",lhp-c,30,rejected,SDN,HOU,5,95000000,2024-28,,,19000000,CAA,Jim Crane,Dana Brown,
2024,"Bellinger, Cody",cf,28,rejected,CHN,CHN,3,80000000,2024-26,,,26666667,Boras Corp.,Tom Ricketts,JHoyer / CHawkins,
2024,"Rodriguez, Eduardo",lhp-s,31,,DET,ARI,4,80000000,2024-27,vesting,,20000000,Octagon,Ken Kendrick,Mike Hazen,
2024,"Gray, Sonny",rhp-s,34,rejected,MIN,STL,3,75000000,2024-26,club,,25000000,Bo McKinnis,Bill DeWitt Jr.,JMozeliak / MGirsh,
2024,"Snell, Blake",lhp-s,31,rejected,SDN,SFN,2,62000000,2024-25,,Y,31000000,Boras Corp.,Greg Johnson,F Zaidi / P Putila,
2024,"Chapman, Matt",3b,31,rejected,TOR,SFN,3,54000000,2024,player (2),,18000000,Boras Corp.,Greg Johnson,F Zaidi / P Putila,
2024,"Candelario, Jeimer",3b,30,,CHN,CIN,3,45000000,2024-26,club,,15000000,Paul Kinzer,Bob Castellini,NKrall / BMeador,
2024,"Lugo, Seth",rhp-s,34,,SDN,KCA,3,45000000,2024-26,player,,15000000,Ballengee,John Sherman,J.J. Picollo,
2024,"Hicks, Jordan",rhp-s,27,,TOR,SFN,4,44000000,2024-27,,,11000000,Ballengee,Greg Johnson,F Zaidi / P Putila,
2024,"Gurriel Jr., Lourdes",lf,30,,ARI,ARI,3,42000000,2024-26,club,,14000000,Magnus Spts,Ken Kendrick,Mike Hazen,
2024,"Soler, Jorge",rf,32,,MIA,SFN,3,42000000,2024-26,,,14000000,MVP Sports,Greg Johnson,F Zaidi / P Putila,
2024,"Giolito, Lucas",rhp-s,29,,CLE,BOS,2,38500000,2024-25,player,,19250000,CAA,John Henry,Craig Breslow,
2024,"Stroman, Marcus",rhp-s,33,,CHN,NYA,2,37000000,2024-25,club,,18500000,Roc Nation,Hal Steinbrenner,Brian Cashman,
2024,"Hoskins, Rhys",1b,31,,PHI,MIL,2,34000000,2024-25,mutual,Y,17000000,Boras Corp.,Mark Attanasio,Matt Arnold,
2024,"Stephenson, Robert",rhp,31,,TBA,ANA,3,33000000,2024-26,,,11000000,Apex,Arturo Moreno,Perry Minasian,
2024,"Wacha, Michael",rhp-s,33,,SDN,KCA,2,32000000,2024-25,player,,16000000,CAA,John Sherman,J.J. Picollo,
2024,"López, Reynaldo",rhp,30,,CLE,ATL,3,30000000,2024-26,club,,10000000,CAA,Braves Holdings,Alex Anthopoulos,
2024,"Manaea, Sean",lhp-s,32,,SFN,NYN,2,28000000,2024-25,,Y,14000000,Boras Corp.,Steve Cohen,David Stearns,
2024,"Martinez, Nick",rhp-s,33,,SDN,CIN,2,26000000,2024-25,,Y,13000000,Boras Corp.,Bob Castellini,NKrall / BMeador,
2024,"Montgomery, Jordan",lhp-s,31,,TEX,ARI,1,25000000,2024,vesting,,25000000,Boras Corp.,Ken Kendrick,Mike Hazen,
2024,"Garver, Mitch",c-dh,33,,TEX,SEA,2,24000000,2024-25,mutual,,12000000,ISE,John Stanton,J Dipoto / J Hollander,
2024,"Maeda, Kenta",rhp-s,36,,MIN,DET,2,24000000,2024-25,,,12000000,Boras Corp.,Chris Ilitch,SHarris / JGreenberg,
2024,"Hernández, Teoscar",rf,31,,SEA,LAN,1,23500000,2024,,,23500000,Republik Spts,Mark Walter,AFriedman / BGomes,
2024,"Mahle, Tyler",rhp-s,29,,MIN,TEX,2,22000000,2024-25,,,11000000,ISE,RDavis/BSimpson,Chris Young,
2024,"Peralta, Wandy",lhp,32,,NYA,SDN,4,16500000,2024-27,,Y,16500000,MAS+,Seidler family,A.J. Preller,
2024,"Montas, Frankie",rhp-s,31,,NYA,CIN,1,16000000,2024,mutual,,16000000,Boras Corp.,Bob Castellini,NKrall / BMeador,
2024,"Pagán, Emilio",rhp,33,,MIN,CIN,2,16000000,2024-25,player,,8000000,Ballengee,Bob Castellini,NKrall / BMeador,
2024,"Kiner-Falefa, Isiah",ss,29,,NYA,TOR,2,15000000,2024-25,,,7500000,ALIGND,Edward Rogers,MShapiro/RAtkins,
2024,"Flaherty, Jack",rhp-s,28,,BAL,DET,1,14000000,2024,,,14000000,CAA,Chris Ilitch,SHarris / JGreenberg,
2024,"Gibson, Kyle",rhp-s,36,,BAL,STL,1,13000000,2024,club,,13000000,Rowley Spts,Bill DeWitt Jr.,JMozeliak / MGirsh,
2024,"Kimbrel, Craig",rhp-c,36,,PHI,BAL,1,13000000,2024,club,,13000000,SportsMeter,John Angelos,Mike Elias,
2024,"Severino, Luis",rhp-s,30,,NYA,NYN,1,13000000,2024,,,13000000,Rep 1,Steve Cohen,David Stearns,
2024,"Turner, Justin",dh-3b,39,,BOS,TOR,1,13000000,2024,,,13000000,Vayner Spts,Edward Rogers,MShapiro/RAtkins,
2024,"Pederson, Joc",lf,32,,SFN,ARI,1,12500000,2024,mutual,,12500000,Excel,Ken Kendrick,Mike Hazen,
2024,"Caratini, Victor",c,30,,MIL,HOU,2,12000000,2024-25,,,6000000,ACES,Jim Crane,Dana Brown,
2024,"Martinez, J.D.",dh-rf,36,,LAN,NYN,1,12000000,2024,,,8966565,Boras Corp.,Steve Cohen,David Stearns,
2024,"Robertson, David",rhp-c,39,,MIA,TEX,1,11500000,2024,mutual,,11500000,self-represented,RDavis/BSimpson,Chris Young,
2024,"Lynn, Lance",rhp-s,37,,LAN,STL,1,11000000,2024,club,,11000000,Headline Spts,Bill DeWitt Jr.,JMozeliak / MGirsh,
2024,"Bader, Harrison",cf,30,,CIN,NYN,1,10500000,2024,,,10500000,Vayner Spts,Steve Cohen,David Stearns,
2024,"Chapman, Aroldis",lhp,36,,TEX,PIT,1,10500000,2024,,,10500000,Wasserman,Bob Nutting,Ben Cherington,
2024,"Kiermaier, Kevin",cf,34,,TOR,TOR,1,10500000,2024,,,10500000,Equity Baseball,Edward Rogers,MShapiro/RAtkins,
2024,"Hendriks, Liam",rhp-c,35,,CHA,BOS,2,10000000,2024-25,mutual,,5000000,ALIGND,John Henry,Craig Breslow,
2024,"Kershaw, Clayton",lhp-s,36,,LAN,LAN,2,10000000,2024-25,player,,5000000,Excel,Mark Walter,AFriedman / BGomes,
2024,"Brasier, Ryan",rhp,36,,LAN,LAN,2,9000000,2024-25,,,4500000,ALIGND,Mark Walter,AFriedman / BGomes,
2024,"Heyward, Jason",rf-cf,34,,LAN,LAN,1,9000000,2024,,,9000000,Excel,Mark Walter,AFriedman / BGomes,
2024,"Neris, Hector",rhp,35,,HOU,CHN,1,9000000,2024,club,,9000000,Octagon,Tom Ricketts,JHoyer / CHawkins,
2024,"Miley, Wade",lhp-s,37,,MIL,MIL,1,8500000,2024,mutual,,8500000,O'Connell Spts,Mark Attanasio,Matt Arnold,
2024,"Wood, Alex",lhp-s,33,,SFN,OAK,1,8500000,2024,,,8500000,ACES,John Fisher,David Forst,
2024,"Murphy, Tom",c,33,,SEA,SFN,2,8250000,2024-25,club,,4125000,Ballengee,Greg Johnson,F Zaidi / P Putila,
2024,"Kelly, Joe",rhp,36,,LAN,LAN,1,8000000,2024,,,8000000,ACES,Mark Walter,AFriedman / BGomes,
2024,"Merrifield, Whit",2b,35,,TOR,PHI,1,8000000,club,,,8000000,Warner Cos.,John Middleton,DDombrowski / SFuld,
2024,"Pérez, Martín",lhp-s,33,,TEX,PIT,1,8000000,2024,,,8000000,OL Baseball,Bob Nutting,Ben Cherington,
2024,"Stratton, Chris",rhp,33,,TEX,KCA,2,8000000,2024-25,player,,4000000,Bo McKinnis,John Sherman,J.J. Picollo,
2024,"Junis, Jakob",rhp-s,31,,SFN,MIL,1,7000000,,,,7000000,Wasserman,Mark Attanasio,Matt Arnold,
2024,"Paxton, James",lhp-s,35,,BOS,LAN,1,7000000,2024,,,7000000,Boras Corp.,Mark Walter,AFriedman / BGomes,
2024,"Maton, Phil",rhp,31,,HOU,TBA,1,6500000,2024,club,,6500000,Paragon,Stuart Sternberg,Erik Neander,
2024,"Middleton, Keynan",rhp,29,,NYA,STL,1,6000000,2024,club,,6000000,ACES,Bill DeWitt Jr.,JMozeliak/MGirsh,
2024,"Brebbia, John",rhp,34,,SFN,CHA,1,5500000,2024,mutual,,5500000,Icon Spts,Jerry Reinsdorf,Chris Getz,
2024,"Santana, Carlos",1b-dh,38,,MIL,MIN,1,5250000,2024,,,5250000,Octagon,Jim Pohlad,DFalvey /TLevine,
2024,"Anderson, Tim",ss,31,,CHA,MIA,1,5000000,2024,,,5000000,Excel,Bruce Sherman,Peter Bendix,
2024,"Gallo, Joey",rf,30,,MIN,WAS,1,5000000,2024,mutual,,5000000,Boras Corp.,Mark Lerner,Mike Rizzo,
2024,"McCutchen, Andrew",rf,37,,PIT,PIT,1,5000000,2024,,,5000000,Aegis Spts,Bob Nutting,Ben Cherington,
2024,"Smith, Will",lhp,34,,TEX,KCA,1,5000000,2024,,,5000000,CAA,John Sherman,J.J. Picollo,
2024,"Chafin, Andrew",lhp,34,,MIL,DET,1,4750000,2024,club,,4750000,Meister Spts,Chris Ilitch,SHarris / JGreenberg,
2024,"Frazier, Adam",2b-of,32,,BAL,KC,1,4500000,2024,mutual,,4500000,Bo McKinnis,John Sherman,J.J. Picollo,
2024,"Lorenzen, Michael",rhp-s,32,,PHI,TEX,1,4500000,2024,,,4500000,CAA,RDavis/BSimpson,Chris Young,
2024,"Ottavino, Adam",rhp-s,30,,NYN,NYN,1,4500000,2024,mutual,,4500000,All Bases Covered,Steve Cohen,David Stearns,
2024,"Rea, Colin",rhp,34,,MIL,MIL,1,4500000,2024,club,,4500000,Sterling Spts,Mark Attanasio,Matt Arnold,
2024,"Yates, Kirby",rhp,37,,ATL,TEX,1,4500000,2024,,,4500000,Beverly Hills SC,RDavis/BSimpson,Chris Young,
2024,"García, Luis",rhp,37,,SDN,ANA,1,4250000,2024,,,4250000,Reynolds Sports,Arturo Moreno,Perry Minasian,
2024,"Maldonado, Martín",c,37,,HOU,CHA,1,4250000,2024,vesting,,4250000,MVP Sports,Jerry Reinsdorf,Chris Getz,
2024,"Diekman, Jake",lhp,38,,TBA,NYN,1,4000000,2024,club,,4000000,Beverly Hills SC,Steve Cohen,David Stearns,
2024,"Hedges, Austin",c,31,,TEX,CLE,1,4000000,2024,,,4000000,Boras Corp.,Paul Dolan,Antonetti/Chernoff,
2024,"Hernández, Kiké",ss,32,,LAN,LAN,1,4000000,2024,,,4000000,Wasserman,Mark Walter,AFriedman / BGomes,
2024,"Stanek, Ryne",rhp,32,,HOU,SEA,1,4000000,2024,,,4000000,MVP Spts,John Stanton,J Dipoto / J Hollander,
2024,"Taylor, Michael A.",cf,33,,MIN,PIT,1,4000000,2024,,,4000000,ALIGND,Bob Nutting,Ben Cherington,
2024,"Fujinami, Shintaro",rhp-s,30,,BAL,NYN,1,3350000,2024,,,3350000,Boras Corp.,Steve Cohen,David Stearns,
2024,"Miller, Shelby",rhp-s,33,,LAN,DET,1,3250000,2024,club,,3250000,Excel,Chris Ilitch,SHarris / JGreenberg,
2024,"Clevinger, Mike",rhp-s,33,,CHA,CHA,1,3000000,2024,,,3000000,ACES,Jerry Reinsdorf,Chris Getz,
2024,"Duvall, Adam",cf,35,,BOS,ATL,1,3000000,2024,,,3000000,CAA,Braves Holdings,Alex Anthopoulos,
2024,"Sanchez, Gary",c,31,,SDN,MIL,1,3000000,2024,mutual,,3000000,MDR Spts,Mark Attanasio,Matt Arnold,
2024,"Suter, Brent",lhp,34,,COL,CIN,1,3000000,2024,club,,3000000,Diamond Spts,Bob Castellini,NKrall / BMeador,
2024,"Grandal, Yasmani",c,35,,CHA,PIT,1,2500000,2024,,,2500000,Wasserman,Bob Nutting,Ben Cherington,
2024,"Alexander, Scott",lhp,34,,SFN,OAK,1,2250000,2024,,,2250000,Apex,John Fisher,David Forst,
2024,"Farmer, Buck",rhp,33,,CIN,CIN,1,2250000,2024,,,2250000,Excel,Bob Castellini,NKrall / BMeador,
2024,"Crawford, Brandon",ss,37,,SFN,STL,1,2000000,2024,,,2000000,Wasserman,Bill DeWitt Jr.,JMozeliak/MGirsh,
2024,"Grichuk, Randal",cf,32,,ANA,ARI,1,2000000,2024,mutual,,2000000,Excel,Ken Kendrick,Mike Hazen,
2024,"Weaver, Luke",rhp,30,,NYA,NYA,1,2000000,2024,club,,2000000,Boras Corp.,Hal Steinbrenner,Brian Cashman,
2024,"Wendle, Joey",ss,34,,MIA,NYN,1,2000000,2024,,,2000000,Octagon,Steve Cohen,David Stearns,
2024,"Cisnero, José",rhp,35,,DET,ANA,1,1750000,2024,,,1750000,,Arturo Moreno,Perry Minasian,
2024,"Flexen, Chris",rhp-s,30,,COL,CHA,1,1750000,2024,,,1750000,O'Connell Spts,Jerry Reinsdorf,Chris Getz,
2024,"Jankowski, Travis",cf,33,,TEX,TEX,1,1700000,2024,,,1700000,Excel,RDavis/BSimpson,Chris Young,
2024,"Jackson, Jay",rhp,36,,TOR,MIN,1,1500000,2024,club,,1500000,Nello Gamberdino,Jim Pohlad,DFalvey /TLevine,
2024,"Rosario, Amed",ss,28,,LAN,TBA,1,1500000,2024,,,1500000,Octagon,Stuart Sternberg,Erik Neander,
2024,"Urshela, Gio",ss,32,,ANA,DET,1,1500000,2024,,,1500000,Rep 1,Chris Ilitch,SHarris / JGreenberg,
2024,"Devenski, Chris",rhp,33,,TBA,TBA,1,1100000,2024,club,,1100000,MVP Sports,Stuart Sternberg,Erik Neander,
2024,"Profar, Jurickson",lf,31,,SDN,SDN,1,1000000,2024,,,1000000,Boras Corp.,Seidler family,A.J. Preller,
2024,"Hicks, Aaron",lf,34,,BAL,ANA,1,740000,2024,,,740000,CAA,Arturo Moreno,Perry Minasian,
2024,"Anderson, Chase",rhp-s,36,,COL,PIT,0,,2024,,,,Hub Spts,Bob Nutting,Ben Cherington,
2024,"Andrus, Elvis",2b,35,,CHA,ARI,0,,2024,,,,Boras Corp.,Ken Kendrick,Mike Hazen,
2024,"Barnes, Matt",rhp,34,,MIA,WAS,0,,2024,,,,ISE,Mark Lerner,Mike Rizzo,
2024,"Carrasco, Carlos",rhp-s,37,,NYN,CLE,0,,2024,,,,ACES,Steven Cohen,David Stearns,
2024,"Casali, Curt",cf,35,,CIN,MIA,0,,2024,,,,Beverly Hills SC,Bruce Sherman,Peter Bendix,
2024,"Chavez, Jesse",rhp,36,,ATL,CHA,0,,2024,,,,Apex,Jerry Reinsdorf,Chris Getz,
2024,"Choi, Ji Man",dh-1b,33,,SDN,NYN,0,,2024,,,,Sang Lee,Steven Cohen,David Stearns,
2024,"Cooper, Garrett",1b,33,,SDN,CHN,0,,2024,,,,Ballengee,Tom Ricketts,JHoyer / CHawkins,
2024,"Cron, C.J.",1b,34,,ANA,BOS,0,,2024,,,,Moye Sports,John Henry,Craig Breslow,
2024,"Cueto, Johnny",rhp-s,38,,MIA,TEX,0,,2024,,,,Bryce Dixon,RDavis/BSimpson,Chris Young,
2024,"Duffey, Tyler",rhp,33,,CHN,KCA,0,,2024,,,,Ballengee,John Sherman,J.J. Picollo,
2024,"Duffy, Matt",ss,33,,KCA,TEX,0,,2024,,,,TWC Spts,RDavis/BSimpson,Chris Young,
2024,"Edwards, Carl",rhp,32,,WAS,CHN,0,,2024,,,,Ballengee,Tom Ricketts,JHoyer / CHawkins,
2024,"Escobar, Eduardo",3b,35,,ANA,TOR,0,,2024,,,,DJ Rengifo,Edward Rogers,MShapiro/RAtkins,
2024,"Fulmer, Michael",rhp,31,,CHN,BOS,0,,2024,,,,BBI Spts,John Henry,Craig Breslow,
2024,"Grossman, Robbie",lf,34,,TEX,CHA,0,,2024,,,,Lagardere Spts,Jerry Reinsdorf,Chris Getz,
2024,"Greene, Shane",rhp,35,,CHN,TEX,0,,2024,,,,Ballengee,RDavis/BSimpson,Chris Young,
2024,"Gurriel, Yuli",1b,40,,MIA,ATL,0,,2024,,,,Magnus Spts,"Atl Braves Holdings, Inc",Alex Anthopoulos,
2024,"Hudson, Daniel",rhp,37,,LAN,LAN,0,,2024,,,,Wasserman,Mark Walter,AFriedman / BGomes,
2024,"Keller, Brad",rhp-s,28,,KCA,CHA,0,,2024,,,,Excel,Jerry Reinsdorf,Chris Getz,
2024,"Kemp, Tony",2b,32,,OAK,CIN,0,,2024,,,,Ballengee,Bob Castellini,NKrall / BMeador,
2024,"Keuchel, Dallas",lhp-s,36,,MIN,SEA,0,,2024,,,,Boras Corp.,John Stanton,J Dipoto / J Hollander,
2024,"Leone, Dominic",rhp,32,,SEA,CHA,0,,2024,,,,Frye McCann,Jerry Reinsdorf,Chris Getz,
2024,"Marisnick, Jake",cf,33,,LAN,ANA,0,,2024,,,,Equity Baseball,Arturo Moreno,Perry Minasian,
2024,"Miller, Brad",dh-inf,34,,TEX,SDN,0,,2024,,,,ISE,Seidler family,A.J. Preller,
2024,"Moustakas, Mike",3b,35,,ANA,CHA,0,,2024,,,,Boras Corp.,Jerry Reinsdorf,Chris Getz,
2024,"Odorizzi, Jake",rhp-s,34,,TEX,TBA,0,,2024,,,,Excel,Stuart Sternberg,Erik Neander,
2024,"Peralta, David",lf,36,,LAN,CHN,0,,2024,,,,ACES,Tom Ricketts,JHoyer / CHawkins,
2024,"Pérez, Roberto",c,35,,SFN,BOS,0,,2024,,,,MDR Spts,John Henry,Craig Breslow,
2024,"Pham, Tommy",of,36,,ARI,CHA,0,,2024,,,,Vayner Spts,Jerry Reinsdorf,Chris Getz,
2024,"Pillar, Kevin",cf,35,,ATL,CHA,0,,2024,,,,All Bases Covered,Jerry Reinsdorf,Chris Getz,
2024,"Pomeranz, Drew",lhp,35,,SDN,ANA,0,,2024,,,,CAA,Arturo Moreno,Perry Minasian,
2024,"Rodriguez, Joely",lhp,32,,BOS,BOS,0,,2024,,,,LA Spts Mgt,John Henry,Craig Breslow,
2024,"Rosario, Eddie",lf,32,,ATL,WAS,0,,2024,,,,Roc Nation,Mark Lerner,Mike Rizzo,
2024,"Shaw, Bryan",rhp,36,,CHA,CHA,0,,2024,,,,Rowley Spts,Jerry Reinsdorf,Chris Getz,
2024,"Solano, Donovan",2b-3b,36,,MIN,SDN,0,,2024,,,,MDR Sports,Seidler family,A.J. Preller,
2024,"Votto, Joey",1b,40,,CIN,TOR,0,,2024,,,,MVP Spts,Edward Rogers,MShapiro/RAtkins,
2024,"Wilson, Justin",lhp,36,,MIL,LAN,0,,2024,,,,ACES,Mark Walter,AFriedman / BGomes,
2024,"Winker, Jesse",dh-lf,30,,MIL,WAS,0,,2024,,,,MDR Spts,Mark Lerner,Mike Rizzo,
2024,"Wong, Kolten",2b,33,,LAN,BAL,0,,2024,,,,PSI Sports,John Angelos,Mike Elias,
2024,"Ryu, Hyun Jin",lhp-s,37,,TOR,KBO,8,12400000,2024-27,,,,Boras Corp.,Hanwha Eagles,,
2024,"VerHagen, Drew",rhp,33,,SLN,NPB,2,8000000,2024-25,,,,Vayner Spts,Nippon Ham Fighters,,"signed by Nippon Ham Fighters, 2 years/$8M (2024-25). May opt out after 2024"
2024,"Brantley, Michael",dh-lf,37,,HOU,retired,,,,,,,Excel,,,
2024,"Cabrera, Miguel",dh-1b,41,,DET,retired,,,,,,,ISE,,,
2024,"Calhoun, Kole",rf,36,,CLE,retired,,,,,,,PSI Spts,,,
2024,"Donaldson, Josh",dh-3b,38,,MIL,retired,,,,,,,Vanguard Spts,,,
2024,"Kennedy, Ian",rhp,38,,TEX,retired,,,,,,,Boras Corp.,,,
2024,"Kluber, Corey",rhp-s,38,,BOS,retired,,,,,,,Wasserman,,,
2024,"May, Trevor",rhp,34,,OAK,retired,,,,,,,VC Sports,,,
2024,"McHugh, Collin",rhp,37,,ATL,retired,,,,,,,Moye Spts,,,
2024,"Loup, Aaron",lhp,36,,ANA,,,,,,,,Beverly Hills SC,,,
2024,"Longoria, Evan",3b,38,,ARI,,,,,,,,TWC Spts,,,
2024,"Melancon, Mark",rhp-c,38,,ARI,,,,,,,,ISE,,,
2024,"Hand, Brad",lhp,34,,ATL,,,,,,,,Wasserman,,,
2024,"Mondesi, Adalberto",ss,28,,BOS,,,,,,,,Octagon,,,
2024,"Naquin, Tyler",rf,33,,CHA,,,,,,,,Excel,,,
2024,"Boxberger, Brad",rhp,36,,CHN,,,,,,,,Paragon Spts,,,
2024,"Boyd, Matt",lhp-s,33,,DET,,,,,,,,Boras Corp.,,,
2024,"Greinke, Zack",rhp-s,40,,KCA,,,,,,,,Excel,,,
2024,"Nelson, Jimmy",rhp,35,,LAN,,,,,,,,CAA,,,
2024,"Reyes, Alex",rhp-s,29,,LAN,,,,,,,,Octagon,,,
2024,"Urías, Julio",lhp-s,27,,LAN,,,,,,,,Boras Corp.,,,
2024,"Ruf, Darin",1b-of,37,,MIL,,,,,,,,MDR Spts,,,
2024,"McAllister, Zach",rhp,29,,NYA,,,,,,,,Excel,,,
2024,"Rucinski, Drew",rhp,35,,OAK,,,,,,,,,,,
2024,"Garcia, Jarlin",lhp,31,,PIT,,,,,,,,,,,
2024,"Velasquez, Vince",rhp-s,32,,PIT,,,,,,,,CAA,,,
2024,"Hill, Rich",lhp-s,44,,SDN,,,,,,,,ACES,,,
2024,"Belt, Brandon",dh,37,,TOR,,,,,,,,Excel,,,
2023,"Judge, Aaron",rf-dh,31.066,rejected,NYA,NYA,9,400000000,2023-31,,,40000000,PSI Spts,Hal Steinbrenner,Brian Cashman,
2023,"Turner, Trea",ss,30.001,rejected,LAN,PHI,11,300000000,2023-33,,,27272727,CAA,John Middleton,DDombrowski / SFuld,
2023,"Bogaerts, Xander",ss,30.273,rejected,BOS,SDN,11,280000000,2023-33,,,25454545,Boras Corp.,Peter Seidler,A.J. Preller,
2023,"Correa, Carlos",ss,28.282,,MIN,MIN,6,200000000,2023-28,vesting,,33333333,Boras Corp.,Jim Pohlad,DFalvey /TLevine,
2023,"deGrom, Jacob",rhp-s,35.012,rejected,NYN,TEX,5,185000000,2023-27,conditional,,37000000,VC Spts,RDavis/BSimpson,Chris Young,
2023,"Swanson, Dansby",ss,29.14,rejected,ATL,CHN,7,177000000,2023-29,,,25285714,Excel,Tom Ricketts,JHoyer / CHawkins,
2023,"Nimmo, Brandon",cf,30.096,rejected,NYN,NYN,8,162000000,2023-30,,,20250000,Boras Corp.,Steve Cohen,Billy Eppler,
2023,"Rodon, Carlos",lhp-s,30.203,rejected,SFN,NYA,6,162000000,2023-28,,,27000000,Boras Corp.,Hal Steinbrenner,Brian Cashman,
2023,"Díaz, Edwin",rhp-c,29.101,,NYN,NYN,5,102000000,2023-27,club,Y,20400000,Wasserman,Steve Cohen,Billy Eppler,
2023,"Contreras, Willson",c,31.049,rejected,CHN,SLN,5,87500000,2023-27,club,,17500000,Octagon,Bill DeWitt Jr.,JMozeliak/MGirsh,
2023,"Verlander, Justin",rhp-s,40.131,,HOU,NYN,2,86666666,2023-24,vesting,,43333333,ISE,Steve Cohen,Billy Eppler,
2023,"Benintendi, Andrew",lf,28.36,,NYA,CHA,5,75000000,2023-27,,,15000000,Excel,Jerry Reinsdorf,KWilliams/RHahn,
2023,"Walker, Taijuan",rhp-s,30.322,,NYN,PHI,4,72000000,2023-26,,,18000000,Boras Corp.,John Middleton,DDombrowski / SFuld,
2023,"Taillon, Jameson",rhp-s,31.225,,NYA,CHN,4,68000000,2023-26,,,17000000,Excel,Tom Ricketts,JHoyer / CHawkins,
2023,"Bassitt, Chris",rhp-s,34.129,rejected,NYN,TOR,3,63000000,2023-25,,,21000000,Meister Spts,Edward Rogers,MShapiro/RAtkins,
2023,"Abreu, José",1b,36.153,,CHA,HOU,3,58500000,2023-25,,,19500000,ISE,Jim Crane,ABall / BFirkus,
2023,"Suarez, Robert",rhp,32.122,,SDN,SDN,5,46000000,2023-27,,Y,9200000,Amuse Spts,Peter Seidler,A.J. Preller,
2023,"Haniger, Mitch",rf,32.19,,SEA,SFN,3,43500000,2023-25,,Y,14500000,Apex,Greg Johnson,F Zaidi / P Putila,
2023,"Eflin, Zach",rhp-s,29.084,,PHI,TBA,3,40000000,2023-25,,,13333333,O'Connell Spts,Stuart Sternberg,ENeander / PBendix,
2023,"Rizzo, Anthony",1b,33.327,rejected,NYA,NYA,2,40000000,2023-24,club,,20000000,Sports One,Hal Steinbrenner,Brian Cashman,
2023,"Anderson, Tyler",lhp-s,33.183,rejected,LAN,ANA,3,39000000,2023-25,,,13000000,GSE,Arturo Moreno,Perry Minasian,
2023,"Conforto, Michael",rf,30.122,,NYN,SFN,2,36000000,2023-24,player,,18000000,Boras Corp.,Greg Johnson,F Zaidi / P Putila,
2023,"Montero, Rafael",rhp,32.257,,HOU,HOU,3,34500000,2023-25,,,11500000,GSE,Jim Crane,ABall / BFirkus,
2023,"Eovaldi, Nathan",rhp-s,33.138,rejected,BOS,TEX,2,34000000,2023-24,vesting player,,17000000,ACES,RDavis/BSimpson,Chris Young,
2023,"Bell, Josh",1b-rf,30.321,,SDN,CLE,2,33000000,2023-24,,Y,16500000,Boras Corp.,Paul Dolan,Antonetti/Chernoff,
2023,"Rogers, Taylor",lhp,32.196,,MIL,SFN,3,33000000,2023-25,,,11000000,Frontline,Greg Johnson,F Zaidi / P Putila,
2023,"Jansen, Kenley",rhp-c,35.274,,ATL,BOS,2,32000000,2023-24,,,16000000,Wasserman,John Henry,CBloom/BO'Halloran,
2023,"Vázquez, Christian",c,32.314,,HOU,MIN,3,30000000,2023-25,,,10000000,MDR Spts,Jim Pohlad,DFalvey /TLevine,
2023,"Martinez, Nick",rhp,32.33,,SDN,SDN,3,26000000,2023-25,player,,8666667,RMG Baseball,Peter Seidler,A.J. Preller,
2023,"Quintana, Jose",lhp-s,34.158,,SLN,NYN,2,26000000,2023-24,,,13000000,MDR Spts,Steve Cohen,Billy Eppler,
2023,"Wacha, Michael",rhp-s,32,,BOS,SDN,4,26000000,2023-26,,,6500000,CAA,Peter Seidler,A.J. Preller,
2023,"Heaney, Andrew",lhp-s,32.026,,LAN,TEX,2,25000000,2023-24,,Y,12500000,Icon Spts,RDavis/BSimpson,Chris Young,
2023,"Manaea, Sean",lhp-s,31.15,,SDN,SFN,2,25000000,2023-24,,,12500000,Boras Corp.,Greg Johnson,F Zaidi / P Putila,
2023,"Stripling, Ross",rhp,33.22,,TOR,SFN,2,25000000,2023-24,,Y,12500000,Beverly Hills SC,Greg Johnson,F Zaidi / P Putila,
2023,"Turner, Justin",dh-3b,38.22,,LAN,BOS,2,21700000,2023-24,player,,10850000,Vayner Spts,John Henry,CBloom/BO'Halloran,
2023,"Kershaw, Clayton",lhp-s,35.104,,LAN,LAN,1,20000000,2023,,,20000000,Excel,Mark Walter,AFriedman / BGomes,
2023,"Pederson, Joc",cf,31.071,accepted,SFN,SFN,1,19650000,2023,,,19650000,Excel,Greg Johnson,F Zaidi / P Putila,
2023,"Pérez, Martín",lhp-s,32.088,accepted,TEX,TEX,1,19650000,2023,,,19650000,OL Baseball,RDavis/BSimpson,Chris Young,
2023,"Smyly, Drew",lhp-s,34.018,,CHN,CHN,2,19000000,2023-24,mutual,Y,9500000,Frontline,Tom Ricketts,JHoyer / CHawkins,
2023,"Martin, Chris",rhp,37.029,,LAN,BOS,2,17500000,2023-24,,,8750000,ISE,John Henry,CBloom/BO'Halloran,
2023,"Drury, Brandon",3b,30.315,,SDN,ANA,2,17000000,2023-24,,,8500000,Wasserman,Arturo Moreno,Perry Minasian,
2023,"Lyles, Jordan",rhp-s,32.255,,BAL,KCA,2,17000000,2023-24,,,8500000,GSE,John Sherman,J.J. Picollo,
2023,"Segura, Jean",2b,33.106,,PHI,MIA,2,17000000,2023-24,,,8500000,CAA,Bruce Sherman,Kim Ng,
2023,"Lugo, Seth",rhp-s,33.226,,NYN,SDN,2,15000000,2023-24,,Y,7500000,Ballengee,Peter Seidler,A.J. Preller,
2023,"Narváez, Omar",c,31.141,,MIL,NYN,2,15000000,2023-24,,Y,7500000,Steve Comte,Steve Cohen,Billy Eppler,
2023,"Strahm, Matt",lhp,31.231,,BOS,PHI,2,15000000,2023-24,,,7500000,ACES,John Middleton,DDombrowski / SFuld,
2023,"Díaz, Aledmys",ss,32.334,,HOU,OAK,2,14500000,2023-24,,,7250000,Jaime Torres,John Fisher,David Forst,
2023,"Ottavino, Adam",rhp,37.221,,NYN,NYN,2,14500000,2023-24,,Y,7250000,All Bases Covered,Steve Cohen,Billy Eppler,
2023,"Mancini, Trey",1b,31.105,,HOU,CHN,2,14000000,2023-24,,,7000000,Frontline,Tom Ricketts,JHoyer / CHawkins,
2023,"Estévez, Carlos",rhp,30.185,,COL,ANA,2,13500000,2023-24,,,6750000,ISE,Arturo Moreno,Perry Minasian,
2023,"Syndergaard, Noah",rhp-s,30.306,,PHI,LAN,1,13000000,2023,,,13000000,CAA,Mark Walter,AFriedman / BGomes,
2023,"Williams, Trevor",rhp-s,31.067,,NYN,WAS,2,13000000,2023-24,,,6500000,Boggs & Assoc.,Mark Lerner,Mike Rizzo,
2023,"Brantley, Michael",lf,36.047,,HOU,HOU,1,12000000,2023,,,12000000,Excel,Jim Crane,ABall / BFirkus,
2023,"Carpenter, Matt",1b,37.217,,NYA,SDN,2,12000000,2023-24,,Y,6000000,SSG,Peter Seidler,A.J. Preller,
2023,"Clevinger, Mike",rhp-s,32.192,,SDN,CHA,1,12000000,2023,,,12000000,ACES,Jerry Reinsdorf,KWilliams/RHahn,
2023,"Jackson, Luke",rhp,31.311,,ATL,SFN,2,11500000,2023-24,club,,5750000,Beverly Hills,Greg Johnson,F Zaidi / P Putila,
2023,"Kahnle, Tommy",rhp,33.328,,LAN,NYA,2,11500000,2023-24,,,5750000,Ballengee,Hal Steinbrenner,Brian Cashman,
2023,"Gallo, Joey",of-3b,29.224,,LAN,MIN,1,11000000,2023,,,11000000,Boras Corp.,Jim Pohlad,DFalvey /TLevine,
2023,"Boyd, Matt",lhp-s,32.149,,SEA,DET,1,10000000,2023,,,10000000,Boras Corp.,Chris Ilitch,Scott Harris,
2023,"Gibson, Kyle",rhp-s,35.251,,PHI,BAL,1,10000000,2023,,,10000000,Rowley Spts,John Angelos,Mike Elias,
2023,"Kimbrel, Craig",rhp,35.034,,LAN,PHI,1,10000000,2023,,,10000000,SportsMeter,John Middleton,DDombrowski / SFuld,
2023,"Kluber, Corey",rhp-s,37.082,,TBA,BOS,1,10000000,2023,club,,10000000,Wasserman,John Henry,CBloom/BO'Halloran,
2023,"Martinez, J.D.",rf,35.314,,BOS,LAN,1,10000000,2023,,,10000000,Boras Corp.,Mark Walter,AFriedman / BGomes,
2023,"Robertson, David",rhp,38.083,,PHI,NYN,1,10000000,2023,,,10000000,self-represented,Steve Cohen,Billy Eppler,
2023,"Peterson, Jace",2b-3b,33.053,,MIL,OAK,2,9500000,2023-24,,,4750000,ISE,John Fisher,David Forst,
2023,"Belt, Brandon",1b,36.072,,SFN,TOR,1,9300000,2023,,,9300000,Excel,Edward Rogers,MShapiro/RAtkins,
2023,"Kiermaier, Kevin",cf,33.07,,TBA,TOR,1,9000000,2023,,,9000000,Equity Baseball,Edward Rogers,MShapiro/RAtkins,
2023,"Cueto, Johnny",rhp-s,37.136,,CHA,MIA,,8500000,2023,club,,8500000,Byrce Dixon,Bruce Sherman,Kim Ng,
2023,"Greinke, Zack",rhp-s,39.253,,KCA,KCA,1,8500000,2023,,,8500000,Excel,John Sherman,J.J. Picollo,
2023,"Green, Chad",rhp,32.038,,NYA,TOR,2,8500000,2023,,,4250000,Frontline,Edward Rogers,MShapiro/RAtkins,
2023,"Lorenzen, Michael",rhp-s,31.178,,ANA,DET,1,8500000,2023,,,8500000,CAA,Chris Ilitch,Scott Harris,
2023,"Frazier, Adam",ss-of,31.199,,SEA,BAL,1,8000000,2023,,,8000000,Bo McKinnis,John Angelos,Mike Elias,
2023,"Hill, Rich",lhp-s,43.112,,BOS,PIT,1,8000000,2023,,,8000000,ACES,Bob Nutting,Ben Cherington,
2023,"Profar, Jurickson",lf-2b,30.131,,SDN,COL,1,7750000,2023,,,7750000,Boras Corp.,Monfort brothers,Bill Schmidt,
2023,"Moore, Matt",lhp-s,34.013,,TEX,ANA,1,7500000,2023,,,7500000,Apex,Arturo Moreno,Perry Minasian,
2023,"Myers, Wil",rf-1b,32.203,,SDN,CIN,1,7500000,2023,mutual,,7500000,CAA,Bob Castellini,Nick Krall,
2023,"Duvall, Adam",rf,34.3,,ATL,BOS,1,7000000,2023,,,7000000,CAA,John Henry,CBloom/BO'Halloran,
2023,"May, Trevor",rhp,33.281,,NYN,OAK,1,7000000,2023,,,7000000,VC Spts,John Fisher,David Forst,
2023,"Pollock, A.J.",cf,35.209,,CHA,SEA,1,7000000,2023,,,7000000,Excel,John Stanton,J Dipoto / J Hollander,
2023,"Santana, Carlos",dh-1b,37.084,,SEA,PIT,1,6725000,2023,,,6725000,Octagon,Bob Nutting,Ben Cherington,
2023,"Barnhart, Tucker",c,32.175,,DET,CHN,2,6500000,2023,,Y,3250000,Ballengee,Tom Ricketts,JHoyer / CHawkins,
2023,"Peralta, David",lf,35.321,,TBA,LAN,1,6500000,2023,,,6500000,ACES,Mark Walter,AFriedman / BGomes,
2023,"Chafin, Andrew",lhp,33.014,,DET,ARI,1,6250000,2023,club,,6250000,Pro Star Mgt,Ken Kendrick,Mike Hazen,
2023,"Pham, Tommy",lf,35.115,,BOS,NYN,1,6000000,2023,,,6000000,Vayner Spts,Steve Cohen,Billy Eppler,
2023,"Zunino, Mike",c,32.098,,TBA,CLE,1,6000000,2023,,,6000000,Wasserman,Paul Dolan,Antonetti/Chernoff,
2023,"Davies, Zach",rhp-s,29.144,,ARI,ARI,1,5000000,2023,,,5000000,Boras Corp.,Ken Kendrick,Mike Hazen,
2023,"Givens, Mychal",rhp,33.049,,NYN,BAL,1,5000000,2023,,,5000000,Excel,John Angelos,Mike Elias,
2023,"Hedges, Austin",c,30.317,,CLE,PIT,1,5000000,2023,,,5000000,Boras Corp.,Bob Nutting,Ben Cherington,
2023,"Johnson, Pierce",rhp,32.052,,SDN,COL,1,5000000,2023,,,5000000,Boggs & Assoc.,Monfort brothers,Bill Schmidt,
2023,"McCutchen, Andrew",lf,36.264,,MIL,PIT,1,5000000,2023,,,5000000,Aegis Spts,Bob Nutting,Ben Cherington,
2023,"Miley, Wade",lhp-s,36.23,,CHN,MIL,1,4500000,2023,mutual,,4500000,O'Connell Spts,Mark Attanasio,Matt Arnold,
2023,"Fulmer, Michael",rhp,30.108,,MIN,CHN,1,4000000,2023,,,4000000,BBI Spts,Tom Ricketts,JHoyer / CHawkins,
2023,"Longoria, Evan",3b,37.267,,SFN,ARI,1,4000000,2023,,,4000000,TWC Spts,Ken Kendrick,Mike Hazen,
2023,"Chapman, Aroldis",lhp-c,35.123,,NYA,KCA,1,3750000,2023,,,3750000,Wasserman,John Sherman,J.J. Picollo,
2023,"Castro, Miguel",rhp,28.189,,NYA,ARI,1,3500000,2023,club,,3500000,Ballengee,Ken Kendrick,Mike Hazen,
2023,"Ureña, José",rhp-s,31.292,,COL,COL,1,3500000,2023,club,,3500000,Rep 1,Monfort brothers,Bill Schmidt,
2023,"Casali, Curt",c,34.234,,SEA,CIN,1,3250000,2023,mutual,,3250000,Beverly Hills SC,Bob Castellini,Nick Krall,
2023,"Velasquez, Vincent",rhp-s,31.024,,CHA,PIT,1,3150000,2023,,,3150000,CAA,Bob Nutting,Ben Cherington,
2023,"Aguilar, Jesus",1b,33.001,,BAL,OAK,1,3000000,2023,,,3000000,MVP Spts,John Fisher,Mike Forst,
2023,"Andrus, Elvis",ss,34.309,,CHA,CHA,1,3000000,2023,,,3000000,Boras Corp.,Jerry Reinsdorf,KWilliams/RHahn,
2023,"Boxberger, Brad",rhp,35.035,,MIL,CHN,1,2800000,2023,mutual,,2800000,Paragon Spts,Tom Ricketts,JHoyer / CHawkins,
2023,"Dickerson, Corey",dh-lf,34.04,,SLN,WAS,1,2250000,2023,,,2250000,Excel,Mark Lerner,Mike Rizzo,
2023,"Grossman, Robbie",lf,33.288,,ATL,TEX,1,2000000,2023,,,2000000,Lagardere Spts,RDavis/BSimpson,Chris Young,
2023,"Hand, Brad",lhp,33.103,,PHI,COL,1,2000000,2023,club,,2000000,Wasserman,Monfort brothers,Bill Schmidt,
2023,"Harrison, Josh",2b,35.358,,CHA,PHI,1,2000000,2023,,,2000000,MSM Spts,John Middleton,DDombrowski / SFuld,
2023,"Rodriguez, Joely",lhp,31.229,,NYN,BOS,1,2000000,2023,club,,2000000,LA Spts Mgt,John Henry,CBloom/BO'Halloran,
2023,"Solano, Donovan",2b-3b,35.196,,CIN,MIN,1,2000000,2023,,,2000000,MDR Spts,Jim Pohlad,DFalvey /TLevine,
2023,"Miller, Shelby",rhp-s,32.264,,SFN,LAN,1,1500000,2023,,,1500000,CAA,Mark Walter,AFriedman / BGomes,
2023,"Smith, Will",lhp,33.356,,HOU,TEX,1,1500000,2023,,,1500000,CAA,RDavis/BSimpson,Chris Young,
2023,"Nelson, Jimmy",rhp,34.026,,LAN,LAN,1,1200000,2023,,,1200000,CAA,Mark Walter,AFriedman / BGomes,
2023,"Cruz, Nelson",dh-rf,43,,WAS,SDN,1,1000000,2023,,,1000000,Bryce Dixon,Peter Seidler,A.J. Preller,
2023,"Ramirez, Erasmo",rhp,33.06,,WAS,WAS,1,1000000,2023,,,1000000,ISE,Mark Lerner,Mike Rizzo,
2023,"Wilson, Justin",lhp,35.317,,CIN,MIL,1,1000000,2023,club,,1000000,ACES,Mark Attanasio,Matt Arnold,
2023,"Adrianza, Ehire",ss,33.315,,ATL,ATL,0,1,2023,,,,Munger English,Liberty Media,Alex Anthopoulos,$1M in majors
2023,"Alberto, Hanser",2b,30.258,,LAN,CHA,0,1,2023,,,,CAA,Jerry Reinsdorf,KWilliams/RHahn,
2023,"Álvarez, Jose",lhp,34.056,,SFN,DET,0,1,2023,,,,Beverly Hills SC,Chris Ilitch,Scott Harris,
2023,"Anderson, Chase",rhp-s,35.213,,CIN,CIN,0,1,2023,,,,Hub Spts,Bob Castellini,Nick Krall,
2023,"Bradley, Jackie Jr.",cf,33.073,,TOR,KCA,0,1,2023,,,,Boras Corp.,John Sherman,J.J. Picollo,
2023,"Bundy, Dylan",rhp-s,30.228,,MIN,NYN,,1,2023,,,,BBI Spts,Steve Cohen,Billy Eppler,
2023,"Calhoun, Kole",rf,35.26,,TEX,SEA,0,1,2023,,,,PSI Spts,John Stanton,J Dipoto / J Hollander,
2023,"Chavez, Jesse",rhp,35.315,,ATL,ATL,0,1,2023,,,,Apex,Liberty Media,Alex Anthopoulos,$1.2M in majors
2023,"Colomé, Alex",rhp,34.182,,COL,WAS,0,1,2023,,,,Wasserman,Mark Lerner,Mike Rizzo,
2023,"Culberson, Charlie",inf,34.081,,TEX,TBA,0,1,2023,,,,Ballengee,Stuart Sternberg,ENeander / PBendix,
2023,"Devenski, Chris",rhp,32.231,,PHI,ANA,0,1,2023,,,,MVP Spts,Arturo Moreno,Perry Minasian,
2023,"Doolittle, Sean",lhp,36.278,,WAS,WAS,0,1,2023,,,,Jason Cook,Mark Lerner,Mike Rizzo,
2023,"Duffy, Danny",lhp,34.192,,LAN,TEX,0,1,2023,,,,ACES,RDavis/BSimpson,Chris Young,
2023,"Duffy, Matt",ss,32.168,,ANA,KCA,0,1,2023,,,,TWC Spts,John Sherman,J.J. Picollo,
2023,"Gamel, Ben",cf,31.045,,PIT,TBA,0,1,2023,,,,Wasserman,Stuart Sternberg,ENeander / PBendix,
2023,"Gurriel, Yulieski",1b,39.022,,HOU,MIA,0,1,2023,,,,Magnus Spts,Bruce Sherman,Kim Ng,
2023,"Hamilton, Billy",cf,32.296,,MIN,CHA,0,1,2023,,,,Wasserman,Jerry Reinsdorf,KWilliams/RHahn,
2023,"Hernández, César",2b,33.039,,WAS,DET,0,1,2023,,,,Octagon,Chris Ilitch,Scott Harris,
2023,"Hunter, Tommy",rhp,36.364,,NYN,NYN,0,1,2023,,,,Moye Spts,Steve Cohen,Billy Eppler,
2023,"Iglesias, José",ss,33.177,,COL,MIA,0,1,2023,,,,MVP Spts,Bruce Sherman,Kim Ng,
2023,"Jackson, Jay",rhp,35.248,,ATL,TOR,0,1,2023,,,,Nello Gamberdino,Edward Rogers,MShapiro/RAtkins,
2023,"Kennedy, Ian",rhp,37.194,,ARI,TEX,0,1,2023,,,,Boras Corp.,RDavis/BSimpson,Chris Young,
2023,"Kuhl, Chad",rhp-s,30.294,,COL,WAS,0,1,2023,,,,ACES,Mark Lerner,Mike Rizzo,
2023,"León, Sandy",c,34.111,,MIN,TEX,0,1,2023,,,,MAS+,RDavis/BSimpson,Chris Young,
2023,"Naquin, Tyler",rf,32.069,,NYN,MIL,0,1,2023,,,,Excel,Mark Attanasio,Matt Arnold,
2023,"Norris, Daniel",lhp,30.067,,DET,CIN,0,1,2023,,,,Excel,Bob Castellini,Nick Krall,
2023,"Odor, Rougned",ss,29.148,,BAL,SDN,0,1,2023,,,,Beverly Hills,Peter Seidler,A.J. Preller,
2023,"Pérez, Roberto",c,34.19,,PIT,SFN,0,1,2023,,,,MDR Spts,Greg Johnson,F Zaidi / P Putila,$2.5M salary in majors
2023,"Pillar, Kevin",cf,34.178,,LAN,ATL,0,1,2023,,,,All Bases Covered,Liberty Media,Alex Anthopoulos,
2023,"Pinder, Chad",2b-of,31.094,,OAK,CIN,0,1,2023,,,,Icon Spts,Bob Castellini,Nick Krall,
2023,"Plawecki, Kevin",c,32.125,,TEX,PIT,0,1,2023,,,,ACES,Bob Nutting,Ben Cherington,
2023,"Romine, Austin",c,34.221,,CIN,CIN,0,1,2023,,,,Moye Spts,Bob Castellini,Nick Krall,
2023,"Rosenthal, Trevor",rhp,33.033,,MIL,DET,0,1,2023,,,,Boras Corp.,Mark Attanasio,Matt Arnold,
2023,"Ross, Joe",rhp-s,30.041,,WAS,SFN,0,1,2023,,,,Wasserman,Greg Johnson,F Zaidi / P Putila,
2023,"Sanchez, Aaron",rhp-s,31,,MIN,MIN,0,1,2023,,,,Boras Corp.,Jim Pohlad,DFalvey /TLevine,
2023,"Stammen, Craig",rhp,39.114,,SDN,SDN,0,1,2023,,,,Paragon Spts,Peter Seidler,A.J. Preller,$1.5M salary in majors
2023,"Strickland, Hunter",rhp,34.281,,CIN,CIN,0,1,2023,,,,Sports One,Bob Castellini,Nick Krall,
2023,"Arihara, Kohei",rhp,30.324,,TEX,NPB,,,2023,,,,Wasserman,,,signed by Fukuoka SoftBank Hawks of Japan
2023,"Gonzalez, Marwin",rf-1b,34.109,,NYA,NPB,,,2023,,,,Boras Corp.,,,"signed by Orix Buffaloes of Japan, 1 y/$1.5M"
2023,"Castro, Jason",c,36.013,,HOU,retired,,,2023,,,,ISE,,,
2023,"Cishek, Steve",rhp,37.013,,WAS,retired,,,2023,,,,Wasserman,,,
2023,"Lindblom, Josh",rhp,36.016,,MIL,retired,,,2023,,,,GSI,,,
2023,"O'Day, Darren",rhp,40.252,,ATL,retired,,,2023,,,,Ballengee Group,,,
2023,"Oberg, Scott",rhp,33.11,,COL,retired,,,2023,,,,Big League Mgt,,,
2023,"Phelps, David",rhp,36.265,,TOR,retired,,,2023,,,,Wasserman,,,
2023,"Price, David",lhp-s,37.309,,LAN,,,,2023,,,,Bo McKinnis,,,
2023,"Suzuki, Kurt",c,39.27,,ANA,retired,,,2023,,,,ALIGND,,,
2023,"Vogt, Stephen",c,38.242,,OAK,retired,,,2023,,,,All Bases Covered,,,
2023,"Bradley, Archie",rhp,30.325,,ANA,,,,2023,,,,BBI Spts,,,
2023,"Chirinos, Robinson",c,39.027,,BAL,,,,2023,,,,MDR Spts,,,
2023,"Minor, Mike",lhp,35.187,,CIN,,,,2023,,,,Jet Spts,,,
2023,"Archer, Chris",rhp-s,34.278,,MIN,,,,2023,,,,VC Spts,,,
2023,"Sanchez, Gary",c,30.211,,MIN,,,,2023,,,,MAS+,,,
2023,"Sanó, Miguel",1b-dh,30.051,,MIN,,,,2023,,,,Cobb Eddy,,,
2023,"Britton, Zack",lhp,35.191,,NYA,,,,2023,,,,Boras Corp.,,,
2023,"Knebel, Corey",rhp,31.217,,PHI,,,,2023,,,,Excel,,,
2023,"Harris, Will",rhp,38.307,,WAS,,,,2023,,,,Gavin Kahn,,,
2023,"Sanchez, Anibal",rhp-s,39.124,,WAS,,,,2023,,,,Mato Spots,,,
2022,"Seager, Corey",ss,28.065,rejected,LAN,TEX,10,325000000,2022-31,,,32500000,Boras Corp.,RDavis/BSimpson,JDaniels/CYoung,
2022,"Bryant, Kris",3b,30.178,,SFN,COL,7,182000000,2022,,,26000000,Boras Corp.,Monfort brothers,Bill Schmidt,
2022,"Semien, Marcus",ss,31.287,rejected,TOR,TEX,7,175000000,2022-28,,,25000000,Boras Corp.,RDavis/BSimpson,JDaniels/CYoung,
2022,"Freeman, Freddie",1b,32.292,rejected,ATL,LAN,6,162000000,2022-27,,,27000000,Excel,Mark Walter,AFriedman / BGomes,
2022,"Baez, Javier",ss,29.212,,NYN,DET,6,140000000,2022-27,,Y,23333333,Wasserman,Chris Ilitch,Al Avila,
2022,"Story, Trevor",ss,29.228,rejected,COL,BOS,6,140000000,2022-27,club,Y,23333333,Excel,John Henry,CBloom/BO'Halloran,
2022,"Scherzer, Max",rhp-s,37.339,,LAN,NYN,3,130000000,2022-24,,Y,43333333,Boras Corp.,Steve Cohen,SAlderson/BEppler,
2022,"Ray, Robbie",lhp-s,30.273,rejected,TOR,SEA,5,115000000,2022-26,,,23000000,VC Sports,John Stanton,Jerry Dipoto,
2022,"Gausman, Kevin",rhp-s,31.176,,SFN,TOR,5,110000000,2022-26,,,22000000,Tidal Spts,Edward Rogers,MShapiro/RAtkins,
2022,"Correa, Carlos",ss,27.282,rejected,HOU,MIN,3,105300000,2022-24,,Y,35100000,Boras Corp.,Jim Pohlad,DFalvey /TLevine,
2022,"Castellanos, Nick",rf,30.119,rejected,CIN,PHI,5,100000000,2022-26,,,20000000,Boras Corp.,John Middleton,DDombrowski / SFuld,
2022,"Schwarber, Kyle",lf,29.118,,BOS,PHI,4,79000000,2022-25,,,19750000,Excel,John Middleton,Dombrowski/Fuld,
2022,"Marte, Starling",cf,33.265,,OAK,NYN,4,78000000,2022-25,,,19500000,Rep 1,Steve Cohen,SAlderson/BEppler,
2022,"Rodriguez, Eduardo",lhp-s,29.085,rejected,BOS,DET,5,77000000,2022-26,,Y,15400000,Mato Sports,Chris Ilitch,Al Avila,
2022,"Stroman, Marcus",rhp-s,31.061,,NYN,CHN,3,71000000,2022-24,,Y,23666667,Klutch Spts,Tom Ricketts,JHoyer / CHawkins,
2022,"Taylor, Chris",cf,31.306,rejected,LAN,LAN,4,60000000,2022-25,,,15000000,Meister Spts,Mark Walter,Andrew Friedman,
2022,"Iglesias, Raisel",rhp-c,32.178,rejected,ANA,ANA,4,58000000,2022-25,,,14500000,Magnus Spts,Arturo Moreno,Perry Minasian,
2022,"Gray, Jon",rhp-s,30.238,,COL,TEX,4,56000000,2022-25,,,14000000,CAA,RDavis/BSimpson,JDaniels/CYoung,
2022,"Garcia, Avisail",rf-dh,31.019,,MIL,MIA,4,53000000,2022-25,,,13250000,Mato Sports,Bruce Sherman,Kim Ng,
2022,"Matz, Steven",lhp-s,31.033,,TOR,SLN,4,44000000,2022-25,,,11000000,Icon Spts,Bill DeWitt Jr.,JMozeliak/MGirsh,
2022,"Rodon, Carlos",lhp-s,29.203,,CHA,SFN,2,44000000,2022-23,,Y,22000000,Boras Corp.,Greg Johnson,F Zaidi / S Harris,
2022,"DeSclafani, Anthony",rhp-s,32.074,,SFN,SFN,3,36000000,2022-24,,,12000000,VC Sports,Greg Johnson,F Zaidi / S Harris,
2022,"Kikuchi, Yusei",lhp-s,31.014,,SEA,TOR,3,36000000,2022-24,,,12000000,Boras Corp.,Edward Rogers,MShapiro/RAtkins,
2022,"Soler, Jorge",dh-rf,30.126,,ATL,MIA,3,36000000,2022-24,,Y,12000000,MVP Spts,Bruce Sherman,Kim Ng,
2022,"Rizzo, Anthony",1b,32.327,,NYA,NYA,2,32000000,2022-23,,Y,16000000,Sports One,Hal Steinbrenner,Brian Cashman,
2022,"Canha, Mark",1b-lf,33.136,,OAK,NYN,2,26500000,2022-23,club,,13250000,CAA,Steve Cohen,SAlderson/BEppler,
2022,"Verlander, Justin",rhp-s,39.131,rejected,HOU,HOU,1,25000000,2022,conditional,,25000000,ISE,Jim Crane,James Click,
2022,"Wood, Alex",lhp-s,31.17,,SFN,SFN,2,25000000,2022,,,12500000,ACES,Greg Johnson,F Zaidi / S Harris,
2022,"Graveman, Kendall",rhp,31.192,,HOU,CHA,3,24000000,2022-24,,,24000000,Sports One,Jerry Reinsdorf,KWilliams/RHahn,
2022,"Syndergaard, Noah",rhp-s,29.306,rejected,NYN,ANA,1,21000000,2022,,,21000000,CAA,Arturo Moreno,Perry Minasian,
2022,"Cobb, Alex",rhp-s,34.267,,ANA,SFN,2,20000000,2022-23,club,,10000000,Beverly Hills,Greg Johnson,F Zaidi / S Harris,
2022,"Escobar, Eduardo",3b,33.177,,MIL,NYN,2,20000000,2022-23,club,,10000000,DJ Rengifo,Steve Cohen,SAlderson/BEppler,
2022,"Belt, Brandon",1b,35.072,accepted,SFN,SFN,1,18400000,2022,,,18400000,Excel,Greg Johnson,F Zaidi / S Harris,
2022,"Rosario, Eddie",lf,30.276,,ATL,ATL,2,18000000,2022-23,club,,9000000,Roc Nation,Liberty Media,Alex Anthopoulos,
2022,"Kelly, Joe",rhp,34.022,,LAN,CHA,2,17000000,2022-23,club,,17000000,ACES,Jerry Reinsdorf,KWilliams/Rhahn,
2022,"Kershaw, Clayton",lhp-s,34.104,,LAN,LAN,1,17000000,2022,,,17000000,Excel,Mark Walter,Andrew Friedman,
2022,"Loup, Aaron",lhp,34.194,,NYN,ANA,2,17000000,2022-23,club,,8500000,Beverly Hills,Arturo Moreno,Perry Minasian,
2022,"Neris, Hector",rhp,33.017,,PHI,HOU,2,17000000,2022-23,,,8500000,Octagon,Jim Crane,James Click,
2022,"Garcia, Leury",cf-2b,31.105,,CHA,CHA,3,16500000,2022-24,,,5500000,Rep 1,Jerry Reinsdorf,KWilliams/RHahn,
2022,"Jansen, Kenley",rhp-c,34.274,,LAN,ATL,1,16000000,2022,club,,16000000,Wasserman,Liberty Media,Alex Anthopoulos,
2022,"Cruz, Nelson",dh-rf,42,,TBA,WAS,1,15000000,2022,mutual,,15000000,Bryce Dixon,Mark Lerner,Mike Rizzo,
2022,"Melancon, Mark",rhp-c,37.095,,SDN,ARI,2,14000000,2022-23,mutual,,7000000,ISE,Peter Seidler,A.J. Preller,
2022,"Tepera, Ryan",rhp,34.24,,CHA,ANA,2,14000000,2022,,,7000000,,Arturo Moreno,Perry Minasian,
2022,"Chafin, Andrew",lhp,32.014,,OAK,DET,2,13000000,2022-23,,Y,6500000,Pro Star Mgmt,Chris Ilitch,Al Avila,
2022,"Gomes, Yan",c,34.347,,OAK,CHN,2,13000000,2022-23,club,,6500000,Jet Spts,Tom Ricketts,JHoyer / CHawkins,
2022,"Greinke, Zack",rhp-s,38.253,,HOU,KCA,1,13000000,2022,,,13000000,Excel,John Sherman,DMoore / JJ Picollo,
2022,"Garcia, Yimi",rhp,31.317,,HOU,TOR,2,11000000,2022-23,club,,5500000,Ballplayers Agy,Edward Rogers,MShapiro/RAtkins,
2022,"Knebel, Corey",rhp,30.217,,LAN,PHI,1,10000000,2022,,,10000000,Excel,John Middleton,Dombrowski/Fuld,
2022,"McHugh, Collin",rhp,35.012,,TBA,ATL,2,10000000,2022-23,club,,5000000,Moye Spts,Liberty Media,Alex Anthopoulos,
2022,"Miller, Brad",2b,32.256,,PHI,TEX,2,10000000,2022-23,,,5000000,ISE,RDavis/BSimpson,JDaniels/CYoung,
2022,"Paxton, James",lhp-s,33.237,,SEA,BOS,1,10000000,2022,club,,10000000,Boras Corp.,John Henry,CBloom/BO'Halloran,
2022,"Raley, Brooks",lhp,34.002,,HOU,TBA,2,10000000,2022-23,club,,5000000,Vanguard,Stuart Sternberg,Silverman/Neander,
2022,"McCutchen, Andrew",lf,35.264,,PHI,MIL,1,8500000,2022,,,8500000,Aegis Sports,Mark Attanasio,DStearns/MArnold,
2022,"Yates, Kirby",rhp,35.098,,TOR,ATL,2,8250000,2022-23,club,,4125000,Beverly Hills,Liberty Media,Alex Anthopoulos,
2022,"Anderson, Tyler",lhp-s,32.183,,SEA,LAN,1,8000000,2022,,,8000000,GSE,Mark Walter,AFriedman / BGomes,
2022,"Diekman, Jake",lhp,36.161,,OAK,BOS,2,8000000,2022-23,club,,4000000,Beverly Hills SC,John Henry,CBloom/BO'Halloran,
2022,"Kluber, Corey",rhp-s,36.082,,NYA,TBA,1,8000000,2022,,,8000000,Jet Spts,Stuart Sternberg,MSilverman/ENeander,
2022,"Pina, Manny",c,35.026,,MIL,ATL,2,8000000,2022-23,club,,4000000,Rep 1,Liberty Media,Alex Anthopoulos,
2022,"Pham, Tommy",lf,34.115,,SDN,CIN,1,7500000,2022,mutual,,7500000,GEM Agency,Bob Castellini,Nick Krall,
2022,"Garcia, Luis",rhp,35.152,,SLN,SDN,2,7000000,2022,,,3500000,Topline Spts,Peter Seidler,A.J. Preller,
2022,"Hudson, Daniel",rhp,35.114,,SDN,LAN,1,7000000,2022,,,7000000,Jet Spts,Mark Walter,Andrew Friedman,
2022,"Lorenzen, Michael",rhp-s,30.178,,CIN,ANA,1,7000000,2022,,,7000000,CAA,Arturo Moreno,Perry Minasian,
2022,"Lyles, Jordan",rhp,31.255,,TEX,BAL,1,7000000,2022,club,,7000000,Ballengee,John Angelos,Mike Elias,
2022,"Wacha, Michael",rhp-s,31,,TBA,BOS,1,7000000,2022,,,7000000,CAA,John Henry,CBloom/BO'Halloran,
2022,"Familia, Jeurys",rhp,32.264,,NYN,PHI,1,6000000,2022,,,6000000,ACES,John Middleton,Dombrowski/Fuld,
2022,"Hand, Brad",lhp,32.103,,NYN,PHI,1,6000000,2022,,,6000000,Jet Spts,John Middleton,Dombrowski/Fuld,
2022,"Pederson, Joc",rf,30.071,,ATL,SFN,1,6000000,2022,,,6000000,Excel,Greg Johnson,F Zaidi / S Harris,
2022,"Villar, Jonathan",2b,31.06,,NYN,CHN,1,6000000,2022,mutual,,6000000,Wasserman,Tom Ricketts,JHoyer / CHawkins,
2022,"Harrison, Josh",2b,34.358,,OAK,CHA,1,5500000,2022,club,,5500000,MSM Spts,Jerry Reinsdorf,KWilliams/Rhahn,
2022,"Pineda, Michael",rhp-s,33.164,,MIN,DET,1,5500000,2022,,,5500000,ISE,Chris Ilitch,Al Avila,
2022,"Richards, Garrett",rhp-s,34.035,,BOS,TEX,1,5500000,2022,club,,5500000,ISE,RDavis/BSimpson,JDaniels/CYoung,
2022,"Smyly, Drew",lhp-s,33.018,,ATL,CHN,1,5250000,2022,mutual,,5250000,Frontline,Tom Ricketts,JHoyer / CHawkins,
2022,"Calhoun, Kole",rf,34.26,,ARI,TEX,1,5200000,2022,club,,5200000,PSI Sports,RDavis/BSimpson,JDaniels/CYoung,
2022,"Bundy, Dylan",rhp-s,29.228,,ANA,MIN,1,5000000,2022,club,,5000000,BBI Spts,Jim Pohlad,DFalvey /TLevine,
2022,"Dickerson, Corey",lf,33.04,,TOR,STL,1,5000000,2022,,,5000000,Excel,Bill DeWitt Jr.,JMozeliak/MGirsh,
2022,"Givens, Mychal",rhp,32.049,,CIN,CHN,1,5000000,2022,,,5000000,Excel,Tom Ricketts,JHoyer / CHawkins,
2022,"Hill, Rich",lhp-s,42.112,,NYN,BOS,1,5000000,2022,,,5000000,ACES,John Henry,CBloom/BO'Halloran,
2022,"Pérez, Roberto",c,33.19,,CLE,PIT,1,5000000,2022,,,5000000,MDR Sports,Bob Nutting,Ben Cherington,
2022,"Kennedy, Ian",rhp,37.194,,PHI,ARI,1,4750000,2022,club,,4750000,Boras Corp.,Ken Kendrick,Mike Hazen,
2022,"Solano, Donovan",2b-3b,34.196,,SFN,CIN,1,4500000,2022,,,4500000,MDR Sports,Bob Castellini,Nick Krall,
2022,"Colomé, Alex",rhp-c,33.182,,MIN,COL,1,4100000,2022,,,4100000,Republik Sports,Monfort brothers,Bill Schmidt,
2022,"Hernández, César",2b,32.039,,CHA,WAS,1,4000000,2022,,,4000000,Octagon,Mark Lerner,Mike Rizzo,
2022,"Ottavino, Adam",rhp,36.221,,BOS,NYN,1,4000000,2022,,,4000000,All Bases Cov,Steve Cohen,SAlderson/BEppler,
2022,"Pérez, Martin",lhp-s,31.088,,BOS,TEX,1,4000000,2022,,,4000000,OL Baseball,RDavis/BSimpson,JDaniels/CYoung,
2022,"Simmons, Andrelton",ss,32.3,,MIN,CHN,1,4000000,2022,,,4000000,ISE,Tom Ricketts,JHoyer / CHawkins,
2022,"Tsutsugo, Yoshi",3b-of,30.217,,PIT,PIT,1,4000000,2022,,,4000000,Wasserman,Bob Nutting,Ben Cherington,
2022,"Bradley, Archie",rhp,29.325,,PHI,ANA,1,3750000,2022,,,3750000,BBI Spts,Arturo Moreno,Perry Minasian,
2022,"Archer, Chris",rhp-s,33.278,,TBA,MIN,1,3500000,2022,mutual,,3500000,VC Sports,Jim Pohlad,DFalvey /TLevine,
2022,"Robertson, David",rhp,37.083,,TBA,CHN,1,3500000,2022,,,3500000,self-represented,Tom Ricketts,JHoyer / CHawkins,
2022,"Duffy, Danny",lhp-s,33.192,,LAN,LAN,1,3000000,2022,club,,3000000,ACES,Mark Walter,AFriedman / BGomes,
2022,"Shaw, Bryan",rhp,34.236,,CLE,CLE,1,3000000,2022,club,,3000000,Rowley Spts,Paul Dolan,Antonetti/Chernoff,
2022,"Velasquez, Vincent",rhp-s,30.024,,SDN,CHA,1,3000000,2022,,,3000000,Boras Corp.,Jerry Reinsdorf,KWilliams/RHahn,
2022,"Boxberger, Brad",rhp,34.035,,MIL,MIL,1,2500000,2022,club,,2500000,Boras Corp.,Mark Attanasio,DStearns/MArnold,
2022,"Martin, Chris",rhp,36.029,,ATL,CHN,1,2500000,2022,,,2500000,ISE,Tom Ricketts,JHoyer / CHawkins,
2022,"McFarland, T.J.",lhp,33.022,,SLN,SLN,1,2500000,2022,,,2500000,Octagon,Bill DeWitt Jr.,JMozeliak/MGirsh,
2022,"Pujols, Albert",dh-1b,42.166,,LAN,SLN,1,2500000,2022,,,2500000,MVP Spts,Bill DeWitt Jr.,JMozeliak/MGirsh,
2022,"Smith, Joe",rhp,38.101,,SEA,MIN,1,2500000,2022,,,2500000,Excel,Jim Pohlad,DFalvey /TLevine,
2022,"Hembree, Heath",rhp,33.17,,NYN,PIT,1,2125000,2022,,,2125000,Ballengee Group,Bob Nutting,Ben Cherington,
2022,"Rodriguez, Joely",lhp,30.229,,NYA,NYA,1,2000000,2022,,,2000000,LA Sports Mgmt,Hal Steinbrenner,Brian Cashman,
2022,"Romo, Sergio",rhp,39.119,,OAK,SEA,1,2000000,2022,,,2000000,Meister Spts,John Stanton,Jerry Dipoto,
2022,"Strickland, Hunter",rhp,33.281,,MIL,CIN,1,1825000,2022,,,1825000,Sports One,Bob Castellini,Nick Krall,
2022,"Cishek, Steve",rhp,36.013,,ANA,WAS,1,1750000,2022,,,1750000,Jet Spts,Mark Lerner,Mike Rizzo,
2022,"Davies, Zach",rhp-s,29.144,,CHN,ARI,1,1750000,2022,mutual,,1750000,Boras Corp.,Ken Kendrick,Mike Hazen,
2022,"Norris, Daniel",lhp,29.067,,MIL,CHN,1,1750000,2022,,,1750000,Excel,Tom Ricketts,JHoyer / CHawkins,
2022,"Suzuki, Kurt",c,38.27,,ANA,ANA,1,1750000,2022,,,1750000,MVP Spts,Arturo Moreno,Perry Minasian,
2022,"Adrianza, Ehire",ss,32.315,,ATL,WAS,1,1500000,2022,,,1500000,Munger,Mark Lerner,Mike Rizzo,
2022,"Doolittle, Sean",lhp,35.278,,SEA,WAS,1,1500000,2022,,,1500000,Jason Cook,Mark Lerner,Mike Rizzo,
2022,"Duffy, Matt",ss,31.168,,CHN,ANA,1,1500000,2022,,,1500000,TWC Spts,Tom Ricketts,JHoyer / CHawkins,
2022,"Chacin, Jhoulys",rhp-s,34.176,,COL,COL,1,1250000,2022,,,1250000,GSE,Monfort brothers,Bill Schmidt,
2022,"Chirinos, Robinson",c,38.027,,CHN,BAL,1,900000,2022,,,900000,MDR Spts,John Angelos,Mike Elias,
2022,"Lowrie, Jed",2b,38.075,,OAK,OAK,1,850000,2022,,,850000,Excel,John Fisher,BBeane / DForst,
2022,"Nelson, Jimmy",rhp-s,33.026,,LAN,LAN,1,700000,2022,club,,700000,CAA,Mark Walter,AFriedman / BGomes,
2022,"Abad, Fernando",lhp,36.197,,BAL,SEA,0,1,2022,,,1,Magnus,John Stanton,Jerry Dipoto,
2022,"Avilan, Luis",lhp,32.347,,WAS,WAS,0,1,2022,,,1,SPS Spts,Mark Lerner,Mike Rizzo,
2022,"Bedrosian, Cam",rhp,30.273,,PHI,PHI,0,1,2022,,,1,,John Middleton,Dombrowski/Fuld,
2022,"Betances, Dellin",rhp,34.1,,NYN,LAN,0,1,2022,,,1,Excel,Mark Walter,AFriedman / BGomes,$2.75M salary in majors
2022,"Carpenter, Matt",1b,36.217,,SLN,TEX,0,1,2022,,,1,SSG,RDavis/BSimpson,JDaniels/CYoung,$2M salary in majors
2022,"Chavez, Jesse",rhp,34.315,,ATL,CHN,0,1,2022,,,1,Apex,Tom Ricketts,JHoyer / CHawkins,
2022,"Clippard, Tyler",rhp,37.137,,ARI,WAS,0,1,2022,,,1,Excel,Mark Lerner,Mike Rizzo,
2022,"Cueto, Johnny",rhp-s,36.136,,SFN,CHA,0,1,2022,,,1,Bryce Dixon,Jerry Reinsdorf,KWilliams/RHahn,$4.2M salary in majors
2022,"Culberson, Charlie",inf,33.081,,TEX,TEX,0,1,2022,,,1,Ballengee,RDavis/BSimpson,JDaniels/CYoung,$1.75M salary in majors
2022,"Detwiler, Ross",lhp,36.117,,SDN,CIN,0,1,2022,,,1,"CAA Sports, Jeff Berry",Bob Castellini,Nick Krall,
2022,"Fowler, Dexter",rf,36.101,,ANA,TOR,0,1,2022,,,1,Excel,Edward Rogers,MShapiro/RAtkins,
2022,"Gonzalez, Marwin",rf-1b,33.109,,HOU,NYA,0,1,2022,,,1,Boras Corp.,Hal Steinbrenner,Brian Cashman,$1.15M in majors
2022,"Hamilton, Billy",cf,31.296,,CHA,SEA,0,1,2022,,,1,Wasserman,John Stanton,Jerry Dipoto,
2022,"Harvey, Matt",rhp-s,33.096,,BAL,BAL,0,1,2022,,,1,Boras Corp.,John Angelos,Mike Elias,
2022,"Holland, Derek",lhp,35.266,,DET,BOS,0,1,2022,,,1,Martini Spts,John Henry,CBloom/BO'Halloran,
2022,"Holland, Greg",rhp,36.223,,KCA,TEX,0,1,2022,,,1,Boras Corp.,RDavis/BSimpson,JDaniels/CYoung,$2.1M salary in majors
2022,"Holt, Brock",3b-rf,34.02,,TEX,ATL,0,1,2022,,,1,Lagardere,Liberty Media,Alex Anthopoulos,
2022,"Hunter, Tommy",rhp,35.364,,TBA,NYN,0,1,2022,,,1,Moye Spts,Steve Cohen,SAlderson/BEppler,
2022,"Kela, Keone",rhp,29.076,,SDN,ARI,0,1,2022,,,1,Wasserman,Ken Kendrick,Mike Hazen,
2022,"Lagares, Juan",cf,33.106,,ANA,ANA,0,1,2022,,,1,ACES,Arturo Moreno,Perry Minasian,
2022,"Leon, Sandy",c,33.111,,MIA,CLE,0,1,2022,,,1,MAS+,Paul Dolan,Antonetti/Chernoff,
2022,"Marisnick, Jake",cf,31.093,,SDN,TEX,0,1,2022,,,1,Reynolds Sports,RDavis/BSimpson,JDaniels/CYoung,
2022,"Martinez, Carlos",rhp-s,30.283,,SLN,SFN,0,1,2022,,,1,Octagon,Greg Johnson,F Zaidi / S Harris,$2.5M salary in majors
2022,"Miller, Shelby",rhp-s,31.264,,PIT,NYA,0,1,2022,,,1,CAA,Hal Steinbrenner,Brian Cashman,
2022,"Moore, Matt",lhp-s,33.013,,PHI,TEX,0,1,2022,,,1,Apex,RDavis/BSimpson,JDaniels/CYoung,
2022,"O'Day, Darren",rhp,39.252,,NYA,ATL,0,1,2022,,,1,Ballengee Group,Liberty Media,Alex Anthopoulos,
2022,"Owings, Chris",ss,30.324,,COL,BAL,0,1,2022,,,1,ACES,John Angelos,Mike Elias,
2022,"Parker, Blake",rhp,37.012,,CLE,STL,0,1,2022,,,1,Meister Spts,Bill DeWitt Jr.,JMozeliak/MGirsh,
2022,"Parra, Gerardo",lf,34.055,,WAS,WAS,0,1,2022,,,1,Octagon,Mark Lerner,Mike Rizzo,
2022,"Peralta, Wily",rhp,33.054,,DET,DET,0,1,2022,,,1,GSE,Chris Ilitch,Al Avila,$2.5M salary in majors
2022,"Petit, Yusmeiro",rhp,37.221,,OAK,SDN,0,1,2022,,,1,Godoy Spts,Peter Seidler,A.J. Preller,
2022,"Phelps, David",rhp,35.265,,TOR,TOR,0,1,2022,,,1,Jet Spts,Edward Rogers,MShapiro/RAtkins,
2022,"Pillar, Kevin",cf,33.178,,NYN,LAN,0,1,2022,,,1,All Bases Covered,Mark Walter,AFriedman / Bgomes,$2.5M in majors
2022,"Ramos, A.J.",rhp,35.284,,ANA,ANA,0,1,2022,,,1,Sports One,Arturo Moreno,Perry Minasian,
2022,"Robles, Hansel",rhp,31.322,,BOS,BOS,0,1,2022,,,1,TLA Worldwide,John Henry,CBloom/BO'Halloran,$2.25M salary in majors
2022,"Romine, Austin",c,33.221,,CHN,ANA,0,1,2022,,,1,Moye Spts,Arturo Moreno,Perry Minasian,
2022,"Shaw, Travis",3b,32.076,,BOS,BOS,0,1,2022,,,1,Pro Star,John Henry,CBloom/BO'Halloran,
2022,"Souza, Steven",rf,33.068,,LAN,SEA,0,1,2022,,,1,Moye Sports,John Stanton,Jerry Dipoto,$1M salary in majors
2022,"Urena, Jose",rhp-s,30.292,,DET,MIL,0,1,2022,,,1,Rep 1,Mark Attanasio,DStearns/MArnold,
2022,"Chatwood, Tyler",rhp,32.197,,SFN,NPB,1,,2022,,,,Excel,,,signed by Fukuoka SoftBank Hawks
2022,"Fiers, Michael",rhp-s,37.016,,OAK,MEX,1,,2022,,,,RMG,,,
2022,"Galvis, Freddy",ss,32.229,,PHI,NPB,2,,2022-23,,,,Rep 1,,,signed by Fukuoka SoftBank Hawks
2022,"Kim, Kwang-hyun",lhp,33.344,,SLN,KBO,4,12300000,2022-25,,,,Boggs & Assoc.,,,
2022,"Rea, Colin",rhp,32,,MIL,NPB,,,2022,,,,Sterling Spts,,,signed by Fukuoka SoftBank Hawks
2022,"Avila, Alex",c,35.153,,WAS,retired,,,,,,,Excel,,,
2022,"Davis, Wade",rhp,37.298,,KCA,retired,,,,,,,Jet Spts,,,
2022,"LeBlanc, Wade",lhp,37.329,,SLN,retired,,,,,,,Icon Spts,,,
2022,"Lester, Jon",lhp-s,38.175,,SLN,retired,,,,,,,ACES,,,
2022,"Mercer, Jordy",ss,35.308,,WAS,retired,,,,,,,Boras Corp.,,,
2022,"Miller, Andrew",lhp,37.041,,SLN,retired,,,,,,,Frontline,,,
2022,"Seager, Kyle",3b,24.24,,SEA,retired,,,,,,,Jet Spts,,,
2022,"Soria, Joakim",rhp,38.044,,TOR,retired,,,,,,,Oscar Suarez,,,
2022,"Zimmerman, Ryan",1b,37.276,,WAS,retired,,,,,,,CAA,,,
2022,"Tomlin, Josh",rhp,37.255,,ATL,,,,2022,,,,Meister Sports,,,
2022,"Santana, Danny",cf-rf,31.237,,BOS,,,,2022,,,,Mato Sports,,,
2022,"Lobaton, Jose",c,37.253,,CHN,,,,2022,,,,Athletes X,,,
2022,"Cabrera, Asdrubal",3b,36.23,,CIN,,,,2022,,,,Octagon,,,
2022,"Ramos, Wilson",c,34.325,,CLE,,,,2022,,,,Octagon,,,
2022,"Desmond, Ian",cf-1b,36.284,,COL,,,,2022,,,,CAA,,,
2022,"Peralta, Wily",rhp,33.054,,DET,,,,2022,,,,GSE,,,
2022,"Teheran, Julio",rhp-s,31.156,,DET,,,,2022,,,,Mato Sports,,,
2022,"Hahn, Jesse",rhp,32.336,,KCA,,,,2022,,,,Excel,,,
2022,"Santana, Ervin",rhp-s,39.201,,KCA,,,,2022,,,,Octagon,,,
2022,"Hamels, Cole",lhp-s,38.187,,LAN,,,,2022,,,,John Boggs,,,
2022,"Anderson, Brett",lhp-s,34.15,,MIL,,,,2022,,,,GSE,,,
2022,"Axford, John",rhp,39.091,,MIL,,,,2022,,,,Beverly Hills SC,,,
2022,"Rea, Colin",rhp,32,,MIL,,,,2022,,,,Sterling Spts,,,
2022,"Gardner, Brett",lf,38.311,,NYA,,,,2022,,,,Meister Spts,,,
2022,"Conforto, Michael",rf,29.122,rejected,NYN,,,,2022,,,,Boras Corp.,,,
2022,"Davis, Khris",dh-lf,34.192,,OAK,,,,2022,,,,Octagon,,,
2022,"Moreland, Mitch",1b-dh,36.298,,OAK,,,,2022,,,,Paragon Spts,,,
2022,"Rosenthal, Trevor",rhp,32.033,,OAK,,,,2022,,,,Boras Corp.,,,
2022,"Cahill, Trevor",rhp-s,34.123,,PIT,,,,2022,,,,Boggs & Assoc.,,,
2022,"Kazmir, Scott",lhp-s,38.158,,SFN,,,,2022,,,,Legacy Agency,,,
2022,"Watson, Tony",lhp,37.032,,SFN,,,,2022,,,,Boras Corp.,,,
2022,"Santiago, Hector",lhp-s,34.198,,SEA,,,,2022,,,,Excel,,,
2022,"Happ, J.A.",lhp-s,39.255,,SLN,,,,2022,,,,Rogers Spts,,,
2022,"Roe, Chaz",rhp,35.265,,TBA,,,,2022,,,,Apex,,,
2022,"Dyson, Jarrod",lf-cf,37.32,,TOR,,,,2022,,,,ACES,,,
2021,"Springer, George",cf,31.286,rejected,HOU,TOR,6,125000000,2021-26,,,25000000,Excel,Edward Rogers,MShapiro/RAtkins,
2021,"Realmuto, J.P.",c,30.105,rejected,PHI,PHI,5,115500000,2021-25,,,23100000,CAA,John Middleton,Dombrowski/Fuld,
2021,"Bauer, Trevor",rhp-s,30.166,rejected,CIN,LAN,3,110000000,2021-23,,2,34000000,Luba Sports,Mark Walter,Andrew Friedman,
2021,"LeMahieu, D.J.",2b,32.354,rejected,NYA,NYA,6,90000000,2021-26,,,15000000,Excel,Hal Steinbrenner,Brian Cashman,
2021,"Ozuna, Marcell",lf,30.232,,ATL,ATL,4,65000000,2021-24,club,,16250000,MDR Sports,Liberty Media,Alex Anthopoulos,
2021,"Hendriks, Liam",rhp,32.142,,OAK,CHA,3,54000000,2021-23,club,,18000000,ALIGND Sports,Jerry Reinsdorf,KWilliams/RHahn,
2021,"McCann, James",c,31.019,,CHA,NYN,4,40600000,2021-24,,,10150000,Ballengee,Steve Cohen,Sandy Alderson,
2021,"Turner, Justin",3b,36.221,,LAN,LAN,2,34000000,2021-22,club,,17000000,GEM Agency,Mark Walter,Andrew Friedman,
2021,"Brantley, Michael",lf,34.048,,HOU,HOU,2,32000000,2021-22,,,16000000,Excel,Jim Crane,James Click,
2021,"Gregorius, Didi",ss,31.134,,PHI,PHI,2,28000000,2021-22,,,14000000,Excel,John Middleton,Dombrowski/Fuld,
2021,"Bradley Jr., Jackie",cf,31.074,,BOS,MIL,2,24000000,2021-22,,1,12000000,Boras Corp.,Mark Attanasio,DStearns/MArnold,
2021,"Odorizzi, Jake",rhp-s,31.097,,MIN,HOU,3,23500000,2021-23,player,,7833333,Excel,Jim Crane,James Click,
2021,"Profar, Jurickson",2b-of,28.132,,SDN,SDN,3,21000000,2021-23,,,7000000,Boras Corp.,Peter Seidler,A.J. Preller,
2021,"Walker, Taijuan",rhp-s,28.323,,TOR,NYN,2,20000000,2021-22,player,,7666666,Excel,Steve Cohen,SAlderson/ZScott,
2021,"Gausman, Kevin",rhp-s,30.177,accepted,SFN,SFN,1,18900000,2021,,,18900000,Brodie Scoffield,Greg Johnson,F Zaidi / S Harris,
2021,"Stroman, Marcus",rhp-s,30.061,accepted,NYN,NYN,1,18900000,2021,,,18900000,GSE,Steve Cohen,Sandy Alderson,
2021,"La Stella, Tommy",2b-3b,32.152,,OAK,SFN,3,18750000,2021-23,,,6250000,Beverly Hills SC,Greg Johnson,F Zaidi / S Harris,
2021,"Semien, Marcus",ss,30.288,,OAK,TOR,1,18000000,2021,,,18000000,Wasserman,Edward Rogers,MShapiro/RAtkins,
2021,"Minor, Mike",lhp-s,33.188,,OAK,KCA,2,18000000,2021-22,club,,9000000,Jet Sports,John Sherman,Dayton Moore,
2021,"Wong, Kolten",2b,30.265,,SLN,MIL,2,18000000,2021-22,club,,9000000,PSI Sports,Mark Attanasio,DStearns/MArnold,
2021,"Santana, Carlos",1b-dh,35.085,,CLE,KCA,2,17500000,2021-22,,,8750000,Wasserman,John Sherman,Dayton Moore,
2021,"Treinen, Blake",rhp,33.002,,LAN,LAN,2,17500000,2021-22,club,,8750000,Apex,Mark Walter,Andrew Friedman,
2021,"May, Trevor",rhp,31.282,,MIN,NYN,2,15500000,2021-22,,,7750000,VC Sports,Steve Cohen,Sandy Alderson,
2021,"Morton, Charlie",rhp-s,37.232,,TBA,ATL,1,15000000,2021,,,15000000,Jet Sports,Liberty Media,Alex Anthopoulos,
2021,"Hernandez, Enrique",2b-ss,29.312,,LAN,BOS,2,14000000,2021-22,,,7000000,Wasserman,John Henry,CBloom/BO'Halloran,
2021,"Cruz, Nelson",dh-rf,41.001,,MIN,MIN,1,13000000,2021,,,13000000,Bryce Dixon,Jim Pohlad,DFalvey /TLevine,
2021,"Baez, Pedro",rhp,33.112,,LAN,HOU,2,12500000,2021-22,club,,6250000,Kelvin Nova,Jim Crane,James Click,
2021,Kluber Corey,rhp-s,35.083,,TEX,NYA,1,11000000,2021,,,11000000,Jet Sports,Hal Steinbrenner,Brian Cashman,
2021,"Rosenthal, Trevor",rhp,31.033,,SDN,OAK,1,11000000,2021,,,11000000,Boras Corp.,John Fisher,B Beane / D Forst,
2021,"Smyly, Drew",lhp-s,32.081,,SFN,ATL,1,11000000,2021,,,11000000,Frontline,Liberty Media,Alex Anthopoulos,
2021,"Hand, Brad",lhp,31.104,,CLE,WAS,1,10500000,2021,,,10500000,Jet Sports,Mark Lerner,Mike Rizzo,
2021,"Simmons, Andrelton",ss,31.301,,ANA,MIN,1,10500000,2021,,,10500000,ISE,Jim Pohlad,DFalvey /Tlevine,
2021,"Richards, Garrett",rhp-s,33.035,,SDN,BOS,1,10000000,2021,club,,10000000,ISE,John Henry,CBloom/BO'Halloran,
2021,"Grossman, Robbie",lf,31.289,,OAK,DET,2,10000000,2021-22,,,5000000,Lagardere,Chris Ilitch,Al Avila,
2021,"Molina, Yadier",c,38.354,,SLN,SLN,1,9000000,2021,,,9000000,MDR Sports,Bill DeWitt Jr.,JMozeliak/MGirsch,
2021,"Paxton, James",lhp-s,32.238,,NYA,SEA,1,8500000,2021,,,8500000,Boras Corp.,John Stanton,Jerry Dipoto,
2021,"Eaton, Adam",rf,31.208,,WAS,CHA,1,8000000,2021,club,,8000000,Diamond Sports,Jerry Reinsdorf,KWilliams/RHahn,
2021,"Happ, J.A.",lhp-s,38.256,,NYA,MIN,1,8000000,2021,,,8000000,Rogers Sports,Jim Pohlad,DFalvey /TLevine,
2021,"Quintana, Jose",lhp-s,32.159,,CHN,ANA,1,8000000,2021,,,8000000,MDR Sports,Arturo Moreno,Perry Minasian,
2021,"Ray, Robbie",lhp-s,29.274,,TOR,TOR,1,8000000,2021,,,8000000,VC Sports,Edward Rogers,MShapiro/RAtkins,
2021,"Wainwright, Adam",rhp-s,39.306,,SLN,SLN,1,8000000,2021,,,8000000,Aegis Sports,Bill DeWitt Jr.,JMozeliak/MGirsch,
2021,"Pederson, Joc",cf,29.071,,LAN,CHN,1,7000000,2021,mutual,,7000000,Excel,Tom Ricketts,Jed Hoyer,
2021,"Castro, Jason",c,34.014,,SDN,HOU,2,7000000,2021-22,,,3500000,ISE,Jim Crane,James Click,
2021,"Giles, Ken",rhp-c,30.285,,TOR,SEA,2,7000000,2021-22,club,,3500000,Rowley Sports,John Stanton,Jerry Dipoto,
2021,"Archer, Chris",rhp-s,32.279,,PIT,TBA,1,6500000,2021,,,6500000,VC Sports,Stuart Sternberg,Silverman/Neander,
2021,"Colome, Alex",rhp-c,32.183,,CHA,MIN,1,6250000,2021,club,,6250000,Republik Sports,Jim Pohlad,DFalvey /TLevine,
2021,"Arrieta, Jake",rhp-s,35.117,,PHI,CHN,1,6000000,2021,,,6000000,Boras Corp.,Tom Ricketts,Jed Hoyer,
2021,"DeSclafani, Anthony",rhp-s,31.074,,CIN,SFN,1,6000000,2021,,,6000000,VC Sports,Greg Johnson,F Zaidi / S Harris,
2021,"Yates, Kirby",rhp-c,34.098,,SDN,TOR,1,5500000,2021,,,5500000,Beverly Hills SC,Edward Rogers,MShapiro/RAtkins,
2021,"Gardner, Brett",lf,37.312,,NYA,NYA,1,5150000,2021,plyr/club,,2525000,Pro Star,Hal Steinbrenner,Brian Cashman,
2021,"Wilson, Justin",lhp,33.318,,NYN,NYA,1,5150000,2021,plyr/club,,2525000,ACES,Hal Steinbrenner,Brian Cashman,
2021,"Hernandez, Cesar",2b,31.039,,CLE,CLE,1,5000000,2021,club,,5000000,Octagon,Paul Dolan,Antonetti/Chernoff,
2021,"Lester, Jon",lhp-s,37.176,,CHN,WAS,1,5000000,2021,mutual,,5000000,ACES,Mark Lerner,Mike Rizzo,
2021,"Perez, Martin",lhp-s,30.089,,BOS,BOS,1,5000000,2021,club,,5000000,OL Baseball,John Henry,CBloom/BO'Halloran,
2021,"Pillar, Kevin",cf,32.179,,COL,NYN,1,5000000,2021,club/plyr,,3250000,All Bases Cov'd,Steve Cohen,SAlderson/ZScott,
2021,"Bass, Anthony",rhp,33.243,,TOR,MIA,2,5000000,2021-22,club,,2500000,Beverly Hills SC,Bruce Sherman,Kim Ng,
2021,"McGee, Jake",lhp,34.33,,LAN,SFN,2,5000000,2021-22,club,,2500000,Wasserman,Greg Johnson,F Zaidi / S Harris,
2021,"Schoop, Jonathan",2b,29.259,,DET,DET,1,4500000,2021,,,4500000,Legacy Sports,Chris Ilitch,Al Avila,
2021,"Anderson, Chase",rhp-s,33.214,,TOR,PHI,1,4000000,2021,,,4000000,Hub Sports,John Middleton,Dombrowski/Fuld,
2021,"Villar, Jonathan",2b,30.06,,TOR,NYN,1,3550000,2021,,,3550000,Wasserman,Steve Cohen,SAlderson/ZScott,
2021,"Fiers, Michael",rhp-s,36.018,,OAK,OAK,1,3500000,2021,,,3500000,RMG,John Fisher,B Beane / D Forst,
2021,"Miller, Brad",2b,31.257,,SLN,PHI,1,3500000,2021,,,3500000,ISE,John Middleton,Dombrowski/Fuld,
2021,"Soria, Joakim",rhp,37.045,,OAK,ARI,1,3500000,2021,,,3500000,Oscar Suarez,Ken Kendrick,Mike Hazen,
2021,"Chatwood, Tyler",rhp-s,31.198,,CHN,TOR,1,3000000,2021,,,3000000,Excel,Edward Rogers,MShapiro/RAtkins,
2021,"Gonzalez, Marwin",rf-1b,32.11,,MIN,BOS,1,3000000,2021,,,3000000,Boras Corp.,John Henry,CBloom/BO'Halloran,
2021,"Loup, Aaron",lhp,33.195,,TBA,NYN,1,3000000,2021,,,3000000,Beverly Hills SC,Steve Cohen,SAlderson/ZScott,
2021,"Melancon, Mark",rhp-c,36.095,,ATL,SDN,1,3000000,2021,,,3000000,ISE,Peter Seidler,A.J. Preller,
2021,"Wacha, Michael",rhp-s,30,,NYN,TBA,1,3000000,2021,,,3000000,CAA,Stuart Sternberg,Silverman/Neander,
2021,"Wood, Alex",lhp-s,30.171,,LAN,SFN,1,3000000,2021,,,3000000,ACES,Greg Johnson,F Zaidi / S Harris,
2021,"Zunino, Mike",c,30.099,,TBA,TBA,1,3000000,2021,club,,3000000,Jet Sports,Stuart Sternberg,Silverman/Neander,
2021,"Holland, Greg",rhp,35.224,,KCA,KCA,1,2750000,2021,,,2750000,Boras Corp.,John Sherman,Dayton Moore,
2021,"Chafin, Andrew",lhp,31.014,,CHN,CHN,1,2750000,2021,club,,2250000,Pro Star Mgmt,Tom Ricketts,Jed Hoyer,
2021,"Petit, Yusmeiro",rhp,36.222,,OAK,OAK,1,2550000,2021,,,2550000,Godoy Sports,John Fisher,B Beane / D Forst,
2021,"Anderson, Brett",lhp-s,33.151,,MIL,MIL,1,2500000,2021,,,2500000,GSE,Mark Attanasio,DStearns/MArnold,
2021,"Hill, Rich",lhp,41.112,,MIN,TBA,1,2500000,2021,,,2500000,ACES,Stuart Sternberg,Silverman/Neander,
2021,"O'Day, Darren",rhp,38.253,,ATL,NYA,2,2450000,2021,plyr/club,,1575000,Ballengee,Hal Steinbrenner,Brian Cashman,
2021,"Clippard, Tyler",rhp,36.138,,MIN,ARI,1,2250000,2021,mutual,,2025000,Excel,Ken Kendrick,Mike Hazen,
2021,"Moreland, Mitch",1b-dh,35.299,,SDN,OAK,1,2250000,2021,,,2250000,Paragon Sports,John Fisher,B Beane / D Forst,
2021,"Romo, Sergio",lhp,38.12,,MIN,OAK,1,2250000,2022,,,2250000,Meister Sports,John Fisher,B Beane / D Forst,
2021,"Ramos, Wilson",c,33.326,,NYN,DET,1,2000000,2021,,,2000000,Octagon,Chris Ilitch,Al Avila,
2021,"Shoemaker, Matt",rhp-s,34.278,,TOR,MIN,1,2000000,2021,,,2000000,ISE,Jim Pohlad,DFalvey/TLevine,
2021,"McHugh, Collin",rhp-s,34.013,,BOS,TBA,1,1800000,2021,,,1800000,Moye Sports,Stuart Sternberg,Silverman/Neander,
2021,"Cabrera, Asdrubal",3b,35.231,,WAS,ARI,1,1750000,2021,,,1750000,Octagon,Ken Kendrick,Mike Hazen,
2021,"Phelps, David",rhp,34.266,,PHI,TOR,1,1750000,2021,,,1750000,Jet Sports,Edward Rogers,MShapiro/RAtkins,
2021,"Avila, Alex",c,34.154,,MIN,WAS,1,1500000,2021,,,1500000,Excel,Mark Lerner,Mike Rizzo,
2021,"Cahill, Trevor",rhp-s,33.123,,SFN,PIT,1,1500000,2021,,,1500000,John Boggs,Bob Nutting,Ben Cherington,
2021,"Doolittle, Sean",lhp-c,34.279,,WAS,CIN,1,1500000,2021,,,1500000,Jason Cook,Bob Castellini,Nick Krall,
2021,"Dyson, Jarrod",lf-cf,36.321,,CHA,KCA,1,1500000,2021,,,1500000,ACES,John Sherman,Dayton Moore,
2021,"Galvis, Freddy",ss,31.23,,CIN,BAL,1,1500000,2021,,,1500000,Rep 1,John Angelos,Mike Elias,
2021,"Greene, Shane",rhp,32.227,,ATL,ATL,1,1500000,2021,,,1500000,Turner Gary,Liberty Media,Alex Anthopoulos,
2021,"Marisnick, Jake",cf,30.094,,NYN,CHN,1,1500000,2021,mutual,,1500000,Reynolds Sports,Tom Ricketts,Jed Hoyer,
2021,"Romine, Austin",c,32.222,,DET,CHN,1,1500000,2021,,,1500000,Moye Sports,Tom Ricketts,Jed Hoyer,
2021,"Suzuki, Kurt",c,37.271,,WAS,ANA,1,1500000,2021,,,1500000,MVP Sports,Arturo Moreno,Perry Minasian,
2021,"Graveman, Kendall",rhp,30.193,,SEA,SEA,1,1250000,2021,,,1250000,Sports One,John Stanton,Jerry Dipoto,
2021,"Tomlin, Josh",rhp,36.256,,ATL,ATL,1,1250000,2021,club,,1250000,SSG,Liberty Media,Alex Anthopoulos,
2021,"Kela, Keone",rhp,28.076,,PIT,SDN,1,1200000,2021,,,1200000,Wasserman,Peter Seidler,A.J. Preller,
2021,"Alvarez, Jose",lhp,32.056,,PHI,SFN,1,1150000,2021,club,,1150000,,Greg Johnson,F Zaidi / S Harris,
2021,"Lamb, Jake",1b,30.265,,OAK,ATL,1,1000000,2021,,,1000000,CAA,Liberty Media,Alex Anthopoulos,
2021,"Workman, Brandon",rhp,32.323,,PHI,CHN,1,1000000,2021,,,1000000,CAA,Tom Ricketts,Jed Hoyer,
2021,"Zimmerman, Ryan",1b-3b,36.277,,WAS,WAS,1,1000000,2021,,,1000000,CAA,Mark Lerner,Mike Rizzo,
2021,"Adrianza, Ehire",ss,31.315,,MIN,ATL,0,1,2021,,,,Munger English,Liberty Media,Alex Anthopoulos,$1.5M in majors
2021,"Boxberger, Brad",rhp,33.035,,MIA,MIL,0,1,2021,,,,Boras Corp.,Mark Attanasio,DStearns/MArnold,
2021,"Bruce, Jay",rf,34.089,,PHI,NYA,0,1,2021,,,,Excel,Hal Steinbrenner,Brian Cashman,$1.35M in majors
2021,"Butera, Drew",c,37.327,,COL,TEX,0,1,2021,,,,David Schwartz,RDavis/BSimpson,JDaniels/CYoung,$1M in majors
2021,"Chavez, Jesse",rhp,33.315,,TEX,ANA,0,1,2021,,,,Apex,Arturo Moreno,Perry Minasian,
2021,"Chirinos, Robinson",c,37.027,,NYN,NYA,0,1,2021,,,,MDR Sports,Hal Steinbrenner,Brian Cashman,$1M in majors
2021,"Cron, C.J.",1b-dh,31.178,,DET,COL,0,1,2021,,,,Moye Sports,Monfort brothers,Jeff Bridich,$1M in majors
2021,"Descalco, Daniel",3b,34.256,,CHN,MIN,0,1,2021,,,,Steve Canter,Jim Pohlad,DFalvey /TLevine,
2021,"Dietrich, Derek",lf-2b,31.349,,TEX,NYA,0,1,2021,,,,All Bases Cov'd,Hal Steinbrenner,Brian Cashman,$1.35M in majors
2021,"Flowers, Tyler",c,35.159,,ATL,ATL,0,1,2021,,,,O'Connell Sports,Liberty Media,Alex Anthopoulos,$1.5M in majors
2021,"Forsythe, Logan",2b,34.169,,MIA,MIL,0,1,2021,,,,PSI Sports,Mark Attanasio,DStearns/MArnold,
2021,"Frazier, Todd",3b,35.14,,NYN,PIT,0,1,2021,,,,CAA,Bob Nutting,Ben Cherington,$1.5M in majors
2021,"Gonzalez, Gio",lhp-s,35.286,,CHA,MIA,0,1,2021,,,,CAA,Bruce Sherman,Kim Ng,$1M in majors
2021,"Gordon, Dee",2b-cf,33.071,,SEA,CIN,0,1,2021,,,,Rep 1,Bob Castellini,Nick Krall,$1M in majors
2021,"Hamilton, Billy",cf,30.296,,CHN,CLE,0,1,2021,,,,Wasserman,Paul Dolan,Antonetti/Chernoff,$1.25M in majors
2021,"Harvey, Matt",rhp-s,32.096,,KCA,BAL,0,1,2021,,,,Boras Corp.,John Angelos,Mike Elias,$1M in majors
2021,"Holaday, Bryan",c,33.225,,BAL,ARI,0,1,2021,,,,Lagardere,Ken Kendrick,Mike Hazen,
2021,"Holland, Derek",lhp,34.266,,PIT,DET,0,1,2021,,,,Martini Sports,Chris Ilitch,Al Avila,"$925,000 in majors"
2021,"Holt, Brock",3b-rf,33.021,,WAS,TEX,0,1,2021,,,,Lagardere,RDavis/BSimpson,JDaniels/CYoung,$1.75M in majors
2021,"Hunter, Tommy",rhp,34.364,,PHI,NYN,0,1,2021,,,,Moye Sports,Steve Cohen,SAlderson/ZScott,$2.25M in majors
2021,"Jay, Jon",cf,10.134,,ARI,ANA,0,1,2021,,,,CAA,Arturo Moreno,Perry Minasian,$1M in majors
2021,"Jeffress, Jeremy",rhp,33.284,,CHN,WAS,0,1,2021,,,,Roc Nation,Mark Lerner,Mike Rizzo,
2021,"Joyce, Matt",rf,36.333,,MIA,PHI,0,1,2021,,,,ACES,John Middleton,Dombrowski/Fuld,$1.5M in majors
2021,"Kennedy, Ian",rhp,36.195,,KCA,TEX,0,1,2021,,,,Boras Corp.,RDavis/BSimpson,JDaniels/CYoung,$2.15M in majors
2021,"Kintzler, Brandon",rhp,36.335,,MIA,PHI,0,1,2021,,,,Kevin Kohler,John Middleton,Dombrowski/Fuld,$3M in majors
2021,"Kipnis, Jason",2b-of,34.09,,CHN,ATL,0,1,2021,,,,Beverly Hills SC,Liberty Media,Alex Anthopoulos,$1.5M in majors
2021,"LeBlanc, Wade",lhp,36.329,,BAL,BAL,0,1,2021,,,,CAA,John Angelos,Mike Elias,"$700,000 in majors"
2021,"Leon, Sandy",c,32.111,,CLE,MIA,0,1,2021,,,,MAS+,Bruce Sherman,Kim Ng,$1.25M in majors
2021,"Lowrie, Jed",2b,37.075,,NYN,OAK,0,1,2021,,,,Excel,John Fisher,B Beane / D Forst,
2021,"Mathis, Jeff",c,38.093,,TEX,PHI,0,1,2021,,,,Jet Sports,John Middleton,Dombrowski/Fuld,
2021,"Maybin, Cameron",lf-cf,34.089,,CHN,CHN,0,1,2021,,,,Mato Sports,Tom Ricketts,Jed Hoyer,
2021,"McFarland, T.J.",lhp,32.023,,OAK,WAS,0,1,2021,,,,Octagon,Mark Lerner,Mike Rizzo,
2021,"Nelson, Jimmy",rhp-s,32.026,,LAN,LAN,0,1,2021,,,,CAA,Mark Walter,Andrew Friedman,$1.25M in majors
2021,"Nova, Ivan",rhp-s,34.171,,DET,PHI,0,1,2021,,,,GSE,John Middleton,Dombrowski/Fuld,$1.5M in majors
2021,"Owings, Chris",2b,29.324,,COL,COL,0,1,2021,,,,ACES,Monfort brothers,Jeff Bridich,
2021,"Panik, Joe",2b,30.245,,TOR,TOR,0,1,2021,,,,Jet Sports,Edward Rogers,MShapiro/RAtkins,$1.85M in majors
2021,"Perez, Oliver",lhp,40.321,,CLE,CLE,0,1,2021,,,,Mike Fischlin,Paul Dolan,Antonetti/Chernoff,$1.25M in majors
2021,"Ramirez, Erasmo",rhp,31.06,,NYN,DET,0,1,2021,,,,ISE,Chris Ilitch,Al Avila,"$800,000 in majors"
2021,"Reddick, Josh",rf,34.133,,HOU,ARI,0,1,2021,,,,ACES,Ken Kendrick,Mike Hazen,
2021,"Romine, Andrew",ss-2b,35.189,,TEX,MIN,0,1,2021,,,,Moye Sports,Jim Pohlad,DFalvey /TLevine,
2021,"Rondon, Hector",rhp,33.126,,ARI,PHI,0,1,2021,,,,Octagon,John Middleton,Dombrowski/Fuld,$1.5M in majors
2021,"Sandoval, Pablo",3b-1b,34.325,,ATL,ATL,0,1,2021,,,,Beverly Hills SC,Liberty Media,Alex Anthopoulos,$1M in majors
2021,"Sogard, Eric",2b,35.041,,MIL,CHN,0,1,2021,,,,Octagon,Tom Ricketts,Jed Hoyer,
2021,"Teheran, Julio",rhp-s,30.156,,ANA,DET,0,1,2021,,,,Mato Sports,Chris Ilitch,Al Avila,$3M in majors
2021,"Tomas, Yasmany",3b,30.229,,ARI,WAS,0,1,2021,,,,Octagon,Mark Lerner,Mike Rizzo,
2021,"Vincent, Nick",rhp,34.355,,MIA,TEX,0,1,2021,,,,PSI Sports,RDavis/BSimpson,JDaniels/CYoung,$1.4M in majors
2021,"Watson, Tony",lhp,36.032,,SFN,PHI,0,1,2021,,,,CAA,John Middleton,Dombrowski/Fuld,$3M in majors
2021,"Zimmermann, Jordan",rhp-s,35.04,,DET,MIL,0,1,2021,,,,ISE,Mark Attanasio,DStearns/MArnold,
2021,"Castillo, Rusney",cf,33.357,,BOS,NPB,,,2021,,,,,Rakuten of Japan,,
2021,"Choo, Shin-Soo",dh-rf,38.354,,TEX,KBO,,,,,,,Boras Corp.,SK Wyverns,,
2021,"Hechavarria, Adeiny",ss,32.077,,ATL,NPB,,,2021,,,,Magnus Sports,Chiba Lotte of Japan,,
2021,"Hirano, Yoshi",rhp,37.115,,SEA,NPB,,,,,,,John Boggs,Orix Buffaloes,,
2021,"Tanaka, Masahiro",rhp-s,32.243,,NYA,NPB,,,2021-22,,,,Excel,Rakuten of Japan,,
2021,"Thames, Eric",1b,34.234,,WAS,NPB,,,2021,,,,Apex,Yomiuri Giants,,
2021,"Cervelli, Francisco",c,35.117,,MIA,retired,,,,,,,Republik Sports,,,
2021,"Gordon, Alex",lf,37.142,,KCA,retired,,,,,,,Excel,,,
2021,"Hughes, Jared",rhp,35.363,,NYN,retired,,,,,,,SSG,,,
2021,"Kendrick, Howie",lf-2b,37.355,,WAS,retired,,,,,,,Reynolds Sports,,,
2021,"Kratz, Erik",c,41.016,,NYA,retired,,,,,,,Ballplayers Agy,,,
2021,"Markakis, Nick",rf,37.227,,ATL,retired,,,,,,,Jamie Murphy,,,
2021,"Murphy, Daniel",1b,36.091,,COL,retired,,,,,,,ACES,,,
2021,"Phegley, Josh",c,33.14,,CHN,retired,,,,,,,Pro Star,,,
2021,"Braun, Ryan",lf,37.227,,MIL,,,,,,,,CAA,,,
2021,"Cespedes, Yoenis",rf,35.257,,NYN,,,,,,,,Roc Nation,,,
2021,"Encarnacion, Edwin",1b-dh,38.176,,CHA,,,,,,,,Rep 1,,,
2021,"Gyorko, Jedd",3b,32.282,,MIL,,,,,,,,ACES,,,
2021,"Hamels, Cole",lhp-s,37.187,,ATL,,,,,,,,John Boggs,,,
2021,"Kemp, Matt",lf,36.282,,COL,,,,,,,,Reynolds Sports,,,
2021,"Leake, Mike",rhp-s,33.232,,ARI,,,,,,,,Beverly Hills SC,,,
2021,"Nicasio, Juan",rhp,34.305,,TEX,,,,,,,,El Juego Sports,,,
2021,"Nunez, Eduardo",2b,34.016,,NYN,,,,,,,,ISE,,,
2021,"Peacock, Brad",rhp,33.15,,HOU,,,,,,,,ACES,,,
2021,"Porcello, Rick",rhp-s,32.187,,NYN,,,,,,,,Excel,,,
2021,"Ramos, A.J.",rhp,34.284,,COL,,,,,,,,Sports One,,,
2021,"Rivera, Rene",c,37.336,,NYN,,,,,,,,MDR Sports,,,
2021,"Robertson, David",rhp-c,36.083,,PHI,,,,,,,,self-represented,,,
2021,"Rodriguez, Sean",2b,36.066,,MIA,,,,,,,,MVP Sports,,,
2021,"Sanchez, Anibal",rhp-,37.125,,WAS,,,,,,,,Mato Sports,,,
2021,"Thornburg, Tyler",rhp,32.276,,CIN,,,,,,,,ACES,,,
2021,"Volquez, Edinson",rhp-s,37.364,,TEX,,,,,,,,Wasserman,,,
2021,"Wieters, Matt",c,35.041,,SLN,,,,,,,,Boras Corp.,,,
2020,"Cole, Gerrit",rhp-s,29.297,accepted,HOU,NYA,9,324000000,2020-28,,,36000000,Boras Corp.,Hal Steinbrenner,Brian Cashman,
2020,"Rendon, Anthony",3b,30.025,rejected,WAS,ANA,7,245000000,2020-26,,,35000000,Boras Corp.,Arturo Moreno,Billy Eppler,
2020,"Strasburg, Stephen",rhp-s,31.347,rejected,WAS,WAS,7,245000000,2020-26,,,35000000,Boras Corp.,Mark Lerner,Mike Rizzo,
2020,"Wheeler, Zack",rhp-s,30.032,rejected,NYN,PHI,5,118000000,2020-24,,,23600000,Jet Sports,John Middleton,MacPhail/Klentak,
2020,"Donaldson, Josh",3b,34.131,rejected,ATL,MIN,4,92000000,2020-23,club,,23000000,MVP Sports,Jim Pohlad,DFalvey /TLevine,
2020,"Bumgarner, Madison",lhp-s,30.335,rejected,SFN,ARI,5,85000000,2020-24,,,17000000,Legacy Agency,Ken Kendrick,Mike Hazen,
2020,"Ryu, Hyun-Jin",lhp-s,27.098,,LAN,TOR,4,80000000,2020-23,,,20000000,Boras Corp.,Edward Rogers,MShapiro/RAtkins,
2020,"Grandal, Yasmani",c,31.236,,MIL,CHA,4,73000000,2020-23,,,18250000,Wasserman,Jerry Reinsdorf,KWilliams/RHahn,
2020,"Castellanos, Nick",3b,28.119,,CHN,CIN,4,64000000,2020-23,mutual,2,16000000,Boras Corp.,Bob Castellini,DWilliams/NKrall,
2020,"Moustakas, Mike",3b,31.294,,MIL,CIN,4,64000000,2020-23,club,,16000000,Boras Corp.,Bob Castellini,DWilliams/NKrall,
2020,"Keuchel, Dallas",lhp-s,32.182,,ATL,CHA,3,55500000,2020-22,vesting,,18500000,Boras Corp.,Jerry Reinsdorf,KWilliams/RHahn,
2020,"Abreu, Jose",1b,33.154,accepted,CHA,CHA,3,50000000,2020-22,,,16666667,ISE,Jerry Reinsdorf,KWilliams/RHahn,
2020,"Smith, Will",lhp,30.357,rejected,SFN,ATL,3,40000000,2020-22,club,,13333333,CAA,Liberty Media,Alex Anthopoulos,
2020,"Pomeranz, Drew",lhp-s,31.222,,MIL,SDN,4,34000000,2020-23,,,8500000,CAA,Ron Fowler,A.J. Preller,
2020,"Gibson, Kyle",rhp-s,32.252,,MIN,TEX,3,28000000,2020-22,,,9333333,Rowley Sports,RDavis/BSimpson,Jon Daniels,
2020,"Roark, Tanner",rhp-s,33.27,,OAK,TOR,2,24000000,2020-21,,,12000000,Matt Colleran,Edward Rogers,MShapiro/RAtkins,
2020,"Harris, Will",rhp,35.308,,HOU,WAS,3,24000000,2020-22,,,8000000,Gavin Kahn,Mark Lerner,Mike Rizzo,
2020,"Garcia, Avisail",dh-rf,29.02,,TBA,MIL,2,20000000,2020-21,club,,10000000,Gene Mato,Mark Attanasio,David Stearns,
2020,"Pineda, Michael",rhp-s,31.165,,MIN,MIN,2,20000000,2020-21,,,10000000,ISE,Jim Pohlad,DFalvey /TLevine,
2020,"Hamels, Cole",lhp-s,36.187,,CHN,ATL,1,18000000,2020,,,18000000,Jet Sports,Liberty Media,Alex Anthopoulos,
2020,"Ozuna, Marcell",lf,29.232,rejected,SLN,ATL,1,18000000,2020,,,18000000,MDR Sports,Liberty Media,Alex Anthopoulos,
2020,"Odorizzi, Jake",rhp-s,30.097,accepted,MIN,MIN,1,17800000,2020,,,17800000,Excel,Jim Pohlad,DFalvey /TLevine,
2020,"Dickerson, Corey",lf,31.04,,PHI,MIA,2,17500000,2020-21,,,8750000,Excel,Bruce Sherman,Michael Hill,
2020,"Calhoun, Kole",rf,32.261,,ANA,ARI,2,16000000,2020-21,club,,8000000,PSI Sports,Ken Kendrick,Mike Hazen,
2020,"Lyles, Jordan",rhp,29.256,,MIL,TEX,2,16000000,2020-21,,,8000000,Ballengee,RDavis/BSimpson,Jon Daniels,
2020,"Miley, Wade",lhp-s,33.231,,HOU,CIN,2,15000000,2020-21,club,,7500000,O'Connell Spts,Bob Castellini,DWilliams/NKrall,
2020,"Gregorius, Didi",ss,30.134,,NYA,PHI,1,14000000,2020,,,14000000,Excel,John Middleton,MacPhail/Klentak,
2020,"Martin, Chris",rhp,34.029,,ATL,ATL,2,14000000,2020-21,,,7000000,ISE,Liberty Media,Alex Anthopoulos,
2020,"Gardner, Brett",lf,36.312,,NYA,NYA,1,12500000,2020,club,,12500000,Pro Star,Hal Steinbrenner,Brian Cashman,
2020,"Encarnacion, Edwin",dh-1b,37.176,,NYA,CHA,1,12000000,2020,club,,12000000,Rep 1,Jerry Reinsdorf,KWilliams/RHahn,
2020,"Castro, Starlin",2b,30.099,,MIA,WAS,2,12000000,2020-21,,,6000000,Magnus Sports,Mark Lerner,Mike Rizzo,
2020,"Hudson, Daniel",rhp,33.114,,WAS,WAS,2,11000000,2020-21,,,5500000,Jet Sports,Mark Lerner,Mike Rizzo,
2020,"Betances, Dellin",rhp,32.101,,NYA,NYN,1,10500000,2020,player,,5250000,Excel,Fred Wilpon,B Van Wagenen,
2020,"Porcello, Rick",rhp-s,31.187,,BOS,NYN,1,10000000,2020,,,10000000,Excel,Fred Wilpon,B Van Wagenen,
2020,"Gomes, Yan",c,32.348,,WAS,WAS,2,10000000,2020-21,,,5000000,Jet Sports,Mark Lerner,Mike Rizzo,
2020,"Teheran, Julio",rhp-s,29.156,,ATL,ANA,1,9000000,2020,,,9000000,Wasserman,Arturo Moreno,Billy Eppler,
2020,"Stammen, Craig",rhp,36.114,,SDN,SDN,2,9000000,2020-21,club,,4500000,Paragon,Ron Fowler,A.J. Preller,
2020,"Smith, Joe",rhp,36.102,,HOU,HOU,2,8000000,2020-21,club,,4000000,Meister Sports,Jim Crane,JLuhnow / JClick,
2020,"Diekman, Jake",lhp,34.162,,OAK,OAK,2,7500000,2020-21,club,,3750000,Beverly Hills SC,John Fisher,B Beane / D Forst,
2020,"Bailey, Homer",rhp-s,34.06,,OAK,MIN,1,7000000,2020,,,7000000,Excel,Jim Pohlad,DFalvey /TLevine,
2020,"Maldonado, Martin",c,33.32,,HOU,HOU,2,7000000,,,,3500000,MVP Sports,Jim Crane,JLuhnow / JClick,
2020,"Castro, Jason",c,33.014,,MIN,ANA,1,6850000,2020,,,6850000,ISE,Arturo Moreno,Billy Eppler,
2020,"Chirinos, Robinson",c,36.027,,HOU,TEX,1,6750000,2020,club,,6750000,MDR Sports,RDavis/BSimpson,Jon Daniels,
2020,"Kendrick, Howie",lf-2b,36.355,,WAS,WAS,1,6250000,2020,mutual,,6250000,Reynolds Sports,Mark Lerner,Mike Rizzo,
2020,"Flores, Wilmer",of,28.331,,ARI,SFN,2,6250000,2020-21,,,3125000,McNamara Baseball,Greg Johnson,F Zaidi / S Harris,
2020,"Schoop, Jonathan",2b-3b,28.259,,MIN,DET,1,6100000,2020,,,6100000,Legacy Agency,Chris Ilitch,Al Avila,
2020,"Perez, Martin",lhp-s,29.089,,MIN,BOS,1,6000000,2020,club,,6000000,OL Baseball,John Henry,CBloom/BO'Halloran,
2020,"Cishek, Steve",rhp,34.013,,CHN,CHA,1,6000000,2020,,,6000000,Jet Sports,Jerry Reinsdorf,KWilliams/RHahn,
2020,"Gonzalez, Gio",lhp-s,34.286,,MIL,CHA,1,5000000,2020,club,,5000000,CAA,Jerry Reinsdorf,KWilliams/RHahn,
2020,"Anderson, Brett",lhp-s,32.151,,OAK,MIL,1,5000000,2020,,,5000000,GSE,Mark Attanasio,David Stearns,
2020,"Smoak, Justin",1b,33.209,,TOR,MIL,1,5000000,2020,club,,5000000,Bledsoe Agency,Mark Attanasio,David Stearns,
2020,"Romo, Sergio",rhp,37.12,,MIN,MIN,1,5000000,2020,club,,5000000,Meister Sports,Jim Pohlad,DFalvey /TLevine,
2020,"Wainwright, Adam",rhp-s,38.306,,SLN,SLN,1,5000000,2020,,,5000000,Aegis Sports,Bill DeWitt Jr.,JMozeliak/MGirsch,
2020,"Frazier, Todd",3b,34.14,,NYN,TEX,1,5000000,2020,club,,5000000,CAA,RDavis/BSimpson,Jon Daniels,
2020,"Sogard, Eric",2b,34.041,,TBA,MIL,1,4500000,2020,club,,4500000,Octagon,Mark Attanasio,David Stearns,
2020,"Avila, Alex",c,33.154,,ARI,MIN,1,4250000,2020,,,4250000,Excel,Jim Pohlad,DFalvey /TLevine,
2020,"Romine, Austin",c,31.222,,NYA,DET,1,4150000,2020,,,4150000,Moye Sports,Chris Ilitch,Al Avila,
2020,"Flowers, Tyler",c,34.159,,ATL,ATL,1,4000000,2020,,,4000000,O'Connell Sports,Liberty Media,Alex Anthopoulos,
2020,"Markakis, Nick",rf,36.227,,ATL,ATL,1,4000000,2020,,,4000000,Jamie Murphy,Liberty Media,Alex Anthopoulos,
2020,"Gordon, Alex",lf,36.142,,KCA,KCA,1,4000000,2020,,,4000000,Excel,John Sherman,Dayton Moore,
2020,"Wood, Alex",lhp-s,29.171,,CIN,LAN,1,4000000,2020,,,4000000,ACES,Mark Walter,Andrew Friedman,
2020,"Smyly, Drew",lhp-s,31.081,,PHI,SFN,1,4000000,2020,,,4000000,Frontline,Greg Johnson,F Zaidi / S Harris,
2020,"Thames, Eric",1b,33.234,,MIL,WAS,1,4000000,2020,mutual,,4000000,Apex,Mark Lerner,Mike Rizzo,
2020,"Kintzler, Brandon",rhp,35.335,,CHN,MIA,1,3250000,2020,club,,3250000,Kevin Kohler,Bruce Sherman,Michael Hill,
2020,"Holt, Brock",3b-rf,32.021,,BOS,MIL,1,3250000,2020,club,,3250000,Lagardere,Mark Attanasio,David Stearns,
2020,"Rondon, Hector",rhp,32.126,,HOU,ARI,1,3000000,2020,club,,3000000,Octagon,Ken Kendrick,Mike Hazen,
2020,"Vogt, Stephen",c-1b,35.243,,SFN,ARI,1,3000000,2020,club,,3000000,All Bases Covered,Ken Kendrick,Mike Hazen,
2020,"Iglesias, Jose",ss,30.178,,CIN,BAL,1,3000000,2020,club,,3000000,Magnus Sports,Peter Angelos,Mike Elias,
2020,"Moreland, Mitch",1b-dh,34.299,,BOS,BOS,1,3000000,2020,club,,3000000,BASH Baseball,John Henry,CBloom/BO'Halloran,
2020,"Hill, Rich",lhp-s,40.112,,LAN,MIN,1,3000000,2020,,,3000000,ACES,Jim Pohlad,DFalvey /TLevine,
2020,"Wacha, Michael",rhp-s,29,,SLN,NYN,1,3000000,2020,,,3000000,CAA,Fred Wilpon,B Van Wagenen,
2020,"Pence, Hunter",rf,37.08,,TEX,SFN,1,3000000,2020,,,3000000,Beverly Hills SC,Greg Johnson,F Zaidi / S Harris,
2020,"O'Day, Darren",rhp,37.253,,ATL,ATL,1,2750000,2020,club,,2750000,Ballengee,Liberty Media,Alex Anthopoulos,
2020,"Clippard, Tyler",rhp,35.138,,CLE,MIN,1,2750000,2020,,,2750000,Excel,Jim Pohlad,DFalvey /TLevine,
2020,"Cabrera, Asdrubal",3b,34.231,,WAS,WAS,1,2500000,2020,,,2500000,Octagon,Mark Lerner,Mike Rizzo,
2020,"Brach, Brad",rhp,34.08,,NYN,NYN,2,2100000,2020,player,,1050000,Brian Charles,Fred Wilpon,B Van Wagenen,
2020,"Cervelli, Francisco",c,34.117,,ATL,MIA,1,2000000,2020,,,2000000,Wasserman,Bruce Sherman,Michael Hill,
2020,"Gyorko, Jedd",inf,31.282,,LAN,MIL,1,2000000,2020,club,,2000000,ACES,Mark Attanasio,David Stearns,
2020,"Miller, Brad",2b,30.257,,PHI,PHI,1,2000000,2020,,,2000000,ISE,John Middleton,MacPhail/Klentak,
2020,"Dyson, Jarrod",lf-cf,35.321,,ARI,PIT,1,2000000,2020,,,2000000,ACES,Bob Nutting,Ben Cherington,
2020,"Graveman, Kendall",rhp,29.193,,CHN,SEA,1,2000000,2020,club,,2000000,Sports One,John Stanton,Jerry Dipoto,
2020,"Wieters, Matt",c,34.041,,SLN,SLN,1,2000000,2020,,,2000000,Boras Corp.,Bill DeWitt Jr.,JMozeliak/MGirsch,
2020,"Zimmerman, Ryan",1b,35.277,,WAS,WAS,1,2000000,2020,,,2000000,CAA,Mark Lerner,Mike Rizzo,
2020,"Strop, Pedro",rhp,35.018,,CHN,CIN,1,1825000,2020,,,1825000,Movement Mgmt,Bob Castellini,DWilliams/NKrall,
2020,"Hirano, Yoshihisa",rhp,36.115,,ARI,SEA,1,1600000,2020,,,1600000,,John Stanton,Jerry Dipoto,
2020,"Maybin, Cameron",lf-cf,33.089,,NYA,DET,1,1500000,2020,,,1500000,Mato Sports,Chris Ilitch,Al Avila,
2020,"Nova, Ivan",rhp-s,33.171,,CHA,DET,1,1500000,2020,,,1500000,GSE,Chris Ilitch,Al Avila,
2020,"Joyce, Matt",rf,35.333,,ATL,MIA,1,1500000,2020,,,1500000,ACES,Bruce Sherman,Michael Hill,
2020,"Phelps, David",rhp,33.266,,CHN,MIL,1,1500000,2020,club,,1500000,Jet Sports,Mark Attanasio,David Stearns,
2020,"Hechavarria, Adeiny",ss,31.077,,ATL,ATL,1,1000000,2020,,,1000000,Magnus Sports,Liberty Media,Alex Anthopoulos,
2020,"Hunter, Tommy",rhp,33.364,,PHI,PHI,1,875000,2020,,,875000,Moye Sports,John Middleton,MacPhail/Klentak,
2020,"McHugh, Collin",rhp-s,33.013,,HOU,BOS,1,600000,2020,,,600000,Moye Sports,John Henry,CBloom/BO'Halloran,
2020,"Adams, Matt",1b,31.305,,WAS,NYN,0,1,2020,,,,Wasserman,Fred Wilpon,B Van Wagenen,
2020,"Alonso, Yonder",1b,33.084,,COL,ATL,0,1,2020,,,,MVP Sports,Liberty Media,Alex Anthopoulos,
2020,"Avilan, Luis",lhp,30.348,,NYN,NYA,0,1,2020,,,,SPS Spts,Hal Steinbrenner,Brian Cashman,
2020,"Beckham, Gordon",2b,33.289,,DET,SFN,0,1,2020,,,,ISE,Greg Johnson,F Zaidi / S Harris,
2020,"Blevins, Jerry",lhp,36.299,,ATL,SFN,0,1,2020,,,,Excel,Greg Johnson,F Zaidi / S Harris,
2020,"Butera, Drew",c,36.327,,COL,COL,0,1,2020,,,,David Schwartz,Monfort brothers,Jeff Bridich,
2020,"Cahill, Trevor",rhp-s,32.123,,ANA,SFN,0,1,2020,,,,John Boggs,Greg Johnson,F Zaidi / S Harris,
2020,"Castillo, Welington",c,33.069,,TEX,WAS,0,1,2020,,,,ACES,Mark Lerner,Mike Rizzo,
2020,"Chacin, Jhoulys",rhp-s,32.176,,BOS,MIN,0,1,2020,,,,GSE,Jim Pohlad,DFalvey /TLevine,
2020,"Detwiler, Ross",lhp-s,34.118,,CHA,CHA,0,1,2020,,,,CAA,Jerry Reinsdorf,KWilliams/RHahn,
2020,"Dozier, Brian",2b,33.047,,WAS,SDN,0,1,2020,,,,All Bases Covered,Ron Fowler,A.J. Preller,
2020,"Forsythe, Logan",2b,33.169,,TEX,PHI,0,1,2020,,,,PSI Sports,John Middleton,MacPhail/Klentak,
2020,"Gearrin, Cory",rhp,34.079,,NYA,MIN,0,1,2020,,,,Bo McKinnis,Jim Pohlad,DFalvey /TLevine,
2020,"Hamilton, Billy",cf,29.296,,ATL,SFN,0,1,2020,,,,Wasserman,Greg Johnson,F Zaidi / S Harris,
2020,"Hernandez, Felix",rhp-s,34.09,,SEA,ATL,0,1,2020,,,,Octagon,Liberty Media,Alex Anthopoulos,
2020,"Holland, Derek",lhp,33.266,,CHN,PIT,0,1,2020,,,,Martini Sports,Bob Nutting,Ben Cherington,
2020,"Hughes, Jared",rhp,34.363,,PHI,HOU,0,1,2020,,,,SSG,Jim Crane,JLuhnow / JClick,
2020,"Jackson, Edwin",rhp-s,36.296,,DET,ARI,0,1,2020,,,,ESQ Agency,Ken Kendrick,Mike Hazen,
2020,"Jay, Jon",cf,35.109,,CHA,ARI,0,1,2020,,,,CAA,Ken Kendrick,Mike Hazen,
2020,"Jones, Nate",rhp,34.155,,TEX,CIN,0,1,2020,,,,Joe Speed,Bob Castellini,DWilliams/NKrall,
2020,"Kipnis, Jason",2b-of,33.09,,CLE,CHN,0,1,2020,,,,Beverly Hills SC,Tom Ricketts,T Epstein / JHoyer,
2020,"Lagares, Juan",cf,31.106,,NYN,SDN,0,1,2020,,,,ACES,Ron Fowler,A.J. Preller,
2020,"LeBlanc, Wade",lhp,35.329,,SEA,BAL,0,1,2020,,,,CAA,Peter Angelos,Mike Elias,
2020,"Liriano, Francisco",lhp-s,36.249,,PIT,PHI,0,1,2020,,,,Wasserman,John Middleton,MacPhail/Klentak,
2020,"Loup, Aaron",lhp,32.195,,SDN,TBA,0,1,2020,,,,Beverly Hills SC,Stuart Sternberg,Silverman/Neander,
2020,"Lucroy, Jonathan",c,34.018,,CHN,BOS,0,1,2020,,,,Excel,John Henry,CBloom/BO'Halloran,
2020,"Mercer, Jordy",ss,33.309,,DET,DET,0,1,2020,,,,Boras Corp.,Chris Ilitch,Al Avila,
2020,"Milone, Tom",lhp-s,33.136,,SEA,BAL,0,1,2020,,,,Magnus Sports,Peter Angelos,Mike Elias,
2020,"Morrison, Logan",1b,32.311,,PHI,MIL,0,1,2020,,,,ISE,Mark Attanasio,David Stearns,
2020,"Morrow, Brandon",rhp,35.341,,CHN,CHN,0,1,2020,,,,Wasserman,Tom Ricketts,T Epstein / JHoyer,
2020,"Nicasio, Juan",rhp,33.305,,PHI,TEX,0,1,2020,,,,El Juego Spts,RDavis/BSimpson,Jon Daniels,
2020,"Otero, Dan",rhp,35.133,,CLE,NYA,0,1,2020,,,,ACES,Hal Steinbrenner,Brian Cashman,
2020,"Rivera, Rene",c,36.336,,NYN,NYN,0,1,2020,,,,MDR Sports,Fred Wilpon,B Van Wagenen,
2020,"Rodriguez, Sean",2b-3b,35.066,,PHI,MIA,0,1,2020,,,,MVP Sports,Bruce Sherman,Michael Hill,
2020,"Ross, Tyson",rhp-s,33.071,,DET,SFN,0,1,2020,,,,Wasserman,Greg Johnson,F Zaidi / S Harris,
2020,"Sandoval, Pablo",3b,33.325,,SFN,SFN,0,1,2020,,,,Beverly Hills SC,Greg Johnson,F Zaidi / S Harris,
2020,"Santiago, Hector",lhp-s,32.198,,CHA,DET,0,1,2020,,,,Excel,Chris Ilitch,Al Avila,
2020,"Swarzak, Anthony",rhp,34.295,,ATL,PHI,0,1,2020,,,,Jet Sports,John Middleton,MacPhail/Klentak,
2020,"Tomlin, Josh",rhp-s,35.256,,ATL,ATL,0,1,2020,,,,SSG,Liberty Media,Alex Anthopoulos,
2020,"Vincent, Nick",rhp,33.355,,PHI,SFN,0,1,2020,,,,PSI Sports,Greg Johnson,F Zaidi / S Harris,
2020,"Volquez, Edinson",rhp-s,36.364,,TEX,TEX,0,1,2020,,,,Wasserman,RDavis/BSimpson,Jon Daniels,
2020,"Walker, Neil",1b,34.295,,MIA,PHI,0,1,2020,,,,Excel,John Middleton,MacPhail/Klentak,
2020,"Warren, Adam",rhp,32.311,,SDN,NYA,0,1,2020-21,,,,Full Circle Sports,Hal Steinbrenner,Brian Cashman,$1.75M in majors
2020,"Davis, Rajai",cf,39.256,,NYN,MEX,,,,,,,GSE,,,
2020,"Jackson, Jay",rhp,32.248,,MIL,NPB,,,,,,,,,,signed by Chiba Lotte Marines of Japan 12/19
2020,"Jones, Adam",cf,34.335,,ARI,NPB,,,,,,,CAA,,,signed by Orix Buffaloes of Japan 12/10/19
2020,"Moore, Matt",lhp-s,31.014,,DET,NPB,,,,,,,Apex,,,"signed by Fukuoka SoftBank Hawks of Japan 12/26/19, 1 yr/$3.5M+$2.5M perf b"
2020,"Parra, Gerardo",lf,33.056,,WAS,NPB,,,,,,,Octagon,,,signed by Yomiuri Giants of Japan 11/20/19
2020,"Barnette, Tony",rhp,36.235,,CHN,retired,,,,,,,Don Nomura,,,
2020,"Chisenhall, Lonnie",rf,31.271,,PIT,retired,,,,,,,Turner-Gary,,,
2020,"Freese, David",3b,37.064,,LAN,retired,,,,,,,CAA,,,
2020,"Granderson, Curtis",lf,39.107,,MIA,retired,,,,,,,Pro Prospects,,,
2020,"Hellickson, Jeremy",rhp-s,33.084,,WAS,retired,,,,,,,Boras Corp.,,,
2020,"McCann, Brian",c,36.132,,ATL,retired,,,,,,,Jet Sports,,,
2020,"Prado, Martin",3b-1b,36.249,,MIA,retired,,,,,,,GSE,,,
2020,"Sabathia, CC",lhp-s,39.346,,NYA,retired,,,,,,,CAA-Roc Ntn,,,
2020,"Zobrist, Ben",2b-rf,39.036,,CHN,dnp,,,,,,,Octagon,,,
2020,"Abad, Fernando",rhp,34.197,,SFN,,,,,,,,Magnus Sports,,,
2020,"Albers, Matt",rhp,37.163,,MIL,,,,,,,,SSG,,,
2020,"Buchholz, Clay",rhp-s,35.322,,TOR,,,,,,,,ISE,,,
2020,"Cabrera, Melky",lf,35.325,,PIT,,,,,,,,GSE,,,
2020,"Cashner, Andrew",rhp-s,33.294,,BOS,,,,,,,,CAA,,,
2020,"Cedeno, Xavier",lhp,33.31,,CHN,,,,,,,,MDR Sports,,,
2020,"Cingrani, Tony",lhp,30.362,,SLN,,,,,,,,Dishman,,,
2020,"d'Arnaud, Travis",c,31.142,,TBA,,,,,,,,Wasserman,,,
2020,"Flaherty, Ryan",3b-ss,33.34,,CLE,,,,,,,,CAA Sports,,,
2020,"Kelly, Shawn",rhp,36.067,,TEX,,,,,,,,Frye McCann,,,
2020,"Martin, Russell",c,37.137,,LAN,,,,,,,,Matt Colleran,,,
2020,"Neshek, Pat",rhp,39.301,,PHI,,,,,,,,Meister Sports,,,
2020,"Pearce, Steve",1b-lf,37.08,,BOS,,,,,,,,Excel,,,
2020,"Puig, Yasiel",rf,29.207,,CLE,,,,,,,,Beverly Hills,,,
2020,"Rodney, Fernando",rhp,43.105,,WAS,,,,,,,,Octagon,,,
2020,"Trumbo, Mark",dh-rf,34.167,,BAL,,,,,,,,Wasserman,,,
2020,"Vargas, Jason",lhp-s,37.15,,PHI,,,,,,,,CAA,,,
2020,"Venters, Jonny",lhp,35.103,,WAS,,,,,,,,Jet Sports,,,
2020,"Vizcaino, Arodys",rhp-c,29.231,,SEA,,,,,,,,ISE,,,
2019,"Harper, Bryce",rf,26,rejected,WAS,PHI,13,330000000,2019-31,,,25384615,Boras Corp.,John Middleton,MacPhail/Klentak,
2019,"Machado, Manny",ss,26,rejected,LAN,SDN,10,300000000,2019-28,,1,30000000,MVP Sports,Ron Fowler,A.J. Preller,Player may opt out after 2023 season.
2019,"Corbin, Patrick",lhp-s,29,rejected,ARI,WAS,6,140000000,2019-24,,,23333333,ISE,Mark Lerner,Mike Rizzo,
2019,"Kershaw, Clayton",lhp-s,31,,LAN,LAN,3,93000000,2019-21,,,31000000,Excel,Mark Walter,Andrew Friedman,
2019,"Eovaldi, Nathan",rhp-s,29,,BOS,BOS,4,68000000,2019-22,,,17000000,ACES,John Henry,Dave Dombrowski,
2019,"Pollock, A.J.",cf,31,rejected,ARI,LAN,4,55000000,2019-22,player,,13750000,Excel,Mark Walter,Andrew Friedman,
2019,"McCutchen, Andrew",lf,32,,NYA,PHI,3,50000000,2019-21,club,,16666666,Steve Hammond,John Middleton,MacPhail/Klentak,
2019,"Kimbrel, Craig",rhp-c,31,rejected,BOS,CHN,3,43000000,2019-21,club/vest,,14333333,SportsMeter,Tom Ricketts,T Epstein / JHoyer,
2019,"Britton, Zack",lhp,31,,NYA,NYA,3,39000000,2019-21,club,,13000000,Boras Corp.,Hal Steinbrenner,Brian Cashman,
2019,"Happ, J.A.",lhp-s,36,,NYA,NYA,2,34000000,2019,club,,17000000,Rogers Sports,Hal Steinbrenner,Brian Cashman,
2019,"Brantley, Michael",lf,32,,CLE,HOU,2,32000000,2019-20,,,16000000,Excel,Jim Crane,Jeff Luhnow,
2019,"Morton, Charlie",rhp-s,35,,HOU,TBA,2,30000000,2019-20,club,,15000000,Jet Sports,Stuart Sternberg,Silverman/Neander,
2019,"Familia, Jeurys",rhp,29,,OAK,NYN,3,30000000,2019-21,,,10000000,ACES,Fred Wilpon,B Van Wagenen,
2019,"Lynn, Lance",rhp-s,32,,NYA,TEX,3,30000000,2019-21,,,10000000,Excel,RDavis/BSimpson,Jon Daniels,
2019,"Miller, Andrew",lhp,34,,CLE,SLN,2,25000000,2019,club,,12500000,Frontline,Bill DeWitt Jr.,JMozeliak/MGirsch,
2019,"Kelly, Joe",rhp,31,,BOS,LAN,3,25000000,2019-21,club,,8333333,ACES,Mark Walter,Andrew Friedman,
2019,"Murphy, Daniel",1b-2b,34,,CHN,COL,2,24000000,2019-20,,,12000000,ACES,Monfort brothers,Jeff Bridich,
2019,"LeMahieu, DJ",2b,30,,COL,NYA,2,24000000,2019-20,,,12000000,Excel,Hal Steinbrenner,Brian Cashman,
2019,"Ottavino, Adam",rhp,33,,COL,NYA,3,24000000,2019-21,,,8000000,All Bases Covered,Hal Steinbrenner,Brian Cashman,
2019,"Donaldson, Josh",3b,33,,CLE,ATL,1,23000000,2019,,,23000000,MVP Sports,Liberty Media,Alex Anthopoulos,
2019,"Robertson, David",rhp,34,,NYA,PHI,2,23000000,2019-20,club,,11500000,self-represented,John Middleton,MacPhail/Klentak,
2019,"Gonzalez, Marwin",1b-3b,30,,HOU,MIN,2,21000000,2019-20,,,10500000,Boras Corp.,Jim Pohlad,DFalvey /TLevine,
2019,"Lowrie, Jed",2b-3b,35,,HOU,NYN,2,20000000,2019-20,,,10000000,CAA,Fred Wilpon,B Van Wagenen,
2019,"Ramos, Wilson",c,31,,PHI,NYN,2,19000000,2019-20,club,,9500000,Octagon,Fred Wilpon,B Van Wagenen,
2019,"Sanchez, Anibal",rhp-s,35,,ATL,WAS,2,19000000,2019-20,club,,9500000,Mato Sports,Mark Lerner,Mike Rizzo,
2019,"Grandal, Yasmani",c,30,rejected,LAN,MIL,1,18250000,2019,mutual,,18250000,Wasserman,Mark Attanasio,David Stearns,
2019,"Herrera, Kelvin",rhp-c,29,,WAS,CHA,2,18000000,2019-20,club,,9000000,Wasserman,Jerry Reinsdorf,KWilliams/RHahn,
2019,"Ryu, Hyun-Jin",lhp-s,32,accepted,LAN,LAN,1,17900000,2019,,,17900000,Boras Corp.,Mark Walter,Andrew Friedman,
2019,"Richards, Garrett",rhp-s,31,,ANA,SDN,2,15500000,2019-20,,,7750000,ISE,Ron Fowler,A.J. Preller,
2019,"Soria, Joakim",rhp,35,,MIL,OAK,2,15000000,2019-20,,,7500000,Oscar Suarez,John Fisher,B Beane / D Forst,
2019,"Cruz, Nelson",dh,38,,SEA,MIN,1,14300000,2019,club,,14300000,Bryce Dixon,Jim Pohlad,DFalvey /TLevine,
2019,"Keuchel, Dallas",lhp-s,31,rejected,HOU,ATL,1,13000000,2019,,,13000000,Frontline,Liberty Media,Alex Anthopoulos,
2019,"Harvey, Matt",rhp-s,30,,CIN,ANA,1,11000000,2019,,,11000000,Matt Harvey,Arturo Moreno,Billy Eppler,
2019,"Moustakas, Mike",3b,30,,MIL,MIL,1,10000000,2019,mutual,,10000000,Boras Corp.,Mark Attanasio,David Stearns,
2019,"Wilson, Justin",lhp,31,,CHN,NYN,2,10000000,2019-20,,,5000000,ACES,Fred Wilpon,B Van Wagenen,
2019,"Suzuki, Kurt",c,35,,ATL,WAS,2,10000000,2019-20,,,5000000,MVP Sports,Mark Lerner,Mike Rizzo,
2019,"Cahill, Trevor",rhp-s,31,,OAK,ANA,1,9000000,2019,,,9000000,John Boggs,Arturo Moreno,Billy Eppler,
2019,"Dozier, Brian",2b,32,,LAN,WAS,1,9000000,2019,,,9000000,All Bases Covered,Mark Lerner,Mike Rizzo,
2019,"Allen, Cody",rhp,30,,CLE,ANA,1,8500000,2019,,,8500000,Meister Sports,Arturo Moreno,Billy Eppler,
2019,"Sabatha, CC",lhp-s,38,,NYA,NYA,1,8000000,2019,,,8000000,CAA / Roc Nation,Hal Steinbrenner,Brian Cashman,
2019,"Kinsler, Ian",2b,37,,BOS,SDN,2,8000000,2019-20,,,4000000,BBI Sports,Ron Fowler,A.J. Preller,
2019,"Chavez, Jesse",rhp,35,,CHN,TEX,2,8000000,2019-20,,,4000000,Sosnick Cobbe,RDavis/BSimpson,Jon Daniels,
2019,"Gardner, Brett",lf,35,,NYA,NYA,1,7500000,2019,,,7500000,Pro Star,Hal Steinbrenner,Brian Cashman,
2019,"Holland, Derek",lhp-s,32,,SFN,SFN,1,7000000,2019,club,,7000000,Martini Sports,Charles Johnson,Farhan Zaidi,
2019,"Pearce, Steve",1b-lf,36,,BOS,BOS,1,6250000,2019,,,6250000,Excel,John Henry,Dave Dombrowski,
2019,"Mathis, Jeff",c,36,,ARI,TEX,2,6250000,2019-20,,,3125000,Jet Sports,RDavis/BSimpson,Jon Daniels,
2019,"Markakis, Nick",rf,35,,ATL,ATL,1,6000000,2019,club,,6000000,Jamie Murphy,Liberty Media,Alex Anthopoulos,
2019,"Ross, Tyson",rhp-s,32,,SLN,DET,1,5750000,2019,,,5750000,Wasserman,Chris Ilitch,Al Avila,
2019,"Chirinos, Robinson",c,35,,TEX,HOU,1,5750000,2019,,,5750000,MDR Sports,Jim Crane,Jeff Luhnow,
2019,"Mercer, Jordy",ss,32,,PIT,DET,1,5250000,2019,,,5250000,Boras Corp.,Chris Ilitch,Al Avila,
2019,"Galvis, Freddy",ss,29,,SDN,TOR,1,5000000,2019,club,,5000000,GSE,Edward Rogers,MShapiro/RAtkins,
2019,"Descalso, Daniel",2b-3b,32,,ARI,CHN,2,5000000,2019-20,club,,2500000,Steve Canter,Tom Ricketts,T Epstein / JHoyer,
2019,"Miley, Wade",lhp-s,32,,MIL,HOU,1,4500000,2019,,,4500000,O'Connell Sports,Jim Crane,Jeff Luhnow,
2019,"Freese, David",3b-1b,36,,LAN,LAN,1,4500000,2019,,,4500000,CAA,Mark Walter,Andrew Friedman,
2019,"Jay, Jon",cf,34,,ARI,CHA,1,4000000,2019,,,4000000,CAA,Jerry Reinsdorf,KWilliams/RHahn,
2019,"Perez, Martin",lhp-s,28,,TEX,MIN,1,4000000,2019,club,,4000000,OL Baseball,Jim Pohlad,DFalvey /TLevine,
2019,"Estrada, Marco",rhp-s,35,,TOR,OAK,1,4000000,2019,,,4000000,TWC Sports,John Fisher,B Beane / D Forst,
2019,"Adams, Matt",1b-lf,30,,SLN,WAS,1,4000000,2019,mutual,,4000000,Wasserman,Mark Lerner,Mike Rizzo,
2019,"Cabrera, Asdrubal",3b,33,,PHI,TEX,1,3500000,2019,,,3500000,Octagon,RDavis/BSimpson,Jon Daniels,
2019,"Lucroy, Jonathan",cf,33,,OAK,ANA,1,3350000,2019,,,3350000,Excel,Arturo Moreno,Billy Eppler,
2019,"Holland, Greg",rhp,33,,WAS,ARI,1,3250000,2019,,,3250000,Boras Corp.,Ken Kendrick,Mike Hazen,
2019,"Jones, Adam",cf,33,,BAL,ARI,1,3000000,2019,,,3000000,CAA,Ken Kendrick,Mike Hazen,
2019,"Brach, Brad",rhp,33,,ATL,CHN,1,3000000,2019,club/plyr,,3000000,Brian Charles,Tom Ricketts,T Epstein / JHoyer,
2019,"Kang, Jung Ho",3b,32,,PIT,PIT,1,3000000,2019,,,3000000,Wasserman,Bob Nutting,Neal Huntington,
2019,"Buchholz, Clay",rhp-s,34,,ARI,TOR,1,3000000,2019,,,3000000,ISE,Edward Rogers,MShapiro/RAtkins,
2019,"Diekman, Jake",lhp,32,,ARI,KCA,1,2750000,2019,mutual,,2750000,Beverly Hills SC,David Glass,Dayton Moore,
2019,"Chisenhall, Lonnie",rf,30,,CLE,PIT,1,2750000,2019,,,2750000,Turner-Gary,Bob Nutting,Neal Huntington,
2019,"Kelley, Shawn",rhp,35,,OAK,TEX,1,2750000,2019,club,,2750000,Frye McCann,RDavis/BSimpson,Jon Daniels,
2019,"Perez, Oliver",lhp,37,,CLE,CLE,1,2500000,2019,club,,2500000,Mike Fischlin,Paul Dolan,Antonetti/Chernoff,
2019,"Moore, Matt",lhp-s,30,,TEX,DET,1,2500000,2019,,,2500000,Sosnick Cobbe,Chris Ilitch,Al Avila,
2019,"Maldonado, Martin",c,32,,HOU,KCA,1,2500000,2019,,,2500000,Magnus Sports,David Glass,Dayton Moore,
2019,"Romo, Sergio",rhp,36,,TBA,MIA,1,2500000,2019,,,2500000,Meister Sports,Bruce Sherman,Michael Hill,
2019,"Warren, Adam",rhp,31,,SEA,SDN,1,2500000,2019,club,,2500000,Full Circle Sports,Ron Fowler,A.J. Preller,
2019,"Phelps, David",rhp,32,,SEA,TOR,1,2500000,2019,club,,2500000,Jet Sports,Edward Rogers,MShapiro/RAtkins,
2019,"Lyles, Jordan",rhp,28,,MIL,PIT,1,2050000,2019,,,2050000,Ballengee,Bob Nutting,Neal Huntington,
2019,"McCann, Brian",c,35,,HOU,ATL,1,2000000,2019,,,2000000,Jet Sports,Liberty Media,Alex Anthopoulos,
2019,"Duke, Zach",lhp,36,,SEA,CIN,1,2000000,2019,,,2000000,ISE,Bob Castellini,DWilliams/NKrall,
2019,"Harrison, Josh",2b-3b,31,,PIT,DET,1,2000000,2019,,,2000000,MSM Sports,Chris Ilitch,Al Avila,
2019,"Walker, Neil",1b-3b,33,,NYA,MIA,1,2000000,2019,,,2000000,Excel,Bruce Sherman,Michael Hill,
2019,"Wainwright, Adam",rhp,37,,SLN,SLN,1,2000000,2019,,,2000000,Aegis Sports,Bill DeWitt Jr.,JMozeliak/MGirsch,
2019,"Anderson, Brett",lhp-s,31,,OAK,OAK,1,1500000,2019,,,1500000,GSE,John Fisher,B Beane / D Forst,
2019,"Pomeranz, Drew",lhp,30,,BOS,SFN,1,1500000,2019,,,1500000,CAA,Charles Johnson,Farhan Zaidi,
2019,"Loup, Aaron",lhp,31,,PHI,SDN,1,1400000,2019,club,,1400000,Beverly Hills SC,Ron Fowler,A.J. Preller,
2019,"Hellickson, Jeremy",rhp,32,,WAS,WAS,1,1300000,2019,,,1300000,Boras Corp.,Mark Lerner,Mike Rizzo,
2019,"Sipp, Tony",lhp,35,,HOU,WAS,1,1250000,2019,club,,1250000,Bledsoe Agency,Mark Lerner,Mike Rizzo,
2019,"Barnette, Tony",rhp,35,,TEX,CHN,1,750000,2019,club,,750000,Don Nomura,Tom Ricketts,T Epstein / JHoyer,
2019,"Axford, John",rhp,36,,LAN,TOR,0,1,2019,,,,Beverly Hills SC,Edward Rogers,MShapiro/RAtkins,$1.65M in majors
2019,"Beckham, Gordon",2b,32,,SEA,DET,0,1,2019,,,,ISE,Chris Ilitch,Al Avila,"$700,000 in majors"
2019,"Blanco, Gregor",cf-lf,35,,SFN,NYN,0,1,2019,,,,Octagon,Fred Wilpon,B Van Wagenen,
2019,"Blevins, Jerry",lhp,35,,NYN,OAK,0,1,2019,,,,Excel,John Fisher,B Beane / D Forst,$1.5M in majors
2019,"Butera, Drew",c,35,,COL,PHI,0,1,2019,,,,David Schwartz,John Middleton,MacPhail/Klentak,"$1.3M in majors, 3/21/19 opt-out"
2019,"Cabrera, Melky",lf,34,,CLE,PIT,0,1,2019,,,,GSE,Bob Nutting,Neal Huntington,$1.15M in majors. $0.85M in performance bonuses.
2019,"Clippard, Tyler",rhp,34,,TOR,CLE,0,1,2019,,,,Excel,Paul Dolan,Antonetti/Chernoff,$1.75M in majors
2019,"Collins, Tim",lhp,29,,WAS,MIN,0,1,2019,,,,Octagon,Jim Pohlad,DFalvey /TLevine,
2019,"Davis, Rajai",cf,38,,CLE,NYN,0,1,2019,,,,GSE,Fred Wilpon,B Van Wagenen,$1.6M in majors
2019,"De La Rosa, Jorge",lhp,38,,CHN,COL,0,1,2019,,,,TWC Sports,Monfort brothers,Jeff Bridich,
2019,"Delgado, Randall",rhp,29,,ARI,CHA,0,1,2019,,,,Beverly Hills SC,Jerry Reinsdorf,KWilliams/RHahn,
2019,"Duda, Lucas",1b,33,,ATL,MIN,0,1,2019,,,,Beverly Hills SC,Jim Pohlad,DFalvey /TLevine,"$1.75M in majors, $1.5M in performance bonuses"
2019,"Escobar, Alcides",ss,32,,KCA,BAL,0,1,2019,,,,GSE,Peter Angelos,Mike Elias,"$700,000 in majors"
2019,"Flaherty, Ryan",3b-ss,32,,ATL,CLE,0,1,2019,,,,CAA,Paul Dolan,Antonetti/Chernoff,"$800,000 in majors"
2019,"Forsythe, Logan",2b,32,,MIN,TEX,0,1,2019,,,,PSI Sports,RDavis/BSimpson,Jon Daniels,$2M in majors
2019,"Gomez, Carlos",cf,33,,TBA,NYN,0,1,2019,,,,Boras Corp.,Fred Wilpon,B Van Wagenen,
2019,"Gomez, Jeanmar",rhp-s,31,,CHA,TEX,0,1,2019,,,,Magnus Sports,RDavis/BSimpson,Jon Daniels,
2019,"Gonzalez, Carlos",rf,33,,COL,CLE,0,1,2019,,,,Boras Corp.,Paul Dolan,Antonetti/Chernoff,"$2M in majors, $1M in performance bonuses"
2019,"Gonzalez, Gio",lhp-s,33,,MIL,NYA,0,1,2019,,,,Boras Corp.,Hal Steinbrenner,Brian Cashman,$3M in majors. $9M in performance bonuses.
2019,"Granderson, Curtis",cf-rf,38,,MIL,MIA,0,1,2019,,,,Pro Prospects,Bruce Sherman,Michael Hill,"$1.75M in majors, $0.25M in performance bonuses"
2019,"Guyer, Brandon",of,33,,CLE,CHA,0,1,2019,,,,ACES,Jerry Reinsdorf,KWilliams/RHahn,"$1.6M in majors, $0.15M in minors"
2019,"Hammel, Jason",rhp-s,36,,KCA,TEX,0,1,2019,,,,ACES,RDavis/BSimpson,Jon Daniels,
2019,"Hechavarria, Adeiny",ss,30,,NYA,NYN,0,1,2019,,,,Magnus Sports,Fred Wilpon,B Van Wagenen,$3M in majors. Roster bonuses.
2019,"Hudson, Daniel",rhp,32,,LAN,ANA,0,1,2019,,,,Jet Sports,Arturo Moreno,Billy Eppler,"$1.5M in majors, $1.5M in performance bonuses"
2019,"Hundley, Nick",c,35,,SFN,OAK,0,1,2019,,,,Athletes First,John Fisher,B Beane / D Forst,$1.25M in majors
2019,"Iglesias, Jose",ss,29,,DET,CIN,0,1,2019,,,,Magnus Sports,Bob Castellini,DWilliams/NKrall,$2.5M in majors. $1M in performance bonuses
2019,"Jackson, Edwin",rhp-s,35,,OAK,OAK,0,1,2019,,,,ESQ Agency,John Fisher,B Beane / D Forst,
2019,"Joyce, Matt",rf,34,,OAK,CLE,0,1,2019,,,,ACES,Paul Dolan,Antonetti/Chernoff,"$1.25M in majors, $0.5M performance bonuses"
2019,"Liriano, Francisco",lhp-s,35,,DET,PIT,0,1,2019,,,,Wasserman,Bob Nutting,Neal Huntington,"$1.8M in majors, $1.5M in performance bonuses"
2019,"Lobaton, Jose",c,34,,NYN,SEA,0,1,2019,,,,Athletes X,John Stanton,Jerry Dipoto,$1M in majors
2019,"Maybin, Cameron",lf-cf,32,,SEA,SFN,0,1,2019,,,,Excel,Charles Johnson,Farhan Zaidi,
2019,"Mesoraco, Devin",c,31,,NYN,NYN,0,1,2019,,,,Jet Sports,Fred Wilpon,B Van Wagenen,$1.5M in majors
2019,"Morrison, Logan",1b,31,,MIN,NYA,0,1,2019,,,,ISE,Hal Steinbrenner,Brian Cashman,$1M in majors
2019,"Norris, Bud",rhp,34,,SLN,TOR,0,1,2019,,,,Ballengee,Edward Rogers,MShapiro/RAtkins,$3M in majors. Performance bonuses.
2019,"Parra, Gerardo",lf,32,,COL,SFN,0,1,2019,,,,Octagon,Charles Johnson,Farhan Zaidi,
2019,"Pence, Hunter",rf,36,,SFN,TEX,0,1,2019,,,,Beverly Hills SC,RDavis/BSimpson,Jon Daniels,$2M in majors
2019,"Reynolds, Mark",1b,35,,WAS,COL,0,1,2019,,,,Ballengee,Monfort brothers,Jeff Bridich,$1M in majors
2019,"Rivera, Rene",c,35,,ATL,SFN,0,1,2019,,,,MDR Sports,Charles Johnson,Farhan Zaidi,
2019,"Romine, Andrew",ss-2b,33,,SEA,PHI,0,1,2019,,,,Moye Sports,John Middleton,MacPhail/Klentak,
2019,"Rosales, Adam",inf,36,,CLE,MIN,0,1,2019,,,,Hilliard Sports,Jim Pohlad,DFalvey /TLevine,
2019,"Santana, Ervin",rhp-s,36,,MIN,CHA,0,1,2019,,,,Octagon,Jerry Reinsdorf,KWilliams/RHahn,$4.3M in majors
2019,"Santiago, Hector",lhp-s,31,,CHA,NYN,0,1,2019,,,,Excel,Fred Wilpon,B Van Wagenen,$2M in majors
2019,"Stewart, Chris",c,37,,ARI,SDN,0,1,2019,,,,Jim Kuzmich,Ron Fowler,A.J. Preller,
2019,"Tazawa, Junichi",rhp,33,,ANA,CHN,0,1,2019,,,,CAA,Tom Ricketts,T Epstein / JHoyer,"$800,000 in majors. $1.2M in performance bonuses"
2019,"Tomlin, Josh",rhp-s,34,,CLE,MIL,0,1,2019,,,,SSG,Mark Attanasio,David Stearns,$1.525M in majors
2019,"Wieters, Matt",c,33,,WAS,SLN,0,1,2019,,,,Boras Corp.,Bill DeWitt Jr.,JMozeliak/MGirsch,$1.5M in majors. Performance bonuses.
2019,"Wilson, Bobby",c,36,,CHN,DET,0,1,2019,,,,Jet Sports,Chris Ilitch,Al Avila,
2019,"Young, Eric Jr.",lf,34,,ANA,BAL,0,1,2019,,,,MVP Sports,Peter Angelos,Mike Elias,
2019,"Beltre, Adrian",3b,40,,TEX,retired,,,2019,,,,Boras Corp.,,,
2019,"Ellis, A.J.",c,38,,SDN,retired,,,2019,,,,ACES,,,
2019,"Fister, Doug",rhp-s,35,,TEX,retired,,,2019,,,,PSI Sports,,,
2019,"Garcia, Jaime",lhp-s,32,,CHN,retired,,,2019,,,,Moye Sports,,,
2019,"Gimenez, Chris",c,36,,MIN,retired,,,2019,,,,,,,
2019,"Martinez, Victor",dh,40,,DET,retired,,,2019,,,,Octagon,,,
2019,"Mauer, Joe",1b,36,,MIN,retired,,,2019,,,,Ron Shapiro,,,
2019,"McCarthy, Brandon",rhp-s,35,,ATL,retired,,,2019,,,,Lagardere Sports,,,
2019,"Moylan, Peter",rhp,40,,ATL,retired,,,2019,,,,Wasserman,,,
2019,"Saltalamacchia, Jarrod",c,34,,DET,retired,,,2019,,,,ACES,,,
2019,"Ziegler, Brad",rhp,39,,ARI,retired,,,2019,,,,Icon Sports,,,
2019,"Bautista, Jose",rf,38,,PHI,,,,2019,,,,Epitome Sports,,,
2019,"Belisle, Matt",rhp,39,,MIN,,,,2019,,,,CAA,,,
2019,"Benoit, Joaquin",rhp,41,,WAS,,,,2019,,,,ACES,,,
2019,"Colon, Bartolo",rhp-s,46,,TEX,,,,2019,,,,Wasserman,,,
2019,"Gallardo, Yovani",rhp-s,33,,TEX,,,,2019,,,,Octagon,,,
2019,"Gattis, Evan",dh-c,32,,HOU,,,,2019,,,,GSE,,,
2019,"Gonzalez, Miguel",rhp-s,35,,CHA,,,,2019,,,,Rep 1,,,
2019,"Holliday, Matt",lf-dh,39,,COL,,,,2019,,,,Boras Corp.,,,
2019,"Jackson, Austin",cf,32,,NYN,,,,2019,,,,Octagon,,,
2019,"Johnson, Jim",rhp,36,,ANA,,,,2019,,,,Moye Sports,,,
2019,"Madson, Ryan",rhp,38,,LAN,,,,2019,,,,All Bases Covered,,,
2019,"Phillips, Brandon",2b,38,,BOS,,,,2019,,,,ACES,,,
2019,"Ramos, A.J.",rhp,32,,NYN,,,,2019,,,,Sports One,,,
2019,"Rasmus, Colby",lf-cf,32,,BAL,,,,2019,,,,Excel,,,
2019,"Reyes, Jose",ss-3b,36,,NYN,,,,2019,,,,GSE,,,
2019,"Shields, James",rhp-s,37,,CHA,,,,2019,,,,PSI Sports,,,
2019,"Span, Denard",cf,35,,SEA,,,,2019,,,,All Bases Covered,,,
2019,"Wood, Blake",rhp,33,,ANA,,,,2019,,,,Sports One,,,
2019,"Young, Chris",lf-rf,35,,ANA,,,,2019,,,,CAA,,,
2018,"Hosmer, Eric",1b,28,rejected,KCA,SDN,7,144000000,2018-24,,1,20571429,Boras Corp.,Ron Fowler,A.J. Preller,player may opt out after 2022 season
2018,"Darvish, Yu",rhp-s,31,,LAN,CHN,6,126000000,2018-23,,1,21000000,Arn Tellum,Tom Ricketts,T Epstein / JHoyer,player may opt out after 2019 season
2018,"Martinez, J.D.",of-dh,30,,ARI,BOS,5,110000000,2018-22,,2,22000000,Boras Corp.,John Henry,Dave Dombrowski,player may opt out after 2019 and 2020 seasons
2018,"Cain, Lorenzo",cf-rf,32,rejected,KCA,MIL,5,80000000,2018-22,,,16000000,All Bases Covered,Mark Attanasio,David Stearns,
2018,"Arrieta, Jake",rhp-s,32,rejected,CHN,PHI,3,75000000,2018-20,club,1,25000000,Boras Corp.,John Middleton,MacPhail/Klentak,player may opt out after 2019 seasons; club may void opt-out by exercising 2-year option for 2020-21
2018,"Santana, Carlos",1b,32,rejected,CLE,PHI,3,60000000,2018-20,club,,20000000,Wasserman,John Middleton,MacPhail/Klentak,
2018,"Cobb, Alex",rhp-s,30,rejected,TBA,BAL,4,57000000,2018-21,,,14250000,Beverly Hills SC,Peter Angelos,Dan Duquette,
2018,Davis Wade,rhp-c,32,rejected,CHN,COL,3,52000000,2018-20,mutual,,17333333,Jet Sports,Monfort brothers,Jeff Bridich,
2018,"Bruce, Jay",rf,31,,CLE,NYN,3,39000000,2018-20,,,13000000,Sosnick Cobbe,Fred Wilpon,Sandy Alderson,
2018,"Cozart, Zack",3b,32,,CIN,ANA,3,38000000,2018-20,,,12666666,Excel,Arturo Moreno,Billy Eppler,
2018,"Chatwood, Tyler",rhp-s,28,,COL,CHN,3,38000000,2018-20,,,12666666,RMG Baseball,Tom Ricketts,T Epstein / JHoyer,
2018,"Minor, Mike",lhp,30,,KCA,TEX,3,28000000,2018-20,,,9333333,Jet Sports,RDavis/BSimpson,Jon Daniels,
2018,"Shaw, Bryan",rhp,30,,CLE,COL,3,27000000,2018-20,club,,9000000,Rowley Sports,Monfort brothers,Jeff Bridich,
2018,"McGee, Jake",lhp,31,,COL,COL,3,27000000,2018-20,club,,9000000,Wasserman,Monfort brothers,Jeff Bridich,
2018,"Morrow, Brandon",rhp,33,,LAN,CHN,2,21000000,2018-19,club,,10500000,Wasserman,Tom Ricketts,T Epstein / JHoyer,
2018,"Hunter, Tommy",rhp,31,,TBA,PHI,2,18000000,2018-19,,,9000000,Moye Sports,John Middleton,MacPhail/Klentak,
2018,"Frazier, Todd",3b,32,,NYA,NYN,2,17000000,2018-19,,,8500000,CAA,Fred Wilpon,Sandy Alderson,
2018,"Nicasio, Juan",rhp,31,,SLN,SEA,2,17000000,2018-19,,,8500000,El Juego Sports,John Stanton,Jerry Dipoto,
2018,"Reed, Addison",rhp,29,,BOS,MIN,2,16750000,2018-19,,,8375000,Wasserman,Jim Pohlad,DFalvey /TLevine,
2018,"Neshek, Pat",rhp,37,,COL,PHI,2,16250000,2018-19,club,,8125000,Meister Sports,John Middleton,MacPhail/Klentak,
2018,"Cashner, Andrew",rhp-s,31,,TEX,BAL,2,16000000,2018-19,vesting,,8000000,CAA,Peter Angelos,Dan Duquette,
2018,"Alonso, Yonder",1b,31,,SEA,CLE,2,16000000,2018-19,club,,8000000,MVP Sports,Paul Dolan,Antonetti/Chernoff,
2018,"Vargas, Jason",lhp-s,35,,KCA,NYN,2,16000000,2018-19,club,,8000000,CAA,Fred Wilpon,Sandy Alderson,
2018,"Chachin, Jhoulys",rhp-s,30,,SDN,MIL,2,15500000,2018-19,,,7750000,Legacy Agency,Mark Attanasio,David Stearns,
2018,"Castillo, Welington",c,31,,BAL,CHA,2,15000000,2018-19,club,,7500000,ACES,Jerry Reinsdorf,KWilliams/RHahn,
2018,"Smith, Joe",rhp,34,,CLE,HOU,2,15000000,2018-19,,,7500000,Meister Sports,Jim Crane,Jeff Luhnow,
2018,"Holland, Greg",rhp-c,32,rejected,COL,SLN,1,14000000,2018,,,14000000,Boras Corp.,Bill DeWitt Jr.,JMozeliak/MGirsch,
2018,"Swarzak, Anthony",rhp,32,,MIL,NYN,2,14000000,2018-19,,,,Jet Sports,Fred Wilpon,Sandy Alderson,
2018,"Moreland, Mitch",1b-dh,32,,BOS,BOS,2,13000000,2018-19,,,6500000,BASH,John Henry,Dave Dombrowski,
2018,"Cishek, Steve",rhp,32,,TBA,CHN,2,13000000,2018-19,,,6500000,Jet Sports,Tom Ricketts,T Epstein / JHoyer,
2018,"Lynn, Lance",rhp-s,31,,SLN,MIN,1,12000000,2018,,,12000000,Excel,Jim Pohlad,DFalvey /TLevine,
2018,"Gregerson, Luke",rhp,34,,HOU,SLN,2,11000000,2018,club,,5500000,O'Connell Sports,Bill DeWitt Jr.,JMozeliak/MGirsch,
2018,"Sabathia, CC",lhp-s,37,,NYA,NYA,1,10000000,2018,,,10000000,Roc Nation/CAA,Hal Steinbrenner,Brian Cashman,
2018,"Pineda, Michael",rhp-s,29,,NYA,MIN,2,10000000,2018-19,,,5000000,ISE,Jim Pohlad,DFalvey /TLevine,
2018,"Petit, Yusmeiro",rhp,33,,ANA,OAK,2,10000000,2018,club,,5000000,Godoy Sports,Lewis Wolff,B Beane / D Forst,
2018,"Kintzler, Brandon",rhp,33,,WAS,WAS,2,10000000,2018-19,club/plyr,,5000000,Kevin Kohler,Ted Lerner,Mike Rizzo,
2018,"Watson, Tony",lhp,33,,LAN,SFN,2,9000000,2018-19,player,,4500000,CAA,Charles Johnson,B Sabean/B Evans,
2018,"Iannetta, Chris",c,35,,ARI,COL,2,8500000,2018-19,club,,4250000,Octagon,Monfort brothers,Jeff Bridich,
2018,"Avila, Alex",c,31,,CHN,ARI,2,8250000,2018-19,,,4125000,Excel,Ken Kendrick,Mike Hazen,
2018,"Garcia, Jaime",lhp-s,31,,NYA,TOR,1,8000000,2018,club,,8000000,Moye Sports,Edward Rogers,MShapiro/RAtkins,
2018,"Dyson, Jarrod",cf,33,,SEA,ARI,2,7500000,2018-19,,,3750000,ACES,Ken Kendrick,Mike Hazen,
2018,"Duensing, Brian",lhp,35,,CHN,CHN,2,7000000,2018-19,,,3500000,CAA,Tom Ricketts,T Epstein / JHoyer,
2018,"Kendrick, Howie",lf-2b,34,,WAS,WAS,2,7000000,2018-19,,,3500000,Reynolds Sports,Ted Lerner,Mike Rizzo,
2018,"Moustakas, Mike",3b,29,rejected,KCA,KCA,1,6500000,2018,mutual,,6500000,Boras Corp.,David Glass,Dayton Moore,
2018,"Morrison, Logan",1b,30,,TBA,MIN,1,6500000,2018,club,,6500000,ISE,Jim Pohlad,DFalvey /TLevine,
2018,"Lucroy, Jonathan",c,32,,COL,OAK,1,6500000,2018,,,6500000,Excel,Lewis Wolff,B Beane / D Forst,
2018,"Jackson, Austin",cf,31,,CLE,SFN,2,6000000,2018-19,,,3000000,Octagon,Charles Johnson,B Sabean/B Evans,
2018,"Gonzalez, Carlos",cf,32,,COL,COL,1,5000000,2018,,,5000000,Boras Corp.,Monfort brothers,Jeff Bridich,
2018,"Granderson, Curtis",rf,37,,LAN,TOR,1,5000000,2018,,,5000000,Pro Prospects,Edward Rogers,MShapiro/RAtkins,
2018,"Hernandez, David",rhp,33,,ARI,CIN,2,5000000,2018-19,,,2500000,Jason Hoffman,Bob Castellini,Dick Williams,
2018,"Albers, Matt",rhp,35,,WAS,MIL,2,5000000,2018-19,,,2500000,SSG,Mark Attanasio,David Stearns,
2018,"Gonzalez, Miguel",rhp-s,34,,TEX,CHA,1,4750000,2018,,,4750000,Rep 1,Jerry Reinsdorf,KWilliams/RHahn,
2018,"Rodney, Fernando",rhp-c,41,,ARI,MIN,1,4500000,2018,,,4500000,Octagon,Jim Pohlad,DFalvey /TLevine,
2018,"Stammen, Craig",rhp,34,,SDN,SDN,2,4500000,2018,,,2250000,Paragon,Ron Fowler,A.J. Preller,
2018,"Nunez, Eduardo",3b-2b,31,,BOS,BOS,1,4000000,2018,player,,4000000,ISE,John Henry,Dave Dombrowski,
2018,"Liriano, Francisco",lhp-s,34,,HOU,DET,1,4000000,2018,,,4000000,Legacy Agency,Chris Ilitch,Al Avila,
2018,"Walker, Neil",2b,32,,MIL,NYA,1,4000000,2018,,,4000000,Hendricks Sports,Hal Steinbrenner,Brian Cashman,
2018,"Gomez, Carlos",cf,32,,TEX,TBA,1,4000000,2018,,,4000000,Boras Corp.,Stuart Sternberg,Silverman/Neander,
2018,"Fister, Doug",rhp-s,34,,BOS,TEX,1,4000000,2018,,,4000000,PSI Sports,RDavis/BSimpson,Jon Daniels,
2018,"Duda, Lucas",1b,32,,TBA,KCA,1,3500000,2018,,,3500000,Beverly Hills SC,David Glass,Dayton Moore,
2018,"Maybin, Cameron",of,31,,HOU,MIA,1,3250000,2018,,,3250000,Excel,Bruce Sherman,Michael Hill,
2018,"Tillman, Chris",rhp-s,30,,BAL,BAL,1,3000000,2018,,,3000000,Beverly Hills SC,Peter Angelos,Dan Duquette,
2018,"Jay, Jon",cf,33,,CHN,KCA,1,3000000,2018,,,3000000,CAA,David Glass,Dayton Moore,
2018,"Norris, Bud",rhp,33,,ANA,SLN,1,3000000,2018,,,3000000,Wasserman,Bill DeWitt Jr.,JMozeliak/MGirsch,
2018,"Rivera, Rene",c,34,,CHN,ANA,1,2800000,2018,,,2800000,MDR Sports,Arturo Moreno,Billy Eppler,
2018,"Escobar, Alcides",ss,31,,KCA,KCA,1,2500000,2018,,,2500000,Legacy Agency,David Glass,Dayton Moore,
2018,"Logan, Boone",lhp,33,,CLE,MIL,1,2500000,2018,club,,2500000,Hub Sports,Mark Attanasio,David Stearns,
2018,"Sanchez, Anibal",rhp-s,34,,DET,MIN,1,2500000,2018,,,2500000,Mato Sports,Jim Pohlad,DFalvey /TLevine,
2018,"Hundley, Nick",c,34,,SFN,SFN,1,2500000,2018,,,2500000,Athletes First,Charles Johnson,B Sabean/B Evans,
2018,"Romo, Sergio",rhp,35,,TBA,TBA,1,2500000,2018,,,2500000,Meister Sports,Stuart Sternberg,Silverman/Neander,
2018,"Duke, Zach",lhp,35,,SLN,MIN,1,2150000,2018,,,2150000,ISE,Jim Pohlad,DFalvey /TLevine,
2018,"Young, Chris",of,34,,BOS,ANA,1,2000000,2018,,,2000000,CAA,Arturo Moreno,Billy Eppler,
2018,"Gallardo, Yovani",rhp-s,32,,SEA,MIL,1,2000000,2018,,,2000000,Bobby Witt,Mark Attanasio,David Stearns,
2018,"Reyes, Jose",ss-3b,35,,NYN,NYN,1,2000000,2018,,,2000000,Legacy Agency,Fred Wilpon,Sandy Alderson,
2018,"Oh, Seung-Hwan",rhp,35,,SLN,TOR,1,2000000,2018,club,,2000000,Rosenhaus Sports,Edward Rogers,MShapiro/RAtkins,
2018,"Utley, Chase",2b,39,,LAN,LAN,2,2000000,2018-19,,,1000000,Wasserman,Mark Walter,Friedman / Zaidi,
2018,"Cahill, Trevor",rhp-s,30,,KCA,OAK,1,1500000,2018,,,1500000,John Boggs,Lewis Wolff,B Beane / D Forst,
2018,"Barnette, Tony",rhp,34,,TEX,TEX,1,1500000,2018,,,1500000,Don Nomura,RDavis/BSimpson,Jon Daniels,
2018,"Chavez, Jesse",rhp,34,,ANA,ANA,1,1000000,2018,,,1000000,Sosnick Cobbe,Arturo Moreno,Billy Eppler,
2018,"Lyles, Jordan",rhp,27,,SDN,SDN,1,1000000,2018,club,,1000000,Ballengee,Ron Fowler,A.J. Preller,
2018,"Benoit, Joaquin",rhp,40,,PIT,WAS,1,1000000,2018,,,1000000,ACES,Ted Lerner,Mike Rizzo,
2018,"Suzuki, Ichiro",rf-dh,44,,MIA,SEA,1,750000,2018,,,750000,John Boggs,John Stanton,Jerry Dipoto,
2018,"Stewart, Chris",c,36,,PIT,ATL,1,575000,2018,,,575000,Jim Kuzmich,Liberty Media,Alex Anthopoulos,
2018,"Moylan, Peter",rhp,39,,KCA,ATL,1,575000,2018,,,575000,Wasserman,Liberty Media,Alex Anthopoulos,
2018,"Abad, Fernando",lhp,32,,BOS,PHI,0,1,2018,,,,Magnus Sports,John Middleton,MacPhail/Klentak,$2.5M in majors
2018,"Alvarez, Pedro",dh-1b,31,,BAL,BAL,0,1,2018,,,,Boras Corp.,Peter Angelos,Dan Duquette,$1M in majors
2018,"Amarista, Alexi",2b-ss,29,,COL,DET,0,1,2018,,,,World Sports,Chris Ilitch,Al Avila,"$750,000 in majors"
2018,"Anderson, Brett",lhp-s,30,,TOR,OAK,0,1,2018,,,,Legacy Agency,Lewis Wolff,B Beane / D Forst,
2018,"Aybar, Erick",ss,34,,SDN,MIN,0,1,2018,,1,,Roc Nation,Jim Pohlad,DFalvey /TLevine,$1.25M in majors. Player may opt out 3/27/18.
2018,"Barney, Darwin",2b,32,,TOR,TEX,0,1,2018,,,,CAA,RDavis/BSimpson,Jon Daniels,$1.125M in majors
2018,"Bautista, Jose",rf-3b,37,,TOR,ATL,0,1,2018,,,,Epitome Sports,Liberty Media,Alex Anthopoulos,$1M in majors
2018,"Beckham, Gordon",2b,31,,SEA,SEA,0,1,2018,,,,ISE,John Stanton,Jerry Dipoto,"$800,000 in majors"
2018,"Belisle, Matt",rhp,38,,MIN,CLE,0,1,2018,,,,CAA,Paul Dolan,Antonetti/Chernoff,$1.5M in majors
2018,"Blanco, Andres",ss,34,,PHI,SFN,0,1,2018,,,,ISE,Charles Johnson,B Sabean/B Evans,$1.1M in majors
2018,"Blanco, Gregor",of,34,,ARI,SFN,0,1,2018,,,,Octagon,Charles Johnson,B Sabean/B Evans,$1M in majors
2018,"Bourjos, Peter",cf,31,,TBA,CHN,0,1,2018,,,,Dishman Sports,Tom Ricketts,T Epstein / JHoyer,$1.45M in majors
2018,"Boyer, Blaine",rhp,36,,BOS,KCA,0,1,2018,,,,Aegis Sports,David Glass,Dayton Moore,$1M in majors
2018,"Breslow, Craig",lhp,37,,CLE,TOR,0,1,2018,,,,Baratta Partners,Edward Rogers,MShapiro/RAtkins,$1.25M in majors
2018,"Buchholz, Clay",rhp-s,33,,PHI,KCA,0,1,2018,,,,ISE,David Glass,Dayton Moore,$1.5M in majors
2018,"Cabrera, Melky",rf-dh,33,,KCA,CLE,0,1,2018,,,,Legacy Agency,Paul Dolan,Antonetti/Chernoff,
2018,"Clippard, Tyler",rhp,33,,HOU,TOR,0,1,2018,,,,Excel,Edward Rogers,MShapiro/RAtkins,$1.5M in majors
2018,"Colon, Bartolo",rhp-s,45,,MIN,TEX,0,1,2018,,,,Wasserman,RDavis/BSimpson,Jon Daniels,$1.75M in majors
2018,"Davis, Rajai",of,37,,BOS,CLE,0,1,2018,,,,ISE,Paul Dolan,Antonetti/Chernoff,$1.75M in majors
2018,"De Aza, Alejandro",of,34,,WAS,WAS,0,1,2018,,,,Magnus Sports,Ted Lerner,Mike Rizzo,"$800,000 in majors"
2018,"De La Rosa, Jorge",lhp,37,,ARI,ARI,0,1,2018,,,,TWC Sports,Ken Kendrick,Mike Hazen,$2.25M in majors
2018,"Ellis, A.J.",c,37,,MIA,SDN,0,1,2018,,,,ACES,Ron Fowler,A.J. Preller,$1.25M in majors
2018,"Flaherty, Ryan",2b,31,,BAL,PHI,0,1,2018,,,,CAA,John Middleton,MacPhail/Klentak,$1.9M in majors
2018,"Gentry, Craig",cf-rf,34,,BAL,BAL,0,1,2018,,,,RMG Baseball,Peter Angelos,Dan Duquette,"$900,000 in majors"
2018,"Hanigan, Ryan",c,37,,COL,CLE,0,1,2018,,,,O'Connell Sports,Paul Dolan,Antonetti/Chernoff,$1.25M in majors
2018,"Helickson, Jeremy",rhp-s,31,,BAL,WAS,0,1,2018,,,,Boras Corp.,Ted Lerner,Mike Rizzo,$2M in majors. $4M in performance bonuses
2018,"Holliday, Matt",lf-dh,38,,NYA,COL,0,1,2018,,,,Boras Corp.,Monfort brothers,Jeff Bridich,
2018,"Iwakuma, Hisashi",rhp-s,37,,SEA,SEA,0,1,2018,,,,Wasserman,John Stanton,Jerry Dipoto,$2.5M in majors
2018,"Jackson, Edwin",rhp-s,34,,WAS,WAS,0,1,2018,,,,ESQ Agency,Ted Lerner,Mike Rizzo,$1.5M in majors
2018,"Lind, Adam",1b-dh,34,,WAS,NYA,0,1,2018,,,,ISE,Hal Steinbrenner,Brian Cashman,$2M in majors
2018,"Lobaton, Jose",c,33,,WAS,NYN,0,1,2018,,,,Athletes X,Fred Wilpon,Sandy Alderson,$1.25M in majors
2018,"Magowan, Dustin",rhp,36,,MIA,TBA,0,1,2018,,,,ACES,Stuart Sternberg,Silverman/Neander,$1.5M in minors
2018,"Miley, Wade",lhp-s,31,,BAL,MIL,0,1,2018,,,,O'Connell Sports,Mark Attanasio,David Stearns,$2.5M in majors
2018,"Montero, Miguel",c,34,,TOR,WAS,0,1,2018,,,,Rep 1,Ted Lerner,Mike Rizzo,$1.3M in majors
2018,"Motte, Jason",rhp,36,,ATL,SLN,0,1,2018,,,,ACES,Bill DeWitt Jr.,JMozeliak/MGirsch,$1M in majors
2018,"Napoli, Mike",1b,36,,TEX,CLE,0,1,2018,,,,Paragon,Paul Dolan,Antonetti/Chernoff,$1.75M in majors
2018,"Nava, Daniel",of,35,,PHI,PIT,0,1,2018,,,,ISE,Bob Nutting,Neal Huntington,$1.5M in majors
2018,"Nolasco, Ricky",rhp,35,,ANA,KCA,0,1,2018,,,,Sosnick Cobbe,David Glass,Dayton Moore,$1.5M in minors
2018,"Pennington, Cliff",ss,34,,ANA,CIN,0,1,2018,,,,Sosnick Cobbe,Bob Castellini,Dick Williams,$1.5M in majors
2018,"Perez, Oliver",lhp,36,,WAS,CIN,0,1,2018,,,,Mike Fischlin,Bob Castellini,Dick Williams,$1.25M in majors
2018,"Phillips, Brandon",2b,37,,ANA,BOS,0,1,2018,,,,ACES,John Henry,Dave Dombrowski,
2018,"Plouffe, Trevor",3b,32,,TBA,TEX,0,1,2018,,,,CAA,RDavis/BSimpson,Jon Daniels,$1.75M in majors
2018,"Raburn, Ryan",lf-rf,37,,WAS,WAS,0,1,2018,,,,Career Sports,Ted Lerner,Mike Rizzo,"$800,000 in majors"
2018,"Rasmus, Colby",lf-cf,31,,TBA,BAL,0,1,2018,,,,Excel,Peter Angelos,Dan Duquette,$3M in majors
2018,"Revere, Ben",lf-rf,30,,ANA,CIN,0,1,2018,,,,Meister Sports,Bob Castellini,Dick Williams,$1.5M in majors
2018,"Reynolds, Mark",1b,34,,COL,WAS,0,1,2018,,,,Jeff Borris,Ted Lerner,Mike Rizzo,
2018,"Rosales, Adam",2b,35,,ARI,PHI,0,1,2018,,,,Octagon,John Middleton,MacPhail/Klentak,$1.75M in majors
2018,"Salas, Fernando",rhp,33,,ANA,ARI,0,1,2018,,,,Paragon,Ken Kendrick,Mike Hazen,$1.5M in majors
2018,"Santiago, Hector",lhp-s,30,,MIN,CHA,0,1,2018,,,,Excel,Jerry Reinsdorf,KWilliams/RHahn,$2M in majors
2018,"Saunders, Michael",of,31,,TOR,KCA,0,1,2018,,,,Meister Sports,David Glass,Dayton Moore,$1.5M in majors
2018,"Valencia, Danny",1b-3b,33,,SEA,BAL,0,1,2018,,,,MVP Sports,Peter Angelos,Dan Duquette,$1.2M in majors
2018,"Werth, Jayson",rf,39,,WAS,SEA,0,1,2018,,,,Boras Corp.,John Stanton,Jerry Dipoto,
2018,"Gee, Dillon",rhp-s,32,,MIN,NPB,,,,,,,SSG,,,"Signed by Chunichi for 1 year, $1.7M"
2018,"Uehara, Koji",rhp,43,,CHN,NPB,,,,,,,ISE,,,Signed by Yomiuri for 1 year
2018,"Hwang, Jae-Gyun",1b-3b,30,,SFN,KBO,,,,,,,,,,Signed by KT Wiz
2018,"Kim, Hyun-Soo",lf,30,,PHI,KBO,,,,,,,,,,Signed by LG Twins
2018,"Arroyo, Bronson",rhp-s,41,,CIN,retired,,,,,,,,,,
2018,"Aviles, Mike",2b-of,37,,MIA,dnp,,,,,,,,,,
2018,"Bailey, Andrew",rhp,34,,ANA,retired,,,,,,,,,,
2018,"Beltran, Carlos",rf-dh,41,,HOU,retired,,,,,,,,,,
2018,"Blanton, Joe",rhp,37,,WAS,retired,,,,,,,,,,
2018,"Cain, Matt",rhp-s,33,,SFN,retired,,,,,,,,,,
2018,"Dickey, R.A.",rhp-s,43,,ATL,retired,,,,,,,,,,
2018,"Drew, Stephen",ss,35,,WAS,retired,,,,,,,,,,
2018,"Escobar, Yunel",ss,35,,ANA,dnp,,,,,,,,,,
2018,"Ethier, Andre",of,36,,LAN,dnp,,,,,,,,,,
2018,"Feldman, Scott",rhp-s,35,,CIN,dnp,,,,,,,,,,
2018,"Garza, Matt",rhp-s,34,,MIL,dnp,,,,,,,,,,
2018,"Grilli, Jason",rhp,41,,TEX,dnp,,,,,,,,,,
2018,"Gutierrez, Franklin",of,35,,LAN,dnp,,,,,,,,,,
2018,"Hardy, J.J.",ss,35,,BAL,dnp,,,,,,,,,,
2018,"Jaso, John",1b-c,34,,PIT,retired,,,,,,,,,,
2018,"Jimenez, Ubaldo",rhp-s,34,,BAL,dnp,,,,,,,,,,
2018,"Lackey, John",rhp-s,39,,CHN,dnp,,,,,,,,,,
2018,"Morse, Michael",of,36,,SFN,dnp,,,,,,,,,,
2018,"Pelfrey, Mike",rhp-s,34,,CHA,dnp,,,,,,,,,,
2018,"Perkins, Glen",rhp,35,,MIN,retired,,,,,,,,,,
2018,"Ruiz, Carlos",c,39,,SEA,dnp,,,,,,,,,,
2018,"Smith, Seth",of,35,,BAL,dnp,,,,,,,,,,
2018,"Soto, Geovany",c,35,,CHA,dnp,,,,,,,,,,
2018,"Storen, Drew",rhp,30,,CIN,dnp,,,,,,,,,,
2018,"Street, Huston",rhp-c,34,,ANA,retired,,,,,,,,,,
2017,"Cespedes, Yoenis",rf,31,rejected,NYN,NYN,4,110000000,2017-20,,,27500000,Roc Nation,Fred Wilpon,Sandy Alderson,
2017,"Chapman, Aroldis",lhp-c,29,,CHN,NYA,5,86000000,2017-21,,1,17200000,Magnus Sports,Hal Steinbrenner,Brian Cashman,Player may opt out after 2019 season
2017,"Fowler, Dexter",cf-rf,31,rejected,CHN,SLN,5,82500000,2017-21,,,16500000,Excel,Bill DeWitt Jr.,John Mozeliak,
2017,"Jansen, Kenley",rhp-c,29,rejected,LAN,LAN,5,80000000,2017-21,,,16000000,Wasserman,Mark Walter,Friedman / Zaidi,
2017,"Desmond, Ian",of-1b,31,rejected,TEX,COL,5,70000000,2017-21,,,14000000,Sports One,Monfort brothers,Jeff Bridich,
2017,"Turner, Justin",3b,32,rejected,LAN,LAN,4,64000000,2017-20,,,16000000,Legacy Agency,Mark Walter,Friedman / Zaidi,
2017,"Melancon, Mark",rhp-c,32,,WAS,SFN,4,62000000,2017-20,,1,15500000,ISE,Charles Johnson,B Sabean/B Evans,
2017,"Encarnacion, Edwin",1b-dh,34,rejected,TOR,CLE,3,60000000,2017-19,club,,20000000,Rep 1,Paul Dolan,Antonetti/Chernoff,
2017,"Reddick, Josh",rf,30,,LAN,HOU,4,52000000,2017-20,,,13000000,ACES,Jim Crane,Jeff Luhnow,
2017,"Hill, Rich",lhp-s,37,,LAN,LAN,3,48000000,2017-19,,,16000000,ACES,Mark Walter,Friedman / Zaidi,
2017,"Trumbo, Mark",of,31,rejected,BAL,BAL,3,37500000,2017-19,,,12500000,Wasserman,Peter Angelos,Dan Duquette,
2017,"Morales, Kendrys",dh,34,,KCA,TOR,3,33000000,2017-19,,,11000000,Wasserman,Edward Rogers,MShapiro/RAtkins,
2017,"Cecil, Brett",lhp,30,,TOR,SLN,4,30500000,2017-20,,,7625000,ACES,Bill DeWitt Jr.,John Mozeliak,
2017,"Nova, Ivan",rhp-s,30,,PIT,PIT,3,26000000,2017-19,,,8666666,Legacy Agency,Bob Nutting,Neal Huntington,
2017,"Castro, Jason",c,30,,HOU,MIN,3,24500000,2017-19,,,8166667,ISE,Jim Pohlad,DFalvey /TLevine,
2017,"Volquez, Edinson",rhp-s,33,,KCA,MIA,2,22000000,2017-18,,,11000000,Wasserman,Jeffrey Loria,Michael Hill,
2017,"Wieters, Matt",c,31,,BAL,WAS,2,21000000,2017-18,player,,10500000,Boras Corp.,Ted Lerner,Mike Rizzo,
2017,"Dunn, Mike",lhp,32,,MIA,COL,3,19000000,2017-19,club,,6333333,O'Connell Sports,Monfort brothers,Jeff Bridich,
2017,"Bautista, Jose",rf,36,rejected,TOR,TOR,1,18500000,2017,mutual,,18500000,Epitome Sports,Edward Rogers,MShapiro/RAtkins,
2017,"Walker, Neil",2b,31,accepted,NYN,NYN,1,17200000,2017,,,17200000,Excel,Fred Wilpon,Sandy Alderson,
2017,"Hellickson, Jeremy",rhp,30,accepted,PHI,PHI,1,17200000,2017,,,17200000,Boras Corp.,John Middleton,MacPhail/Klentak,
2017,"Beltran, Carlos",dh-rf,40,,TEX,HOU,1,16000000,2017,,,16000000,MVP Sports,Jim Crane,Jeff Luhnow,
2017,"Hammel, Jason",rhp-s,34,,CHN,KC,2,16000000,2017-18,mutual,,8000000,ACES,David Glass,Dayton Moore,
2017,"Valbuena, Luis",3b,31,,HOU,ANA,2,15000000,2017-18,mutual,,7500000,Elite Sports,Arturo Moreno,Billy Eppler,
2017,"Morton, Charlie",rhp-s,33,,PHI,HOU,2,14000000,2017-18,,,7000000,Jet Sports,Jim Crane,Jeff Luhnow,
2017,"Holliday, Matt",lf,37,,SLN,NYA,1,13000000,2017,,,13000000,Boras Corp.,Hal Steinbrenner,Brian Cashman,
2017,"Colon, Bartolo",rhp-s,44,,NYN,ATL,1,12500000,2017,,,12500000,Wasserman,Liberty Media,John Coppolella,
2017,"Ramos, Wilson",c,29,,WAS,TBA,2,12500000,2017-18,,,6250000,Octagon,Stuart Sternberg,Silverman/Neander,
2017,"Pearce, Steve",1b,34,,BAL,TOR,2,12500000,2017-18,,,6250000,Excel,Edward Rogers,MShapiro/RAtkins,
2017,"Moss, Brandon",1b-of,33,,SLN,KCA,2,12000000,2017-18,mutual,,6000000,ACES,David Glass,Dayton Moore,
2017,"Wood, Travis",lhp,30,,CHN,KCA,2,12000000,2017-18,mutual,,6000000,Frontline,David Glass,Dayton Moore,
2017,"Tazawa, Junichi",rhp,31,,BOS,MIA,2,12000000,2017-18,,,6000000,CAA,Jeffrey Loria,Michael Hill,
2017,"Ziegler, Brad",rhp,37,,BOS,MIA,2,12000000,2017-18,,,6000000,Icon Sports,Jeffrey Loria,Michael Hill,
2017,"Gomez, Carlos",cf,31,,TEX,TEX,1,11500000,2017,,,11500000,Boras Corp.,RDavis/BSimpson,Jon Daniels,
2017,"Rodriguez, Sean",inf,32,,PIT,ATL,2,11500000,2017-18,,,5750000,MVP Sports,Liberty Media,John Coppolella,
2017,"Joyce, Matt",rf,32,,PIT,OAK,2,11000000,2017-18,,,5500000,ACES,Lewis Wolff,B Beane / D Forst,
2017,"Casilla, Santiago",rhp,36,,SFN,OAK,2,11000000,2017-18,,,5500000,Legacy Agency,Lewis Wolff,B Beane / D Forst,
2017,"Hudson, Daniel",rhp,30,,ARI,PIT,2,11000000,2017-18,,,5500000,Jet Sports,Bob Nutting,Neal Huntington,
2017,"Rzepczynski, Marc",lhp,31,,WAS,SEA,2,11000000,2017-18,,,5500000,John Boggs,John Stanton,Jerry Dipoto,
2017,"Cashner, Andrew",rhp,30,,MIA,TEX,1,10000000,2017,,,10000000,CAA,RDavis/BSimpson,Jon Daniels,
2017,"Saunders, Michael",of,30,,TOR,PHI,1,9000000,2017,club,,9000000,Meister Sports,John Middleton,MacPhail/Klentak,
2017,"Napoli, Mike",1b,35,,CLE,TEX,1,8500000,2017,club,,8500000,Paragon,RDavis/BSimpson,Jon Daniels,
2017,"Dickey, R.A.",rhp-s,42,,TOR,ATL,1,8000000,2017,club,,8000000,Bo McKinnis,Liberty Media,John Coppolella,
2017,"Jay, Jon",cf,32,,SDN,CHN,1,8000000,2017,,,8000000,CAA,Tom Ricketts,T Epstein / JHoyer,
2017,"Benoit, Joaquin",rhp,39,,TOR,PHI,1,7500000,2017,,,7500000,ACES,John Middleton,MacPhail/Klentak,
2017,"Logan, Boone",lhp,32,,COL,CLE,1,6500000,2017,club,,6500000,CAA,Paul Dolan,Antonetti/Chernoff,
2017,"Blevins, Jerry",lhp,33,,NYN,NYN,1,6500000,2017,club,,6500000,Bobby Barad,Fred Wilpon,Sandy Alderson,
2017,"Holland, Derek",lhp-s,30,,TEX,CHA,1,6000000,2017,,,6000000,Martini Sports,Jerry Reinsdorf,KWilliams/RHahn,
2017,"Uehara, Koji",rhp,42,,BOS,CHN,1,6000000,2017,,,6000000,ISE,Tom Ricketts,T Epstein / JHoyer,
2017,"Davis, Rajai",cf,36,,CLE,OAK,1,6000000,2017,,,6000000,Legacy Agency,Lewis Wolff,B Beane / D Forst,
2017,"Chavez, Jesse",rhp,33,,LAN,ANA,1,5750000,2017,,,5750000,Sosnick Cobbe,Arturo Moreno,Billy Eppler,
2017,"Moreland, Mitch",1b-dh,31,,TEX,BOS,1,5500000,2017,,,5500000,RMG Baseball,John Henry,Dave Dombrowski,
2017,"Feliz, Neftali",rhp-c,29,,PIT,MIL,1,5350000,2017,,,5350000,California Sports,Mark Attanasio,David Stearns,
2017,"Rasmus, Colby",lf-cf,30,,HOU,TBA,1,5000000,2017,,,5000000,Excel,Stuart Sternberg,Silverman/Neander,
2017,"Fister, Doug",rhp-s,33,,HOU,TEX,1,4000000,2017,club,,4000000,PSI Sports,RDavis/BSimpson,Jon Daniels,
2017,"Blanton, Joe",rhp,36,,LAN,WAS,1,4000000,2017,,,4000000,CAA,Ted Lerner,Mike Rizzo,
2017,"Mathis, Jeff",c,34,,MIA,ARI,2,4000000,2017-18,,,2000000,Jet Sports,Ken Kendrick,Mike Hazen,
2017,"Butera, Drew",c,33,,KCA,KCA,2,3800000,2017-18,,,1900000,David Schwartz,David Glass,Dayton Moore,
2017,"Anderson, Brett",lhp,29,,LAN,CHN,1,3500000,2017,,,3500000,Legacy Agency,Tom Ricketts,T Epstein / JHoyer,
2017,"Drew, Stephen",2b,34,,WAS,WAS,1,3500000,2017,,,3500000,Boras Corp.,Ted Lerner,Mike Rizzo,
2017,"Storen, Drew",rhp,29,,SEA,CIN,1,3000000,2017,,,3000000,CAA,Bob Castellini,Dick Williams,
2017,"Romo, Sergio",rhp,34,,SFN,LAN,1,3000000,2017,,,3000000,Meister Sports,Mark Walter,Friedman / Zaidi,
2017,"Salas, Fernando",rhp,32,,NYN,NYN,1,3000000,2017,,,3000000,Paragon,Fred Wilpon,Sandy Alderson,
2017,"Blanco, Andres",3b,33,,PHI,PHI,1,3000000,2017,,,3000000,Legacy Agency,John Middleton,MacPhail/Klentak,
2017,"Weaver, Jered",rhp-s,34,,ANA,SDN,1,3000000,2017,,,3000000,Boras Corp.,Ron Fowler,A.J. Preller,
2017,"Howell, J.P.",lhp,34,,LAN,TOR,1,3000000,2017,,,3000000,Legacy Agency,Edward Rogers,MShapiro/RAtkins,
2017,"Smith, Joe",rhp,33,,CHN,TOR,1,3000000,2017,,,3000000,Meister Sports,Edward Rogers,MShapiro/RAtkins,
2017,"Gutierrez, Franklin",of,34,,SEA,LAN,1,2600000,2017,,,2600000,Octagon,Mark Walter,Friedman / Zaidi,
2017,"Rodney, Fernando",rhp,40,,MIA,ARI,1,2500000,2017,,,2500000,Octagon,Ken Kendrick,Mike Hazen,
2017,"Ellis, A.J.",c,36,,PHI,MIA,1,2500000,2017,,,2500000,ACES,Jeffrey Loria,Michael Hill,
2017,"Morrison, Logan",1b,29,,TBA,TBA,1,2500000,2017,,,2500000,ISE,Stuart Sternberg,Silverman/Neander,
2017,"Feldman, Scott",rhp-s,34,,TOR,CIN,1,2300000,2017,,,2300000,Pro Prospects,Bob Castellini,Dick Williams,
2017,"Belisle, Matt",rhp,37,,WAS,MIN,1,2050000,2017,,,2050000,CAA,Jim Pohlad,DFalvey /TLevine,
2017,"Duensing, Brian",lhp,34,,BAL,CHN,1,2000000,2017,,,2000000,CAA,Tom Ricketts,T Epstein / JHoyer,
2017,"Avila, Alex",c,30,,CHA,DET,1,2000000,2017,,,2000000,Excel,Chris Ilitch,Al Avila,
2017,"Utley, Chase",2b,38,,LAN,LAN,1,2000000,2017,,,2000000,Wasserman,Mark Walter,Friedman / Zaidi,
2017,"Hundley, Nick",c,33,,COL,SFN,1,2000000,2017,,,2000000,Athletes First,Charles Johnson,B Sabean/B Evans,
2017,"Magowan, Dustin",rhp,35,,MIA,MIA,1,1750000,2017,,,1750000,ACES,Jeffrey Loria,Michael Hill,
2017,"Chacin, Jhoulys",rhp-s,29,,ANA,SDN,1,1750000,2017,,,1750000,Legacy Agency,Ron Fowler,A.J. Preller,
2017,"Richard, Clayton",lhp-s,33,,SDN,SDN,1,1750000,2017,,,1750000,ISE,Ron Fowler,A.J. Preller,
2017,"Cahill, Trevor",rhp-s,29,,CHN,SDN,1,1750000,2017,,,1750000,John Boggs,Ron Fowler,A.J. Preller,
2017,"Iannetta, Chris",c,34,,SEA,ARI,1,1500000,2017,,,1500000,Octagon,Ken Kendrick,Mike Hazen,
2017,"Descalso, Daniel",3b-ss,30,,COL,ARI,1,1500000,2017,club,,1500000,,Ken Kendrick,Mike Hazen,
2017,"Suzuki, Kurt",c,33,,MIN,ATL,1,1500000,2017,,,1500000,,Liberty Media,John Coppolella,
2017,"Lind, Adam",1b,33,,SEA,WAS,1,1500000,2017,club,,1500000,ISE,Ted Lerner,Mike Rizzo,
2017,"Heisey, Chris",of,32,,WAS,WAS,1,1400000,2017,,,1400000,Sosnick Cobbe,Ted Lerner,Mike Rizzo,
2017,"Rosales, Adam",3b,34,,SDN,OAK,1,1250000,2017,,,1250000,Hilliard Sports,Lewis Wolff,B Beane / D Forst,
2017,"Bailey, Andrew",rhp,33,,ANA,ANA,1,1000000,2017,,,1000000,Excel,Arturo Moreno,Billy Eppler,
2017,"Ondrusek, Logan",rhp,32,,BAL,BAL,1,650000,2017,,,650000,,Peter Angelos,Dan Duquette,
2017,"Albers, Matt",rhp,34,,CHA,WAS,0,1,2017,,,,,Ted Lerner,Mike Rizzo,$1.15M in majors
2017,"Alvarez, Pedro",1b-dh,30,,BAL,BAL,0,1,2017,,,,Boras Corp.,Peter Angelos,Dan Duquette,$2M in majors
2017,"Aybar, Erick",ss,33,,DET,SDN,0,1,2017,,,,Roc Nation,Ron Fowler,A.J. Preller,$1.75M in majors
2017,"Beckham, Gordon",2b,30,,SFN,SFN,0,1,2017,,,,,Charles Johnson,B Sabean/B Evans,$1.25M in majors
2017,"Blanco, Gregor",of,33,,SFN,ARI,0,1,2017,,,,Octagon,Ken Kendrick,Mike Hazen,$1M in majors
2017,"Bonifacio, Emilio",of,32,,ATL,ATL,0,1,2017,,,,Gene Mato,Liberty Media,John Coppolella,$1.25M in majors
2017,"Boujos, Peter",cf,30,,PHI,CHA,0,1,2017,,,,,Jerry Reinsdorf,KWilliams/RHahn,$1.35M in majors
2017,"Bourn, Michael",of,34,,BAL,BAL,0,1,2017,,,,,Peter Angelos,Dan Duquette,$2M in majors
2017,"Boyer, Blaine",rhp,35,,MIL,ATL,0,1,2017,,,,,Liberty Media,John Coppolella,"$975,000 in majors"
2017,"Burnett, Sean",lhp,34,,WAS,PHI,0,1,2017,,,,Munsey Sports,John Middleton,MacPhail/Klentak,$1.25M in majors
2017,"Coghlan, Chris",of,32,,CHN,PHI,0,1,2017,,,,,John Middleton,MacPhail/Klentak,$3M in majors
2017,"De Aza, Alejandro",cf-lf,33,,NYM,OAK,0,1,2017,,,,Magnus Sports,Lewis Wolff,B Beane / D Forst,$1.75M in majors
2017,"De La Rosa, Jorge",lhp,36,,COL,ARI,0,1,2017,,,,TWC Sports,Ken Kendrick,Mike Hazen,$2.25M in majors
2017,"Detwiler, Ross",lhp-s,31,,OAK,OAK,0,1,2017,,1,,CAA,Lewis Wolff,B Beane / D Forst,$1M in majors
2017,"Floyd, Gavin",rhp-s,34,,TOR,TOR,0,1,2017,,,,,Edward Rogers,MShapiro/RAtkins,$1M in majors
2017,"Hanigan, Ryan",c,36,,BOS,PHI,0,1,2017,,,,,John Middleton,MacPhail/Klentak,$1.25M in majors
2017,"Hernandez, David",rhp,32,,PHI,SFN,0,1,2017,,,,,Charles Johnson,B Sabean/B Evans,$1.5M in majors
2017,"Hill, Aaron",3b,35,,BOS,SFN,0,1,2017,,,,Legacy Agency,Charles Johnson,B Sabean/B Evans,$2M in majors
2017,"Howard, Ryan",1b,37,,PHI,ATL,0,1,2017,,,,Excel,Liberty Media,John Coppolella,
2017,"Hunter, Tommy",rhp,30,,BAL,TBA,0,1,2017,,,,Moye Sports,Stuart Sternberg,Silverman/Neander,$1.4M in majors
2017,"Jackson, Austin",cf,30,,CHA,CLE,0,1,2017,,1,,Octagon,Paul Dolan,Antonetti/Chernoff,$1.5M in majors
2017,"Jackson, Edwin",rhp-s,33,,SDN,BAL,0,1,2017,,,,ESQ Agency,Peter Angelos,Dan Duquette,
2017,"Jepsen, Kevin",rhp,32,,TBA,ARI,0,1,2017,,,,,Ken Kendrick,Mike Hazen,$2.25M in majors
2017,"Johnson, Chris",1b-3b,32,,MIA,BAL,0,1,2017,,,,Excel,Peter Angelos,Dan Duquette,"$535,000 in majors"
2017,"Kawasaki, Munenori",2b-3b,36,,CHN,CHN,0,1,2017,,,,,Tom Ricketts,T Epstein / JHoyer,"$900,000 in majors"
2017,"Latos, Mat",rhp-s,29,,WAS,TOR,0,1,2017,,,,Bledsoe Agency,Edward Rogers,MShapiro/RAtkins,$1.5M in majors
2017,"Loney, James",1b,33,,NYN,TEX,0,1,2017,,,,Legacy Agency,RDavis/BSimpson,Jon Daniels,$1M in majors
2017,"Medlen, Kris",rhp,31,,KCA,ATL,0,1,2017,,,,,Liberty Media,John Coppolella,$1M in majors
2017,"Morrow, Brandon",rhp,32,,SDN,LAN,0,1,2017,,,,Wasserman,Mark Walter,Friedman / Zaidi,$1.25M in majors
2017,"Moylan, Peter",rhp,38,,KC,KC,0,1,2017,,1,,Wasserman,David Glass,Dayton Moore,$1M in majors
2017,"Nathan, Joe",rhp,42,,SFN,WAS,0,1,2017,,,,,Ted Lerner,Mike Rizzo,$1.25M in majors
2017,"Niese, Jon",lhp,30,,PIT,NYA,0,1,2017,,,,O'Connell Sports,Hal Steinbrenner,Brian Cashman,$1.25M in majors
2017,"O'Flaherty, Eric",lhp,32,,ATL,ATL,0,1,2017,,,,MVP Sports,Liberty Media,John Coppolella,$1.25M in majors
2017,"Petit, Yusmeiro",rhp,32,,WAS,ANA,0,1,2017,,,,Godoy Sports,Arturo Moreno,Billy Eppler,$2.25M in majors
2017,"Raburn, Ryan",inf-of,36,,COL,CIN,0,1,2017,,,,Career Sports,Bob Castellini,Dick Williams,"$900,000 in majors"
2017,"Reynolds, Mark",1b,33,,COL,COL,0,1,2017,,,,Ballengee,Monfort brothers,Jeff Bridich,$1.5M in majors
2017,"Saltalamacchia, Jarrod",c,32,,DET,TOR,0,1,2017,,,,,Edward Rogers,MShapiro/RAtkins,$2.5M in majors
2017,"Soto, Geovany",c,34,,ANA,CHA,0,1,2017,,,,Rep 1,Jerry Reinsdorf,KWilliams/RHahn,$2M in majors
2017,"Stubbs, Drew",of,32,,BAL,MIN,0,1,2017,,,,,Jim Pohlad,DFalvey /TLevine,$1M in majors
2017,"Vogelsong, Ryan",rhp,39,,PIT,MIN,0,1,2017,,,,Dave Meier,Jim Pohlad,DFalvey /TLevine,$1M in majors
2017,"Walden, Jordan",rhp,29,,SLN,ATL,0,1,2017,,,,,Liberty Media,John Coppolella,$1M in majors
2017,"Weeks, Rickie",of,34,,ARI,TBA,0,1,2017,,,,Legacy Agency,Stuart Sternberg,Silverman/Neander,$1.5M in majors
2017,"Lee, Dae-ho",1b,35,,SEA,KBO,4,,2017-20,,,,,,,signed for $13M by Lotte of South Korea
2017,"McGehee, Casey",3b,34,,DET,NPB,1,,2017,,,,,,,signed for $1.7M by Yomiuri of Japan
2017,"Ohlendorf, Ross",rhp,34,,CIN,NPB,1,,2017,,,,,,,signed for $1.5M by Yakult of Japan
2017,"Villaneuva, Carlos",rhp,33,,SDN,KBO,1,,2017,,,,,,,signed for $1.5M by Hanwha of South Korea
2017,"Butler, Billy",dh-1b,31,,NYA,retired,,,2017,,,,Greg Genske,,,
2017,"Byrd, Marlon",of,39,,CLE,dnp,,,2017,,,,ACES,,,
2017,"Capuano, Chris",lhp-s,38,,MIL,dnp,,,2017,,,,Excel,,,
2017,"Crisp, Coco",of,37,,CLE,dnp,,,2017,,,,Steve Comte,,,
2017,"Francoeur, Jeff",rf,33,,MIA,dnp,,,2017,,,,CSE,,,
2017,"Fuld, Sam",of,35,,OAK,dnp,,,2017,,,,Excel,,,
2017,"Hochevar, Luke",rhp,33,,KCA,dnp,,,2017,,,,Boras Corp.,,,
2017,"Johnson, Kelly",2b-3b,35,,NYN,dnp,,,2017,,,,Mike Milchin,,,
2017,"Lewis, Colby",rhp,37,,TEX,dnp,,,2017,,,,Octagon,,,
2017,"Lincecum, Tim",rhp-s,33,,ANA,dnp,,,2017,,,,Beverly Hills SC,,,
2017,"Lopez, Javier",lhp,39,,SFN,retired,,,2017,,,,Meister Sports,,,
2017,"Morneau, Justin",1b-dh,36,,CHA,dnp,,,2017,,,,ISE,,,
2017,"Navarro, Dioner",c,33,,TOR,dnp,,,2017,,,,MDR Sports,,,
2017,"Pagan, Angel",of,35,,SFN,dnp,,,2017,,,,Legacy Agency,,,
2017,"Peavy, Jake",rhp-s,36,,SFN,dnp,,,2017,,,,CAA,,,
2017,"Pierzynski, A.J.",c,40,,ATL,dnp,,,2017,,,,Steve Hilliard,,,
2017,"Ramirez, Alexei",ss,35,,TBA,dnp,,,2017,,,,Jaime Torres,,,
2017,"Reimold, Nolan",of,33,,BAL,dnp,,,2017,,,,ACES,,,
2017,"Ross, David",c,40,,CHN,dnp,,,2017,,,,Ryan Gleichowski,,,
2017,"Simon, Alfredo",rhp-s,36,,CIN,dnp,,,2017,,,,MVP Sports,,,
2017,"Teixeira, Mark",1b,37,,NYA,retired,,,2017,,,,Casey Close,,,
2017,"Williams, Jerome",rhp,35,,SLN,dnp,,,2017,,,,Full Circle Spts,,,
2017,"Wilson, C.J.",lhp-s,36,,ANA,dnp,,,2017,,,,RMG Baseball,,,
2016,"Price, David",lhp-s,30,,TOR,BOS,7,217000000,2016-22,,1,31000000,Bo McKinnis,John Henry,Dave Dombrowski,Player may opt out after 2018 season.
2016,"Greinke, Zack",rhp-s,32,rejected,LAN,ARI,6,206500000,2016-21,,1,34416666,Casey Close,Ken Kendrick,Dave Stewart,
2016,"Heyward, Jason",rf,26,rejected,SLN,CHN,8,184000000,2016-23,,1,23000000,Excel,Tom Ricketts,T Epstein / JHoyer,Player may opt out after 2018 & after 2019 with 550 PA in 2019.
2016,"Davis, Chris",1b,30,rejected,BAL,BAL,7,161000000,2016-22,,,23000000,Boras Corp.,Peter Angelos,Dan Duquette,
2016,"Upton, Justin",of,28,rejected,SDN,DET,6,132750000,2016-21,,1,22125000,Reynolds Sports,Mike Ilitch,Al Avila,
2016,"Cueto, Johnny",rhp-s,30,,KCA,SFN,6,130000000,2016-21,club,1,21666666,Bryce Dixon,Charles Johnson,B Sabean/B Evans,Player may opt out after 2017 season.
2016,"Zimmermann, Jordan",rhp-s,30,rejected,WAS,DET,5,110000000,2016-20,,,22000000,Relativity,Mike Ilitch,Al Avila,
2016,"Samardzija, Jeff",rhp-s,31,rejected,CHA,SFN,5,90000000,2016-20,,,18000000,Wasserman,Charles Johnson,B Sabean/B Evans,
2016,"Chen, Wei-Yin",lhp-s,30,rejected,BAL,MIA,5,80000000,2016-20,player,,16000000,Boras Corp.,Jeffrey Loria,Michael Hill,
2016,"Leake, Mike",rhp-s,28,,SFN,SLN,5,80000000,2016-20,club,,16000000,Dan Horwits,Bill DeWitt Jr.,John Mozeliak,
2016,"Cespedes, Yoenis",lf,30,,NYN,NYN,3,75000000,2016-18,,1,25000000,CAA / Roc Nation,Fred Wilpon,Sandy Alderson,
2016,"Gordon, Alex",lf,32,rejected,KCA,KCA,4,72000000,2016-19,mutual,,18000000,Casey Close,David Glass,Dayton Moore,
2016,"Kennedy, Ian",rhp-s,31,rejected,SDN,KCA,5,70000000,2016-20,,1,14000000,Boras Corp.,David Glass,Dayton Moore,Player may opt out after 2017 season and receive $6M buyout.
2016,"Zobrist, Ben",2b,35,,KCA,CHN,4,56000000,2016-19,,,14000000,Bobby Witt,Tom Ricketts,T Epstein / JHoyer,
2016,"Kazmir, Scott",lhp-s,32,,HOU,LAN,3,48000000,2016-18,,1,16000000,Brian Peters,Mark Walter,Friedman / Zaidi,Player may opt out after 2016 season.
2016,"Murphy, Daniel",2b,31,rejected,NYN,WAS,3,37500000,2016-18,,,12500000,ACES,Ted Lerner,Mike Rizzo,
2016,"Happ, J.A.",lhp-s,33,,PIT,TOR,3,36000000,2016-18,,,12000000,Jay Fee Sports,Edward Rogers,MShapiro/RAtkins,
2016,"Lackey, John",rhp-s,37,rejected,SLN,CHN,2,32000000,2016-17,,,16000000,Steve Hilliard,Tom Ricketts,T Epstein / JHoyer,
2016,"Span, Denard",of,32,,WAS,SFN,3,31000000,2016-18,mutual,,10333333,Boras Corp.,Charles Johnson,B Sabean/B Evans,
2016,"O'Day, Darren",rhp,33,,BAL,BAL,4,31000000,2016,,,7750000,Ballengee,Peter Angelos,Dan Duquette,
2016,"Parra, Gerardo",of,29,,BAL,COL,3,27500000,2016,club,,9166666,Octagon,Monfort brothers,Jeff Bridich,
2016,"Estrada, Marco",rhp-s,32,rejected,TOR,TOR,2,26000000,2016-17,,,13000000,TWC Sports,Edward Rogers,MShapiro/RAtkins,signed extension before accepting or rejecting QO
2016,"Soria, Joakim",rhp,32,,PIT,KCA,3,25000000,2016-18,mutual,,8333333,Oscar Suarez,David Glass,Dayton Moore,
2016,"Gallardo, Yovani",rhp-s,30,rejected,TEX,BAL,2,22000000,2016-17,club,,11000000,Octagon,Peter Angelos,Dan Duquette,
2016,"Madson, Ryan",rhp,35,,KCA,OAK,3,22000000,2016-18,,,7333333,Boras Corp.,Lewis Wolff,B Beane / D Forst,
2016,"Kendrick, Howie",2b,32,rejected,LAN,LAN,2,20000000,2016-17,,,10000000,Reynolds Sports,Mark Walter,Friedman / Zaidi,
2016,"Cabrera, Asdrubal",ss,30,,TBA,NYN,2,18500000,2016-17,club,,9250000,Alan Nero,Fred Wilpon,Sandy Alderson,
2016,"Sipp, Tony",lhp,32,,HOU,HOU,3,18000000,2016-18,,,6000000,Bledsoe Agency,Jim Crane,Jeff Luhnow,
2016,"Pelfrey, Mike",rhp-s,32,,MIN,DET,2,16000000,2016-17,,,8000000,Boras Corp.,Mike Ilitch,Al Avila,
2016,"Wieters, Matt",c,30,accepted,BAL,BAL,1,15800000,2016,,,15800000,Boras Corp.,Peter Angelos,Dan Duquette,
2016,"Rasmus, Colby",cf-lf,29,accepted,HOU,HOU,1,15800000,2016,,,15800000,Beverly Hills SC,Jim Crane,Jeff Luhnow,
2016,"Anderson, Brett",lhp-s,28,accepted,LAN,LAN,1,15800000,2016,,,15800000,Legacy Agency,Mark Walter,Friedman / Zaidi,
2016,"Kelley, Shawn",rhp,32,,SDN,WAS,3,15000000,2016-18,,,5000000,Turner-Gary,Ted Lerner,Mike Rizzo,
2016,"Fowler, Dexter",cf,30,rejected,CHN,CHN,1,13000000,2016,,,13000000,Casey Close,Tom Ricketts,T Epstein / JHoyer,
2016,"Young, Chris",of,32,,,BOS,2,13000000,2016-17,,,6500000,CAA,John Henry,Dave Dombrowski,
2016,"Clippard, Tyler",rhp,31,,NYN,ARI,2,12250000,2016-17,,,6125000,Casey Close,Ken Kendrick,Dave Stewart,
2016,"Iwakuma, Hisashi",rhp,35,rejected,SEA,SEA,1,12000000,2016,club,,12000000,Sosnick Cobbe,Nintendo/America,Jerry Dipoto,
2016,"Bastardo, Antonio",lhp,30,,PIT,NYN,2,12000000,2016-17,,,6000000,ACES,Fred Wilpon,Sandy Alderson,
2016,"Young, Chris",rhp,37,,KCA,KCA,2,11500000,2016-17,mutual,,5750000,Lon Babby,David Glass,Dayton Moore,
2016,"Lowe, Mark",rhp,33,,TOR,DET,2,11000000,2016-17,,,5500000,Jeff Frye,Mike Ilitch,Al Avila,
2016,"Motte, Jason",rhp,34,,CHN,COL,2,10000000,2016-17,,,5000000,ACES,Monfort brothers,Jeff Bridich,
2016,"Desmond, Ian",inf-of,30,rejected,WAS,TEX,1,8000000,2016,,,8000000,Doug Rogalski,RDavis/BSimpson,Jon Daniels,
2016,"Jaso, John",1b-c,32,,TBA,PIT,2,8000000,2016-17,,,4000000,ACES,Bob Nutting,Neal Huntington,
2016,"Broxton, Jonathan",rhp,32,,SLN,SLN,2,7500000,2016-17,,,3750000,Jet Sports,Bill DeWitt Jr.,John Mozeliak,
2016,"Colon, Bartolo",rhp-s,43,,NYN,NYN,1,7250000,2016,,,7250000,Wasserman,Fred Wilpon,Sandy Alderson,
2016,"Napoli, Mike",1b,34,,TEX,CLE,1,7000000,2016,,,7000000,Brian Grieper,Paul Dolan,Antonetti/Chernoff,
2016,"Fister, Doug",rhp,32,,WAS,HOU,1,7000000,2016,,,7000000,PSI Sports,Jim Crane,Jeff Luhnow,
2016,"Utley, Chase",2b,37,,LAN,LAN,1,7000000,2016,,,7000000,Wasserman,Mark Walter,Friedman / Zaidi,
2016,"Perez, Oliver",lhp,34,,HOU,WAS,2,7000000,2016-17,,,3500000,Boras Corp.,Ted Lerner,Mike Rizzo,
2016,"Hill, Rich",lhp,36,,BOS,OAK,1,6000000,2016,,,6000000,ACES,Lewis Wolff,B Beane / D Forst,
2016,"Lewis, Colby",rhp,36,,TEX,TEX,1,6000000,2016,,,6000000,Octagon,RDavis/BSimpson,Jon Daniels,
2016,"Qualls, Chad",rhp,37,,HOU,COL,2,6000000,2016-17,,,3000000,Excel,Monfort brothers,Jeff Bridich,
2016,"De Aza, Alejandro",of,32,,SFN,NYN,1,5750000,2016,,,5750000,Magnus Sports,Fred Wilpon,Sandy Alderson,
2016,"Aoki, Nori",rf,34,,SFN,SEA,1,5500000,2016,conditional,,5500000,Nez Balelo,Nintendo/America,Jerry Dipoto,
2016,"Davis, Rajai",of,35,,DET,CLE,1,5250000,2016,,,5250000,ACES,Paul Dolan,Antonetti/Chernoff,
2016,"Jackson, Austin",cf,29,,CHN,CHA,1,5000000,2016,,,5000000,Boras Corp.,Jerry Reinsdorf,KWilliams/RHahn,
2016,"Pena, Brayan",c,34,,CIN,SLN,2,5000000,2016-17,,,2500000,Kinzer Mgmt,Bill DeWitt Jr.,John Mozeliak,
2016,"Pearce, Steve",1b-of,33,,BAL,TBA,1,4750000,2016,,,4750000,Excel,Stuart Sternberg,Silverman/Neander,
2016,"Cahill, Trevor",rhp,28,,CHN,CHN,1,4250000,2016,,,4250000,John Boggs,Tom Ricketts,T Epstein / JHoyer,
2016,"Iannetta, Chris",c,33,,ANA,SEA,1,4250000,2016,club,,4250000,Lou Jon Nero,Nintendo/America,Jerry Dipoto,
2016,"Navarro, Dioner",c,32,,TOR,CHA,1,4000000,2016,,,4000000,MDR Sports,Jerry Reinsdorf,KWilliams/RHahn,
2016,"Uribe, Juan",3b,37,,,CLE,1,4000000,2016,,,4000000,,Paul Dolan,Antonetti/Chernoff,
2016,"Blanton, Joe",rhp,35,,PIT,LAN,1,4000000,2016,,,4000000,CAA,Mark Walter,Friedman / Zaidi,
2016,"Blevins, Jerry",lhp,32,,NYN,NYN,1,4000000,2016,,,4000000,Excel,Fred Wilpon,Sandy Alderson,
2016,"Ramirez, Alexei",ss,34,,CHA,SDN,1,4000000,2016,mutual,,4000000,Jaime Torres,Ron Fowler,A.J. Preller,
2016,"Hernandez, David",rhp,31,,ARI,PHI,1,3900000,2016,,,3900000,Jason Hoffman,John Middleton,MacPhail/Klentak,
2016,"Pennington, Cliff",ss,32,,TOR,ANA,2,3750000,2016-17,,,1875000,Sosnick Cobbe,Arturo Moreno,Billy Eppler,
2016,"Latos, Mat",rhp-s,28,,ANA,CHA,1,3000000,2016,,,3000000,Bledsoe Agency,Jerry Reinsdorf,KWilliams/RHahn,
2016,"Freese, David",3b-1b,33,,ANA,PIT,1,3000000,2016,,,3000000,CAA,Bob Nutting,Neal Huntington,
2016,"Drew, Stephen",2b-ss,33,,NYA,WAS,1,3000000,2016,,,3000000,Boras Corp.,Ted Lerner,Mike Rizzo,
2016,"Pierzynski, A.J.",c,39,,ATL,ATL,2,3000000,2016-17,,,1500000,Steve Hilliard,Liberty Media,John Coppolella,
2016,"Soto, Geovany",c,33,,CHA,ANA,1,2800000,2016,,,2800000,Wasserman,Arturo Moreno,Billy Eppler,
2016,"Reynolds, Mark",1b-3b,32,,SLN,COL,1,2600000,2016,,,2600000,Beverly Hills SC,Monfort brothers,Jeff Bridich,
2016,"Lincecum, Tim",rhp-s,33,,SFN,ANA,1,2500000,2016,,,2500000,,Arturo Moreno,Billy Eppler,"pro-rated, 5/20/2016 to season's end"
2016,"Norris, Bud",rhp,31,,SDN,ATL,1,2500000,2016,,,2500000,Wasserman,Liberty Media,John Coppolella,
2016,"Avila, Alex",c,29,,CHA,DET,1,2500000,2016,,,2500000,Excel,Mike Ilitch,Al Avila,
2016,"Rodriguez, Sean",inf-of,31,,PIT,PIT,1,2500000,2016,,,2500000,Icon Sports,Bob Nutting,Neal Huntington,
2016,"Albers, Matt",rhp,33,,CHA,CHA,1,2250000,2016,club,,2250000,Select Sports,Jerry Reinsdorf,KWilliams/RHahn,
2016,"Johnson, Kelly",of-inf,34,,NYN,ATL,1,2000000,2016,,,2000000,Relativity,Liberty Media,John Coppolella,
2016,"Simon, Alfredo",rhp-s,35,,DET,CIN,1,2000000,2016,,,2000000,Phil/Alex Isaac,Bob Castellini,Dick Williams,
2016,"Hunter, Tommy",rhp,29,,CHN,CLE,1,2000000,2016,,,2000000,Moye Sports,Paul Dolan,Antonetti/Chernoff,
2016,"Aviles, Mike",inf-of,35,,CLE,DET,1,2000000,2016,,,2000000,Legacy Agency,Mike Ilitch,Al Avila,
2016,"Vogelsong, Ryan",rhp,38,,SFN,PIT,1,2000000,2016,,,2000000,Dave Meier,Bob Nutting,Neal Huntington,
2016,"Rodney, Fernando",rhp,39,,CHN,SDN,1,2000000,2016,club,,2000000,Octagon,Ron Fowler,A.J. Preller,
2016,"Mathis, Jeff",c,33,,MIA,MIA,1,1500000,2016,,,1500000,Jet Sports,Jeffrey Loria,Michael Hill,
2016,"Villanueva, Carlos",rhp,32,,SLN,SDN,1,1500000,2016,,,1500000,Relativity,Ron Fowler,A.J. Preller,
2016,"Gutierrez, Franklin",of,33,,SEA,SEA,1,1500000,2016,,,1500000,Wil Polidor,Nintendo/America,Jerry Dipoto,
2016,"Beckham, Gordon",3b,29,,CHA,ATL,1,1250000,2016,,,1250000,Relativity,Liberty Media,John Coppolella,
2016,"Morneau, Justin",1b,35,,COL,CHA,1,1000000,2016,,,1000000,ISE,Jerry Reinsdorf,KWilliams/RHahn,
2016,"Webb, Ryan",rhp,30,,CLE,TBA,1,1000000,2016,,,1000000,Wasserman,Stuart Sternberg,Silverman/Neander,
2016,"Floyd, Gavin",rhp,33,,CLE,TOR,1,1000000,2016,,,1000000,Ron Shapiro,Edward Rogers,MShapiro/RAtkins,
2016,"Nathan, Joe",rhp,41,,DET,CHN,1,507500,2016,club,,507500,Dave Pepe,Tom Ricketts,T Epstein / JHoyer,
2016,"Saltalamacchia, Jarrod",c,31,,ARI,DET,1,507500,2016,,,507500,Jim Munsey,Mike Ilitch,Al Avila,
2016,"Jackson, Edwin",rhp,32,,ATL,MIA,1,507500,2016,,,507500,Legacy Agency,Jeffrey Loria,Michael Hill,
2016,"Arroyo, Bronson",rhp-s,39,,LAN,WAS,0,1,2016,,,,Greg Clifton,Ted Lerner,Mike Rizzo,$2M in majors
2016,"Badenhop, Burke",rhp,33,,CIN,WAS,0,1,2016,,,,ACES,Ted Lerner,Mike Rizzo,$1M in majors
2016,"Barmes, Clint",ss,37,,SDN,KCA,0,1,2016,,,,Meister Sports,David Glass,Dayton Moore,$1.5M in majors
2016,"Belisle, Matt",rhp,36,,SLN,WAS,0,1,2016,,,,CAA,Ted Lerner,Mike Rizzo,$1.25M in majors
2016,"Boyer, Blaine",rhp,34,,MIN,MIL,0,1,2016,,,,Aegis Sports,Mark Attanasio,David Stearns,"$950,000 in majors"
2016,"Breslow, Craig",lhp,35,,BOS,MIA,0,1,2016,,,,Robert Baratta,Jeffrey Loria,Michael Hill,$1.5M in majors
2016,"Byrd, Marlon",of,38,,SFN,CLE,0,1,2016,,,,ACES,Paul Dolan,Antonetti/Chernoff,
2016,"Capuano, Chris",lhp,37,,NYA,MIL,0,1,2016,,,,Excel,Mark Attanasio,David Stearns,$1.5M in majors
2016,"Choate, Randy",lhp,40,,SLN,TOR,0,1,2016,,,,ACES,Edward Rogers,MShapiro/RAtkins,$1M in majors
2016,"Cotts, Neal",lhp,36,,MIN,HOU,0,1,2016,,,,Joe Bick,Jim Crane,Jeff Luhnow,$1.5M in majors
2016,"Denorfia, Chris",of,35,,CHN,NYA,0,1,2016,,,,Pro Star,Hal Steinbrenner,Brian Cashman,$1M in majors
2016,"Detwiler, Ross",lhp-s,30,,ATL,CLE,0,1,2016,,,,CAA,Paul Dolan,Antonetti/Chernoff,$1M in majors
2016,"Duensing, Brian",lhp,33,,MIN,KCA,0,1,2016,,,,SSG,David Glass,Dayton Moore,$2M in majors
2016,"Francoeur, Jeff",of,32,,PHI,ATL,0,1,2016,,,,Career Sports,Liberty Media,John Coppolella,$1M in majors
2016,"Gorzelanny, Tom",lhp,33,,DET,CLE,0,1,2016,,,,ISE,Paul Dolan,Antonetti/Chernoff,$1M in majors
2016,"Guthrie, Jeremy",rhp,37,,KCA,TEX,0,1,2016,,,,CAA,RDavis/BSimpson,Jon Daniels,$1.75M in majors
2016,"Izturis, Maicer",2b,35,,TOR,TOR,0,1,2016,,,,Peter Greenberg,Edward Rogers,MShapiro/RAtkins,"$900,000 in majors"
2016,"Janssen, Casey",rhp,34,,WAS,SDN,0,1,2016,,,,ACES,Ron Fowler,A.J. Preller,$1.25M in majors
2016,"Joyce, Matt",of,31,,ANA,PIT,0,1,2016,,,,ACES,Bob Nutting,Neal Huntington,$1M in majors
2016,"Kawasaki, Munenori",inf,35,,TOR,CHN,0,1,2016,,,,Relativity,Tom Ricketts,T Epstein / JHoyer,"$900,000 in majors"
2016,"Kelly, Don",3b,36,,MIA,MIA,0,1,2016,,,,LSW Baseball,Jeffrey Loria,Michael Hill,$1.25M in majors
2016,"Kendrick, Kyle",rhp,31,,COL,ATL,0,1,2016,,,,John Boggs,Liberty Media,John Coppolella,$2M in majors
2016,"Lohse, Kyle",rhp-s,37,,MIL,TEX,0,1,2016,,,,,RDavis/BSimpson,Jon Daniels,"$2M in majors, $1.5M in performance bonuses"
2016,"McGehee, Casey",3b,33,,MIA,DET,0,1,2016,,,,Meister Sports,Mike Ilitch,Al Avila,$1.1M in majors
2016,"Morales, Franklin",lhp,30,,KCA,MIL,0,1,2016,,,,Boras Corp.,Mark Attanasio,David Stearns,$2.3M in majors
2016,"Morrow, Brandon",rhp,31,,SDN,SDN,0,1,2016,,,,Wasserman,Ron Fowler,A.J. Preller,$1.5M in majors
2016,"Moylan, Peter",rhp,37,,ATL,KCA,0,1,2016,,,,Wasserman,David Glass,Dayton Moore,"$750,000 in majors"
2016,"Mujica, Edward",rhp,32,,OAK,PHI,0,1,2016,,,,Octagon,John Middleton,MacPhail/Klentak,$2.5M in majors
2016,"Murphy, David",of,34,,ANA,BOS,0,1,2016,,,,Moye Sports,John Henry,Dave Dombrowski,$2M in majors
2016,"O'Flaherty, Eric",lhp,31,,NYN,PIT,0,1,2016,,,,MVP Sports,Bob Nutting,Neal Huntington,$1.75M in majors
2016,"Ohlendorf, Ross",rhp,33,,TEX,KCA,0,1,2016,,,,Jon Fetterolf,David Glass,Dayton Moore,$1.85M in majors
2016,"Parnell, Bobby",rhp,31,,NYN,DET,0,1,2016,,,,ACES,Mike Ilitch,Al Avila,$1.5M in majors
2016,"Parra, Manny",lhp,33,,CIN,CHN,0,1,2016,,,,CAA,Tom Ricketts,T Epstein / JHoyer,"$520,000 in majors"
2016,"Peralta, Joel",rhp,40,,LAN,SEA,0,1,2016,,,,Mark Gilling,Nintendo/America,Jerry Dipoto,$1.25M in majors
2016,"Raburn, Ryan",of,35,,CLE,COL,0,1,2016,,,,Career Sports,Monfort brothers,Jeff Bridich,$1.5M in majors
2016,"Rollins, Jimmy",ss,37,,LAN,CHA,0,1,2016,,,,MVP Sports,Jerry Reinsdorf,KWilliams/RHahn,$2M in majors
2016,"Schumaker, Skip",inf-of,36,,CIN,SDN,0,1,2016,,,,CAA,Ron Fowler,A.J. Preller,$1.25M in majors
2016,"Stubbs, Drew",of,31,,TEX,TEX,0,1,2016,,,,LSW Baseball,RDavis/BSimpson,Jon Daniels,$1.5M in majors
2016,"Thatcher, Joe",lhp,34,,HOU,CLE,0,1,2016,,,,Platinum Sports,Paul Dolan,Antonetti/Chernoff,$1M in majors
2016,"Thornton, Matt",lhp,39,,,SDN,0,1,2016,,,,Adam Hubble,Ron Fowler,A.J. Preller,$1.6M in majors
2016,"Venable, Will",of,33,,TEX,CLE,0,1,2016,,,,Turner-Gary,Paul Dolan,Antonetti/Chernoff,$1.5M in majors
2016,"Victorino, Shane",of,35,,ANA,CHN,0,1,2016,,,,ACES,Tom Ricketts,T Epstein / JHoyer,$1M in majors
2016,"Williams, Jerome",rhp,35,,PHI,SLN,0,1,2016,,,,,Bill DeWitt Jr.,John Mozeliak,$2M in majors
2016,Wright Wesley,lhp,31,,ANA,ARI,0,1,2016,,,,Reynolds Sports,Ken Kendrick,Dave Stewart,"$507,500 in majors"
2016,"Gomes, Jonny",of,35,,KCA,NPB,1,,2016,,,,MVP Sports,,,"signed by Rakuten of Japan, 1 year/$2M"
2016,"Affeldt, Jeremy",lhp,37,,SFN,dnp,,,,,,,,,,
2016,"Beimel, Joe",lhp,39,,SEA,dnp,,,,,,,,,,
2016,"Billingsley, Chad",rhp,31,,PHI,dnp,,,,,,,,,,
2016,"Buehrle, Mark",lhp-s,37,,TOR,dnp,,,,,,,,,,
2016,"Burnett, A.J.",rhp-s,39,,PIT,dnp,,,,,,,,,,
2016,"DeJesus, David",of,36,,ANA,dnp,,,,,,,,,,
2016,"Francis, Jeff",lhp-s,35,,TOR,dnp,,,,,,,,,,
2016,"Harang, Aaron",rhp,38,,PHI,dnp,,,,,,,,,,
2016,"Haren, Dan",rhp,35,,CHN,dnp,,,,,,,,,,
2016,"Hart, Corey",1b,34,,PIT,dnp,,,,,,,,,,
2016,"Hawkins, LaTroy",rhp,43,,TOR,dnp,,,,,,,,,,
2016,"Hudson, Tim",rhp-s,40,,SFN,dnp,,,,,,,,,,
2016,"Hunter, Torii",of,40,,MIN,dnp,,,,,,,,,,
2016,"Johnson, Josh",rhp,32,,SDN,dnp,,,,,,,,,,
2016,"Lee, Cliff",lhp-s,37,,PHI,dnp,,,,,,,,,,
2016,"Marshall, Sean",lhp,33,,CIN,dnp,,,,,,,,,,
2016,"McLouth, Nate",of,34,,WAS,dnp,,,,,,,,,,
2016,"Ramirez, Aramis",3b,38,,PIT,dnp,,,,,,,,,,
2016,"Rios, Alex",rf,35,,KCA,dnp,,,,,,,,,,
2016,"Scutaro, Marco",2b,40,,SFN,dnp,,,,,,,,,,
2016,"Sizemore, Grady",of,33,,TBA,dnp,,,,,,,,,,
2016,"Uggla, Dan",2b,36,,WAS,dnp,,,,,,,,,,
2016,"Wolf, Randy",lhp,39,,DET,dnp,,,,,,,,,,
2016,"Zito, Barry",lhp-s,38,,OAK,dnp,,,,,,,,,,
2015,"Scherzer, Max",rhp-s,30,rejected,DET,WAS,7,210000000,2015-21,,,30000000,Boras Corp.,Ted Lerner,Mike Rizzo,
2015,"Lester, Jon",lhp-s,31,,OAK,CHN,6,155000000,2015-20,mutual,,25833333,ACES,Tom Ricketts,T Epstein / JHoyer,
2015,"Sandovol, Pablo",3b,28,rejected,SFN,BOS,5,95000000,2015-19,club,,19000000,Beverly Hills SC,John Henry,Ben Cherington,
2015,"Ramirez, Hanley",lf,31,rejected,LAN,BOS,4,88000000,2015-18,vesting,,22000000,Mota / Katz,John Henry,Ben Cherington,
2015,"Martin, Russell",c,32,rejected,PIT,TOR,5,82000000,2015-19,,,16400000,Matt Colleran,Edward Rogers,Alex Anthopoulos,
2015,"Shields, James",rhp-s,33,rejected,KCA,SDN,4,75000000,2015-18,club,1,18750000,PSI Sports,Ron Fowler,A.J. Preller,player may opt out after 2016 season
2015,"Martinez, Victor",dh,36,rejected,DET,DET,4,64000000,2015-18,,,16000000,Scott Pucino,Mike Ilitch,Dave Dombrowski,
2015,"Cruz, Nelson",dh,34,rejected,BAL,SEA,4,57000000,2015-18,club,,14250000,Bryce Dixon,Nintendo/America,Jack Zduriencik,
2015,"Santana, Ervin",rhp-s,32,rejected,ATL,MIN,4,55000000,2015-18,club,,13750000,Epitome Sports,Jim Pohlad,Terry Ryan,
2015,"Headley, Chase",3b,31,,NYA,NYA,4,52000000,2015-18,,,13000000,Excel,Hal Steinbrenner,Brian Cashman,
2015,"McCarthy, Brandon",rhp-s,31,,NYA,LAN,4,48000000,2015-18,conditional,,12000000,Lagardere,Mark Walter,Friedman / Zaidi,
2015,"Robertson, David",rhp,30,rejected,NYA,CHA,4,46000000,2015-18,club,,11500000,Damon Lapa,Jerry Reinsdorf,KWilliams/RHahn,
2015,"Markakis, Nick",rf,31,,BAL,ATL,4,44000000,2015-18,,,11000000,Jamie Murphy,Liberty Media,John Hart,
2015,"Cabrera, Melky",of,30,rejected,TOR,CHA,3,42000000,2015-17,,,14000000,Legacy Agency,Jerry Reinsdorf,KWilliams/RHahn,
2015,"Liriano, Francisco",lhp-s,31,rejected,PIT,PIT,3,39000000,2015-17,,,13000000,Wasserman,Bob Nutting,Neal Huntington,
2015,"Miller, Andrew",lhp,30,,BAL,NYA,4,36000000,2015-18,,,9000000,Frontline,Hal Steinbrenner,Brian Cashman,
2015,"Butler, Billy",dh-1b,29,,KCA,OAK,3,30000000,2015-17,,,10000000,Greg Genske,Lewis Wolff,Billy Beane,
2015,"LaRoche, Adam",1b,35,,WAS,CHA,2,25000000,2015-16,,,12500000,Mike Milchin,Jerry Reinsdorf,KWilliams/RHahn,
2015,"Peavy, Jake",rhp-s,34,,SFN,SFN,2,24000000,2015-16,,,12000000,CAA,Charles Johnson,Brian Sabean,
2015,"Lowrie, Jed",ss,31,,OAK,HOU,3,23000000,2015-17,club,,7666666,Excel,Jim Crane,Jeff Luhnow,
2015,"Cuddyer, Michael",of,36,rejected,COL,NYN,2,21000000,2015-16,,,10500000,Casey Close,Fred Wilpon,Sandy Alderson,
2015,"Hammel, Jason",rhp-s,32,,OAK,CHN,2,20000000,2015-16,club,,10000000,ACES,Tom Ricketts,T Epstein / JHoyer,
2015,"Volquez, Edinson",rhp-s,31,,PIT,KCA,2,20000000,2015-16,mutual,,10000000,Wasserman,David Glass,Dayton Moore,
2015,"Gregerson, Luke",rhp,31,,OAK,HOU,4,18500000,2015-18,,,4625000,O'Connell Sports,Jim Crane,Jeff Luhnow,
2015,"Uehara, Koji",rhp,40,,BOS,BOS,2,18000000,2015,,,9000000,ISE,John Henry,Ben Cherington,
2015,"Morales, Kendrys",dh,32,,SEA,KCA,2,17000000,2015-16,mutual,,8500000,Wasserman,David Glass,Dayton Moore,
2015,"Morse, Michael",of,33,,SFN,MIA,2,16000000,2015-16,,,8000000,ACES,Jeffrey Loria,DJennings / MHill,
2015,"Romo, Sergio",rhp,32,,SFN,SFN,2,15000000,2015-16,,,7500000,Meister Sports,Charles Johnson,Brian Sabean,
2015,"Duke, Zach",lhp,32,,MIL,CHA,3,15000000,2015-17,,,5000000,ISE,Jerry Reinsdorf,KWilliams/RHahn,
2015,"Rodriguez, Francisco",rhp,33,,MIL,MIL,2,13000000,2015-16,club,,6500000,Beverly Hills SC,Mark Attanasio,Doug Melvin,
2015,"Neshek, Pat",rhp,34,,SLN,HOU,2,12500000,2015-16,club,,6250000,Meister Sports,Jim Crane,Jeff Luhnow,
2015,"Rios, Alex",of,34,,TOR,KCA,1,11000000,2015,mutual,,11000000,Boras Corp.,David Glass,Dayton Moore,
2015,"Hunter, Torii",of,39,,DET,MIN,1,10500000,2015,,,10500000,Reynolds Sports,Jim Pohlad,Terry Ryan,
2015,"Anderson, Brett",lhp-s,27,,COL,LAN,1,10000000,2015,,,10000000,Legacy Agency,Mark Walter,Friedman / Zaidi,
2015,"Hochevar, Luke",rhp,31,,KCA,KCA,2,10000000,2015-16,mutual,,5000000,Boras Corp.,David Glass,Dayton Moore,
2015,"Masterson, Justin",rhp,30,,SLN,BOS,1,9500000,2015,,,9500000,Randy Rowley,John Henry,Ben Cherington,
2015,"Burnett, A.J.",rhp-s,38,,PHI,PIT,1,8500000,2015,,,8500000,Frontline,Bob Nutting,Neal Huntington,
2015,"Rasmus, Colby",of,28,,TOR,HOU,1,8000000,2015,,,8000000,Excel,Jim Crane,Jeff Luhnow,
2015,"Grilli, Jason",rhp,38,,ANA,ATL,2,8000000,2015-16,club,,4000000,Gary Sheffield,Liberty Media,John Hart,
2015,"Cabrera, Asdrubal",ss,29,,WAS,TBA,1,7500000,2015,,,7500000,Octagon,Stuart Sternberg,Silverman/Neander,
2015,"Hundley, Nick",c,31,,BAL,COL,1,6250000,2015,,,6250000,Athletes First,Monfort brothers,Jeff Bridich,
2015,"Kendrick, Kyle",rhp,30,,PHI,COL,1,5500000,2015,,,5500000,John Boggs,Monfort brothers,Jeff Bridich,
2015,"Capuano, Chris",lhp,36,,NYA,NYA,1,5000000,2015,,,5000000,Excel,Hal Steinbrenner,Brian Cashman,
2015,"Drew, Stephen",ss,32,,NYA,NYA,1,5000000,2015,,,5000000,Boras Corp.,Hal Steinbrenner,Brian Cashman,
2015,"Harang, Aaron",rhp,37,,ATL,PHI,1,5000000,2015,,,5000000,ACES,Bill Giles,Ruben Amaro Jr.,
2015,"Janssen, Casey",rhp,33,,TOR,WAS,1,5000000,2015,mutual,,5000000,ACES,Ted Lerner,Mike Rizzo,
2015,"Ross, David",c,38,,BOS,CHN,2,5000000,2015-16,,,2500000,Ryan Gleichowski,Tom Ricketts,T Epstein / JHoyer,
2015,"Aoki, Nori",of,33,,KCA,SFN,1,4700000,2015,club,,4700000,Nez Balelo,Charles Johnson,Brian Sabean,
2015,"Motte, Jason",rhp,33,,SLN,CHN,1,4500000,2015,,,4500000,ACES,Tom Ricketts,T Epstein / JHoyer,
2015,"Soriano, Rafael",rhp,35,,WAS,CHN,1,4100000,2015,,,4100000,Boras Corp.,Tom Ricketts,T Epstein / JHoyer,
2015,"Gomes, Jonny",of,34,,OAK,ATL,1,4000000,2015,club,,4000000,Dan Lozano,Liberty Media,John Hart,
2015,"Bonifacio, Emilio",2b,30,,ATL,CHA,1,4000000,2015,club,,4000000,Gene Mato,Jerry Reinsdorf,KWilliams/RHahn,
2015,"Floyd, Gavin",rhp,32,,ATL,CLE,1,4000000,2015,,,4000000,Ron Shapiro,Paul Dolan,Shapiro/Antonetti,
2015,"Vogelsong, Ryan",rhp,37,,SFN,SFN,1,4000000,2015,,,4000000,Dave Meier,Charles Johnson,Brian Sabean,
2015,"Lewis, Colby",rhp,35,,TEX,TEX,1,4000000,2015,,,4000000,Octagon,RDavis/BSimpson,Jon Daniels,
2015,"Belisle, Matt",rhp,35,,COL,SLN,1,3500000,2015,,,3500000,CAA,Bill DeWitt Jr.,John Mozeliak,
2015,"Callaspo, Alberto",3b,32,,OAK,ATL,1,3000000,2015,,,3000000,Mark Gilling,Liberty Media,John Hart,
2015,"Cotts, Neal",lhp,35,,TEX,MIL,1,3000000,2015,,,3000000,Joe Bick,Mark Attanasio,Doug Melvin,
2015,"Denorfia, Chris",of,34,,SEA,CHN,1,2600000,2015,,,2600000,Pro Star,Tom Ricketts,T Epstein / JHoyer,
2015,"Badenhop, Burke",rhp,32,,BOS,CIN,1,2500000,2015,mutual,,2500000,ACES,Bob Castellini,Walt Jocketty,
2015,"Young, Chris",of,31,,NYA,NYA,1,2500000,2015,,,2500000,CAA,Hal Steinbrenner,Brian Cashman,
2015,"Morrow, Brandon",rhp,30,,TOR,SDN,1,2500000,2015,,,2500000,Wasserman,Ron Fowler,A.J. Preller,
2015,"Young, Delmon",of,29,,BAL,BAL,1,2250000,2015,,,2250000,Arn Tellem,Peter Angelos,Dan Duquette,
2015,"Coke, Phil",lhp,32,,DET,CHN,1,2250000,2015,,,2250000,Full Circle Sports,Tom Ricketts,T Epstein / JHoyer,
2015,"Stauffer, Tim",rhp,33,,SDN,MIN,1,2200000,2015,,,2200000,Ron Shapiro,Jim Pohlad,Terry Ryan,
2015,"Pierzynski, A.J.",c,38,,SLN,ATL,1,2000000,2015,,,2000000,Steve Hilliard,Liberty Media,John Hart,
2015,"Breslow, Craig",lhp,34,,BOS,BOS,1,2000000,2015,,,2000000,Baratta Partners,John Henry,Ben Cherington,
2015,"Suzuki, Ichiro",of,41,,NYA,MIA,1,2000000,2015,,,2000000,John Boggs,Jeffrey Loria,DJennings / MHill,
2015,"Weeks, Rickie",inf-of,32,,MIL,SEA,1,2000000,2015,,,2000000,Greg Genske,Nintendo/America,Jack Zduriencik,
2015,"Reynolds, Mark",1b,31,,MIL,SLN,1,2000000,2015,,,2000000,Beverly Hills SC,Bill DeWitt Jr.,John Mozeliak,
2015,"Villanueva, Carlos",rhp,31,,CHN,SLN,1,2000000,2015,,,2000000,Relativity,Bill DeWitt Jr.,John Mozeliak,
2015,"Morales, Franklin",lhp,29,,COL,KCA,1,1850000,2015,,,1850000,Boras Corp.,David Glass,Dayton Moore,
2015,"Frasor, Jason",rhp,37,,KCA,KCA,1,1800000,2015,club,,1800000,Dave Meier,David Glass,Dayton Moore,
2015,"Johnson, Jim",rhp,32,,DET,ATL,1,1600000,2015,,,1600000,Moye Sports,Liberty Media,John Hart,
2015,"Johnson, Kelly",inf,33,,BAL,ATL,1,1500000,2015,,,1500000,Mike Milchin,Liberty Media,John Hart,
2015,"Albers, Matt",rhp,32,,HOU,CHA,1,1500000,2015,,,1500000,Select Sports,Jerry Reinsdorf,KWilliams/RHahn,
2015,"Soto, Geovany",c,32,,OAK,CHA,1,1500000,2015,,,1500000,Wasserman,Jerry Reinsdorf,KWilliams/RHahn,
2015,"Gregg, Kevin",rhp,37,,MIA,CIN,1,1500000,2015,,,1500000,Dan Horwits,Bob Castellini,Walt Jocketty,
2015,"Billingsley, Chad",rhp,30,,LAN,PHI,1,1500000,2015,,,1500000,Steve Hilliard,Bill Giles,Ruben Amaro Jr.,
2015,"Barmes, Clint",ss,36,,PIT,SDN,1,1500000,2015,club,,1500000,Meister Sports,Ron Fowler,A.J. Preller,
2015,"Hernandez, Roberto",rhp,34,,LAN,HOU,1,1250000,2015,,,1250000,Jorge Brito,Jim Crane,Jeff Luhnow,
2015,"Fujikawa, Kyuji",rhp,34,,CHN,TEX,1,1100000,2015,,,1100000,Don Nomura,RDavis/BSimpson,Jon Daniels,
2015,"Laird, Gerald",c,35,,ATL,ARI,1,1000000,2015,,,1000000,Boras Corp.,Ken Kendrick,Dave Stewart,
2015,"Chamberlain, Joba",rhp,29,,DET,DET,1,1000000,2015,,,1000000,Excel,Mike Ilitch,Dave Dombrowski,
2015,"Gorzelanny, Tom",lhp,32,,MIL,DET,1,1000000,2015,,,1000000,Relativity,Mike Ilitch,Dave Dombrowski,
2015,"Thatcher, Joe",lhp,33,,ANA,HOU,1,1000000,2015,,,1000000,Nick Brockmeyer,Jim Crane,Jeff Luhnow,
2015,"Johnson, Josh",rhp,31,,SDN,SDN,1,1000000,2015,,,1000000,Matt Sosnick,Ron Fowler,A.J. Preller,
2015,"Nieves, Wil",c,37,,PHI,SDN,1,850000,2015,,,850000,MDR Sports,Ron Fowler,A.J. Preller,
2015,"Kawasaki, Munenori",inf,34,,TOR,TOR,1,825000,2015,,,825000,,Edward Rogers,Alex Anthopoulos,
2015,"Young, Chris",rhp,36,,SEA,KCA,1,675000,2015,,,675000,Lon Babby,David Glass,Dayton Moore,
2015,"Beimel, Joe",lhp,38,,SEA,TEX,1,600000,2015,,,600000,,RDavis/BSimpson,Jon Daniels,
2015,"Magowan, Dustin",rhp,33,,TOR,LAN,1,507500,2015,,,507500,,Mark Walter,Friedman / Zaidi,
2015,"Adams, Mike",rhp,36,,PHI,LAN,0,1,2015,,,,,Mark Walter,Friedman / Zaidi,"$1,000,000 in majors"
2015,"Baker, Scott",rhp-s,33,,TEX,NYA,0,1,2015,,,,,Hal Steinbrenner,Brian Cashman,"$1,500,000 in majors"
2015,"Burton, Jared",rhp,34,,TEX,NYA,0,1,2015,,,,,Hal Steinbrenner,Brian Cashman,"$2,000,000 in majors"
2015,"Casilla, Alexi",inf,30,,BAL,TBA,0,1,2015,,,,,Stuart Sternberg,Silverman/Neander,"$900,000 in majors"
2015,"Chavez, Endy",of,37,,SEA,SEA,0,1,2015,,,,,Nintendo/America,Jack Zduriencik,"$750,000 in majors"
2015,"Correia, Kevin",rhp,34,,LAN,SEA,0,1,2015,,,,,Nintendo/America,Jack Zduriencik,"$800,000 in majors"
2015,"Crain, Jesse",rhp,33,,HOU,CHA,0,1,2015,,,,,Jerry Reinsdorf,KWilliams/RHahn,"$2,000,000 in majors"
2015,"Downs, Scott",lhp,39,,KCA,CLE,0,1,2015,,,,,Paul Dolan,Shapiro/Antonetti,"$800,000 in majors"
2015,"Furcal, Rafael",ss,37,,MIA,KCA,0,1,2015,,,,,David Glass,Dayton Moore,"$1,000,000 in majors"
2015,"Gutierrez, Franklin",of,32,,SEA,SEA,0,1,2015,,,,,Nintendo/America,Jack Zduriencik,"$750,000 in majors"
2015,"Hanrahan, Joel",rhp,33,,DET,DET,0,1,2015,,,,,Mike Ilitch,Dave Dombrowski,"$1,000,000 in majors"
2015,"Hill, Rich",lhp,35,,NYA,WAS,0,1,2015,,,,,Ted Lerner,Mike Rizzo,
2015,"Johnson, Reed",of,38,,MIA,MIA,0,1,2015,,,,,Jeffrey Loria,DJennings / MHill,"$1,250,000 in majors"
2015,"Lindstrom, Matt",rhp,35,,CHA,ANA,0,1,2015,,,,,Arturo Moreno,Jerry Dipoto,"$1,000,000 in majors"
2015,"Ludwick, Ryan",of,36,,CIN,TEX,0,1,2015,,,,,RDavis/BSimpson,Jon Daniels,"$1,750,000 in majors"
2015,"Maholm, Paul",lhp,33,,LAN,CIN,0,1,2015,,,,,Bob Castellini,Walt Jocketty,"$1,500,000 in majors"
2015,"Masset, Nick",rhp,33,,COL,MIA,0,1,2015,,,,,Jeffrey Loria,DJennings / MHill,"$1,000,000 in majors"
2015,"Paulino, Felipe",rhp,31,,CHA,BOS,0,1,2015,,,,,John Henry,Ben Cherington,"$925,000 in majors"
2015,Penny Brad,rhp,37,,MIA,CHA,0,1,2015,,,,,Jerry Reinsdorf,KWilliams/RHahn,"$900,000 in majors"
2015,"Perez, Chris",rhp,28,,LAN,MIL,0,1,2015,,,,,Mark Attanasio,Doug Melvin,"$1,500,000 in majors"
2015,"Quintero, Humberto",c,35,,SEA,BOS,0,1,2015,,,,,John Henry,Ben Cherington,"$750,000 in majors"
2015,"Santana, Johan",lhp-s,36,,BAL,TOR,0,1,2015,,,,,Edward Rogers,Alex Anthopoulos,"$2,500,000 in majors"
2015,"Santiago, Ramon",ss,35,,CIN,TOR,0,1,2015,,,,,Edward Rogers,Alex Anthopoulos,"$1,100,000 in majors"
2015,"Saunders, Joe",lhp,34,,BAL,SEA,0,1,2015,,,,,Nintendo/America,Jack Zduriencik,"$750,000 in majors"
2015,"Schierholtz, Nate",of,31,,WAS,TEX,0,1,2015,,,,,RDavis/BSimpson,Jon Daniels,"$1,750,000 in majors"
2015,"Veras, Jose",rhp,34,,HOU,ATL,0,1,2015,,,,,Liberty Media,John Hart,"$1,600,000 in majors"
2015,"Wright, Jamey",rhp,40,,LAN,TEX,0,1,2015,,,,,RDavis/BSimpson,Jon Daniels,"$1,000,000 in majors"
2015,"Kuroda, Hiroki",rhp-s,40,,NYA,NPB,,,,,,,,,,"1 year, $2,737,000 with Hiroshima"
2015,"Matsuzaka, Daisuke",rhp-s,34,,NYN,NPB,,,,,,,,,,"1 year, $3,844,000 with Fukuoka"
2015,"Nakajima, Hiroyuki",ss,32,,OAK,NPB,,,,,,,,,,"3 years, $3,384,000 with Orix"
2015,"Hanahan, Jack",3b,35,,CIN,KBO,,,,,,,,,,"1 year, $1M with LG Twins"
2015,"Abreu, Bobby",of,41,,NYN,retired,,,,,,,,,,
2015,"Beckett, Josh",rhp-s,35,,LAN,dnp,,,,,,,,,,
2015,"Burnett, Sean",lhp,32,,ANA,dnp,,,,,,,,,,
2015,"Dempster, Ryan",rhp-s,38,,BOS,dnp,,,,,,,,,,
2015,"Doumit, Ryan",c,34,,ATL,dnp,,,,,,,,,,
2015,"Ellis, Mark",2b,38,,SLN,dnp,,,,,,,,,,
2015,"Giambi, Jason",1b-dh,44,,CLE,dnp,,,,,,,,,,
2015,"Hairston, Scott",of,35,,WAS,dnp,,,,,,,,,,
2015,"Ibanez, Raul",dh,43,,KCA,dnp,,,,,,,,,,
2015,"Jeter, Derek",ss,41,,NYA,retired,,,,,,,,,,
2015,"Konerko, Paul",1b-dh,39,,CHA,retired,,,,,,,,,,
2015,"McDonald, John",ss,40,,ANA,dnp,,,,,,,,,,
2015,"Overbay, Lyle",1b,38,,MIL,dnp,,,,,,,,,,
2015,"Willingham, Josh",of,36,,KCA,dnp,,,,,,,,,,
2014,"Cano, Robinson",2b,31,rejected,NYA,SEA,10,240000000,2014-23,,,24000000,Roc Nation,Nintendo/America,Jack Zduriencik,
2014,"Ellsbury, Jacoby",of,30,rejected,BOS,NYA,7,153000000,2014-20,club,,21857143,Boras Corp.,Hal Steinbrenner,Brian Cashman,
2014,"Choo, Shin-Soo",rf,31,rejected,CIN,TEX,7,130000000,2014-20,,,18571429,Boras Corp.,RDavis/BSimpson,Jon Daniels,
2014,"McCann, Brian",c,30,rejected,ATL,NYA,5,85000000,2014-18,club,,17000000,BB Abbott,Hal Steinbrenner,Brian Cashman,
2014,"Granderson, Curtis",of,33,rejected,NYA,NYN,4,60000000,2014-17,,,15000000,Matt Brown,Fred Wilpon,Sandy Alderson,
2014,"Peralta, Jhonny",ss,32,,DET,SLN,4,53000000,2014-17,,,13250000,SFX,Bill DeWitt Jr.,John Mozeliak,
2014,"Jimenez, Ubaldo",rhp-s,30,rejected,CLE,BAL,4,50000000,2014-17,,,12500000,Relativity,Peter Angelos,Dan Duquette,
2014,"Garza, Matt",rhp-s,30,,TEX,MIL,4,50000000,2014-17,club,,12500000,CAA,Mark Attanasio,Doug Melvin,
2014,"Nolasco, Ricky",rhp,31,,LAN,MIN,4,49000000,2014-17,club,,12250000,Matt Sosnick,Jim Pohlad,Terry Ryan,
2014,"Beltran, Carlos",of,37,rejected,SLN,NYA,3,45000000,2014-16,,,15000000,Dan Lozano,Hal Steinbrenner,Brian Cashman,
2014,"Napoli, Mike",1b,32,rejected,BOS,BOS,2,32000000,2014-15,,,16000000,Brian Grieper,John Henry,Ben Cherington,
2014,"Vargas, Jason",lhp-s,31,,ANA,KCA,4,32000000,2014-17,,,8000000,CAA,David Glass,Dayton Moore,
2014,"Infante, Omar",2b,32,,DET,KCA,4,30250000,2014-17,club,,7562500,Gene Mato,David Glass,Dayton Moore,
2014,"Feldman, Scott",rhp,31,,BAL,HOU,3,30000000,2014-16,,,10000000,Matt Brown,Jim Crane,Jeff Luhnow,
2014,"Ruiz, Carlos",c,35,,PHI,PHI,3,26000000,2014-16,club,,8666666,Marc Kligman,Bill Giles,Ruben Amaro Jr.,
2014,"Hughes, Phil",rhp-s,28,,NYA,MIN,3,24000000,2014-16,,,8000000,CAA,Jim Pohlad,Terry Ryan,
2014,"Arroyo, Bronson",rhp-s,37,,CIN,ARI,2,23500000,2014-15,club,,11750000,Gaylord Sports,Ken Kendrick,Kevin Towers,
2014,"Hudson, Tim",rhp-s,38,,ATL,SFN,2,23000000,2014-15,,,11500000,Paul Cohen,Charles Johnson,Brian Sabean,
2014,"Burnett, A.J.",rhp-s,37,,PIT,PHI,2,22500000,2014-15,player,,15000000,Darek Braunecker,Bill Giles,Ruben Amaro Jr.,
2014,"Kazmir, Scott",lhp,30,,CLE,OAK,2,22000000,2014-15,,,11000000,Brian Peters,Lewis Wolff,Billy Beane,
2014,"Saltalamacchia, Jarrod",c,29,,BOS,MIA,3,21000000,2014-16,,,7000000,Jim Munsey,Jeffrey Loria,DJennings / MHill,
2014,"Loney, James",1b,30,,TBA,TBA,3,21000000,2014-16,,,7000000,CAA,Stuart Sternberg,Andrew Friedman,
2014,"Colon, Bartolo",rhp-s,41,,OAK,NYN,2,20000000,2014-15,,,10000000,Adam Katz,Fred Wilpon,Sandy Alderson,
2014,"Nathan, Joe",rhp,39,,TEX,DET,2,20000000,2014-15,club,,10000000,Dave Pepe,Mike Ilitch,Dave Dombrowski,
2014,"Logan, Boone",lhp,29,,NYA,COL,3,16500000,2014-16,,,5500000,Select Sports,Monfort brothers,Dan O'Dowd,
2014,"Kuroda, Hiroki",rhp-s,39,rejected,NYA,NYA,1,16000000,2014,,,16000000,Steve Hilliard,Hal Steinbrenner,Brian Cashman,
2014,"Byrd, Marlon",of,36,,PIT,PHI,2,16000000,2014-15,club,,8000000,ACES,Bill Giles,Ruben Amaro Jr.,
2014,"Smith, Joe",rhp,30,,CLE,ANA,3,15750000,2014-16,,,5250000,Rick Oliver,Arturo Moreno,Jerry Dipoto,
2014,"Benoit, Joaqin",rhp,36,,DET,SDN,2,15500000,2014-15,club,,7750000,ACES,Ron Fowler,Josh Byrnes,
2014,"Uribe, Juan",3b,35,,LAN,LAN,2,15000000,2014-15,,,7500000,Martin Arburua,Mark Walter,Ned Colletti,
2014,"Santana, Ervin",rhp-s,31,rejected,KCA,ATL,1,14100000,2014,,,14100000,Jay Alou,Liberty Media,Frank Wren,
2014,"Rodney, Fernando",rhp,37,,TBA,SEA,2,14000000,2014-15,,,7000000,Bill Rego,Nintendo/America,Jack Zduriencik,
2014,"Lopez, Javier",lhp,36,,SFN,SFN,3,13000000,2014-16,,,4333333,Meister Sports,Charles Johnson,Brian Sabean,
2014,"Morneau, Justin",1b,33,,PIT,COL,2,12500000,2014-15,mutual,,6250000,SFX,Monfort brothers,Dan O'Dowd,
2014,"Murphy, David",of,32,,TEX,CLE,2,12000000,2014-15,club,,6000000,Moye Sports,Paul Dolan,Shapiro/Antonetti,
2014,"Balfour, Grant",rhp,36,,OAK,TBA,2,12000000,2014-15,,,6000000,ACES,Stuart Sternberg,Andrew Friedman,
2014,"Howell, J.P.",lhp,31,,LAN,LAN,2,11250000,2014-15,club,,5625000,Legacy Agency,Mark Walter,Ned Colletti,
2014,"Pelfrey, Mike",rhp,30,,MIN,MIN,2,11000000,2014-15,,,5500000,Boras Corp.,Jim Pohlad,Terry Ryan,
2014,"McLouth, Nate",of,32,,BAL,WAS,2,10750000,2014-15,club,,5375000,Mike Nicotera,Ted Lerner,Mike Rizzo,
2014,"Drew, Stephen",ss,31,rejected,BOS,BOS,1,10093443,2014,,,10093443,Boras Corp.,John Henry,Ben Cherington,"$14,100,000, pro-rated from 5/20/14 signing through season's end"
2014,"Haren, Dan",rhp-s,33,,WAS,LAN,1,10000000,2014,vesting,,10000000,CAA,Mark Walter,Ned Colletti,
2014,"Wilson, Brian",rhp,32,,LAN,LAN,1,10000000,2014,player,,10000000,Dan Lozano,Mark Walter,Ned Colletti,
2014,"Davis, Rajai",of,33,,TOR,DET,2,10000000,2014-15,,,5000000,ACES,Mike Ilitch,Dave Dombrowski,
2014,"Mujica, Edward",rhp,30,,SLN,BOS,2,9500000,2014-15,,,4750000,Octagon,John Henry,Ben Cherington,
2014,"Pierzynski, A.J.",c,37,,TEX,BOS,1,8250000,2014,,,8250000,Steve Hilliard,John Henry,Ben Cherington,
2014,"Cruz, Nelson",of,33,rejected,TEX,BAL,1,8000000,2014,,,8000000,Adam Katz,Peter Angelos,Dan Duquette,
2014,"Johnson, Josh",rhp-s,30,,TOR,SDN,1,8000000,2014,,,8000000,Matt Sosnick,Ron Fowler,Josh Byrnes,
2014,"Navarro, Dioner",c,30,,CHN,TOR,2,8000000,2014-15,,,4000000,MDR Sports,Edward Rogers,Alex Anthopoulos,
2014,"Morales, Kendrys",dh,31,rejected,SEA,MIN,1,7409836,2014,,,7409836,Boras Corp.,Jim Pohlad,Terry Ryan,"$12,000,000, pro-rated from 6/8/14 signing through season's end"
2014,"Young, Chris",of,30,,OAK,NYN,1,7250000,2014,,,7250000,CAA,Fred Wilpon,Sandy Alderson,
2014,"Thornton, Matt",lhp,37,,BOS,NYA,2,7000000,2014-15,,,3500000,Adam Hubble,Hal Steinbrenner,Brian Cashman,
2014,"O'Flaherty, Eric",lhp,29,,ATL,OAK,2,7000000,2014-15,,,3500000,Icon Sports,Lewis Wolff,Billy Beane,
2014,"Hammel, Jason",rhp-s,31,,BAL,CHN,1,6000000,2014,,,6000000,Octagon,Tom Ricketts,T Epstein / JHoyer,
2014,"Hart, Corey",of-1b,32,,MIL,SEA,1,6000000,2014,,,6000000,CAA,Nintendo/America,Jack Zduriencik,
2014,"Morse, Michael",of,32,,BAL,SFN,1,6000000,2014,,,6000000,ACES,Charles Johnson,Brian Sabean,
2014,"Qualls, Chad",rhp,35,,MIA,HOU,2,6000000,2014-15,club,,3000000,Matt Sosnick,Jim Crane,Jeff Luhnow,
2014,"Bloomquist, Willie",2b,36,,ARI,SEA,1,5800000,2014,,,5800000,Boras Corp.,Nintendo/America,Jack Zduriencik,
2014,"Parra, Manny",lhp,31,,CIN,CIN,2,5500000,2014-15,,,2750000,CAA,Bob Castellini,Walt Jocketty,
2014,"Ellis, Mark",2b,37,,LAN,SLN,1,5250000,2014,,,5250000,Jamie Murphy,Bill DeWitt Jr.,John Mozeliak,
2014,"Volquez, Edinson",rhp-s,30,,LAN,PIT,1,5000000,2014,,,5000000,Wasserman,Bob Nutting,Neal Huntington,
2014,"Vogelsong, Ryan",rhp,36,,SFN,SFN,1,5000000,2014,,,5000000,Dave Meier,Charles Johnson,Brian Sabean,
2014,"Schumaker, Skip",2b,34,,LAN,CIN,2,5000000,2014-15,club,,2500000,CAA,Bob Castellini,Walt Jocketty,
2014,"Ryan, Brendan",ss,32,,NYA,NYA,2,5000000,2014-15,player,,2500000,Wasserman,Hal Steinbrenner,Brian Cashman,
2014,"Hernandez, Roberto",rhp,33,,TBA,PHI,1,4500000,2014,,,4500000,Jorge Brito,Bill Giles,Ruben Amaro Jr.,
2014,"Molina, Jose",c,39,,TBA,TBA,2,4500000,2014-15,,,2250000,ACES,Stuart Sternberg,Andrew Friedman,
2014,"Chen, Bruce",lhp,37,,KCA,KCA,1,4250000,2014,mutual,,4250000,Boras Corp.,David Glass,Dayton Moore,
2014,"Perez, Oliver",lhp,32,,SEA,ARI,2,4250000,2014-15,,,2125000,Boras Corp.,Ken Kendrick,Kevin Towers,
2014,"Floyd, Gavin",rhp-s,31,,CHA,ATL,1,4000000,2014,,,4000000,Ron Shapiro,Liberty Media,Frank Wren,
2014,"Downs, Scott",lhp,38,,ATL,CHA,1,4000000,2014,club,,4000000,CAA,Jerry Reinsdorf,KWilliams/RHahn,
2014,"Veras, Jose",rhp,33,,DET,CHN,1,4000000,2014,club,,4000000,Bryce Dixon,Tom Ricketts,T Epstein / JHoyer,
2014,"Chavez, Eric",3b,36,,ARI,ARI,1,3500000,2014,,,3500000,ABC Mgmt,Ken Kendrick,Kevin Towers,
2014,"Crain, Jesse",rhp,32,,TBA,HOU,1,3250000,2014,,,3250000,SFX,Jim Crane,Jeff Luhnow,
2014,"Rodriguez, Francisco",rhp,32,,BAL,MIL,1,3250000,2014,,,3250000,Boras Corp.,Mark Attanasio,Doug Melvin,
2014,"Soto, Geovany",c,31,,TEX,TEX,1,3050000,2014,,,3050000,Wasserman,RDavis/BSimpson,Jon Daniels,
2014,"Furcal, Rafael",ss,36,,SLN,MIA,1,3000000,2014,,,3000000,Paul Kinzer,Jeffrey Loria,DJennings / MHill,
2014,"Johnson, Kelly",inf-of,32,,TBA,NYA,1,3000000,2014,,,3000000,Mike Milchin,Hal Steinbrenner,Brian Cashman,
2014,"Punto, Nick",inf,36,,LAN,OAK,1,3000000,2014,club,,3000000,Jeff Caufield,Lewis Wolff,Billy Beane,
2014,"Ibanez, Raul",of,42,,SEA,ANA,1,2750000,2014,,,2750000,ACES,Arturo Moreno,Jerry Dipoto,
2014,"Suzuki, Kurt",c,30,,OAK,MIN,1,2750000,2014,,,2750000,Dan Lozano,Jim Pohlad,Terry Ryan,
2014,"Konerko, Paul",1b,38,,CHA,CHA,1,2500000,2014,,,2500000,Craig Landis,Jerry Reinsdorf,KWilliams/RHahn,
2014,"Hawkins, LaTroy",rhp,41,,NYN,COL,1,2500000,2014,club,,2500000,Reynolds Sports,Monfort brothers,Dan O'Dowd,
2014,"Chamberlain, Joba",rhp,28,,NYA,DET,1,2500000,2014,,,2500000,Excel,Mike Ilitch,Dave Dombrowski,
2014,"Albers, Matt",rhp,31,,CLE,HOU,1,2450000,2014,club,,2450000,Select Sports,Jim Crane,Jeff Luhnow,
2014,"Pena, Brayan",c,32,,DET,CIN,1,2275000,2014,,,2275000,,Bob Castellini,Walt Jocketty,
2014,"Capuano, Chris",lhp-s,35,,LAN,BOS,1,2250000,2014,,,2250000,Michael Moye,John Henry,Ben Cherington,
2014,"Reynolds, Mark",1b-3b,30,,NYA,MIL,1,2000000,2014,,,2000000,,Mark Attanasio,Doug Melvin,
2014,"Kubel, Jason",of,32,,CLE,MIN,1,2000000,2014,,,2000000,,Jim Pohlad,Terry Ryan,
2014,"Roberts, Brian",2b,36,,BAL,NYA,1,2000000,2014,,,2000000,Mark Pieper,Hal Steinbrenner,Brian Cashman,
2014,"Barmes, Clint",ss,35,,PIT,PIT,1,2000000,2014,,,2000000,Meister Sports,Bob Nutting,Neal Huntington,
2014,"Lewis, Colby",rhp-s,34,,TEX,TEX,1,2000000,2014,,,2000000,,RDavis/BSimpson,Jon Daniels,
2014,"Wright, Jamey",rhp,39,,TBA,LAN,1,1800000,2014,,,1800000,Casey Close,Mark Walter,Ned Colletti,
2014,"Frasor, Jason",rhp,36,,TEX,TEX,1,1750000,2014,,,1750000,Dave Meier,RDavis/BSimpson,Jon Daniels,
2014,"Maholm, Paul",lhp,32,,ATL,LAN,1,1500000,2014,,,1500000,Bo McKinnis,Mark Walter,Ned Colletti,
2014,"Overbay, Lyle",1b,37,,NYA,MIL,1,1500000,2014,,,1500000,,Mark Attanasio,Doug Melvin,
2014,"Matsuzaka, Daisuke",rhp-s,33,,NYN,NYN,1,1500000,2014,,,1500000,,Fred Wilpon,Sandy Alderson,
2014,"Oviedo, Juan",rhp,32,,TBA,TBA,1,1500000,2014,,,1500000,,Stuart Sternberg,Andrew Friedman,
2014,"Saunders, Joe",lhp-s,33,,SEA,TEX,1,1500000,2014,,,1500000,Greg Genske,RDavis/BSimpson,Jon Daniels,
2014,"Francis, Jeff",lhp,33,,COL,CIN,1,1250000,2014,,,1250000,,Bob Castellini,Walt Jocketty,
2014,"Marmol, Carlos",rhp,31,,LAN,MIA,1,1250000,2014,,,1250000,Paul Kinzer,Jeffrey Loria,DJennings / MHill,
2014,"Nieves, Wil",c,36,,ARI,PHI,1,1125000,2014,,,1125000,MDR Sports,Bill Giles,Ruben Amaro Jr.,
2014,"Santiago, Ramon",2b,34,,DET,CIN,1,1100000,2014,,,1100000,,Bob Castellini,Walt Jocketty,
2014,"Young, Delmon",of,28,,TBA,BAL,1,1000000,2014,,,1000000,,Peter Angelos,Dan Duquette,
2014,"Francisco, Frank",rhp,34,,NYN,CHA,1,1000000,2014,,,1000000,,Jerry Reinsdorf,KWilliams/RHahn,
2014,"Giambi, Jason",1b,43,,CLE,CLE,1,1000000,2014,,,1000000,,Paul Dolan,Shapiro/Antonetti,
2014,"Hanrahan, Joel",rhp,32,,BOS,DET,1,1000000,2014,,,1000000,,Mike Ilitch,Dave Dombrowski,
2014,"Johnson, Reed",c,37,,ATL,MIA,1,1000000,2014,,,1000000,Wasserman,Jeffrey Loria,DJennings / MHill,
2014,"Fransworth, Kyle",rhp,38,,PIT,NYN,1,1000000,2014,,,1000000,,Fred Wilpon,Sandy Alderson,
2014,"Gutierrez, Franklin",of,31,,SEA,SEA,1,1000000,2014,,,1000000,,Nintendo/America,Jack Zduriencik,
2014,"Buck, John",c,33,,PIT,SEA,1,1000000,2014,,,1000000,ACES,Nintendo/America,Jack Zduriencik,
2014,"McDonald, John",ss,39,,BOS,ANA,1,850000,2014,,,850000,,Arturo Moreno,Jerry Dipoto,
2014,"Duke, Zach",lhp,31,,CIN,MIL,1,850000,2014,,,850000,,Mark Attanasio,Doug Melvin,
2014,"Kawasaki, Munenori",ss-2b,33,,TOR,TOR,1,750000,2014,,,750000,,Edward Rogers,Alex Anthopoulos,
2014,"Aardsma, David",rhp,32,,NYN,CLE,0,1,2014,,,,,Paul Dolan,Shapiro/Antonetti,"$1,000,000 in majors"
2014,"Ayala, Luis",rhp,36,,ATL,WAS,0,1,2014,,,,,Ted Lerner,Mike Rizzo,"$1,000,000 in majors"
2014,"Baker, Scott",rhp-s,34,,CHN,SEA,0,1,2014,,,,,Nintendo/America,Jack Zduriencik,"$1,000,000 in majors"
2014,"Bedard, Erik",lhp-s,35,,HOU,TBA,0,1,2014,,,,,Stuart Sternberg,Andrew Friedman,"$1,150,000 in majors"
2014,"Betancourt, Rafael",rhp,39,,COL,COL,0,1,2014,,,,,Monfort brothers,Dan O'Dowd,
2014,"Casilla, Alexi",2b,29,,BAL,BAL,0,1,2014,,,,,Peter Angelos,Dan Duquette,"$1,100,000 in majors"
2014,"Cedeno, Ronny",ss,31,,SDN,PHI,0,1,2014,,,,,Bill Giles,Ruben Amaro Jr.,"$750,000 in majors"
2014,"Chavez, Endy",of,36,,SEA,SEA,0,1,2014,,,,,Nintendo/America,Jack Zduriencik,"$750,000 in majors"
2014,"Garcia, Freddy",rhp,37,,ATL,ATL,0,1,2014,,,,,Liberty Media,Frank Wren,"$1,250,000 in majors"
2014,"Gaudin, Chad",rhp,31,,SFN,PHI,0,1,2014,,,,,Bill Giles,Ruben Amaro Jr.,"$750,000 in majors"
2014,"Gonzalez, Mike",lhp,36,,MIL,WAS,0,1,2014,,,,,Ted Lerner,Mike Rizzo,"$1,500,000 in majors"
2014,"Gregg, Kevin",rhp,36,,CHN,MIA,0,1,2014,,,,,Jeffrey Loria,DJennings / MHill,"$2,100,000 in majors, pro-rated"
2014,"Guerrier, Matt",rhp,35,,CHN,MIN,0,1,2014,,,,,Jim Pohlad,Terry Ryan,"$1,000,000 in majors"
2014,"Harang, Aaron",rhp,36,,NYN,CLE,0,1,2014,,,,,Paul Dolan,Shapiro/Antonetti,"$1,000,000 in majors"
2014,"Hill, Rich",lhp-s,34,,CLE,BOS,0,1,2014,,,,,John Henry,Ben Cherington,"$840,000 in majors"
2014,"Izturis, Cesar",ss,34,,CIN,HOU,0,1,2014,,,,,Jim Crane,Jeff Luhnow,"$600,000 in majors"
2014,"Loe, Kameron",rhp,32,,ATL,SFN,0,1,2014,,,,,Charles Johnson,Brian Sabean,"$1,000,000 in majors"
2014,"Masset, Nick",rhp,32,,CIN,COL,0,1,2014,,,,,Monfort brothers,Dan O'Dowd,"$1,200,000 in majors"
2014,"Pena, Carlos",1b,36,,KCA,ANA,0,1,2014,,,,,Arturo Moreno,Jerry Dipoto,"$1,000,000 in majors"
2014,"Quintero, Humberto",c,34,,SEA,SEA,0,1,2014,,,,,Nintendo/America,Jack Zduriencik,"$750,000 in majors"
2014,"Santana, Johan",lhp-s,35,,NYN,BAL,0,1,2014,,,,,Peter Angelos,Dan Duquette,"$3,000,000 in majors"
2014,"Snyder, Chris",c,33,,BAL,WAS,0,1,2014,,,,,Ted Lerner,Mike Rizzo,"$1,000,000 in majors"
2014,"Torrealba, Yorvit",c,35,,COL,ANA,0,1,2014,,,,,Arturo Moreno,Jerry Dipoto,"$900,000 in majors"
2014,"Tracy, Chad",3b-1b,34,,WAS,ANA,0,1,2014,,,,,Arturo Moreno,Jerry Dipoto,"$850,000 in majors"
2014,"Wada, Tsuyoshi",lhp,33,,BAL,CHN,0,1,2014,,,,,Tom Ricketts,T Epstein / JHoyer,"$800,000 in majors"
2014,"Betancourt, Yuniesky",1b,32,,MIL,NPB,,,,,,,,,,signed by Orix of NPB
2014,"Scott, Luke",dh,36,,TBA,KBO,,,,,,,,,,"1 year/$300,000 with SK Wyverns of KBO"
2014,"Youkilis, Kevin",1b-3b,35,,NYA,NPB,,,,,,,,,,1 year/$4M with Rakuten of NPB
2014,"Berkman, Lance",dh,38,,TEX,,,,,,,,,,,
2014,"Bonderman, Jeremy",rhp,31,,DET,,,,,,,,,,,
2014,"Byrdak, Tim",lhp,40,,NYN,,,,,,,,,,,
2014,"Carpenter, Chris",rhp-s,39,,SLN,,,,,,,,,,,
2014,"Diaz, Matt",of,36,,MIA,,,,,,,,,,,
2014,"Dotel, Octavio",rhp,40,,DET,,,,,,,,,,,
2014,"Feliciano, Pedro",lhp,37,,NYM,,,,,,,,,,,
2014,"Hafner, Travis",dh,37,,NYA,,,,,,,,,,,
2014,"Hairston Jr., Jerry",3b,38,,LAN,,,,,,,,,,,
2014,"Halladay, Roy",rhp-s,37,,PHI,,,,,,,,,,,
2014,"Helton, Todd",1b,40,,COL,,,,,,,,,,,
2014,"Karstens, Jeff",rhp,31,,PIT,,,,,,,,,,,
2014,"Kearns, Austin",of,34,,MIA,,,,,,,,,,,
2014,"Kotsay, Mark",of,38,,SDN,,,,,,,,,,,
2014,"Marquis, Jason",rhp-s,35,,SDN,,,,,,,,,,,
2014,"Oliver, Darren",lhp,43,,TOR,,,,,,,,,,,
2014,"Ortiz, Ramon",rhp,41,,TOR,,,,,,,,,,,
2014,"Oswalt, Roy",rhp-s,36,,COL,,,,,,,,,,,
2014,"Pettitte, Andy",lhp-s,42,,NYA,,,,,,,,,,,
2014,"Pierre, Juan",of,36,,MIA,,,,,,,,,,,
2014,"Polanco, Placido",3b,38,,MIA,,,,,,,,,,,
2014,"Rivera, Mariano",rhp-c,44,,NYA,,,,,,,,,,,
2014,"Shoppach, Kelly",c,34,,CLE,,,,,,,,,,,
2014,"Tejada, Miguel",2b,40,,KCA,,,,,,,,,,,
2014,"Torres, Andres",of,36,,SFN,,,,,,,,,,,
2014,"Westbrook, Jake",rhp-s,36,,SLN,,,,,,,,,,,
2014,"Young, Michael",3b,37,,LAN,,,,,,,,,,,
2014,"Zito, Barry",lhp-s,36,,SFN,,,,,,,,,,,
2013,"Greinke, Zack",rhp-s,29,,ANA,LAN,6,147000000,2013-18,,1,24500000,Casey Close,Mark Walter,Ned Colletti,Player may opt out of contract after 2015 season.
2013,"Hamilton, Josh",of,32,rejected,TEX,ANA,5,125000000,2013-17,,,25000000,Michael Moye,Arturo Moreno,Jerry Dipoto,
2013,"Sanchez, Anibal",rhp-s,29,,DET,DET,5,80000000,2013-17,club,,16000000,Mato Sports,Mike Ilitch,Dave Dombrowski,
2013,"Upton, B.J.",of,28,rejected,TBA,ATL,5,75250000,2013-17,,,15050000,Reynolds Sports,Liberty Media,Frank Wren,
2013,"Swisher, Nick",of,32,rejected,NYA,CLE,4,56000000,2013-16,vesting,,14000000,Dan Lozano,Paul Dolan,Shapiro/Antonetti,
2013,"Jackson, Edwin",rhp-s,29,,WAS,CHN,4,52000000,2013-16,,,13000000,Legacy Agency,Tom Ricketts,T Epstein / JHoyer,
2013,"Bourn, Michael",of,30,rejected,ATL,CLE,4,48000000,2013-16,vesting,,12000000,Boras Corp.,Paul Dolan,Shapiro/Antonetti,
2013,"Pagan, Angel",of,31,,SFN,SFN,4,40000000,2013-16,,,10000000,Octagon,Charles Johnson,Brian Sabean,
2013,"Victorino, Shane",of,32,,LAN,BOS,3,39000000,2013-15,,,13000000,John Boggs,John Henry,Ben Cherington,
2013,"Lohse, Kyle",rhp-s,34,rejected,SLN,MIL,3,33000000,2013-15,,,11000000,Boras Corp.,Mark Attanasio,Doug Melvin,
2013,"Soriano, Rafael",rhp,33,rejected,NYA,WAS,2,28000000,2013-14,vesting,,14000000,Boras Corp.,Ted Lerner,Mike Rizzo,
2013,"Dempster, Ryan",rhp-s,36,,TEX,BOS,2,26500000,2013-14,,,13250000,Craig Landis,John Henry,Ben Cherington,
2013,"Ortiz, David",dh-1b,37,rejected,BOS,BOS,2,26000000,2013-14,,,13000000,Fern Cuza,John Henry,Ben Cherington,
2013,"Hunter, Torii",of,37,,ANA,DET,2,26000000,2013-14,,,13000000,Reynolds Sports,Mike Ilitch,Dave Dombrowski,
2013,"Ross, Cody",of,32,,BOS,ARI,3,26000000,2013-15,club,,8666666,SFX,Ken Kendrick,Kevin Towers,
2013,"Guthrie, Jeremy",rhp-s,34,,KCA,KCA,3,25000000,2013-15,,,8333333,Excel,David Glass,Dayton Moore,
2013,"LaRoche, Adam",1b,33,rejected,WAS,WAS,2,24000000,2013-14,mutual,,12000000,Mike Milchin,Ted Lerner,Mike Rizzo,
2013,"League, Brandon",rhp,30,,LAN,LAN,3,22500000,2013-15,player,,7500000,ACES,Mark Walter,Ned Colletti,
2013,"Broxton, Jonathan",rhp,29,,CIN,CIN,3,21000000,2013-15,club,,7000000,BB Abbott,Bob Castellini,Walt Jocketty,
2013,"Scutaro, Marco",inf,37,,SFN,SFN,3,20000000,2013-15,,,6666666,Barry Praver,Charles Johnson,Brian Sabean,
2013,"Affeldt, Jeremy",lhp,34,,SFN,SFN,3,18000000,2013-15,,,6000000,Michael Moye,Charles Johnson,Brian Sabean,
2013,"Martin, Russell",c,30,,NYA,PIT,2,17000000,2013-14,,,8500000,Matt Colleran,Bob Nutting,Neal Huntington,
2013,"Cabrera, Melky",of,28,,SFN,TOR,2,16000000,2013-14,,,8000000,ACES,Edward Rogers,Alex Anthopoulos,
2013,"McCarthy, Brandon",rhp-s,29,,OAK,ARI,2,15500000,2013-14,,,7750000,LSW Baseball,Ken Kendrick,Kevin Towers,
2013,"Kuroda, Hiroki",rhp-s,38,rejected,NYA,NYA,1,15000000,2013,,,15000000,Steve Hilliard,Hal Steinbrenner,Brian Cashman,
2013,"Blanton, Joe",rhp,32,,LAN,ANA,2,15000000,2013-14,club,,7500000,CAA,Arturo Moreno,Jerry Dipoto,
2013,"Ludwick, Ryan",of,34,,CIN,CIN,2,15000000,2013-14,mutual,,7500000,Dan Horwits,Bob Castellini,Walt Jocketty,
2013,"Haren, Dan",rhp-s,32,,ANA,WAS,1,13000000,2013,,,13000000,CAA,Ted Lerner,Mike Rizzo,
2013,"Suzuki, Ichiro",of,39,,NYA,NYA,2,13000000,2013-14,,,6500000,Tony Attanasio,Hal Steinbrenner,Brian Cashman,
2013,"Pettitte, Andy",lhp-s,41,,NYA,NYA,1,12000000,2013,,,12000000,Excel,Hal Steinbrenner,Brian Cashman,
2013,"Youkilis, Kevin",3b,34,,CHA,NYA,1,12000000,2013,,,12000000,Joe Bick,Hal Steinbrenner,Brian Cashman,
2013,"Adams, Mike",rhp,34,,TEX,PHI,2,12000000,2013,club,,6000000,ACES,Bill Giles,Ruben Amaro Jr.,
2013,"Keppinger, Jeff",3b,33,,TBA,CHA,3,12000000,2013-15,,,4000000,Career Sports,Jerry Reinsdorf,KWilliams/RHahn,
2013,"Berkman, Lance",1b,37,,SLN,TEX,1,11000000,2013,club,,11000000,Michael Moye,RDavis/BSimpson,Jon Daniels,
2013,"Rivera, Mariano",rhp-c,43,,NYA,NYA,1,10000000,2013,,,10000000,SFX,Hal Steinbrenner,Brian Cashman,
2013,"Gomes, Jonny",of,32,,OAK,BOS,2,10000000,2013-14,,,5000000,MVP Sports,John Henry,Ben Cherington,
2013,"Villanueva, Carlos",rhp,29,,TOR,CHN,2,10000000,2013-14,,,5000000,SFX,Tom Ricketts,T Epstein / JHoyer,
2013,"Correia, Kevin",rhp,32,,PIT,MIN,2,10000000,2013-14,,,5000000,Barry Axelrod,Jim Pohlad,Terry Ryan,
2013,"Izturis, Maicer",inf,32,,ANA,TOR,3,10000000,2013-15,club,,3333333,Peter Greenberg,Edward Rogers,Alex Anthopoulos,
2013,"Drew, Stephen",ss,30,,OAK,BOS,1,9500000,2013,,,9500000,Boras Corp.,John Henry,Ben Cherington,
2013,"Burnett, Sean",lhp,30,,WAS,ANA,2,8000000,2013-14,,,4000000,Jim Munsey,Arturo Moreno,Jerry Dipoto,
2013,"Soria, Joakim",rhp,29,,KCA,TEX,2,8000000,2013-14,club,,4000000,Oscar Suarez,RDavis/BSimpson,Jon Daniels,
2013,"Pierzynski, A.J.",c,36,,CHA,TEX,1,7500000,2013,,,7500000,Steve Hilliard,RDavis/BSimpson,Jon Daniels,
2013,"Choate, Randy",lhp,37,,LAN,SLN,3,7500000,2013-15,,,2500000,ACES,Bill DeWitt Jr.,John Mozeliak,
2013,"Myers, Brett",rhp,32,,CHA,CLE,1,7000000,2013,club,,7000000,Craig Landis,Paul Dolan,Shapiro/Antonetti,
2013,"Grilli, Jason",rhp,36,,PIT,PIT,2,6750000,2013-14,,,3375000,Gary Sheffield,Bob Nutting,Neal Huntington,
2013,"Saunders, Joe",lhp-s,32,,BAL,SEA,1,6500000,2013,mutual,,6500000,Greg Genske,Nintendo/America,Jack Zduriencik,
2013,"Ross, David",c,36,,ATL,BOS,2,6200000,2013-14,,,3100000,Ryan Gleichowski,John Henry,Ben Cherington,
2013,"Feldman, Scott",rhp-s,30,,TEX,CHN,1,6000000,2013,,,6000000,Matt Brown,Tom Ricketts,T Epstein / JHoyer,
2013,"Peralta, Joel",rhp,37,,TBA,TBA,2,6000000,2013-14,club,,3000000,Mark Gilling,Stuart Sternberg,Andrew Friedman,
2013,"Baker, Scott",rhp-s,31,,MIN,CHN,1,5500000,2013,,,5500000,Alan Nero,Tom Ricketts,T Epstein / JHoyer,
2013,"Napoli, Mike",c-1b,31,,TEX,BOS,1,5000000,2013,,,5000000,Brian Grieper,John Henry,Ben Cherington,
2013,"Hairston, Scott",of,33,,NYN,CHN,2,5000000,2013-14,,,2500000,Excel,Tom Ricketts,T Epstein / JHoyer,
2013,"Wigginton, Ty",inf,35,,PHI,SLN,2,5000000,2013-14,,,2500000,ACES,Bill DeWitt Jr.,John Mozeliak,
2013,"Uehara, Koji",rhp,38,,TEX,BOS,1,4250000,2013,,,4250000,SFX,John Henry,Ben Cherington,
2013,"Marcum, Shaun",rhp,31,,MIL,NYN,1,4000000,2013,,,4000000,Rex Gary,Fred Wilpon,Sandy Alderson,
2013,"Madson, Ryan",rhp,32,,CIN,ANA,1,3500000,2013,,,3500000,Boras Corp.,Arturo Moreno,Jerry Dipoto,
2013,"Hernandez, Roberto",rhp,32,,CLE,TBA,1,3250000,2013,,,3250000,Jorge Brito,Stuart Sternberg,Andrew Friedman,
2013,"Chavez, Eric",3b,35,,NYA,ARI,1,3000000,2013,,,3000000,ABC Mgmt,Ken Kendrick,Kevin Towers,
2013,"Colon, Bartolo",rhp-s,40,,OAK,OAK,1,3000000,2013,,,3000000,Mitch Frankel,Lewis Wolff,Billy Beane,
2013,"Marquis, Jason",rhp,34,,SDN,SDN,1,3000000,2013,,,3000000,ACES,Ron Fowler,Josh Byrnes,
2013,"Laird, Gerald",c,33,,DET,ATL,2,3000000,2013-14,,,1500000,Boras Corp.,Liberty Media,Frank Wren,
2013,"Pena, Carlos",1b,35,,TBA,HOU,1,2900000,2013,,,2900000,Boras Corp.,Jim Crane,Jeff Luhnow,
2013,"Howell, J.P.",lhp,30,,TBA,LAN,1,2850000,2013,,,2850000,Legacy Agency,Mark Walter,Ned Colletti,
2013,"Lindstrom, Matt",rhp,33,,ARI,CHA,1,2800000,2013,club,,2800000,Sparta Group,Jerry Reinsdorf,KWilliams/RHahn,
2013,"Polanco, Placido",3b,37,,PHI,MIA,1,2750000,2013,,,2750000,Adam Katz,Jeffrey Loria,L Beinfest / M Hill,
2013,"Ibanez, Raul",of,41,,NYA,SEA,1,2750000,2013,,,2750000,ACES,Nintendo/America,Jack Zduriencik,
2013,"Scott, Luke",dh,35,,TBA,TBA,1,2750000,2013,,,2750000,PSI Sports,Stuart Sternberg,Andrew Friedman,
2013,"Johnson, Kelly",2b,31,,TOR,TBA,1,2450000,2013,,,2450000,Mike Milchin,Stuart Sternberg,Andrew Friedman,
2013,"Valverde, Jose",rhp,35,,DET,DET,1,2301887,2013,,,2301887,Boras Corp.,Mike Ilitch,Dave Dombrowski,
2013,"Gonzalez, Mike",lhp,35,,WAS,MIL,1,2250000,2013,,,2250000,Dan Lozano,Mark Attanasio,Doug Melvin,
2013,"McLouth, Nate",of,31,,BAL,BAL,1,2000000,2013,,,2000000,Mike Nicotera,Peter Angelos,Dan Duquette,
2013,"Hafner, Travis",dh,36,,CLE,NYA,1,2000000,2013,,,2000000,Brian Peters,Hal Steinbrenner,Brian Cashman,
2013,"Loney, James",1b,29,,BOS,TBA,1,2000000,2013,,,2000000,CAA,Stuart Sternberg,Andrew Friedman,
2013,"Lewis, Colby",rhp-s,33,,TEX,TEX,1,2000000,2013,,,2000000,Octagon,RDavis/BSimpson,Jon Daniels,
2013,"Johnson, Reed",of,36,,ATL,ATL,1,1750000,2013,club,,1750000,Wasserman,Liberty Media,Frank Wren,
2013,"Navarro, Dioner",c,29,,CIN,CHN,1,1750000,2013,,,1750000,MDR Sports,Tom Ricketts,T Epstein / JHoyer,
2013,"Baker, Jeff",inf-of,32,,ATL,TEX,1,1750000,2013,,,1750000,Boras Corp.,RDavis/BSimpson,Jon Daniels,
2013,"Pierre, Juan",of,35,,PHI,MIA,1,1600000,2013,,,1600000,SFX,Jeffrey Loria,L Beinfest / M Hill,
2013,"Francis, Jeff",lhp-s,32,,COL,COL,1,1500000,2013,,,1500000,Jim Lindell,Monfort brothers,Dan O'Dowd,
2013,"Perez, Oliver",lhp,31,,SEA,SEA,1,1500000,2013,,,1500000,Mike Fischlin,Nintendo/America,Jack Zduriencik,
2013,"Shoppach, Kelly",c,33,,NYN,SEA,1,1500000,2013,,,1500000,LSW Baseball,Nintendo/America,Jack Zduriencik,
2013,"Frasor, Jason",rhp,35,,TOR,TEX,1,1500000,2013,,,1500000,Dave Meier,RDavis/BSimpson,Jon Daniels,
2013,"Gonzalez, Alex",ss,36,,MIL,MIL,1,1450000,2013,,,1450000,Eric Goldschmidt,Mark Attanasio,Doug Melvin,
2013,"Sanchez, Jonathan",lhp,30,,COL,PIT,1,1375000,2013,,,1375000,Jim McNamara,Bob Nutting,Neal Huntington,
2013,"Hinske, Eric",1b,35,,ATL,ARI,1,1350000,2013,,,1350000,Icon Sports,Ken Kendrick,Kevin Towers,
2013,"Camp, Shawn",rhp,37,,CHN,CHN,1,1350000,2013,,,1350000,Dave Meier,Tom Ricketts,T Epstein / JHoyer,
2013,"Inge, Brandon",3b,36,,OAK,PIT,1,1250000,2013,,,1250000,ACES,Bob Nutting,Neal Huntington,
2013,"Farnsworth, Kyle",rhp,37,,TBA,TBA,1,1250000,2013,,,1250000,Meister Sports,Stuart Sternberg,Andrew Friedman,
2013,"Lowe, Derek",rhp,40,,NYA,TEX,1,1250000,2013,,,1250000,Boras Corp.,RDavis/BSimpson,Jon Daniels,
2013,"Cedeno, Ronny",inf,30,,NYN,SLN,1,1150000,2013,,,1150000,Peter Greenberg,Bill DeWitt Jr.,John Mozeliak,
2013,"Rauch, Jon",rhp,34,,NYN,MIA,1,1000000,2013,,,1000000,Turner-Gary,Jeffrey Loria,L Beinfest / M Hill,
2013,"Durbin, Chad",rhp,35,,ATL,PHI,1,1000000,2013,club,,1000000,ABC Mgmt,Bill Giles,Ruben Amaro Jr.,
2013,"Qualls, Chad",rhp,34,,PIT,PHI,1,1000000,2013,,,1000000,Matt Sosnick,Bill Giles,Ruben Amaro Jr.,
2013,"Contreras, Jose",rhp-s,41,,PHI,PIT,1,1000000,2013,,,1000000,Jaime Torres,Bob Nutting,Neal Huntington,
2013,"Liriano, Francisco",lhp,29,,CHA,PIT,1,1000000,2013,vesting,,1000000,Greg Genske,Bob Nutting,Neal Huntington,
2013,"Wright, Jamey",rhp,38,,LAN,TBA,1,1000000,2013,,,1000000,Casey Close,Stuart Sternberg,Andrew Friedman,
2013,"DeRosa, Mark",inf-of,38,,WAS,TOR,1,775000,2013,club,,775000,Career Sports,Edward Rogers,Alex Anthopoulos,
2013,"Giambi, Jason",1b,42,,COL,CLE,1,750000,2013,,,750000,SFX,Paul Dolan,Shapiro/Antonetti,
2013,"Lyon, Brandon",rhp,33,,TOR,NYN,1,750000,2013,,,750000,Meister Sports,Fred Wilpon,Sandy Alderson,
2013,"Young, Delmon",of,27,,DET,PHI,1,750000,2013,,,750000,Arn Tellem,Bill Giles,Ruben Amaro Jr.,
2013,"Gaudin, Chad",rhp,30,,MIA,SFN,1,750000,2013,,,750000,Reynolds Sports,Charles Johnson,Brian Sabean,
2013,"Blanco, Henry",c,41,,ARI,TOR,1,750000,2013,,,750000,Steve Schneider,Edward Rogers,Alex Anthopoulos,
2013,"Wise, Dewayne",of,35,,CHA,CHA,1,700000,2013,,,700000,,Jerry Reinsdorf,KWilliams/RHahn,
2013,"Kearns, Austin",of,33,,MIA,MIA,1,700000,2013,,,700000,Hendricks Sports,Jeffrey Loria,L Beinfest / M Hill,
2013,"Kotchman, Casey",1b,30,,MIA,MIA,1,700000,2013,,,700000,Casey Close,Jeffrey Loria,L Beinfest / M Hill,
2013,"Duke, Zach",lhp,30,,WAS,WAS,1,700000,2013,,,700000,SFX,Ted Lerner,Mike Rizzo,
2013,"Oviedo, Juan",rhp,31,,MIA,TBA,1,520000,2013,,,520000,Wasserman,Stuart Sternberg,Andrew Friedman,
2013,"Barajas, Rod",c,37,,PIT,ARI,0,1,2013,,,,,Ken Kendrick,Kevin Towers,"$800,000 in majors"
2013,"Batista, Miguel",rhp,42,,ATL,COL,0,1,2013,,,,,Monfort brothers,Dan O'Dowd,"$750,000 in minors"
2013,"Byrdak, Tim",lhp,39,,NYN,NYN,0,1,2013,,,,,Fred Wilpon,Sandy Alderson,"$1,000,000 in majors"
2013,"Capps, Matt",rhp,29,,MIN,CLE,0,1,2013,,,,,Paul Dolan,Shapiro/Antonetti,"$1,000,000 in majors"
2013,"Chavez, Endy",of,35,,BAL,KCA,0,1,2013,,,,,David Glass,Dayton Moore,"$1,000,000 in. majors"
2013,"Cook, Aaron",rhp,34,,BOS,PHI,0,1,2013,,,,,Bill Giles,Ruben Amaro Jr.,"$1,625,000 in majors"
2013,"Diaz, Matt",of,35,,ATL,NYA,0,1,2013,,,,,Hal Steinbrenner,Brian Cashman,"$1,200,000 in majors"
2013,"Feliciano, Pedro",lhp,36,,NYA,NYN,0,1,2013,,,,,Fred Wilpon,Sandy Alderson,"$1,000,000 in majors"
2013,"Garcia, Freddy",rhp-s,36,,NYA,SDN,0,1,2013,,,,,Ron Fowler,Josh Byrnes,"$1,300,000 in majors"
2013,"Hall, Bill",of,33,,BAL,ANA,0,1,2013,,,,,Arturo Moreno,Jerry Dipoto,"$550,000 in majors"
2013,"Hawkins, LaTroy",rhp,40,,ANA,NYN,1,1,2013,,,,,Fred Wilpon,Sandy Alderson,"$1,000,000 in majors"
2013,"Lowe, Mark",rhp,30,,TEX,LAN,0,1,2013,,,,,Mark Walter,Ned Colletti,"$1,500,000 in majors"
2013,"Matsuzaka, Daisuke",rhp-s,32,,BOS,CLE,0,1,2013,,,,,Paul Dolan,Shapiro/Antonetti,"$1,500,000 in majors"
2013,"Nady, Xavier",of,34,,SFN,KCA,0,1,2013,,,,,David Glass,Dayton Moore,"$750,000 in majors"
2013,"Olivo, Miguel",c,34,,SEA,CIN,0,1,2013,,,,,Bob Castellini,Walt Jocketty,"$1,250,000 in majors"
2013,"Oswalt, Roy",rhp-s,35,,TEX,COL,0,1,2013,,,,,Monfort brothers,Dan O'Dowd,
2013,"Overbay, Lyle",1b,36,,ATL,BOS,0,1,2013,,,,,John Henry,Ben Cherington,"$1,250,000 in majors"
2013,"Ramirez, Ramon",rhp,31,,NYN,SFN,0,1,2013,,,,,Charles Johnson,Brian Sabean,"$750,000 in majors"
2013,"Rivera, Juan",of,34,,LAN,NYA,0,1,2013,,,,,Hal Steinbrenner,Brian Cashman,"$1,200,000 in majors"
2013,"Rodriguez, Francisco",rhp,31,,MIL,MIL,0,1,2013,,,,,Mark Attanasio,Doug Melvin,
2013,"Sherrill, George",lhp,36,,SEA,KCA,0,1,2013,,,,,David Glass,Dayton Moore,"$850,000 in majors"
2013,"Snyder, Chris",c,32,,HOU,WAS,0,1,2013,,,,,Ted Lerner,Mike Rizzo,"$1,000,000 in majors"
2013,"Tateyama, Yoshinori",rhp,37,,TEX,TEX,0,1,2013,,,,,RDavis/BSimpson,Jon Daniels,"$1,000,000 in majors"
2013,"Wang, Chien-Ming",rhp-s,33,,WAS,NYA,0,1,2013,,,,,Hal Steinbrenner,Brian Cashman,"$2,500,000 in majors"
2013,"Young, Chris",rhp,34,,NYN,WAS,0,1,2013,,,,,Ted Lerner,Mike Rizzo,"$2,000,000 in majors"
2013,"Zambrano, Carlos",rhp,32,,MIA,PHI,0,1,2013,,,,,Bill Giles,Ruben Amaro Jr.,
2013,"Lopez, Jose",ss,29,,CHA,NPB,,,,,,,,,,1 year deal with Yomiuri of NPB
2013,"Jones, Andruw",of,36,,NYA,NPB,,,,,,,,,,1 year/$3.5M deal with Rakuten of NPB
2013,"Saito, Takashi",rhp,43,,ARI,NPB,,,,,,,,,,1 year deal with Rakuten of NPB
2013,"Padilla, Vicente",rhp,35,,BOS,NPB,,,,,,,,,,1 year/$3.25M deal with SoftBank of NPB
2013,"Abreu, Bobby",of,39,,LAN,,,,2013,,,,,,,
2013,"Bruney, Brian",rhp,31,,CHA,,,,2013,,,,,,,
2013,"Cairo, Miguel",1b,39,,CIN,,,,2013,,,,,,,
2013,"Coffey, Todd",rhp,32,,LAN,,,,2013,,,,,,,
2013,"Fuentes, Brian",lhp,37,,SLN,,,,2013,,,,,,,
2013,"Hudson, Orlando",2b,35,,CHA,,,,2013,,,,,,,
2013,"Huff, Aubrey",1b,36,,SFN,,,,2013,,,,,,,
2013,"Isringhausen, Jason",rhp,40,,ANA,,,,2013,,,,,,,
2013,"Johnson, Nick",1b,34,,BAL,,,,2013,,,,,,,
2013,"Jones, Chipper",3b,41,,ATL,,,,2013,,,,,,,
2013,"Kennedy, Adam",inf,37,,LAN,,,,2013,,,,,,,
2013,"Lee, Carlos",1b,37,,MIA,,,,2013,,,,,,,
2013,"Millwood, Kevin",rhp-s,38,,SEA,,,,2013,,,,,,,
2013,"Mota, Guillermo",rhp,39,,SFN,,,,2013,,,,,,,
2013,"Pavano, Carl",rhp-s,37,,MIN,,,,2013,,,,,,,
2013,"Penny, Brad",rhp,35,,SFN,,,,2013,,,,,,,
2013,"Podsednik, Scott",of,37,,BOS,,,,2013,,,,,,,
2013,"Rolen, Scott",3b,38,,CIN,,,,2013,,,,,,,
2013,"Sanchez, Freddy",2b,35,,SFN,,,,2013,,,,,,,
2013,"Schneider, Brian",c,36,,PHI,,,,2013,,,,,,,
2013,"Sheets, Ben",rhp,34,,ATL,,,,2013,,,,,,,
2013,"Sizemore, Grady",of,30,,CLE,,,,2013,,,,,,,
2013,"Theriot, Ryan",2b,33,,SFN,,,,2013,,,,,,,
2013,"Thome, Jim",dh,42,,BAL,,,,2013,,,,,,,
2013,"Treanor, Matt",c,37,,LAN,,,,2013,,,,,,,
2013,"Vizquel, Omar",2b,46,,TOR,,,,2013,,,,,,,
2013,"Wolf, Randy",lhp,36,,BAL,,,,2013,,,,,,,
2012,"Pujols, Albert",1b,32,Type A,SLN,ANA,10,240000000,2012-2021,,,24000000,Dan Lozano,Arturo Moreno,Jerry Dipoto,
2012,"Fielder, Prince",1b,28,Type A,MIL,DET,9,214000000,2014-22,,,23777777,Boras Corp.,Mike Ilitch,Dave Dombrowski,
2012,"Reyes, Jose",ss,29,Type A,NYN,MIA,6,106000000,2012-17,,,17666666,Peter Greenberg,Jeffrey Loria,L Beinfest / M Hill,
2012,"Wilson, C.J.",lhp-s,31,Type A,TEX,ANA,5,77500000,2012-16,,,15500000,Select Sports,Arturo Moreno,Jerry Dipoto,
2012,"Buehrle, Mark",lhp-s,33,Type B,CHA,MIA,4,58000000,2012-15,,,14500000,CAA,Jeffrey Loria,L Beinfest / M Hill,
2012,"Papelbon, Jonathan",rhp,31,Type A,BOS,PHI,4,50000058,2012-15,,,12500014,ACES,Bill Giles,Ruben Amaro Jr.,
2012,"Rollins, Jimmy",ss,33,Type A,PHI,PHI,3,38000000,2012-14,club,,12666666,Dan Lozano,Bill Giles,Ruben Amaro Jr.,
2012,"Ramirez, Aramis",3b,34,Type B,CHN,MIL,3,36000000,2012-14,mutual,,12000000,Paul Kinzer,Mark Attanasio,Doug Melvin,
2012,"Cuddyer, Michael",of,33,Type A,MIN,COL,3,31500000,2012-14,,,10500000,Casey Close,Monfort brothers,Dan O'Dowd,
2012,"Bell, Heath",rhp,34,Type A,SDN,MIA,3,27000000,2012-14,vesting,,9000000,ACES,Jeffrey Loria,L Beinfest / M Hill,
2012,"Beltran, Carlos",of,35,Type A,SFN,SLN,2,26000000,2012-13,,,13000000,Dan Lozano,Bill DeWitt Jr.,John Mozeliak,
2012,"Willingham, Josh",of,33,Type A,OAK,MIN,3,21000000,2012-14,,,7000000,Matt Sosnick,Jim Pohlad,Terry Ryan,
2012,"Kubel, Jason",of,30,Type B,MIN,ARI,2,15500000,2012-13,mutual,,7750000,Wasserman,Ken Kendrick,Kevin Towers,
2012,"Ortiz, David",dh,36,Type A,BOS,BOS,1,14575000,2012,,,14575000,Fern Cuza,John Henry,Ben Cherington,
2012,"Nathan, Joe",rhp,37,,MIN,TEX,2,14500000,2012-13,,,7250000,Dave Pepe,RDavis/BSimpson,Jon Daniels,
2012,"Crisp, Coco",of,32,,OAK,OAK,2,14000000,2012-13,club,,7000000,Steve Comte,Lewis Wolff,Billy Beane,
2012,"Furcal, Rafael",ss,34,Type B,SLN,SLN,2,14000000,2012-13,,,7000000,Paul Kinzer,Bill DeWitt Jr.,John Mozeliak,
2012,"Harang, Aaron",rhp,34,Type B,SDN,LAN,2,12000000,2012-13,mutual,,6000000,ACES,Frank McCourt,Ned Colletti,
2012,"Francisco, Frank",rhp,32,Type B,TOR,NYN,2,12000000,2012-13,,,6000000,Praver-Shapiro,Fred Wilpon,Sandy Alderson,
2012,"Jackson, Edwin",rhp-s,28,Type B,SLN,WAS,1,11000000,2012,,,11000000,Boras Corp.,Ted Lerner,Mike Rizzo,
2012,"Hill, Aaron",2b,30,Type B,ARI,ARI,2,11000000,2012-13,,,5500000,Casey Close,Ken Kendrick,Kevin Towers,
2012,"Barmes, Clint",ss,33,Type B,HOU,PIT,2,10500000,2012-13,,,5250000,Meister Sports,Bob Nutting,Neal Huntington,
2012,"Kuroda, Hiroki",rhp-s,37,Type B,LAN,NYA,1,10000000,2012,,,10000000,Steve Hilliard,Hal Steinbrenner,Brian Cashman,
2012,"DeJesus, David",of,32,Type B,OAK,CHN,2,10000000,2012-13,,,5000000,ACES,Tom Ricketts,T Epstein / JHoyer,
2012,"Capuano, Chris",lhp,33,,NYN,LAN,2,10000000,2012,club,,5000000,Michael Moye,Frank McCourt,Ned Colletti,
2012,"Chen, Bruce",lhp,35,Type B,KCA,KCA,2,9000000,2012-13,,,4500000,Boras Corp.,David Glass,Dayton Moore,
2012,"Ellis, Mark",2b,35,Type B,COL,LAN,2,8750000,2012-13,,,4375000,Jamie Murphy,Frank McCourt,Ned Colletti,
2012,"Madson, Ryan",rhp,31,Type A,PHI,CIN,1,8500000,2012,mutual,,8500000,Boras Corp.,Bob Castellini,Walt Jocketty,
2012,"Rodrigeuz, Fernando",rhp,30,Type A,MIL,MIL,1,8000000,2012,,,8000000,Boras Corp.,Mark Attanasio,Doug Melvin,
2012,"Pena, Carlos",1b,34,Type B,CHN,TBA,1,7250000,2012,,,7250000,Boras Corp.,Stuart Sternberg,Andrew Friedman,
2012,"Carroll, Jamey",of,38,,LAN,MIN,2,6500000,2012-13,club,,3250000,Jonathan Maurer,Jim Pohlad,Terry Ryan,
2012,"Hernandez, Ramon",c,36,Type A,CIN,COL,2,6400000,2012-13,,,3200000,Eric Goldschmidt,Monfort brothers,Dan O'Dowd,
2012,"Johnson, Kelly",2b,30,Type A,TOR,TOR,1,6375000,2012,,,6375000,SFX,Edward Rogers,Alex Anthopoulos,
2012,"Hairston Jr., Jerry",inf-of,36,,MIL,LAN,2,6000000,2012-13,,,3000000,Casey Close,Frank McCourt,Ned Colletti,
2012,"Sizemore, Grady",of,29,,CLE,CLE,1,5000000,2012,,,5000000,Joe Urban,Larry Dolan,Shapiro/Antonetti,
2012,"Maholm, Paul",lhp,30,,PIT,CHN,1,4750000,2012,club,,4750000,Bo McKinnis,Tom Ricketts,T Epstein / JHoyer,
2012,"Capps, Matt",rhp,28,Type A,MIN,MIN,1,4750000,2012,club,,4750000,Paul Kinzer,Jim Pohlad,Terry Ryan,
2012,"Rivera, Juan",of,33,,LAN,LAN,1,4500000,2012,club,,4500000,SFX,Frank McCourt,Ned Colletti,
2012,"Bedard, Erik",lhp-s,33,,BOS,PIT,1,4500000,2012,,,4500000,SFX,Bob Nutting,Neal Huntington,
2012,"Cordero, Francisco",rhp,37,Type A,CIN,TOR,1,4500000,2012,,,4500000,Bean Stringfellow,Edward Rogers,Alex Anthopoulos,
2012,"Gonzalez, Alex",ss,35,Type B,ATL,MIL,1,4250000,2012,vesting,,4250000,Eric Goldschmidt,Mark Attanasio,Doug Melvin,
2012,"Santiago, Ramon",ss,32,,DET,DET,2,4200000,2012,,,2100000,Bill Rego,Mike Ilitch,Dave Dombrowski,
2012,"Broxton, Jonathan",rhp,28,,LAN,KCA,1,4000000,2012,,,4000000,Boras Corp.,David Glass,Dayton Moore,
2012,"Garcia, Freddy",rhp,35,Type B,NYA,NYA,1,4000000,2012,,,4000000,Peter Greenberg,Hal Steinbrenner,Brian Cashman,
2012,"Barajas, Rod",c,36,Type B,LAN,PIT,1,4000000,2012,club,,4000000,Dan Lozano,Bob Nutting,Neal Huntington,
2012,"Oliver, Darren",lhp,41,Type A,TEX,TOR,1,4000000,2012,club,,4000000,Jay Franklin,Edward Rogers,Alex Anthopoulos,
2012,"Wang, Chien-Ming",rhp,32,,WAS,WAS,1,4000000,2012,,,4000000,Alan Nero,Ted Lerner,Mike Rizzo,
2012,"Bllomquist, Willie",inf,34,,ARI,ARI,2,3800000,2012-13,,,1900000,Boras Corp.,Ken Kendrick,Kevin Towers,
2012,"Dotel, Octavio",rhp,38,Type A,SLN,DET,1,3500000,2012,club,,3500000,Dan Horwits,Mike Ilitch,Dave Dombrowski,
2012,"Rauch, Jon",rhp-s,33,Type B,TOR,NYN,1,3500000,2012,,,3500000,,Fred Wilpon,Sandy Alderson,
2012,"Betemit, Wilson",3b,30,Type B,DET,BAL,2,3250000,2012-13,vesting,,1625000,Wasserman,Peter Angelos,Dan Duquette,
2012,"Hawkins, LaTroy",rhp,39,,MIL,ANA,1,3000000,2012,,,3000000,Reynolds Sports,Arturo Moreno,Jerry Dipoto,
2012,"McDonald, John",inf,37,,ARI,ARI,1,3000000,2012,,,3000000,SFX,Ken Kendrick,Kevin Towers,
2012,"Ross, Cody",of,31,Type B,SFN,BOS,1,3000000,2012,,,3000000,SFX,John Henry,Ben Cherington,
2012,"Wood, Kerry",rhp,35,Type B,CHN,CHN,1,3000000,2012,club,,3000000,SFX,Tom Ricketts,T Epstein / JHoyer,
2012,"Kotchman, Casey",1b,29,,TBA,CLE,1,3000000,2012,,,3000000,Casey Close,Larry Dolan,Shapiro/Antonetti,
2012,"Doumit, Ryan",c,31,Type B,PIT,MIN,1,3000000,2012,,,3000000,Paul Cobbe,Jim Pohlad,Terry Ryan,
2012,"Marquis, Jason",rhp,33,,ARI,MIN,1,3000000,2012,,,3000000,ACES,Jim Pohlad,Terry Ryan,
2012,"Punto, Nick",inf,34,,SLN,BOS,2,3000000,2012-13,,,1500000,Jeff Caufield,John Henry,Ben Cherington,
2012,"Dobbs, Greg",3b,33,,MIA,MIA,2,3000000,2012-13,,,1500000,Beverly Hills SC,Jeffrey Loria,L Beinfest / M Hill,
2012,"Ludwick, Ryan",of,33,Type B,PIT,CIN,1,2500000,2012,mutual,,2500000,Dan Horwits,Bob Castellini,Walt Jocketty,
2012,"Nix, Laynce",of,31,,WAS,PHI,1,2500000,2012,,,2500000,Don Mitchell,Bill Giles,Ruben Amaro Jr.,
2012,"Blake, Casey",3b,38,,LAN,COL,1,2000000,2012,,,2000000,Jim McDowell,Monfort brothers,Dan O'Dowd,
2012,"Betancourt, Yuniesky",ss,30,Type B,MIL,KCA,1,2000000,2012,,,2000000,Jaime Torres,David Glass,Dayton Moore,
2012,"Jones, Andruw",of,35,,NYA,NYA,1,2000000,2012,,,2000000,Boras Corp.,Hal Steinbrenner,Brian Cashman,
2012,"Colon, Bartolo",rhp-s,39,,NYA,OAK,1,2000000,2012,,,2000000,Mitch Frankel,Lewis Wolff,Billy Beane,
2012,"Rodney, Fernando",rhp,35,,ANA,TBA,1,2000000,2012,club,,2000000,Bill Rego,Stuart Sternberg,Andrew Friedman,
2012,"Molina, Jose",c,37,Type B,TOR,TBA,1,1800000,2012,club,,1800000,Alan Nero,Stuart Sternberg,Andrew Friedman,
2012,"Saito, Takashi",rhp,42,Type A,MIL,ARI,1,1750000,2012,,,1750000,CAA,Ken Kendrick,Kevin Towers,
2012,"McLouth, Nate",of,30,,ATL,PIT,1,1750000,2012,,,1750000,Mike Nicotera,Bob Nutting,Neal Huntington,
2012,"Blanco, Henry",c,40,,ARI,ARI,1,1500000,2012,mutual,,1500000,Steve Schneider,Ken Kendrick,Kevin Towers,
2012,"Chavez, Endy",of,34,,TEX,BAL,1,1500000,2012,,,1500000,Peter Greenberg,Peter Angelos,Dan Duquette,
2012,"Shoppach, Kelly",c,32,,TBA,BOS,1,1350000,2012,,,1350000,LSW Baseball,John Henry,Ben Cherington,
2012,"Coffey, Todd",rhp,31,,WAS,LAN,1,1300000,2012,club,,1300000,Beverly Hills SC,Frank McCourt,Ned Colletti,
2012,"Thome, Jim",1b,41,,CLE,PHI,1,1250000,2012,,,1250000,SFX,Bill Giles,Ruben Amaro Jr.,
2012,"Kotsay, Mark",of,36,,MIL,SDN,1,1250000,2012,,,1250000,Greg Genske,John Moores,Josh Byrnes,
2012,"Johnson, Reed",of,35,,CHN,CHN,1,1150000,2012,,,1150000,Wasserman,Tom Ricketts,T Epstein / JHoyer,
2012,"Cedeno, Ronny",ss,29,,PIT,NYN,1,1150000,2012,,,1150000,Peter Greenberg,Fred Wilpon,Sandy Alderson,
2012,"Qualls, Chad",rhp,33,,SDN,PHI,1,1150000,2012,,,1150000,Matt Sosnick,Bill Giles,Ruben Amaro Jr.,
2012,"Ibanez, Raul",of,40,Type B,PHI,NYA,1,1100000,2012,,,1100000,ACES,Hal Steinbrenner,Brian Cashman,
2012,"Sherrill, George",lhp,35,,ATL,SEA,1,1100000,2012,,,1100000,Athletic Resource,Nintendo/America,Jack Zduriencik,
2012,"Overbay, Lyle",1b,35,,ARI,ARI,1,1000000,2012,,,1000000,Steve Hilliard,Ken Kendrick,Kevin Towers,
2012,"Wilson, Jack",ss-2b,34,,ATL,ATL,1,1000000,2012,,,1000000,PSI Sports,Liberty Media,Frank Wren,
2012,"Fukudome, Kosuke",of,35,,CLE,CHA,1,1000000,2012,club,,1000000,Octagon,Jerry Reinsdorf,Ken Williams,
2012,"Laird, Gerald",c,32,,SLN,DET,1,1000000,2012,,,1000000,Boras Corp.,Mike Ilitch,Dave Dombrowski,
2012,"MacDougal, Mike",rhp,35,,LAN,LAN,1,1000000,2012,,,1000000,Rex Gary,Frank McCourt,Ned Colletti,
2012,"Treanor, Matt",c,36,,TEX,LAN,1,1000000,2012,club,,1000000,Wasserman,Frank McCourt,Ned Colletti,
2012,"Gomes, Jonny",of,31,,WAS,OAK,1,1000000,2012,,,1000000,ACES,Lewis Wolff,Billy Beane,
2012,"Mota, Guillermo",rhp,38,,SFN,SFN,1,1000000,2012,,,1000000,Adam Katz,Charles Johnson,Brian Sabean,
2012,"Lidge, Brad",rhp,35,Type B,PHI,WAS,1,1000000,2012,,,1000000,Jim Turner,Ted Lerner,Mike Rizzo,
2012,"Ayala, Luis",rhp,34,,NYA,BAL,1,925000,2012,club,,925000,Joe Longo,Peter Angelos,Dan Duquette,
2012,"Chavez, Eric",3b,34,,NYA,NYA,1,900000,2012,,,900000,ABC Mgmt,Hal Steinbrenner,Brian Cashman,
2012,"Zumaya, Joel",rhp,27,,DET,MIN,1,850000,2012,,,850000,Hendricks Sports,Jim Pohlad,Terry Ryan,
2012,"Willis, Dontrelle",lhp,30,,CIN,PHI,1,850000,2012,,,850000,Matt Sosnick,Bill Giles,Ruben Amaro Jr.,
2012,"Kennedy, Adam",2b,36,,SEA,LAN,1,800000,2012,,,800000,Paul Cohen,Frank McCourt,Ned Colletti,
2012,"Schneider, Brian",c,35,,PHI,PHI,1,800000,2012,,,800000,B Van Wagenen,Bill Giles,Ruben Amaro Jr.,
2012,"DeRosa, Mark",1b,37,,SFN,WAS,1,800000,2012,,,800000,Career Sports,Ted Lerner,Mike Rizzo,
2012,"Snyder, Chris",c,31,Type B,PIT,HOU,1,750000,2012,mutual,,750000,LSW Baseball,Jim Crane,Jeff Luhnow,
2012,"Camp, Shawn",rhp,36,Type B,TOR,SEA,1,750000,2012,,,750000,Dave Meier,Nintendo/America,Jack Zduriencik,
2012,"Romero, J.C.",lhp,36,,COL,SLN,1,750000,2012,,,750000,MDR Sports,Bill DeWitt Jr.,John Mozeliak,
2012,"Brackman, Andrew",rhp,26,,NYA,CIN,1,500000,2012,,,500000,Boras Corp.,Bob Castellini,Walt Jocketty,
2012,"Ankiel, Rick",of,32,,WAS,WAS,0,1,2012,,,,,Ted Lerner,Mike Rizzo,$1.25M in majors
2012,"Bard, Josh",c,34,,SEA,LAN,0,1,2012,,,,,Frank McCourt,Ned Colletti,"$775,000 in majors"
2012,"Batista, Miguel",rhp,41,,NYN,NYN,0,1,2012,,,,,Fred Wilpon,Sandy Alderson,"$750,000 in majors"
2012,"Branyan, Russell",3b,36,,LAN,NYA,0,1,2012,,,,,Hal Steinbrenner,Brian Cashman,"$750,000 in majors"
2012,"Cook, Aaron",rhp-s,33,,COL,BOS,0,1,2012,,,,,John Henry,Ben Cherington,$1.5M in majors
2012,"Cora, Alex",inf,36,,WAS,SLN,0,1,2012,,,,,Bill DeWitt Jr.,John Mozeliak,"$800,000 in majors"
2012,"Cruz, Juan",rhp,33,,TBA,PIT,0,1,2012,,,,,Bob Nutting,Neal Huntington,$1.25M in majors
2012,"Damon, Johnny",of,38,,TBA,CLE,0,1,2012,,,,,Larry Dolan,Shapiro/Antonetti,$1.25M in majors
2012,"Duke, Zach",lhp,29,,ARI,HOU,0,1,2012,,,,,Jim Crane,Jeff Luhnow,
2012,"Durbin, Chad",rhp,34,,CLE,WAS,0,1,2012,,,,,Ted Lerner,Mike Rizzo,
2012,"Francis, Jeff",lhp,31,,KCA,CIN,0,1,2012,,,,,Bob Castellini,Walt Jocketty,
2012,"Garland, Jon",rhp-s,32,,LAN,CLE,0,1,2012,,,,,Larry Dolan,Shapiro/Antonetti,
2012,"Gonzalez, Mike",lhp,34,,TEX,WAS,0,1,2012,,,,,Ted Lerner,Mike Rizzo,
2012,"Grabow, John",lhp,33,,CHN,LAN,0,1,2012,,,,,Frank McCourt,Ned Colletti,"$800,000 in majors"
2012,"Guillen, Carlos",ss,36,,DET,SEA,0,1,2012,,,,,Nintendo/America,Jack Zduriencik,
2012,"Hairston, Scott",of,32,,NYN,NYN,0,1,2012,,,,,Fred Wilpon,Sandy Alderson,$1M in majors
2012,"Harris, Willie",of,34,,NYN,CIN,0,1,2012,,,,,Bob Castellini,Walt Jocketty,"$800,000 in majors"
2012,"Hawpe, Brad",of,33,,SDN,TEX,0,1,2012,,,,,RDavis/BSimpson,Jon Daniels,
2012,"Hernandez, Livan",rhp,37,,WAS,HOU,0,1,2012,,,,,Jim Crane,Jeff Luhnow,
2012,"Isringhausen, Jason",rhp,39,,NYN,ANA,0,1,2012,,,,,Arturo Moreno,Jerry Dipoto,
2012,"Izturis, Cesar",ss,32,,BAL,MIL,0,1,2012,,,,,Mark Attanasio,Doug Melvin,"$875,000 in majors"
2012,"Jackson, Conor",1b,30,,BOS,TEX,0,1,2012,,,,,RDavis/BSimpson,Jon Daniels,
2012,"Linebrink, Scott",rhp,35,,ATL,SLN,0,1,2012,,,,,Bill DeWitt Jr.,John Mozeliak,
2012,"Lopez, Jose",3b,28,,MIA,CLE,0,1,2012,,,,,Larry Dolan,Shapiro/Antonetti,
2012,"Lopez, Rodrigo",rhp,36,,CHN,CHN,0,1,2012,,,,,Tom Ricketts,T Epstein / JHoyer,
2012,"Matsui, Hideki",of-dh,38,,OAK,TBA,0,1,2012,,,,,Stuart Sternberg,Andrew Friedman,"$900,000 in majors"
2012,"Michaels, Jason",of,36,,HOU,WAS,0,1,2012,,,,,Ted Lerner,Mike Rizzo,"$800,000 in majors"
2012,"Miller, Trever",lhp,39,,BOS,CHN,0,1,2012,,,,,Tom Ricketts,T Epstein / JHoyer,"$800,000 in majors"
2012,"Millwood, Kevin",rhp,37,,COL,SEA,0,1,2012,,,,,Nintendo/America,Jack Zduriencik,$1M in majors
2012,"Nady, Xavier",of,33,,ARI,WAS,0,1,2012,,,,,Ted Lerner,Mike Rizzo,
2012,"Ortiz, Ramon",rhp,39,,CHN,SFN,0,1,2012,,,,,Charles Johnson,Brian Sabean,"$750,000 in majors"
2012,"Oswalt, Roy",rhp,34,Type A,PHI,TEX,0,1,2012,,,,,RDavis/BSimpson,Jon Daniels,$5M in majors
2012,"Padilla, Vicente",rhp,34,,LAN,BOS,0,1,2012,,,,,John Henry,Ben Cherington,$1.5M in majors
2012,"Patterson, Corey",of,32,,SLN,MIL,0,1,2012,,,,,Mark Attanasio,Doug Melvin,
2012,"Pierre, Juan",of,34,Type B,CHA,PHI,0,1,2012,,,,,Bill Giles,Ruben Amaro Jr.,"$800,000 in majors"
2012,"Pineiro, Joel",rhp,33,,ANA,PHI,0,1,2012,,,,,Bill Giles,Ruben Amaro Jr.,$1.5M in majors
2012,"Vizquel, Omar",ss,45,,CHA,TOR,0,1,2012,,,,,Edward Rogers,Alex Anthopoulos,
2012,"Wheeler, Dan",rhp,34,Type B,BOS,CLE,0,1,2012,,,,,Larry Dolan,Shapiro/Antonetti,"$900,000 in majors"
2012,"Wright, Jamey",rhp,37,,SEA,LAN,0,1,2012,,,,,Frank McCourt,Ned Colletti,"$900,000 in majors"
2012,"Young, Chris",rhp,33,,NYN,NYN,0,1,2012,,,,,Fred Wilpon,Sandy Alderson,
2012,"Pena, Wily Mo",of,30,,SEA,NPB,,,2012,,,,,,,"signed by SoftBank Hawks of Japan, 2 yr/$4.05M"
2012,"Penny, Brad",rhp,34,,DET,NPB,,,2012,,,,,,,"signed by SoftBank Hawks of Japan, 1 yr"
2012,"Burrell, Pat",of,35,Type B,SFN,dnp,,,,,,,,,,
2012,"Cabrera, Orlando",ss,37,,SFN,dnp,,,,,,,,,,
2012,"Castro, Ramon",c,36,,CHA,dnp,,,,,,,,,,
2012,"Counsell, Craig",2b,41,,MIL,dnp,,,,,,,,,,
2012,"Drew, J.D.",of,36,,BOS,dnp,,,,,,,,,,
2012,"Gload, Ross",of,36,,PHI,dnp,,,,,,,,,,
2012,"Guerrero, Vladimir",dh,37,Type B,BAL,dnp,,,,,,,,,,
2012,"Harden, Rich",rhp,30,,OAK,dnp,,,,,,,,,,
2012,"Kendall, Jason",c,38,,KCA,dnp,,,,,,,,,,
2012,"Lee, Derrek",1b,36,Type B,PIT,dnp,,,,,,,,,,
2012,"Marte, Damaso",lhp,37,,NYA,dnp,,,,,,,,,,
2012,"Miles, Aaron",2b,35,,LAN,dnp,,,,,,,,,,
2012,"Mitre, Sergio",rhp,31,,NYA,dnp,,,,,,,,,,
2012,"Ordonez, Magglio",of,38,Type B,DET,dnp,,,,,,,,,,
2012,"Posada, Jorge",dh,40,,NYA,dnp,,,,,,,,,,
2012,"Ramirez, Horacio",lhp,32,,ANA,dnp,,,,,,,,,,
2012,"Renteria, Edgar",ss,35,,CIN,dnp,,,,,,,,,,
2012,"Rhoades, Arthur",lhp,42,Type B,SLN,dnp,,,,,,,,,,
2012,"Rodriguez, Ivan",c,40,,WAS,dnp,,,,,,,,,,
2012,"Varitek, Jason",c,40,Type B,BOS,dnp,,,,,,,,,,
2012,"Vazquez, Javier",rhp,35,,MIA,dnp,,,,,,,,,,
2012,"Wakefield, Tim",rhp,45,,BOS,dnp,,,,,,,,,,
2012,"Webb, Brandon",rhp,33,,TEX,dnp,,,,,,,,,,
2011,"Crawford, Carl",of,29,Type A,TBA,BOS,7,142000000,2011-17,,,20285714,Brian Peters,John Henry,Theo Epstein,
2011,"Werth, Jayson",of,32,Type A,PHI,WAS,7,126000000,2011-17,,,18000000,Boras Corp.,Ted Lerner,Mike Rizzo,
2011,"Lee, Cliff",lhp,32,Type A,TEX,PHI,5,120000000,2011-15,club,,24000000,Darek Braunecker,Bill Giles,Ruben Amaro Jr.,
2011,"Beltre, Adrian",3b,32,Type A,BOS,TEX,5,80000000,2011-15,club,,16000000,Boras Corp.,RDavis/BSimpson,Jon Daniels,option is voidable
2011,"Dunn, Adam",1b,31,Type A,WAS,CHA,4,56000000,2011-14,,,14000000,Brian Peters,Jerry Reinsdorf,Ken Williams,
2011,"Jeter, Derek",ss,37,Type A,NYA,NYA,3,51000000,2011-13,,,17000000,CAA - C Close,Hal Steinbrenner,Brian Cashman,
2011,"Martinez, Victor",c,32,Type A,BOS,DET,4,50000000,2011-14,,,12500000,Alan Nero,Mike Ilitch,Dave Dombrowski,
2011,"Konerko, Paul",1b,35,Type A,CHA,CHA,3,37500000,2011-13,,,12500000,Craig Landis,Jerry Reinsdorf,Ken Williams,
2011,"Soriano, Rafael",rhp,31,Type A,TBA,NYA,3,35000000,2011-13,,yes,11666666,Boras Corp.,Hal Steinbrenner,Brian Cashman,
2011,"Rivera, Mariano",rhp-c,41,Type A,NYA,NYA,2,30000000,2011-12,,,15000000,SFX,Hal Steinbrenner,Brian Cashman,
2011,"Huff, Aubrey",1b,34,Type B,SFN,SFN,2,22000000,2011-12,club,,11000000,Ed Hayes,Bill Neukom,Brian Sabean,
2011,"De La Rosa, Jorge",lhp,30,Type A,COL,COL,2,21500000,2011-12,player,,10750000,Bobby Barad,Monfort brothers,Dan O'Dowd,
2011,"Uribe, Juan",inf,32,Type B,SFN,LAN,3,21000000,2011-13,,,7000000,Martin Arburua,Frank McCourt,Ned Colletti,
2011,"Buck, John",c,30,Type B,TOR,FLA,3,18000000,2011-13,,,6000000,ACES,Jeffrey Loria,L Beinfest / M Hill,
2011,"Pavano, Carl",rhp-s,35,Type A,MIN,MIN,2,16500000,2011-12,,,8250000,Tom O'Connell,Jim Pohlad,Bill Smith,
2011,"Westbrook, Jake",rhp-s,33,,SLN,SLN,2,16500000,2011-12,mutual,,8250000,Michael Maas,Bill DeWitt Jr.,John Mozeliak,
2011,"Benoit, Joaquin",rhp,33,Type B,TBA,DET,3,16500000,2011-13,,,5500000,ACES,Mike Ilitch,Dave Dombrowski,
2011,"LaRoche, Adam",1b,31,Type B,ARI,WAS,2,16000000,2011-12,mutual,,8000000,SFX,Ted Lerner,Mike Rizzo,
2011,"Downs, Scott",lhp,35,Type A,TOR,ANA,3,15000000,2011-13,,,5000000,,Arturo Moreno,Tony Reagins,
2011,"Crain, Jesse",rhp,29,Type B,MIN,CHA,3,13000000,2011-13,,,4333333,SFX,Jerry Reinsdorf,Ken Williams,
2011,"Kuroda, Hiroki",rhp,36,Type B,LAN,LAN,1,12000000,2011,,,12000000,Octagon,Frank McCourt,Ned Colletti,
2011,"Guerrier, Matt",rhp,32,Type A,MIN,LAN,3,12000000,2011-13,,,4000000,Joe Bick,Frank McCourt,Ned Colletti,
2011,"Hudson, Orlando",2b,33,Type B,MIN,SDN,2,11500000,2011-12,club,,5750000,Greg Genske,John Moores,Jed Hoyer,
2011,"Peralta, Jhonny",ss,29,Type B,DET,DET,2,11250000,2011-12,club,,5625000,ACES,Mike Ilitch,Dave Dombrowski,
2011,"Fuentes, Brian",lhp,35,Type B,MIN,OAK,2,10500000,2011-12,club,,5250000,Beverly Hills SC,Lewis Wolff,Billy Beane,
2011,"Pena, Carlos",1b,33,Type B,TBA,CHN,1,10000000,2011,,,10000000,Boras Corp.,Ricketts family,Jim Hendry,
2011,"Gregg, Kevin",rhp,33,Type B,TOR,BAL,2,10000000,2011-12,club,,5000000,Dan Horwits,Peter Angelos,Andy MacPhail,
2011,"Ordonez, Magglio",of,37,Type A,DET,DET,2,10000000,2011-12,,,5000000,Boras Corp.,Mike Ilitch,Dave Dombrowski,
2011,"Putz, J.J.",rhp,34,Type B,CHA,ARI,2,10000000,2011-12,club,,5000000,Craig Landis,Ken Kendrick,Kevin Towers,
2011,"Balfour, Grant",rhp,33,Type A,TBA,OAK,2,8100000,2011-12,club,,4050000,ACES,Lewis Wolff,Billy Beane,
2011,"Berkman, Lance",of,35,Type B,NYA,SLN,1,8000000,2011,,,8000000,Michael Moye,Bill DeWitt Jr.,John Mozeliak,
2011,"Guerrero, Vladimir",dh,36,Type A,TEX,BAL,1,8000000,2011,,,8000000,SFX,Peter Angelos,Andy MacPhail,
2011,"Correia, Kevin",rhp,30,Type B,SDN,PIT,2,8000000,2011-12,,,4000000,Barry Axelrod,Bob Nutting,Neal Huntington,
2011,"Feliciano, Pedro",lhp,34,Type B,NYN,NYA,2,8000000,2011-12,club,,4000000,MDR Sports,Hal Steinbrenner,Brian Cashman,
2011,"Pierzynski, A.J.",c,34,Type A,CHA,CHA,2,8000000,2011-12,,,4000000,Steve Hilliard,Jerry Reinsdorf,Ken Williams,
2011,"Wigginton, Ty",1b,33,,BAL,COL,2,8000000,2011-12,club,,4000000,ACES,Monfort brothers,Dan O'Dowd,
2011,"Lee, Derrek",1b,35,Type A,ATL,BAL,1,7250000,2011,,,7250000,Casey Close,Peter Angelos,Andy MacPhail,
2011,"Vazquez, Javier",rhp,34,Type B,NYA,FLA,1,7000000,2011,,,7000000,ACES,Jeffrey Loria,L Beinfest / M Hill,
2011,"Olivo, Miguel",c,32,Type B,TOR,SEA,2,7000000,2011-12,club,,3500000,Myles Kahn,Nintendo/America,Jack Zduriencik,
2011,"Tejada, Miguel",ss-3b,37,Type A,SDN,SFN,1,6500000,2011,,,6500000,SFX,Bill Neukom,Brian Sabean,
2011,"Torrealba, Yorvit",c,32,Type B,SDN,TEX,2,6250000,2011-12,,,3125000,MDR Sports,RDavis/BSimpson,Jon Daniels,
2011,"Contreras, Jose",rhp,39,,PHI,PHI,2,5500000,2011-12,club,,2750000,Jaime Torres,Bill Giles,Ruben Amaro Jr.,
2011,"Damon, Johnny",lf,37,Type B,DET,TBA,1,5250000,2011,,,5250000,Boras Corp.,Stuart Sternberg,Andrew Friedman,
2011,"Garland, Jon",rhp,31,Type B,SDN,LAN,1,5000000,2011,club,,5000000,Craig Landis,Frank McCourt,Ned Colletti,
2011,"Overbay, Lyle",1b,34,,TOR,PIT,1,5000000,2011,,,5000000,Steve Hilliard,Bob Nutting,Neal Huntington,
2011,"Matsui, Hideki",dh,37,Type B,ANA,OAK,1,4250000,2011,,,4250000,Arn Tellum,Lewis Wolff,Billy Beane,
2011,"Rhodes, Arthur",lhp,41,Type A,CIN,TEX,1,4100000,2011,vesting,,4100000,Dan Horwits,RDavis/BSimpson,Jon Daniels,
2011,"Francisco, Frank",rhp,31,Type A,TEX,TOR,1,4000000,2011,,,4000000,,,,acquired by Toronto in trade after being offered salary arbitration by Texas
2011,"Harang, Aaron",rhp,33,,CIN,SDN,1,4000000,2011,mutual,,4000000,ACES,John Moores,Jed Hoyer,
2011,"Ohman, Will",lhp,33,,FLA,CHA,2,4000000,2011-13,,,2000000,Dan Horwits,Jerry Reinsdorf,Ken Williams,
2011,"Rauch, Jon",rhp,32,Type B,MIN,TOR,1,3750000,2011,club,,3750000,,,,
2011,"Dotel, Octavio",rhp,37,Type B,COL,TOR,1,3500000,2011,club,,3500000,Dan Horwits,,,
2011,"Frasor, Jason",rhp,33,Type A,TOR,TOR,1,3500000,2011,club,,3500000,,,,
2011,"Barajas, Rod",c,35,Type B,LAN,LAN,1,3250000,2011,,,3250000,Dan Lozano,Frank McCourt,Ned Colletti,
2011,"Farnsworth, Kyle",rhp,35,,ATL,TBA,1,3250000,2011,,,3250000,Meister Sports,Stuart Sternberg,Andrew Friedman,
2011,"Hall, Bill",2b,31,,BOS,HOU,1,3250000,2011,mutual,,3250000,Gaylord Sports,Drayton McLane,Ed Wade,
2011,"Hawpe, Brad",of,32,Type B,TB,SDN,1,3000000,2011,mutual,,3000000,Dan Horwits,John Moores,Jed Hoyer,
2011,"Hernandez, Ramon",c,35,Type A,CIN,CIN,1,3000000,2011,,,3000000,Eric Goldschmidt,Bob Castellini,Walt Jocketty,
2011,"Penny, Brad",rhp,33,,SLN,DET,1,3000000,2011,,,3000000,Brian Peters,Mike Ilitch,Dave Dombrowski,
2011,"Thome, Jim",dh,40,,MIN,MIN,1,3000000,2011,,,3000000,SFX,Jim Pohlad,Bill Smith,
2011,"Uehara, Koji",rhp,36,Type B,BAL,BAL,1,3000000,2011,vesting,,3000000,,Peter Angelos,Andy MacPhail,
2011,"Webb, Brandon",rhp,32,,ARI,TEX,1,3000000,2011,,,3000000,Jonathan Maurer,RDavis/BSimpson,Jon Daniels,
2011,"Wheeler, Dan",rhp,33,Type A,TBA,BOS,1,3000000,2011,club,,3000000,,John Henry,Theo Epstein,
2011,"Blum, Geoff",inf,38,,HOU,ARI,2,2700000,2011-12,,,1350000,Arn Tellum,Ken Kendrick,Kevin Towers,
2011,"Qualls, Chad",rhp,32,Type B,TB,SDN,1,2550000,2011,club,,2550000,Matt Sosnick,John Moores,Jed Hoyer,
2011,"Choate, Randy",lhp,35,Type B,TBA,FLA,2,2500000,2011-12,,,1250000,ACES,Jeffrey Loria,L Beinfest / M Hill,
2011,"Renteria, Edgar",ss,34,,SFN,CIN,1,2100000,2011,,,2100000,Meister Sports,Bob Castellini,Walt Jocketty,
2011,"Ramirez, Manmy",dh-lf,39,Type A,CHA,TBA,1,2000020,2011,,,2000020,Boras Corp.,Stuart Sternberg,Andrew Friedman,
2011,"Chen, Bruce",lhp,34,,KCA,KCA,1,2000000,2011,,,20000000,Boras Corp.,David Glass,Dayton Moore,
2011,"Cairo, Miguel",3b,37,,CIN,CIN,1,2000000,2011,,,2000000,ACES,Bob Castellini,Walt Jocketty,
2011,"Francis, Jeff",lhp-s,30,,COL,KCA,1,2000000,2011,,,2000000,Jim Lindell,David Glass,Dayton Moore,
2011,"Hairston, Jerry",of,35,,SDN,WAS,1,2000000,2011,,,2000000,,Ted Lerner,Mike Rizzo,
2011,"Jones, Andruw",of,34,,CHA,NYA,1,2000000,2011,,,2000000,Boras Corp.,Hal Steinbrenner,Brian Cashman,
2011,"Mora, Melvin",3b,39,,COL,ARI,1,2000000,2011,,,2000000,Lon Babby,Ken Kendrick,Kevin Towers,
2011,"Padilla, Vicente",rhp,33,Type B,LAN,LAN,1,2000000,2011,,,2000000,Wasserman,Frank McCourt,Ned Colletti,
2011,"Varitek, Jason",c,39,Type B,BOS,BOS,1,2000000,2011,,,2000000,Boras Corp.,John Henry,Theo Epstein,
2011,"Heilman, Aaron",rhp,32,Type B,ARI,ARI,1,2000000,2011,,,200000,Mark Rodgers,Ken Kendrick,Kevin Towers,
2011,"Nady, Xavier",of-1b,32,,CHN,ARI,1,1750000,2011,,,1750000,Boras Corp.,Ken Kendrick,Kevin Towers,
2011,"Ankiel, Rick",of,31,,ATL,WAS,1,1500000,2011,,,1500000,Boras Corp.,Ted Lerner,Mike Rizzo,
2011,"Capuano, Chris",lhp,32,,MIL,NYN,1,1500000,2011,,,1500000,,Fred Wilpon,Sandy Alderson,
2011,"Izturis, Cesar",ss,31,,BAL,BAL,1,1500000,2011,,,1500000,,Peter Angelos,Andy MacPhail,
2011,"Wood, Kerry",rhp,34,Type B,NYA,CHN,1,1500000,2011,,,1500000,SFX,Ricketts family,Jim Hendry,
2011,"Hinske, Eric",of,33,,ATL,ATL,1,1450000,2011,club,,1450000,,Liberty Media,Frank Wren,
2011,"Counsell, Craig",inf,40,,MIL,MIL,1,1400000,2011,,,1400000,Meister Sports,Mark Attanasio,Doug Melvin,
2011,"Romero, J.C.",lhp,35,,PHI,PHI,1,1350000,2011,,,1350000,Dan Lozano,Bill Giles,Ruben Amaro Jr.,
2011,"Kearns, Austin",of,31,,NYA,CLE,1,1300000,2011,,,1300000,Hendricks Sports,Larry Dolan,Shapiro/Antonetti,
2011,"Blanco, Henry",c,39,,NYN,ARI,1,1250000,2011,mutual,,1250000,Steve Schneider,Ken Kendrick,Kevin Towers,
2011,"Young, Chris",rhp,32,,SDN,NYN,1,1100000,2011,,,1100000,Lon Babby,Fred Wilpon,Sandy Alderson,
2011,"Bloomquist, Willie",of,33,,CIN,ARI,1,1050000,2011,mutual,,1050000,Boras Corp.,Ken Kendrick,Kevin Towers,
2011,"Bedard, Erik",lhp-s,32,,SEA,SEA,1,1000000,2011,,,1000000,SFX,Nintendo/America,Jack Zduriencik,
2011,"Branyan, Russell",1b,35,,SEA,ARI,1,1000000,2011,,,1000000,ACES,Ken Kendrick,Kevin Towers,
2011,"Burrell, Pat",of,34,,SFN,SFN,1,1000000,2011,,,1000000,Greg Genske,Bill Neukom,Brian Sabean,
2011,"Cabrera, Orlando",ss,36,Type B,CIN,CLE,1,1000000,2011,,,1000000,Dan Lozano,Larry Dolan,Shapiro/Antonetti,
2011,"Laird, Gerald",c,31,Type B,DET,SLN,1,1000000,2011,,,1000000,Boras Corp.,Bill DeWitt Jr.,John Mozeliak,
2011,"Thames, Marcus",of,34,,NYA,LAN,1,1000000,2011,,,1000000,,Frank McCourt,Ned Colletti,
2011,"Patterson, Corey",of,31,,BAL,TOR,1,900000,2011,,,900000,Boras Corp.,,,
2011,"Reyes, Dennys",lhp,34,,SLN,BOS,1,900000,2011,,,900000,Oscar Suarez,John Henry,Theo Epstein,
2011,"Cantu, Jorge",inf,29,,TEX,SDN,1,850000,2011,,,850000,Wasserman,John Moores,Jed Hoyer,
2011,"Treanor, Matt",c,35,,TEX,TEX,1,850000,2011,,,850000,,RDavis/BSimpson,Jon Daniels,
2011,"Durbin, Chad",rhp,33,Type B,PHI,CLE,1,800000,2011,,,800000,,Larry Dolan,Shapiro/Antonetti,
2011,"Kotsay, Mark",of,35,,CHA,MIL,1,800000,2011,,,800000,Greg Genske,Mark Attanasio,Doug Melvin,
2011,"Batista, Miguel",rhp,40,,WAS,SLN,1,750000,2011,,,750000,Martin Arburua,Bill DeWitt Jr.,John Mozeliak,
2011,"Punto, Nick",3b,33,,MIN,SLN,1,750000,2011,,,750000,Jeff Caufield,Bill DeWitt Jr.,John Mozeliak,
2011,"Duchscherer, Justin",rhp,33,,TEX,BAL,1,700000,2011,,,700000,Damon Lapa,Peter Angelos,Andy MacPhail,
2011,"Bard, Josh",c,33,,SEA,SEA,0,1,2011,,,,Octagon,Nintendo/America,Jack Zduriencik,"$750,000 in majors"
2011,"Beimel, Joe",lhp,34,,COL,PIT,0,1,2011,,,,Joe Sroba,Bob Nutting,Neal Huntington,"$1,750,000 in majors"
2011,"Bush, David",rhp,31,,MIL,TEX,0,1,2011,,,,Rex Gary,RDavis/BSimpson,Jon Daniels,
2011,"Chavez, Eric",3b,33,,OAK,NYA,0,1,2011,,,,ABC Mgmt,Hal Steinbrenner,Brian Cashman,"$1,500,000 in majors"
2011,"Davis, Doug",lhp,35,,MIL,CHN,0,1,2011,,,,,Ricketts family,Jim Hendry,"$900,000 in majors"
2011,"Edmonds, Jim",of,41,,CIN,SLN,0,1,2011,,,,Paul Cohen,Bill DeWitt Jr.,John Mozeliak,"$1,000,000 in majors"
2011,"Feliz, Pedro",3b,36,,SLN,KCA,0,1,2011,,,,ACES,David Glass,Dayton Moore,
2011,"Garcia, Freddy",rhp,34,,CHA,NYA,0,1,2011,,,,Peter Greenberg,Hal Steinbrenner,Brian Cashman,"$1,500,000 in majors"
2011,"Giambi, Jason",1b,40,,COL,COL,0,1,2011,,,,SFX,Monfort brothers,Dan O'Dowd,"$1,000,000 in majors"
2011,"Harris, Willie",of,33,,WAS,NYN,0,1,2011,,,,Daryl Buford,Fred Wilpon,Sandy Alderson,"$800,000 in majors"
2011,"Hendrickson, Mark",lhp,37,,BAL,BAL,0,1,2011,,,,Joe Urbon,Peter Angelos,Andy MacPhail,"$900,000 in majors"
2011,"Johnson, Nick",1b,32,,NYA,CLE,0,1,2011,,,,Rex Gary,Larry Dolan,Shapiro/Antonetti,
2011,"Johnson, Reed",of,34,,LAN,CHN,0,1,2011,,,,,Ricketts family,Jim Hendry,"$900,000 in majors"
2011,"Kennedy, Adam",2b,35,,WAS,SEA,0,1,2011,,,,Paul Cohen,Nintendo/America,Jack Zduriencik,"$750,000 in majors"
2011,"Lopez, Felipe",3b,31,Type B,BOS,TBA,0,1,2011,,,,Beverly Hills SC,Stuart Sternberg,Andrew Friedman,"$1,000,000 in majors"
2011,"Lopez, Rodrigo",rhp,35,,ARI,ATL,0,1,2011,,,,,Liberty Media,Frank Wren,
2011,"Lugo, Julio",2b,35,,BAL,ATL,0,1,2011,,,,Dan Lozano,Liberty Media,Frank Wren,
2011,"Mahay, Ron",lhp,40,,MIN,LAN,0,1,2011,,,,,Frank McCourt,Ned Colletti,
2011,"Miles, Aaron",2b,34,,SLN,LAN,0,1,2011,,,,,Frank McCourt,Ned Colletti,"$500,000 in majors"
2011,"Millwood, Kevin",rhp-s,36,Type B,BAL,NYA,0,1,2011,,,,Boras Corp.,Hal Steinbrenner,Brian Cashman,"$1,500,000 in majors"
2011,"Mota, Guillermo",rhp,37,,SFN,SFN,0,1,2011,,,,Adam Katz,Bill Neukom,Brian Sabean,"$925,000 in majors"
2011,"Podsednik, Scott",of,35,Type B,LAN,TOR,0,1,2011,,,,Ryan Gleichowski,,,"$1,000,000 in majors"
2011,"Stairs, Matt",of,43,,SDN,WAS,0,1,2011,,,,RMG Baseball,Ted Lerner,Mike Rizzo,"$850,000 in majors"
2011,"Suppan, Jeff",rhp,36,,SLN,SFN,0,1,2011,,,,,Bill DeWitt Jr.,John Mozeliak,"$1,000,000 in majors"
2011,"Winn, Randy",of,37,,SLN,BAL,0,1,2011,,,,Craig Landis,Peter Angelos,Andy MacPhail,"$900,000 in majors"
2011,"Wright, Jamey",rhp,36,,SEA,SEA,0,1,2011,,,,Casey Close,Nintendo/America,Jack Zduriencik,"$900,000 in majors"
2011,"Zaun, Gregg",c,40,,MIL,SDN,0,1,2011,,,,West Coast Sports,John Moores,Jed Hoyer,"$800,000 in majors"
2011,"Park, Chan Ho",rhp,38,,PIT,NPB,,,,,,,,,,signed by Orix of Japan
2011,"Ausmas, Brad",c,42,,LAN,dnp,,,,,,,,,,
2011,"Baldelli, Rocco",dh,29,,TBA,dnp,,,,,,,,,,
2011,"Benson, Kris",rhp,36,,ARI,dnp,,,,,,,,,,
2011,"Bonderman, Jeremy",rhp,28,,DET,dnp,,,,,,,,,,
2011,"Dessens, Elmer",rhp,40,,NYN,dnp,,,,,,,,,,
2011,"Ecksein, David",2b,36,Type B,SDN,dnp,,,,,,,,,,
2011,"Escobar, Kelvim",rhp,35,,NYN,dnp,,,,,,,,,,
2011,"Flores, Randy",lhp,35,,MIN,dnp,,,,,,,,,,
2011,"Glaus, Troy",1b,34,,ATL,dnp,,,,,,,,,,
2011,"Guillen, Jose",of,35,,SFN,dnp,,,,,,,,,,
2011,"Guzman, Cristian",ss,33,,TEX,dnp,,,,,,,,,,
2011,"Hampton, Mike",lhp,38,,ARI,dnp,,,,,,,,,,
2011,"Hoffman, Trevor",rhp,43,Type B,MIL,dnp,,,,,,,,,,
2011,"Kapler, Gabe",of,35,,TBA,dnp,,,,,,,,,,
2011,"LaRue, Jason",c,37,,SLN,dnp,,,,,,,,,,
2011,"Lincoln, Mike",rhp,36,,CIN,dnp,,,,,,,,,,
2011,"Lowell, Mike",3b,37,Type B,BOS,dnp,,,,,,,,,,
2011,"MacDougal, Mike",rhp,34,,SLN,dnp,,,,,,,,,,
2011,"Mench, Kevin",of,33,,WAS,dnp,,,,,,,,,,
2011,"Moehler, Brian",rhp,39,,HOU,dnp,,,,,,,,,,
2011,"Molina, Bengie",c,36,Type A,TEX,dnp,,,,,,,,,,
2011,"Moeller, Chad",c,36,,NYA,dnp,,,,,,,,,,
2011,"Payton, Jay",of,38,,COL,dnp,,,,,,,,,,
2011,"Pettitte, Andy",lhp,39,Type A,NYA,dnp,,,,,,,,,,
2011,"Seay, Bobby",lhp,33,,DET,dnp,,,,,,,,,,
2011,"Sheets, Ben",rhp,32,,OAK,dnp,,,,,,,,,,
2011,"Shields, Scot",rhp,35,,ANA,dnp,,,,,,,,,,
2011,"Sosa, Jorge",rhp,33,,FLA,dnp,,,,,,,,,,
2011,"Springer, Russ",rhp,42,,CIN,dnp,,,,,,,,,,
2011,"Sweeney, Mike",1b,37,,PHI,dnp,,,,,,,,,,
2011,"Tatis, Fernando",3b-of,36,,NYN,dnp,,,,,,,,,,
2011,"Tracy, Chad",3b,31,,FLA,dnp,,,,,,,,,,
2011,"Weaver, Jeff",rhp,34,,LAN,dnp,,,,,,,,,,
2011,"Woodward, Chris",ss,35,,SEA,dnp,,,,,,,,,,
2010,"Holliday, Matt",lf,30,Type A,SLN,SLN,7,120000000,2010-16,club,,17142857,Boras Corp.,Bill DeWitt Jr.,John Mozeliak,
2010,"Lackey, John",rhp,31,Type A,ANA,BOS,5,82500000,2010-14,conditional,,16500000,Octagon,John Henry,Theo Epstein,
2010,"Bay, Jason",of,31,Type A,BOS,NYN,4,66000000,2010-13,club,,16500000,Joe Urbon,Fred Wilpon,Omar Minaya,
2010,"Figgins, Chone",3b,32,Type A,ANA,SEA,4,36000000,2010-13,vesting,,9000000,Career Sports,Nintendo/America,Jack Zduriencik,
2010,"Wolf, Randy",lhp,33,Type A,LAN,MIL,3,29750000,2010-12,club,,9916667,SFX,Mark Attanasio,Doug Melvin,
2010,"Polanco, Placido",inf,34,Type A,DET,PHI,3,18000000,2010,mutual,,6000000,Adam Katz,Bill Giles,Ruben Amaro Jr.,
2010,"Pineiro, Joel",rhp,31,Type B,SLN,ANA,2,16000000,2010-11,,,8000000,SFX,Arturo Moreno,Tony Reagins,
2010,"Cameron, Mike",of,37,Type B,MIL,BOS,2,15500000,2010-11,,,7750000,Mike Nicotera,John Henry,Theo Epstein,
2010,"Marquis, Jason",rhp,31,Type B,COL,WAS,2,15000000,2010-11,,,7500000,ACES,Ted Lerner,Mike Rizzo,
2010,"Byrd, Marlon",of,32,Type B,TEX,CHN,3,15000000,2010,,,5000000,ACES,Tom Ricketts,Jim Hendry,
2010,"Lyon, Brandon",rhp,30,Type B,DET,HOU,3,15000000,2010-12,,,5000000,Meister Sports,Drayton McLane,Ed Wade,
2010,"Valverde, Jose",rhp,32,Type A,HOU,DET,2,14000000,2010-11,club,,7000000,Bill Rego,Mike Ilitch,Dave Dombrowski,
2010,"Scutaro, Marco",ss,34,Type A,TOR,BOS,2,12500000,2010-11,player,,6250000,Peter Greenberg,John Henry,Theo Epstein,
2010,"DeRosa, Mark",inf-of,35,Type B,SLN,SFN,2,12000000,2010-11,,,6000000,Career Sports,Bill Neukom,Brian Sabean,
2010,"Gonzalez, Mike",lhp,32,Type A,ATL,BAL,2,12000000,2010-11,,,6000000,Boras Corp.,Peter Angelos,Andy MacPhail,
2010,"Pettitte, Andy",lhp,38,Type B,NYA,NYA,1,11750000,2010,,,11750000,Hendricks Sports,Hal Steinbrenner,Brian Cashman,
2010,"Rodney, Fernando",rhp,33,Type B,DET,ANA,2,11000000,2010-11,,,5500000,Bill Rego,Arturo Moreno,Tony Reagins,
2010,"Beltre, Adrian",3b,31,Type B,SEA,BOS,1,10000000,2010,player,,10000000,Boras Corp.,John Henry,Theo Epstein,
2010,"Damon, Johnny",of,36,Type A,NYA,DET,1,8000000,2010,,,8000000,Boras Corp.,Mike Ilitch,Dave Dombrowski,
2010,"Betancourt, Rafael",rhp,35,Type A,COL,COL,2,7550000,2010-11,,,3775000,Octagon,Monfort brothers,Dan O'Dowd,
2010,"Grabow, John",lhp,31,Type A,CHN,CHN,1,7500000,2010,,,7500000,Paul Kinzer,Tom Ricketts,Jim Hendry,
2010,"Penny, Brad",rhp,32,,SFN,SLN,1,7500000,2010,,,7500000,Brian Peters,Bill DeWitt Jr.,John Mozeliak,
2010,"Hawkins, LaTroy",rhp,37,Type A,HOU,MIL,2,7500000,2010-11,,,3750000,Reynolds Sports,Mark Attanasio,Doug Melvin,
2010,"Harden, Rich",rhp,28,Type B,CHN,TEX,1,7250000,2010,mutual,,7250000,Wasserman,Tom Hicks,Jon Daniels,
2010,"Soriano, Rafael",rhp,30,Type A,ATL,TBA,1,7250000,2010,,,7250000,Boras Corp.,Stuart Sternberg,Andrew Friedman,Signed after being acquired in trade from Atlanta
2010,"Pavano, Carl",rhp,34,Type B,MIN,MIN,1,7000000,2010,,,7000000,Tom O'Connell,Jim Pohlad,Bill Smith,
2010,"Wagner, Billy",lhp,38,Type A,BOS,ATL,1,7000000,2010,club,,7000000,Bean Stringfellow,Liberty Media,Frank Wren,
2010,"Guerrero, Vladimir",dh,35,Type B,ANA,TEX,1,6500000,2010,mutual,,6500000,SFX,Tom Hicks,Jon Daniels,
2010,"LaRoche, Adam",1b,30,Type B,ATL,ARI,1,6000000,2010,mutual,,6000000,SFX,Ken Kendrick,Josh Byrnes,
2010,"Matsui, Hideki",of,36,,NYA,ANA,1,6000000,2010,,,6000000,SFX,Arturo Moreno,Tony Reagins,
2010,"Tejada, Miguel",ss,36,Type A,HOU,BAL,1,6000000,2010,,,6000000,SFX,Peter Angelos,Andy MacPhail,
2010,"Kendall, Jason",c,36,Type B,MIL,KCA,2,6000000,2010,,,3000000,SFX,David Glass,Dayton Moore,
2010,"Rodriguez, Ivan",c,38,Type B,TEX,WAS,2,6000000,2010-11,,,3000000,Boras Corp.,Ted Lerner,Mike Rizzo,
2010,"Johnson, Nick",1b,31,Type B,FLA,NYA,1,5750000,2010,mutual,,5750000,Rex Gary,Hal Steinbrenner,Brian Cashman,
2010,"Crisp, Coco",of,30,,KCA,OAK,1,5500000,2010,club,,5500000,Steve Comte,Lewis Wolff,Billy Beane,
2010,"Garland, Jon",rhp,30,Type B,LAN,SDN,1,5300000,2010,mutual,,5300000,Craig Landis,John Moores,Jed Hoyer,
2010,"Davis, Doug",lhp,34,Type B,ARI,MIL,1,5250000,2010,mutual,,5250000,Steve Canter,Mark Attanasio,Doug Melvin,
2010,"Baez, Danys",rhp,32,,BAL,PHI,2,5250000,2010-11,,,2625000,Greg Genske,Bill Giles,Ruben Amaro Jr.,
2010,"Myers, Brett",rhp,29,,PHI,HOU,1,5100000,2010,mutual,,5100000,Craig Landis,Drayton McLane,Ed Wade,
2010,"Padilla, Vicente",rhp,32,Type B,LAN,LAN,1,5025000,2010,,,5025000,Wasserman,Frank McCourt,Ned Colletti,
2010,"Hudson, Orlando",2b,32,Type A,LAN,MIN,1,5000000,2010,,,5000000,Greg Genske,Jim Pohlad,Bill Smith,
2010,"Feliz, Pedro",3b,35,,HOU,HOU,1,4500000,2010,,,4500000,ACES,Drayton McLane,Ed Wade,
2010,"Molina, Bengie",c,35,Type A,SFN,SFN,1,4500000,2010,,,4500000,Alan Nero,Bill Neukom,Brian Sabean,
2010,"Carroll, Jamey",2b,36,,CLE,LAN,2,3850000,2010-11,,,1925000,Jonathan Maurer,Frank McCourt,Ned Colletti,
2010,"Dotel, Octavio",rhp,36,Type A,CHA,PIT,1,3500000,2010,club,,3500000,Dan Horwits,Bob Nutting,Neal Huntington,
2010,"Nady, Xavier",of,31,Type B,NYA,CHN,1,3300000,2010,,,3300000,Boras Corp.,Tom Ricketts,Jim Hendry,
2010,"Ankiel, Rick",of,30,,SLN,KCA,1,3250000,2010,,,3250000,,David Glass,Dayton Moore,
2010,"Oliver, Darren",lhp,39,Type A,ANA,TEX,1,3250000,2010,,,3250000,Jay Franklin,Tom Hicks,Jon Daniels,
2010,"Uribe, Juan",2b,31,,SFN,SFN,1,3250000,2010,,,3250000,Martin Arburua,Bill Neukom,Brian Sabean,
2010,"Cabrera, Orlando",ss,35,Type A,MIN,CIN,1,3020000,2010,mutual,,3020000,Dan Lozano,Bob Castellini,Walt Jocketty,
2010,"Huff, Aubrey",of,33,,DET,SFN,1,3000000,2010,,,3000000,SFX,Bill Neukom,Brian Sabean,
2010,"Putz, J.J.",rhp,33,,NYN,CHA,1,3000000,2010,,,3000000,Craig Landis,Jerry Reinsdorf,Ken Williams,
2010,"McDonald, John",ss,35,,TOR,TOR,2,3000000,2010-11,,,1500000,SFX,Edward Rogers,Alex Anthopoulos,
2010,"Gonzalez, Alex",ss,33,,BOS,TOR,1,2750000,2010,club,,2750000,Eric Goldschmidt,Edward Rogers,Alex Anthopoulos,
2010,"Gregg, Kevin",rhp,32,Type A,CHN,TOR,1,2750000,2010,club,,2750000,Dan Horwits,Edward Rogers,Alex Anthopoulos,
2010,"Schneider, Brian",c,33,,NYN,PHI,2,2750000,2010,,,1375000,Ron Shapiro,Bill Giles,Ruben Amaro Jr.,
2010,"Gload, Ross",1b-of,34,,FLA,PHI,2,2600000,2010-11,,,1300000,,Bill Giles,Ruben Amaro Jr.,
2010,"Olivo, Miguel",c,31,Type B,KCA,COL,1,2500000,2010,club,,2500000,Dan Horwits,Monfort brothers,Dan O'Dowd,
2010,"Howry, Bob",rhp,36,Type B,SFN,ARI,1,2250000,2010,,,2250000,,Ken Kendrick,Josh Byrnes,
2010,"Zaun, Gregg",c,39,Type B,TBA,MIL,1,2150000,2010,club,,2150000,West Coast Sports,Mark Attanasio,Doug Melvin,
2010,"Hairston, Jerry",inf-of,34,,NYA,SDN,1,2125000,2010,,,2125000,,John Moores,Jed Hoyer,
2010,"Counsell, Craig",inf,39,,MIL,MIL,1,2100000,2010,,,2100000,Meister Sports,Mark Attanasio,Doug Melvin,
2010,"Branyan, Russell",1b,34,,SEA,CLE,1,2000000,2010,mutual,,2000000,Dan Lozano,Larry Dolan,Mark Shapiro,
2010,"Cora, Alex",ss,34,,NYN,NYN,1,2000000,2010,,,2000000,,Fred Wilpon,Omar Minaya,
2010,"Bedard, Erik",lhp,31,Type B,SEA,SEA,1,1750000,2010,mutual,,1750000,SFX,Nintendo/America,Jack Zduriencik,
2010,"Duchscherer, Justin",rhp,32,Type B,OAK,OAK,1,1750000,2010,,,1750000,Damon Lapa,Lewis Wolff,Billy Beane,
2010,"Giambi, Jason",1b,39,,COL,COL,1,1750000,2010,,,1750000,SFX,Monfort brothers,Dan O'Dowd,
2010,"Glaus, Troy",3b-1b,33,Type B,SLN,ATL,1,1750000,2010,,,1750000,Mike Nicotera,Liberty Media,Frank Wren,
2010,"Podsednik, Scott",of,34,,CHA,KCA,1,1750000,2010,,,1750000,Ryan Gleichowski,David Glass,Dayton Moore,
2010,"Everett, Adam",ss,33,,DET,DET,1,1550000,2010,,,1550000,Lonnie Cooper,Mike Ilitch,Dave Dombrowski,
2010,"Contreras, Jose",rhp,38,,COL,PHI,1,1500000,2010,,,1500000,Jaime Torres,Bill Giles,Ruben Amaro Jr.,
2010,"Kennedy, Adam",3b,34,,OAK,WAS,1,1500000,2010,club,,1500000,Paul Cohen,Ted Lerner,Mike Rizzo,
2010,"Thome, Jim",dh-1b,39,,LAN,MIN,1,1500000,2010,,,1500000,SFX,Jim Pohlad,Bill Smith,
2010,"Hendrickson, Mark",lhp,36,,BAL,BAL,1,1400000,2010,club,,1400000,CAA - Joe Urbon,Peter Angelos,Andy MacPhail,
2010,"Vizquel, Omar",ss,43,,TEX,CHA,1,1375000,2010,,,1375000,Adam Katz,Jerry Reinsdorf,Ken Williams,
2010,"Donnelly, Brendan",rhp,38,,FLA,PIT,1,1350000,2010,,,1350000,Dominic Torres,Bob Nutting,Neal Huntington,
2010,"Ohman, Will",lhp,32,Type B,LAN,BAL,1,1350000,2010,,,1350000,,Peter Angelos,Andy MacPhail,
2010,"Mora, Melvin",3b,38,Type B,BAL,COL,1,1300000,2010,,,1300000,Lon Babby,Monfort brothers,Dan O'Dowd,
2010,"Escobar, Kelvim",rhp,34,,LAN,NYN,1,1250000,2010,,,1250000,Peter Greenberg,Fred Wilpon,Omar Minaya,
2010,"Torrealba, Yorvit",c,31,Type B,COL,SDN,1,1250000,2010,mutual,,1250000,MDR Sports,John Moores,Jed Hoyer,
2010,"Park, Chan Ho",rhp,37,Type B,PHI,NYA,1,1200000,2010,,,1200000,Jeff Borris,Hal Steinbrenner,Brian Cashman,
2010,"Winn, Randy",of,36,Type B,SFN,NYA,1,1100000,2010,,,1100000,Craig Landis,Hal Steinbrenner,Brian Cashman,
2010,"Ausmus, Brad",c,41,,LAN,LAN,1,1000000,2010,club,,1000000,Peter Mrowka,Frank McCourt,Ned Colletti,
2010,"Batista, Miguel",rhp,39,,SEA,WAS,1,1000000,2010,,,1000000,Martin Arburua,Ted Lerner,Mike Rizzo,
2010,"Castro, Ramon",c,34,,CHA,CHA,1,1000000,2010,,,1000000,Jaime Torres,Jerry Reinsdorf,Ken Williams,
2010,"Crosby, Bobby",inf,30,,OAK,PIT,1,1000000,2010,,,1000000,Paul Cohen,Bob Nutting,Neal Huntington,
2010,"Hinske, Eric",of,32,,NYA,ATL,1,1000000,2010,,,1000000,,Liberty Media,Frank Wren,
2010,"Lopez, Felipe",2b,30,Type B,MIL,SLN,1,1000000,2010,,,1000000,Beverly Hills SC,Bill DeWitt Jr.,John Mozeliak,
2010,"Wellemeyer, Todd",rhp-s,31,,SLN,SFN,1,1000000,2010,,,1000000,,Bill Neukom,Brian Sabean,
2010,"LaRue, Jason",c,36,,SLN,SLN,1,950000,2010,,,950000,,Bill DeWitt Jr.,John Mozeliak,
2010,"Barajas, Rod",c,34,Type B,TOR,NYN,1,900000,2010,,,900000,,Fred Wilpon,Omar Minaya,
2010,"Hernandez, Livan",rhp,35,,WAS,WAS,1,900000,2010,,,900000,Greg Genske,Ted Lerner,Mike Rizzo,
2010,"Tracy, Chad",1b,30,,ARI,CHN,1,900000,2010,,,900000,Alan Nero,Tom Ricketts,Jim Hendry,
2010,"Vargas, Claudio",rhp,32,,MIL,MIL,1,900000,2010,,,900000,,Mark Attanasio,Doug Melvin,
2010,"Wright, Jamey",rhp,35,,KCA,CLE,1,900000,2010,,,900000,CAA - C Close,Larry Dolan,Mark Shapiro,
2010,"Beimel, Joe",lhp,33,Type B,COL,COL,1,850000,2010,,,850000,Joe Sroba,Monfort brothers,Dan O'Dowd,
2010,"Redmond, Mike",c,39,,MIN,CLE,1,850000,2010,,,850000,,Larry Dolan,Mark Shapiro,
2010,"Springer, Russ",rhp,41,Type B,TBA,CIN,1,850000,2010,,,850000,Hendricks Sports,Bob Castellini,Walt Jocketty,
2010,"Tatis, Fernando",inf-of,35,Type B,NYN,NYN,1,850000,2010,,,850000,Gary Goodman,Fred Wilpon,Omar Minaya,
2010,"Belliard, Ronnie",2b,35,Type B,LAN,LAN,1,825000,2010,,,825000,Dominic Torres,Frank McCourt,Ned Colletti,
2010,"Johnson, Reed",of,33,,CHN,LAN,1,800000,2010,,,800000,,Frank McCourt,Ned Colletti,
2010,"Michaels, Jason",of,34,,HOU,HOU,1,800000,2010,,,800000,,Drayton McLane,Ed Wade,
2010,"Molina, Jose",c,35,,NYA,TOR,1,800000,2010,club,,800000,Alan Nero,Edward Rogers,Alex Anthopoulos,
2010,"Weaver, Jeff",rhp-s,33,,LAN,LAN,1,800000,2010,,,800000,Boras Corp.,Frank McCourt,Ned Colletti,
2010,"Blanco, Henry",c,38,,SDN,NYN,1,750000,2010,,,750000,Steve Schneider,Fred Wilpon,Omar Minaya,
2010,"Castro, Juan",ss,38,,LAN,PHI,1,750000,2010,,,750000,,Bill Giles,Ruben Amaro Jr.,
2010,"Greene, Khalil",ss,30,,SLN,TEX,1,750000,2010,,,750000,Mike Milchin,Tom Hicks,Jon Daniels,subsequently voided
2010,"Kearns, Austin",of,30,,WAS,CLE,1,750000,2010,,,750000,Hendricks Sports,Larry Dolan,Mark Shapiro,
2010,"Mota, Guillermo",rhp,36,Type B,LAN,SFN,1,750000,2010,,,750000,Adam Katz,Bill Neukom,Brian Sabean,
2010,"Stairs, Matt",of,42,,PHI,SDN,1,700000,2010,,,700000,RMG Baseball,John Moores,Jed Hoyer,
2010,"Catalanotto, Frank",of,36,,MIL,NYN,1,650000,2010,,,650000,Octagon,Fred Wilpon,Omar Minaya,
2010,"Chen, Bruce",lhp,33,,KCA,KCA,1,650000,2010,,,650000,Boras Corp.,David Glass,Dayton Moore,
2010,"Sweeney, Mike",dh-1b,36,,SEA,SEA,1,650000,2010,,,650000,ACES,Nintendo/America,Jack Zduriencik,
2010,"Anderson, Garret",of,38,Type B,ATL,LAN,1,550000,2010,,,550000,Chris Arnold,Frank McCourt,Ned Colletti,
2010,"Cairo, Miguel",2b,36,,PHI,CIN,1,500000,2010,,,500000,ACES,Bob Castellini,Walt Jocketty,
2010,"Jones, Andruw",of,33,,TEX,CHA,1,500000,2010,,,500000,Boras Corp.,Jerry Reinsdorf,Ken Williams,
2010,"Quinlan, Robb",inf,33,,ANA,ANA,1,500000,2010,,,500000,Joe Speed,Arturo Moreno,Tony Reagins,
2010,"Baldelli, Rocco",of,28,,BOS,TBA,0,1,2010,,,,self-represented,Stuart Sternberg,Andrew Friedman,
2010,"Bard, Josh",c,32,,WAS,SEA,0,1,2010,,,,Octagon,Nintendo/America,Jack Zduriencik,"$650,000 in majors"
2010,"Benoit, Joaquin",rhp,32,,TEX,TBA,0,1,2010,,,,Octagon,Stuart Sternberg,Andrew Friedman,"$750,000 in majors"
2010,"Blalock, Hank",1b,29,,TEX,TBA,0,1,2010,,,,Boras Corp.,Stuart Sternberg,Andrew Friedman,"$925,000 in majors"
2010,"Chavez, Endy",of,32,,SEA,TEX,0,1,2010,club,,,Peter Greenberg,Tom Hicks,Jon Daniels,$1.05M in majors
2010,"Dessens, Elmer",rhp,39,,NYN,NYN,0,1,2010,,,,Oscar Suarez,Fred Wilpon,Omar Minaya,"$700,000 in majors"
2010,"Embree, Alan",lhp,40,,COL,BOS,0,1,2010,,,,,John Henry,Theo Epstein,"$500,000 in majors"
2010,"Fogg, Josh",rhp,33,,COL,NYN,0,1,2010,,,,Dan Horwits,Fred Wilpon,Omar Minaya,"$600,000 in majors (subsequently released)"
2010,"Garciaparra, Nomar",ss,36,,OAK,BOS,0,1,2010,,,,SFX,John Henry,Theo Epstein,retired after signing
2010,"Giles, Brian",of,39,Type B,SDN,LAN,0,1,2010,,,,Joe Bick,Frank McCourt,Ned Colletti,"$550,000 in majors (subsequently retired)"
2010,"Guardado, Eddie",lhp,39,,TEX,WAS,0,1,2010,,,,Kevin Kohler,Ted Lerner,Mike Rizzo,"$850,000 in majors (subsequently released)"
2010,"Hampton, Mike",lhp,37,,HOU,ARI,0,1,2010,,,,Mark Rodgers,Ken Kendrick,Josh Byrnes,
2010,"Mahay, Ron",lhp,39,,MIN,MIN,0,1,2010,,,,Career Sports,Jim Pohlad,Bill Smith,
2010,"Mientkiewicz, Doug",1b,36,,LAN,LAN,0,1,2010,,,,Hendricks Sports,Frank McCourt,Ned Colletti,"$550,000 in majors (subsequently released)"
2010,"Millar, Kevin",1b,38,,TOR,CHN,0,1,2010,,,,ACES,Tom Ricketts,Jim Hendry,"$750,000 in majors (subsequently released)"
2010,"Moeller, Chad",c,35,,BAL,BAL,0,1,2010,,,,Alan Meersand,Peter Angelos,Andy MacPhail,"$850,000 in majors"
2010,"Patterson, Corey",of,30,,MIL,SEA,0,1,2010,,,,,Nintendo/America,Jack Zduriencik,"$650,000 in majors"
2010,"Rincon, Juan",rhp,31,,COL,COL,0,1,2010,,,,,Monfort brothers,Dan O'Dowd,"$800,000 in majors"
2010,"Schoeneweis, Scott",lhp,36,,ARI,MIL,0,1,2010,,,,Boras Corp.,Mark Attanasio,Doug Melvin,"$800,000 in majors (subsequently released)"
2010,"Tomko, Brett",rhp,37,,OAK,OAK,0,1,2010,,,,,Lewis Wolff,Billy Beane,"$750,000 in majors"
2010,"Villone, Ron",lhp,40,,WAS,WAS,0,1,2010,,,,,Ted Lerner,Mike Rizzo,"$900,000 in majors (subsequently released)"
2010,"Wells, Kip",rhp,33,,CIN,CIN,0,1,2010,,,,Hendricks Sports,Bob Castellini,Walt Jocketty,"$500,000 in majors (subsequently released)"
2010,"Woodward, Chris",inf,34,,BOS,SEA,0,1,2010,,,,,Nintendo/America,Jack Zduriencik,"$600,000 in majors"
2010,"Aurilia, Rich",1b,38,,SFN,dnp,,,,,,,,,,
2010,"Bako, Paul",c,38,,PHI,dnp,,,,,,,,,,
2010,"Boone, Aaron",1b,37,,HOU,dnp,,,,,,,,,,
2010,"Bradford, Chad",rhp,35,,TBA,dnp,,,,,,,,,,
2010,"Brocail, Doug",rhp,43,Type B,HOU,dnp,,,,,,,,,,
2010,"Byrd, Paul",rhp,39,,BOS,dnp,,,,,,,,,,
2010,"Calero, Kiko",rhp,35,Type B,FLA,dnp,,,,,,,,,,
2010,"Crede, Joe",3b,32,,MIN,dnp,,,,,,,,,,
2010,"Delgado, Carlos",1b,38,Type B,NYN,dnp,,,,,,,,,,
2010,"Dye, Jermaine",rf,36,Type A,CHA,dnp,,,,,,,,,,
2010,"Erstad, Darin",of,36,,HOU,dnp,,,,,,,,,,
2010,"Eyre, Scott",lhp,38,Type B,PHI,dnp,,,,,,,,,,
2010,"Fox, Chad",rhp,39,,CHN,dnp,,,,,,,,,,
2010,"Herges, Matt",rhp,40,,COL,dnp,,,,,,,,,,
2010,"Isringhausen, Jason",rhp,37,,TBA,dnp,,,,,,,,,,
2010,"Johnson, Randy",lhp,46,Type B,SFN,dnp,,,,,,,,,,
2010,"Looper, Braden",rhp,35,Type B,MIL,dnp,,,,,,,,,,
2010,"Loretta, Mark",3b,38,,LAN,dnp,,,,,,,,,,
2010,"Martinez, Pedro",rhp,38,,PHI,dnp,,,,,,,,,,
2010,"Martinez, Ramon",ss,37,,NYN,dnp,,,,,,,,,,
2010,"Milton, Eric",lhp,34,,LAN,dnp,,,,,,,,,,
2010,"Norton, Greg",1b,37,,ATL,dnp,,,,,,,,,,
2010,"Ohka, Tomo",rhp,34,,CLE,dnp,,,,,,,,,,
2010,"Percival, Troy",rhp,40,,TBA,dnp,,,,,,,,,,
2010,"Schmidt, Jason",rhp,37,,LAN,dnp,,,,,,,,,,
2010,"Sheffield, Gary",of,41,,NYN,dnp,,,,,,,,,,
2010,"Shouse, Brian",lhp,41,Type B,TBA,dnp,,,,,,,,,,
2010,"Smoltz, John",rhp,43,,SLN,dnp,,,,,,,,,,
2010,"Washburn, Jarrod",lhp,35,,DET,dnp,,,,,,,,,,
2010,"Weathers, David",rhp,40,Type B,MIL,dnp,,,,,,,,,,
2010,"Young, Dmitri",1b,36,,WAS,dnp,,,,,,,,,,
2009,"Teixeira, Mark",1b,29,Type A,ANA,NYA,8,180000000,2009-16,,,22500000,Boras Corp.,Hal Steinbrenner,Brian Cashman,
2009,"Sabathia, CC",lhp-s,28,Type A,MIL,NYA,7,161000000,2009-15,,,23000000,Greg Genske,Hal Steinbrenner,Brian Cashman,
2009,"Burnett, A.J.",rhp-s,32,,TOR,NYA,5,82500000,2009-13,,,16500000,Darek Braunecker,Hal Steinbrenner,Brian Cashman,
2009,"Lowe, Derek",rhp-s,36,Type A,LAN,ATL,4,60000000,2009-12,,,15000000,Boras Corp.,Liberty Media,Frank Wren,
2009,"Dempster, Ryan",rhp-s,32,Type A,CHN,CHN,4,52000000,2009-12,,,13000000,Craig Landis,Tribune Co.,Jim Hendry,
2009,"Ramirez, Manny",of,37,Type A,LAN,LAN,2,45000000,2009-10,,,22500000,Boras Corp.,Frank McCourt,Ned Colletti,
2009,"Rodriguez, Francisco",rhp-c,27,Type A,ANA,NYN,3,37000000,2009-11,vesting,,12333333,Paul Kinzer,Fred Wilpon,Omar Minaya,
2009,"Perez, Oliver",lhp,27,Type A,NYN,NYN,3,36000000,2009-11,,,12000000,Boras Corp.,Fred Wilpon,Omar Minaya,
2009,"Ibanez, Raul",of,37,Type A,SEA,PHI,3,31500000,2009-11,,,10500000,ACES,Bill Giles,Ruben Amaro Jr.,
2009,"Bradley, Milton",of,31,Type B,TEX,CHN,3,30000000,2009-11,,,10000000,ACES,Tribune Co.,Jim Hendry,
2009,"Furcal, Rafael",ss,31,,LAN,LAN,3,30000000,2009-11,,,10000000,Paul Kinzer,Frank McCourt,Ned Colletti,
2009,"Wood, Kerry",rhp,32,Type A,CHN,CLE,2,20500000,2009-10,club,,10250000,SFX,Larry Dolan,Mark Shapiro,
2009,"Dunn, Adam",of,29,Type A,ARI,WAS,2,20000000,2009-10,,,10000000,Brian Peters,Ted Lerner,JBowden/MRizzo,
2009,"Renteria, Edgar",ss,32,Type A,DET,SFN,2,18500000,2009-10,club,,9250000,Meister Sports,Bill Neukom,Brian Sabean,
2009,"Fuentes, Brian",lhp,33,Type A,COL,ANA,2,17500000,2009-10,club,,8750000,Beverly Hills SC,Arturo Moreno,Tony Reagins,
2009,"Blake, Casey",3b,35,Type B,LAN,LAN,3,17500000,2009-11,club,,5833333,Jim McDowell,Frank McCourt,Ned Colletti,
2009,"Burrell, Pat",of,32,Type A,PHI,TBA,2,16000000,2009-10,,,8000000,Greg Genske,Stuart Sternberg,Andrew Friedman,
2009,"Moyer, Jamie",lhp,46,Type A,PHI,PHI,2,13000000,2009-10,,,6500000,Jamie Moyer,Bill Giles,Ruben Amaro Jr.,
2009,"Rivera, Juan",of,30,,ANA,ANA,3,12750000,2009-11,,,4250000,SFX,Arturo Moreno,Tony Reagins,
2009,"Farnsworth, Kyle",rhp,33,,DET,KCA,2,9250000,2009-10,club,,4125000,Meister Sports,David Glass,Dayton Moore,
2009,"Punto, Nick",ss,31,,MIN,MIN,2,8500000,2009-10,,,4250000,,Carl & Jim Pohlad,Bill Smith,
2009,"Johnson, Randy",lhp-s,45,Type B,ARI,SFN,1,8000000,2009,,,8000000,Alan Nero,Bill Neukom,Brian Sabean,
2009,"Affeldt, Jeremy",lhp,30,Type B,CIN,SFN,2,8000000,2009-10,,,4000000,Michael Moye,Bill Neukom,Brian Sabean,
2009,"Garland, Jon",rhp-s,29,Type B,ANA,ARI,1,7250000,2009,mutual,,7250000,Craig Landis,Ken Kendrick,Josh Byrnes,
2009,"Hoffman, Trevor",rhp,41,Type A,SDN,MIL,1,6000000,2009,,,6000000,Beverly Hills SC,Mark Attanasio,Doug Melvin,
2009,"Cruz, Juan",rhp,30,Type A,ARI,KCA,2,6000000,2009-10,club,,3000000,Praver-Shapiro,David Glass,Dayton Moore,
2009,"Looper, Braden",rhp,34,Type B,SLN,MIL,1,5500000,2009,,,5500000,Hendricks Sports,Mark Attanasio,Doug Melvin,
2009,"Pettitte, Andy",lhp-s,37,Type A,NYA,NYA,1,5500000,2009,,,5500000,Hendricks Sports,Hal Steinbrenner,Brian Cashman,
2009,"Smoltz, John",rhp,42,Type B,ATL,BOS,1,5500000,2009,,,5500000,Career Sports,John Henry,Theo Epstein,
2009,"Giambi, Jason",1b,38,,NYA,OAK,1,5250000,2009,club,,5250000,SFX,Lewis Wolff,Billy Beane,
2009,"Abreu, Bobby",of,35,Type A,NYA,ANA,1,5000000,2009,,,5000000,Peter Greenberg,Arturo Moreno,Tony Reagins,
2009,"Penny, Brad",rhp-s,31,Type B,LAN,BOS,1,5000000,2009,,,5000000,Brian Peters,John Henry,Theo Epstein,
2009,"Varitek, Jason",c,37,Type A,BOS,BOS,1,5000000,2009,mutual,,5000000,Boras Corp.,John Henry,Theo Epstein,
2009,"Wolf, Randy",lhp-s,32,Type B,HOU,LAN,1,5000000,2009,,,5000000,Arn Tellem,Frank McCourt,Ned Colletti,
2009,"Izturis, Cesar",ss,29,,BAL,BAL,2,5000000,2009-10,,,2500000,,Peter Angelos,Andy MacPhail,
2009,"Lyon, Brandon",rhp,29,Type B,ARI,DET,1,4250000,2009,,,4250000,Meister Sports,Mike Ilitch,Dave Dombrowski,
2009,"Cabrera, Orlando",ss,34,Type A,CHA,OAK,1,4000000,2009,,,4000000,Dan Lozano,Lewis Wolff,Billy Beane,
2009,"Lincoln, Mike",rhp,34,,CIN,CIN,2,4000000,2009-10,,,2000000,,Bob Castellini,Walt Jocketty,
2009,"Rhodes, Arthur",lhp,39,Type B,FLA,CIN,2,4000000,2009-10,,,2000000,,Bob Castellini,Walt Jocketty,
2009,"Vazquez, Ramon",3b,32,,TEX,PIT,2,4000000,2009-10,,,2000000,CSMG,Bob Nutting,Neal Huntington,
2009,"Weathers, David",rhp,39,Type B,CIN,CIN,1,3900000,2009,,,3900000,Dan Horwits,Bob Castellini,Walt Jocketty,accepted salary arbitration
2009,"Oliver, Darren",lhp,38,Type A,ANA,ANA,1,3665000,2009,,,3665000,Jay Franklin,Arturo Moreno,Tony Reagins,
2009,"Lopez, Felipe",inf,29,,SLN,ARI,1,3500000,2009,,,3500000,Boras Corp.,Ken Kendrick,Josh Byrnes,
2009,"Hudson, Orlando",2b,31,Type A,ARI,LAN,1,3380000,2009,,,3380000,Paul Cohen,Frank McCourt,Ned Colletti,
2009,"Springer, Russ",rhp,40,Type A,SLN,OAK,1,3300000,2009,,,3300000,Hendricks Sports,Lewis Wolff,Billy Beane,
2009,"Bloomquist, Willie",of,31,,SEA,KCA,2,3100000,2009-10,,,1550000,Boras Corp.,David Glass,Dayton Moore,
2009,"Reyes, Dennys",lhp,32,Type B,MIN,SLN,2,3000000,2009-10,,,1500000,Oscar Suarez,Bill DeWitt Jr.,John Mozeliak,
2009,"Ross, David",c,32,,BOS,ATL,2,3000000,2009-10,,,1500000,Ryan Gleichowski,Liberty Media,Frank Wren,
2009,"Brocail, Doug",rhp,42,Type A,HOU,HOU,1,2750000,2009,club,,2750000,Meister Sports,Drayton McLane,Ed Wade,
2009,"Howry, Bobby",rhp,35,Type A,CHN,SFN,1,2750000,2009,,,2750000,Craig Landis,Bill Neukom,Brian Sabean,
2009,"Anderson, Garret",of,37,Type B,ANA,ATL,1,2500000,2009,,,2500000,Chris Arnold,Liberty Media,Frank Wren,
2009,"Crede, Joe",3b,31,,CHA,MIN,1,2500000,2009,,,2500000,Boras Corp.,Carl & Jim Pohlad,Bill Smith,
2009,"Park, Chan Ho",rhp,36,,LAN,PHI,1,2500000,2009,,,2500000,Boras Corp.,Bill Giles,Ruben Amaro Jr.,
2009,"Mota, Guillermo",rhp,35,,MIL,LAN,1,2350000,2009,,,2350000,Adam Katz,Frank McCourt,Ned Colletti,
2009,"Embree, Alan",rhp,39,Type B,OAK,COL,1,2250000,2009,club,,2250000,Chris Leible,Monfort brothers,Dan O'Dowd,
2009,"Beimel, Joe",lhp,32,Type B,LAN,WAS,1,2000000,2009,,,2000000,Joe Sroba,Ted Lerner,JBowden/MRizzo,
2009,"Cora, Alex",2b,33,,BOS,NYN,1,2000000,2009,,,2000000,,Fred Wilpon,Omar Minaya,
2009,"Griffey Jr., Ken",of,39,Type B,CHA,SEA,1,2000000,2009,,,2000000,Brian Goldberg,Nintendo/America,Jack Zduriencik,
2009,"Hairston Jr., Jerry",of,33,,CIN,CIN,1,2000000,2009,,,2000000,,Bob Castellini,Walt Jocketty,
2009,"Hampton, Mike",lhp-s,36,,ATL,HOU,1,2000000,2009,,,2000000,Mark Rodgers,Drayton McLane,Ed Wade,
2009,"Zaun, Gregg",c,38,Type B,TOR,BAL,1,2000000,2009,club,,2000000,,Peter Angelos,Andy MacPhail,
2009,"Ramirez, Horacio",lhp,29,,CHA,KCA,1,1800000,2009,,,1800000,,David Glass,Dayton Moore,
2009,"Ohman, Will",lhp,31,,ATL,LAN,1,1550000,2009,,,1550000,,Frank McCourt,Ned Colletti,
2009,"Shouse, Brian",lhp,40,Type B,MIL,TBA,1,1550000,2009,club,,1550000,,Stuart Sternberg,Andrew Friedman,
2009,"Hendrickson, Mark",lhp,35,,FLA,BAL,1,1500000,2009,,,1500000,,Peter Angelos,Andy MacPhail,
2009,"Hinske, Eric",of,31,,TBA,PIT,1,1500000,2009,,,1500000,,Bob Nutting,Neal Huntington,
2009,"Kotsay, Mark",of,33,,BOS,BOS,1,1500000,2009,,,1500000,Greg Genske,John Henry,Theo Epstein,
2009,"Pavano, Carl",rhp-s,33,,NYA,CLE,1,1500000,2009,,,1500000,Tom O'Connell,Larry Dolan,Mark Shapiro,
2009,"Rodriguez, Ivan",c,37,Type B,NYA,HOU,1,1500000,2009,,,1500000,Boras Corp.,Drayton McLane,Ed Wade,
2009,"Branyan, Russell",3b,33,,MIL,SEA,1,1400000,2009,,,1400000,Dan Lozano,Nintendo/America,Jack Zduriencik,
2009,"Loretta, Mark",2b,37,Type B,HOU,LAN,1,1250000,2009,,,1250000,RMG Baseball,Frank McCourt,Ned Colletti,
2009,"Aurilia, Rich",1b,37,,SFN,SFN,1,1000000,2009,,,1000000,Barry Axelrod,Bill Neukom,Brian Sabean,
2009,"Ausmus, Brad",c,40,,HOU,LAN,1,1000000,2009,,,1000000,Peter Mrowka,Frank McCourt,Ned Colletti,
2009,"Colon, Bartolo",rhp-s,36,,BOS,CHA,1,1000000,2009,,,1000000,Mitch Frankel,Jerry Reinsdorf,Ken Williams,
2009,"Counsell, Craig",3b,38,,MIL,MIL,1,1000000,2009,,,1000000,Meister Sports,Mark Attanasio,Doug Melvin,
2009,"Everett, Adam",ss,32,,MIN,DET,1,1000000,2009,,,1000000,Career Sports,Mike Ilitch,Dave Dombrowski,
2009,"Garciaparra, Nomar",ss,35,,LAN,OAK,1,1000000,2009,,,1000000,Arn Tellem,Lewis Wolff,Billy Beane,
2009,"Glavine, Tom",lhp-s,43,,ATL,ATL,1,1000000,2009,,,1000000,Gregg Clifton,Liberty Media,Frank Wren,
2009,"Guardado, Eddie",lhp,38,,MIN,TEX,1,1000000,2009,,,1000000,Kevin Kohler,Tom Hicks,Jon Daniels,
2009,"Kapler, Gabe",of,33,,MIL,TBA,1,1000000,2009,,,1000000,Paul Cohen,Stuart Sternberg,Andrew Friedman,
2009,"Martinez, Pedro",rhp,37,,NYN,PHI,1,1000000,2009,,,1000000,Fern Cuza,Bill Giles,Ruben Amaro Jr.,
2009,"Uribe, Juan",3b,30,Type B,CHA,SFN,1,1000000,2009,,,1000000,Martin Arburua,Bill Neukom,Brian Sabean,
2009,"Vizquel, Omar",ss,42,,SFN,TEX,1,1000000,2009,,,1000000,Adam Katz,Tom Hicks,Jon Daniels,
2009,"Julio, Jorge",rhp,30,,ATL,MIL,1,950000,2009,,,950000,,Mark Attanasio,Doug Melvin,
2009,"Eckstein, David",ss,34,,ARI,SDN,1,850000,2009,,,850000,Ryan Gleichowski,John Moores,Kevin Towers,
2009,"Millar, Kevin",1b,37,,BAL,TOR,1,850000,2009,,,850000,ACES,Edward Rogers,J.P. Ricciardi,
2009,"Clark, Tony",1b,37,,ARI,ARI,1,800000,2009,,,800000,John Boggs,Ken Kendrick,Josh Byrnes,
2009,"Jennings, Jason",rhp,30,,TEX,TEX,1,800000,2009,,,800000,Casey Close,Tom Hicks,Jon Daniels,
2009,"Moeller, Chad",c,34,,NYA,BAL,1,800000,2009,,,800000,Alan Meersand,Peter Angelos,Andy MacPhail,
2009,"Norton, Greg",of,36,,ATL,ATL,1,800000,2009,,,800000,,Liberty Media,Frank Wren,
2009,"Wright, Jamey",rhp,34,,TEX,KCA,1,800000,2009,,,800000,Casey Close,David Glass,Dayton Moore,
2009,"Blanco, Henry",c,37,,CHN,SDN,1,750000,2009,,,750000,Steve Schneider,John Moores,Kevin Towers,
2009,"Boone, Aaron",3b,36,,WAS,HOU,1,750000,2009,,,750000,Adam Katz,Drayton McLane,Ed Wade,
2009,"Floyd, Cliff",of,36,,TBA,SDN,1,750000,2009,,,750000,ACES,John Moores,Kevin Towers,
2009,"Isringhausen, Jason",rhp,36,Type B,SLN,TBA,1,750000,2009,,,750000,Dan Horwits,Stuart Sternberg,Andrew Friedman,
2009,"Michaels, Jason",of,33,,PIT,HOU,1,750000,2009,,,750000,,Drayton McLane,Ed Wade,
2009,"Rincon, Juan",rhp,30,,CLE,DET,1,750000,2009,,,750000,,Mike Ilitch,Dave Dombrowski,
2009,"Rusch, Glendon",lhp,34,,COL,COL,1,750000,2009,,,750000,Tommy Tanzer,Monfort brothers,Dan O'Dowd,
2009,"Bako, Paul",c,37,,CIN,CHN,1,725000,2009,,,725000,,Tribune Co.,Jim Hendry,
2009,"Mientkiewicz, Doug",1b,35,,PIT,LAN,1,550000,2009,,,550000,Hendricks Sports,Frank McCourt,Ned Colletti,
2009,"Baldelli, Rocco",of,27,,TBA,BOS,1,500000,2009,,,500000,Rocco Baldelli,John Henry,Theo Epstein,
2009,"Gordon, Tom",rhp,41,,PHI,ARI,1,500000,2009,,,500000,Beverly Hills SC,Ken Kendrick,Josh Byrnes,
2009,"Miller, Trever",lhp,36,,TBA,SLN,1,500000,2009,,,500000,,Bill DeWitt Jr.,John Mozeliak,
2009,"Tavarez, Julian",rhp,36,,ATL,WAS,1,500000,2009,,,500000,Boras Corp.,Ted Lerner,JBowden/MRizzo,
2009,"Lamb, Mike",3b,33,,MIL,MIL,1,400000,2009,,,400000,,Mark Attanasio,Doug Melvin,
2009,"Armas, Tony Jr.",rhp,31,,NYN,NYN,0,1,2009,,,,Diego Bentz,Fred Wilpon,Omar Minaya,"$800,000 in majors"
2009,"Ayala, Luis",rhp,31,Type B,NYN,FLA,0,1,2009,,,,Joe Longo,Jeffrey Loria,Michael Hill,
2009,"Brown, Emil",of,34,,OAK,SDN,0,1,2009,,,,Bronner/Gilhooley,John Moores,Kevin Towers,"$650,000 in majors"
2009,"Byrd, Paul",rhp,38,Type B,BOS,BOS,0,1,2009,,,,Bo McKinnis,John Henry,Theo Epstein,
2009,"Cairo, Miguel",inf,35,,SEA,PHI,0,1,2009,,,,ACES,Bill Giles,Ruben Amaro Jr.,"$500,000 in majors"
2009,"Castro, Juan",ss,37,,BAL,LAN,0,1,2009,,,,Oscar Suarez,Frank McCourt,Ned Colletti,"$700,000 in majors"
2009,"Cintron, Alex",ss,30,,BAL,WAS,0,1,2009,,,,Burton Rocks,Ted Lerner,JBowden/MRizzo,"$650,000 in majors"
2009,"Dessens, Elmer",rhp,38,,ATL,NYN,0,1,2009,,,,Oscar Suarez,Fred Wilpon,Omar Minaya,"$600,000 in majors"
2009,"Donnelly, Brendan",rhp,37,,CLE,TEX,0,1,2009,,,,Beverly Hills SC,Tom Hicks,Jon Daniels,"$950,000 in majors"
2009,"Fasano, Sal",c,37,,CLE,COL,0,1,2009,,,,Meister Sports,Monfort brothers,Dan O'Dowd,"$600,000 in majors"
2009,"Fogg, Josh",rhp,32,,CIN,COL,0,1,2009,,,,Dan Horwits,Monfort brothers,Dan O'Dowd,"$750,000 in majors"
2009,"Fossum, Casey",lhp,31,,DET,NYN,0,1,2009,,,,Bo McKinnis,Fred Wilpon,Omar Minaya,"$600,000 in majors"
2009,"Fox, Chad",rhp,38,,CHN,CHN,0,1,2009,,,,Hendricks Sports,Tribune Co.,Jim Hendry,"$575,000 in majors"
2009,"Gagne, Eric",rhp,33,Type B,MIL,MIL,0,1,2009,,,,Boras Corp.,Mark Attanasio,Doug Melvin,$1.5M in majors
2009,"Garcia, Freddy",rhp-s,32,,DET,NYN,0,1,2009,,,,Peter Greenberg,Fred Wilpon,Omar Minaya,$1.5M in majors
2009,"Gomez, Chris",3b,38,,PIT,BAL,0,1,2009,,,,Alan Meersand,Peter Angelos,Andy MacPhail,"$900,000 in majors"
2009,"Hall, Toby",c,33,,CHA,HOU,0,1,2009,,,,ACES,Drayton McLane,Ed Wade,"$650,000 in majors"
2009,"Herges, Matt",rhp,39,,COL,CLE,0,1,2009,,,,Dan Horwits,Larry Dolan,Mark Shapiro,"$800,000 in majors"
2009,"Hernandez, Livan",rhp,34,,COL,NYN,0,1,2009,,,,Greg Genske,Fred Wilpon,Omar Minaya,$1M in majors
2009,"Johnson, Jason",rhp-s,35,,LAN,NYA,0,1,2009,,,,,Hal Steinbrenner,Brian Cashman,"$850,000 in majors"
2009,"Martinez, Ramon",2b,37,,NYN,NYN,0,1,2009,,,,Alan Nero,Fred Wilpon,Omar Minaya,"$750,000 in majors"
2009,"Melhuse, Adam",c,37,,COL,TEX,0,1,2009,,,,,Tom Hicks,Jon Daniels,"$700,000 in majors"
2009,"Nixon, Trot",of,35,,NYN,MIL,0,1,2009,,,,Ron Shapiro,Mark Attanasio,Doug Melvin,"$800,000 in majors"
2009,"Parrish, John",lhp,31,,TOR,BAL,0,1,2009,,,,,Peter Angelos,Andy MacPhail,"$850,000 in majors"
2009,"Patterson, Corey",of,29,,CIN,WAS,0,1,2009,,,,Boras Corp.,Ted Lerner,JBowden/MRizzo,"$800,000 in majors"
2009,"Perez, Odalis",lhp,31,,WAS,WAS,0,1,2009,,,,Fern Cuza,Ted Lerner,JBowden/MRizzo,"$850,000 in majors"
2009,"Podsednik, Scott",of,33,,COL,COL,0,1,2009,,,,Ryan Gleichowski,Monfort brothers,Dan O'Dowd,"$800,000 in majors"
2009,"Ponson, Sidney",rhp-s,32,,NYA,KCA,0,1,2009,,,,Barry Praver,David Glass,Dayton Moore,
2009,"Prior, Mark",rhp-s,28,,SDN,SDN,0,1,2009,,,,John Boggs,John Moores,Kevin Towers,$1M in majors
2009,"Valentin, Javier",c,33,,CIN,WAS,0,1,2009,,,,Diego Bentz,Ted Lerner,JBowden/MRizzo,"$850,000 in majors"
2009,"Villone, Ron",lhp,39,,SLN,NYN,0,1,2009,,,,Boras Corp.,Fred Wilpon,Omar Minaya,"$600,000 in majors"
2009,"Ward, Daryle",1b,34,,CHN,CIN,0,1,2009,,,,,Bob Castellini,Walt Jocketty,"$600,000 in majors"
2009,"Wilkerson, Brad",of,32,,TOR,BOS,0,1,2009,,,,Boras Corp.,John Henry,Theo Epstein,"$400,000 in majors"
2009,"Wilson, Vance",c,36,,DET,KCA,0,1,2009,,,,,David Glass,Dayton Moore,"$600,000 in majors"
2009,"Alou, Moises",of,42,Type B,NYN,dnp,,,,,,,,,,
2009,"Bennett, Gary",cf,37,,LAN,dnp,,,,,,,,,,
2009,"Casey, Sean",1b,34,,BOS,dnp,,,,,,,,,,
2009,"Durham, Ray",2b,37,,MIL,dnp,,,,,,,,,,
2009,"Easley, Damion",2b,39,,NYN,dnp,,,,,,,,,,
2009,"Edmonds, Jim",cf,39,,CHN,dnp,,,,,,,,,,
2009,"Elarton, Scott",rhp,33,,CLE,dnp,,,,,,,,,,
2009,"Encarnacion, Juan",of,33,,SLN,dnp,,,,,,,,,,
2009,"Foulke, Keith",rhp,36,,OAK,dnp,,,,,,,,,,
2009,"Gonzalez, Luis",of,41,Type B,FLA,dnp,,,,,,,,,,
2009,"Grudzielanek, Mark",2b,39,Type B,KCA,dnp,,,,,,,,,,
2009,"Hernandez, Orlando",rhp,43,,NYN,dnp,,,,,,,,,,
2009,"Jones, Todd",rhp,41,,DET,dnp,,,,,,,,,,
2009,"Kent, Jeff",2b,41,Type B,LAN,dnp,,,,,,,,,,
2009,"Lieber, Jon",rhp,39,,CHN,dnp,,,,,,,,,,
2009,"Lo Duca, Paul",cf,37,Type B,FLA,dnp,,,,,,,,,,
2009,"Maddux, Greg",rhp-s,43,Type B,LAN,dnp,,,,,,,,,,
2009,"Mercker, Kent",lhp,41,,CIN,dnp,,,,,,,,,,
2009,"Mulder, Mark",lhp,31,,SLN,dnp,,,,,,,,,,
2009,"Mussina, Mike",rhp-s,40,Type A,NYA,dnp,,,,,,,,,,
2009,"Ozuna, Pablo",inf,34,,LAN,dnp,,,,,,,,,,
2009,"Payton, Jay",of,36,,BAL,dnp,,,,,,,,,,
2009,"Rincon, Ricardo",lhp,39,,NYN,dnp,,,,,,,,,,
2009,"Rivas, Luis",ss,29,,PIT,dnp,,,,,,,,,,
2009,"Rogers, Kenny",lhp-s,44,,DET,dnp,,,,,,,,,,
2009,"Schilling, Curt",rhp-s,42,,BOS,dnp,,,,,,,,,,
2009,"Seanez, Rudy",rhp,40,Type B,PHI,dnp,,,,,,,,,,
2009,"Sheets, Ben",rhp-s,30,Type A,MIL,dnp,,,,,,,,,,
2009,"Sweeney, Mark",1b,39,,LAN,dnp,,,,,,,,,,
2009,"Thomas, Frank",dh,41,Type B,OAK,dnp,,,,,,,,,,
2009,"Timlin, Mike",rhp,43,,BOS,dnp,,,,,,,,,,
2009,"Wise, Matt",rhp,33,,NYN,dnp,,,,,,,,,,
2008,"Rodriguez, Alex",3b,32,Type A,NYA,NYA,10,275000000,2008-17,,,27500000,Alex Rodriguez,Geo Steinbrenner,Brian Cashman,
2008,"Hunter, Torii",of,32,Type A,MIN,ANA,5,90000000,2008-12,,,18000000,Reynolds Sports,Arturo Moreno,Tony Reagins,
2008,"Rowand, Aaron",of,30,Type A,PHI,SDN,5,60000000,2008-12,,,12000000,Craig Landis,John Moores,Kevin Towers,
2008,"Posada, Jorge",c,36,Type A,NYA,NYA,4,52400000,2008-11,,,13100000,ACES,Geo Steinbrenner,Brian Cashman,
2008,"Silva, Carlos",rhp-s,29,,MIN,SEA,4,48000000,2008-11,,,12000000,Barry Praver,Nintendo/America,Bill Bavasi,
2008,"Cordero, Francisco",rhp,33,Type A,MIL,CIN,4,46000000,2008-11,club,,11500000,Bean Stringfellow,Bob Castellini,Wayne Krivsky,
2008,"Rivera, Mariano",rhp-c,38,Type A,NYA,NYA,3,45000000,2008-10,,,15000000,Fern Cuza,Geo Steinbrenner,Brian Cashman,
2008,"Lowell, Mike",3b,34,Type A,BOS,BOS,3,37500000,2008-10,,,12500000,ACES,John Henry,Theo Epstein,
2008,"Jones, Andruw",cf,31,Type B,ATL,LAN,2,36200000,2008-09,,,18100000,Boras Corp.,Frank McCourt,Ned Colletti,
2008,"Guillen, Jose",rf,32,Type B,SEA,KCA,3,36000000,2008-10,,,12000000,Adam Katz,David Glass,Dayton Moore,
2008,"Castillo, Luis",2b,32,Type B,NYN,NYN,4,25000000,2008-11,,,6250000,ACES,Fred Wilpon,Omar Minaya,
2008,"Linebrink, Scott",rhp,31,Type A,MIL,CHA,4,19000000,2008-11,,,4750000,SFX,Jerry Reinsdorf,Ken Williams,
2008,"Matsui, Kaz",2b,32,,COL,HOU,3,16500000,2008-10,,,5500000,Arn Tellem,Drayton McLane,Ed Wade,
2008,"Pettitte, Andy",lhp-s,36,Type A,NYA,NYA,1,16000000,2008,,,16000000,Hendricks Sports,Geo Steinbrenner,Brian Cashman,
2008,"Jenkins, Geoff",of,33,,MIL,PHI,2,13000000,2008-09,mutual,,6500000,Damon Lapa,Bill Giles,Pat Gillick,
2008,"Riske, David",rhp,31,Type B,KCA,MIL,3,13000000,2008-10,,,4333333,Nez Balelo,Mark Attanasio,Doug Melvin,
2008,"Romero, J.C.",lhp,32,,PHI,PHI,3,12000000,2008-10,club,,4000000,MDR Sports,Bill Giles,Pat Gillick,
2008,"Dotel, Octavio",rhp,34,,ATL,CHA,2,11000000,2008-09,,,5500000,Dan Horwits,Jerry Reinsdorf,Ken Williams,
2008,"Gagne, Eric",rhp,32,Type B,BOS,MIL,1,10000000,2008,,,10000000,Boras Corp.,Mark Attanasio,Doug Melvin,
2008,"Feliz, Pedro",3b,33,Type B,SFN,PHI,2,8500000,2008-09,,,4250000,ACES,Bill Giles,Pat Gillick,
2008,"Glavine, Tom",lhp-s,42,Type A,NYN,ATL,1,8000000,2008,,,8000000,Gregg Clifton,Liberty Media,Frank Wren,
2008,"Rogers, Kenny",lhp-s,43,Type B,DET,DET,1,8000000,2008,,,8000000,Kenny Rogers,Mike Ilitch,Dave Dombrowski,
2008,"Mahay, Ron",lhp,37,Type B,ATL,KCA,2,8000000,2008-09,,,4000000,Career Sports,David Glass,Dayton Moore,
2008,"Percival, Troy",rhp,38,Type B,SLN,TBA,2,8000000,2008-09,,,4000000,Paul Cohen,Stuart Sternberg,Andrew Friedman,
2008,"Vizcaino, Luis",rhp,33,Type B,NYA,COL,2,7500000,2008-09,club,,3750000,Bean Stringfellow,Monfort brothers,Dan O'Dowd,
2008,"Torrealba, Yorvit",c,29,Type B,COL,COL,2,7250000,2008-09,mutual,,3625000,MDR Sports,Monfort brothers,Dan O'Dowd,
2008,"Cameron, Mike",of,35,Type B,SDN,MIL,1,7000000,2008,club,,7000000,Mike Nicotera,Mark Attanasio,Doug Melvin,
2008,"Lamb, Mike",3b,32,,HOU,MIN,2,6600000,2008-09,club,,3300000,ACES,Carl Pohlad,Bill Smith,
2008,"Bradley, Milton",of,30,Type A,SDN,TEX,1,5250000,2008,,,5250000,ACES,Tom Hicks,Jon Daniels,
2008,"Hernandez, Livan",rhp-s,33,Type B,ARI,MIN,1,5000000,2008,,,5000000,Greg Genske,Carl Pohlad,Bill Smith,
2008,"Lo Duca, Paul",c,36,Type B,NYN,WAS,1,5000000,2008,,,5000000,Andrew Mongelluzzi,Ted Lerner,Jim Bowden,
2008,"Wolf, Randy",lhp-s,31,,LAN,SDN,1,4750000,2008,,,4750000,Arn Tellem,John Moores,Kevin Towers,
2008,"Castro, Ramon",c,32,,NYN,NYN,2,4600000,2008-09,,,2300000,,Fred Wilpon,Omar Minaya,
2008,"Eckstein, David",ss,33,Type B,SLN,TOR,1,4500000,2008,,,4500000,Ryan Gleichowski,Edward Rogers,J.P. Ricciardi,
2008,"Kendall, Jason",c,34,Type B,CHN,MIL,1,4250000,2008,vesting,,4250000,Arn Tellem,Mark Attanasio,Doug Melvin,
2008,"Lohse, Kyle",rhp-s,29,,PHI,SLN,1,4250000,2008,,,4250000,Boras Corp.,Bill DeWitt Jr.,John Mozeliak,
2008,"Wood, Kerry",rhp,31,,CHN,CHN,1,4200000,2008,,,4200000,SFX,Tribune Co.,Jim Hendry,
2008,"Jennings, Jason",rhp,29,,HOU,TEX,1,4000000,2008,,,4000000,Casey Close,Tom Hicks,Jon Daniels,
2008,"Molina, Jose",c,33,,NYA,NYA,2,4000000,2008-09,,,2000000,,Geo Steinbrenner,Brian Cashman,
2008,"Hawkins, LaTroy",rhp,35,,COL,NYA,1,3750000,2008,,,3750000,Reynolds Sports,Geo Steinbrenner,Brian Cashman,
2008,"Barrett, Michael",c,31,Type A,SDN,SDN,1,3500000,2008,,,3500000,Career Sports,John Moores,Kevin Towers,
2008,"Lieber, Jon",rhp,38,,PHI,CHN,1,3500000,2008,,,3500000,Rex Gary,Tribune Co.,Jim Hendry,
2008,"Wells, Kip",rhp,31,,SLN,COL,1,3100000,2008,,,3100000,,Monfort brothers,Dan O'Dowd,
2008,"Affeldt, Jeremy",lhp,29,,COL,CIN,1,3000000,2008,,,3000000,Michael Moye,Bob Castellini,Wayne Krivsky,
2008,"Floyd, Cliff",of,35,,CHN,TBA,1,3000000,2008,club,,3000000,ACES,Stuart Sternberg,Andrew Friedman,
2008,"Patterson, Corey",of,28,,BAL,CIN,1,3000000,2008,,,3000000,Boras Corp.,Bob Castellini,Wayne Krivsky,
2008,"Timlin, Mike",rhp,42,Type B,BOS,BOS,1,3000000,2008,,,3000000,ACES,John Henry,Theo Epstein,
2008,"Tomko, Brett",rhp,35,,SDN,KCA,1,3000000,2008,,,3000000,Joe Longo,David Glass,Dayton Moore,
2008,"Wilkerson, Brad",of,31,,TEX,SEA,1,3000000,2008,,,3000000,Boras Corp.,Nintendo/America,Bill Bavasi,
2008,"Izturis, Cesar",ss,28,,PIT,SLN,1,2850000,2008,,,2850000,,Bill DeWitt Jr.,John Mozeliak,
2008,"Loretta, Mark",inf,36,Type B,HOU,HOU,1,2750000,2008,,,2750000,RMG Baseball,Drayton McLane,Ed Wade,
2008,"Brocail, Doug",rhp,41,Type B,SDN,HOU,1,2500000,2008,club,,2500000,Meister Sports,Drayton McLane,Ed Wade,
2008,"Herges, Matt",rhp,39,,COL,COL,1,2250000,2008,club,,2250000,Dan Horwits,Monfort brothers,Dan O'Dowd,
2008,"Chacon, Shawn",rhp,30,,PIT,HOU,1,2000000,2008,,,2000000,Dan Horwits,Drayton McLane,Ed Wade,
2008,"Gonzalez, Luis",of,40,Type B,LAN,FLA,1,2000000,2008,,,2000000,Gregg Clifton,Jeffrey Loria,Michael Hill,
2008,"Guardado, Eddie",lhp,37,,CIN,TEX,1,2000000,2008,,,2000000,Kevin Kohler,Tom Hicks,Jon Daniels,
2008,"Miller, Trever",lhp,35,Type B,HOU,TBA,1,2000000,2008,,,2000000,,Stuart Sternberg,Andrew Friedman,
2008,"Clement, Matt",rhp-s,33,,BOS,SLN,1,1500000,2008,club,,1500000,Barry Axelrod,Bill DeWitt Jr.,John Mozeliak,
2008,"Fogg, Josh",rhp,31,,COL,CIN,1,1500000,2008,,,1500000,Dan Horwits,Bob Castellini,Wayne Krivsky,
2008,"Mackowiak, Rob",of,32,,SDN,WAS,1,1500000,2008,,,1500000,Joe Sroba,Ted Lerner,Jim Bowden,
2008,"Stewart, Shannon",of,34,Type B,OAK,TOR,1,1500000,2008,,,1500000,Barry Praver,Edward Rogers,J.P. Ricciardi,
2008,"Trachsel, Steve",rhp-s,37,,CHN,BAL,1,1500000,2008,,,1500000,ACES,Peter Angelos,Andy MacPhail,
2008,"Barajas, Rod",c,32,,PHI,TOR,1,1200000,2008,club,,1200000,,Edward Rogers,J.P. Ricciardi,
2008,"Blum, Geoff",2b,35,,SDN,HOU,1,1100000,2008,club,,1100000,Arn Tellem,Drayton McLane,Ed Wade,
2008,"Boone, Aaron",3b,35,,FLA,WAS,1,1000000,2008,,,1000000,Arn Tellem,Ted Lerner,Jim Bowden,
2008,"Erstad, Darin",of,34,,CHA,HOU,1,1000000,2008,,,1000000,Greg Genske,Drayton McLane,Ed Wade,
2008,"Gomez, Chris",inf,37,,CLE,PIT,1,1000000,2008,,,1000000,Alan Meersand,Bob Nutting,Neal Huntington,
2008,"Julio, Jorge",rhp,29,Type B,COL,CLE,1,1000000,2008,,,1000000,SFX,Larry Dolan,Mark Shapiro,
2008,"Redman, Mark",lhp,34,,COL,COL,1,1000000,2008,,,1000000,Casey Close,Monfort brothers,Dan O'Dowd,
2008,"Wright, Jamey",rhp,33,,TEX,TEX,1,1000000,2008,,,1000000,Casey Close,Tom Hicks,Jon Daniels,
2008,"Easley, Damion",2b,38,,NYN,NYN,1,950000,2008,,,950000,Paul Cohen,Fred Wilpon,Omar Minaya,
2008,"Clark, Tony",1b,36,,ARI,SDN,1,900000,2008,,,900000,John Boggs,John Moores,Kevin Towers,
2008,"Bennett, Gary",c,36,,SLN,LAN,1,875000,2008,club,,875000,,Frank McCourt,Ned Colletti,
2008,"Cairo, Miguel",inf,34,,SLN,SEA,1,850000,2008,,,850000,ACES,Nintendo/America,Bill Bavasi,
2008,"Kim, Byung-Hyun",rhp,29,,FLA,PIT,1,850000,2008,,,850000,Boras Corp.,Bob Nutting,Neal Huntington,
2008,"LaRue, Jason",c,34,,KCA,SLN,1,850000,2008,,,850000,,Bill DeWitt Jr.,John Mozeliak,
2008,"Perez, Odalis",lhp-s,30,,KCA,WAS,1,850000,2008,,,850000,Fern Cuza,Ted Lerner,Jim Bowden,
2008,"Casey, Sean",1b,33,Type B,DET,BOS,1,800000,2008,,,800000,Ron Shapiro,John Henry,Theo Epstein,
2008,"Hinske, Eric",1b-of,30,,BOS,TBA,1,800000,2008,,,800000,,Stuart Sternberg,Andrew Friedman,
2008,"Mientkiewicz, Doug",1b,34,,NYA,PIT,1,750000,2008,,,750000,,Bob Nutting,Neal Huntington,
2008,"Bako, Paul",c,36,,BAL,CIN,1,700000,2008,,,700000,Meister Sports,Bob Castellini,Wayne Krivsky,
2008,"Foulke, Keith",rhp,35,,CLE,OAK,1,700000,2008,,,700000,Dan Horwits,Lewis Wolff,Billy Beane,
2008,"Sweeney, Mark",1b,38,,LAN,LAN,1,600000,2008,,,600000,Barry Axelrod,Frank McCourt,Ned Colletti,
2008,"Villone, Ron",lhp,38,,NYA,SLN,1,600000,2008,,,600000,Boras Corp.,Bill DeWitt Jr.,John Mozeliak,
2008,"DiFelice, Mike",c,39,,NYN,TBA,1,560000,2008,,,560000,,Stuart Sternberg,Andrew Friedman,
2008,"Mirabelli, Doug",c,37,,BOS,BOS,1,550000,2008,,,550000,ACES,John Henry,Theo Epstein,
2008,"Norton, Greg",inf,35,,TBA,SEA,1,550000,2008,,,550000,,Nintendo/America,Bill Bavasi,
2008,"Seanez, Rudy",rhp,39,,LAN,LAN,1,550000,2008,,,550000,Alan Nero,Frank McCourt,Ned Colletti,
2008,"Hairston Jr., Jerry",2b-of,32,,TEX,CIN,1,500000,2008,,,500000,Casey Close,Bob Castellini,Wayne Krivsky,
2008,"Moehler, Brian",rhp,36,,HOU,HOU,1,500000,2008,,,500000,Career Sports,Drayton McLane,Ed Wade,
2008,"Sweeney, Mike",dh,34,,KCA,OAK,1,500000,2008,,,500000,ACES,Lewis Wolff,Billy Beane,
2008,"Rhodes, Arthur",lhp,38,,SEA,SEA,1,450000,2008,,,450000,Dan Horwits,Nintendo/America,Bill Bavasi,
2008,"Armas, Tony",rhp,30,,PIT,NYN,0,1,2008,,,,Diego Bentz,Fred Wilpon,Omar Minaya,$1M in majors
2008,"Benitez, Armando",rhp,35,,FLA,TOR,0,1,2008,,,,Mike Powers,Edward Rogers,J.P. Ricciardi,"$700,000 in majors"
2008,"Benson, Kris",rhp-s,33,,BAL,PHI,0,1,2008,,,,Gregg Clifton,Bill Giles,Pat Gillick,"$500,000 in majors"
2008,"Branyan, Russell",3b,32,,SLN,MIL,0,1,2008,,,,Dan Lozano,Mark Attanasio,Doug Melvin,"$850,000 in majors"
2008,"Colon, Bartolo",rhp-s,35,,ANA,BOS,0,1,2008,,,,Mitch Frankel,John Henry,Theo Epstein,$1.2M in majors
2008,"Davanon, Jeffrey",of,34,,OAK,SDN,0,1,2008,,,,Mike Nicotera,John Moores,Kevin Towers,"$750,000 in majors"
2008,"Dessens, Elmer",rhp,37,,COL,PIT,0,1,2008,,,,Oscar Suarez,Bob Nutting,Neal Huntington,"$650,000 in majors"
2008,"Fasano, Sal",c,36,,TOR,TOR,0,1,2008,,,,Meister Sports,Edward Rogers,J.P. Ricciardi,"$750,000 in majors"
2008,"Fick, Robert",1b,34,,WAS,SDN,0,1,2008,,,,Joe Longo,John Moores,Kevin Towers,"$650,000 in majors"
2008,"Kielty, Bobby",of,31,,BOS,BOS,0,1,2008,,,,,John Henry,Theo Epstein,"$800,000 in majors"
2008,"Martinez, Ramon",2b,35,,LAN,LAN,0,1,2008,,,,Alan Nero,Frank McCourt,Ned Colletti,"$700,000 in majors"
2008,"Nixon, Trot",of,34,,CLE,ARI,0,1,2008,,,,Ron Shapiro,Ken Kendrick,Josh Byrnes,"$390,000 in majors"
2008,"Nunez, Abraham",3b,32,,PHI,MIL,0,1,2008,,,,,Mark Attanasio,Doug Melvin,"$900,000 in majors"
2008,"Paul, Josh",c,33,,TBA,TBA,0,1,2008,,,,Richard Moss,Stuart Sternberg,Andrew Friedman,"$675,000 in majors"
2008,"Reitsma, Chris",rhp,30,,SEA,SEA,0,1,2008,,,,Brian Goldberg,Nintendo/America,Bill Bavasi,"$850,000 in majors"
2008,"Valentin, Jose",2b,38,,NYN,NYN,0,1,2008,,,,David Elston,Fred Wilpon,Omar Minaya,$1M in majors
2008,"Weaver, Jeff",rhp-s,31,,SEA,MIL,0,1,2008,,,,Boras Corp.,Mark Attanasio,Doug Melvin,$1.25M in majors
2008,"Woodward, Chris",inf,32,,ATL,NYA,0,1,2008,,,,,Geo Steinbrenner,Brian Cashman,
2008,"Alfonseca, Antonio",rhp,36,,PHI,dnp,,,,,,,,,,
2008,"Alomar, Sandy",c,42,,NYN,dnp,,,,,,,,,,
2008,"Biggio, Craig",2b,42,,HOU,dnp,,,,,,,,,,
2008,"Bonds, Barry",lf,43,Type A,SFN,dnp,,,,,,,,,,
2008,"Cirillo, Jeff",3b,38,,ARI,dnp,,,,,,,,,,
2008,"Clayton, Royce",ss,38,,BOS,dnp,,,,,,,,,,
2008,"Clemens, Roger",rhp-s,45,,NYA,dnp,,,,,,,,,,
2008,"Conine, Jeff",1b,42,,NYN,dnp,,,,,,,,,,
2008,"Franco, Julio",1b,49,,ATL,dnp,,,,,,,,,,
2008,"Garcia, Freddy",rhp-s,31,Type B,PHI,dnp,,,,,,,,,,
2008,"Graffanino, Tony",inf,36,Type B,MIL,dnp,,,,,,,,,,
2008,"Green, Shawn",of,35,Type B,NYN,dnp,,,,,,,,,,
2008,"Klesko, Ryan",1b,37,,SFN,dnp,,,,,,,,,,
2008,"Koskie, Corey",3b,35,,MIL,dnp,,,,,,,,,,
2008,"Lieberthal, Mike",c,36,,LAN,dnp,,,,,,,,,,
2008,"Lofton, Kenny",of,41,Type B,CLE,dnp,,,,,,,,,,
2008,"Lopez, Rodrigo",rhp,32,,COL,dnp,,,,,,,,,,
2008,"Matheny, Mike",c,37,,SFN,dnp,,,,,,,,,,
2008,"Mesa, Jose",rhp,42,,PHI,dnp,,,,,,,,,,
2008,"Miller, Damian",c,38,,MIL,dnp,,,,,,,,,,
2008,"Milton, Eric",lhp,32,,CIN,dnp,,,,,,,,,,
2008,"Myers, Mike",lhp,39,,CHA,dnp,,,,,,,,,,
2008,"Ortiz, Russ",rhp-s,34,,SFN,dnp,,,,,,,,,,
2008,"Palmeiro, Orlando",of,39,,HOU,dnp,,,,,,,,,,
2008,"Perez, Neifi",ss,35,,DET,dnp,,,,,,,,,,
2008,"Piazza, Mike",c,39,Type B,OAK,dnp,,,,,,,,,,
2008,"Sanders, Reggie",of,40,,KCA,dnp,,,,,,,,,,
2008,"Sele, Aaron",rhp,38,,NYN,dnp,,,,,,,,,,
2008,"Sosa, Sammy",of,39,,TEX,dnp,,,,,,,,,,
2008,"Stinnett, Kelly",c,38,,SLN,dnp,,,,,,,,,,
2008,"Thonmson, John",rhp,34,,KCA,dnp,,,,,,,,,,
2008,"Wells, David",lhp-s,45,,LAN,dnp,,,,,,,,,,
2008,"White, Rondell",of,36,,MIN,dnp,,,,,,,,,,
2008,"Wickman, Bob",rhp,39,,ARI,dnp,,,,,,,,,,
2008,"Wilson, Preston",of,33,,SLN,dnp,,,,,,,,,,
2007,"Soriano, Alfonso",of,31,Type A,WAS,CHN,8,136000000,2007-14,,,17000000,SFX,Tribune Co.,Jim Hendry,
2007,"Zito, Barry",lhp-s,29,Type A,OAK,SFN,7,126000000,2007-13,club,,18000000,Boras Corp.,Peter Magowan,Brian Sabean,
2007,"Lee, Carlos",of,31,Type A,TEX,HOU,6,100000000,2007-12,,,16666666,Adam Katz,Drayton McLane,Tim Purpura,
2007,"Ramirez, Aramis",3b,29,Type A,CHN,CHN,5,75000000,2007-11,player,,15000000,Paul Kinzer,Tribune Co.,Jim Hendry,
2007,"Drew, J.D.",of,31,Type A,LAN,BOS,5,70000000,2007-11,,,14000000,Boras Corp.,John Henry,Theo Epstein,
2007,"Meche, Gil",rhp-s,28,Type B,SEA,KCA,5,55000000,2007-11,,,11000000,Casey Close,David Glass,Dayton Moore,
2007,"Matthews, Gary Jr.",of,32,Type A,TEX,ANA,5,50000000,2007-11,,,10000000,Scott Leventhal,Arturo Moreno,Bill Stoneman,
2007,"Schmidt, Jason",rhp,34,Type A,SFN,LAN,3,47000000,2007-09,,,15666666,Hendricks Sports,Frank McCourt,Ned Colletti,
2007,"Pierre, Juan",of,29,Type B,CHN,LAN,5,44000000,2007-11,,,8800000,SFX,Frank McCourt,Ned Colletti,
2007,"Suppan, Jeff",rhp-s,32,Type A,SLN,MIL,4,42000000,2007-10,club,,10500000,ABC Mgmt,Mark Attanasio,Doug Melvin,
2007,"Lilly, Ted",lhp-s,31,Type B,TOR,CHN,4,40000000,2007-10,,,10000000,Larry O'Brien,Tribune Co.,Jim Hendry,
2007,"Lugo, Julio",ss,31,Type A,LAN,BOS,4,36000000,2007-10,vesting,,9000000,Dan Lozano,John Henry,Theo Epstein,
2007,"Padilla, Vicente",rhp-s,29,Type B,TEX,TEX,3,33750000,2007-09,club,,11250000,Paul Kinzer,Tom Hicks,Jon Daniels,
2007,"Clemens, Roger",rhp-s,44,Type A,HOU,NYA,1,28000022,2007,,,28000022,Hendricks Sports,Geo Steinbrenner,Brian Cashman,
2007,"Batista, Miguel",rhp,36,Type B,ARI,SEA,3,25000000,2007-09,,,8333333,Martin Aburua,Nintendo/America,Bill Bavasi,
2007,"Eaton, Adam",rhp-s,29,Type C,TEX,PHI,3,24500000,2007-09,mutual,,8166666,Jim Lindell,Bill Giles,Pat Gillick,
2007,"Mussina, Mike",rhp-s,38,Type A,NYA,NYA,2,23000000,2007-08,,,11500000,Arn Tellem,Geo Steinbrenner,Brian Cashman,
2007,"Marquis, Jason",rhp-s,28,Type B,SLN,CHN,3,21000000,2007-09,,,7000000,ACES,Tribune Co.,Jim Hendry,
2007,"Huff, Aubrey",of,30,Type A,HOU,BAL,3,20000000,2007-09,,,6666666,ACES,Peter Angelos,Mike Flanagan,
2007,"Baez, Danys",rhp,29,Type A,ATL,BAL,3,19000000,2007-09,,,6333333,Greg Genske,Peter Angelos,Mike Flanagan,
2007,"Garciaparra, Nomar",1b,33,Type B,LAN,LAN,2,18500000,2007-08,,,9250000,Arn Tellem,Frank McCourt,Ned Colletti,
2007,"Thomas, Frank",1b,39,Type B,OAK,TOR,2,18120000,2007-08,vesting,,9060000,Arn Tellem,Edward Rogers,J.P. Ricciardi,
2007,"Roberts, Dave",of,35,Type A,SDN,SFN,3,18000000,2007-09,,,6000000,John Boggs,Peter Magowan,Brian Sabean,
2007,"Speier, Justin",rhp,33,Type A,TOR,ANA,4,18000000,2007-10,,,4500000,Chris Arnold,Arturo Moreno,Bill Stoneman,
2007,"Maddux, Greg",rhp-s,41,Type A,LAN,SDN,1,16000000,2007,player,,16000000,Boras Corp.,John Moores,Kevin Towers,
2007,"Pettitte, Andy",lhp-s,35,Type A,HOU,NYA,1,16000000,2007,player,,16000000,Hendricks Sports,Geo Steinbrenner,Brian Cashman,
2007,"Molina, Bengie",c,32,Type A,TOR,SFN,3,16000000,2007-09,,,5333333,Alan Nero,Peter Magowan,Brian Sabean,
2007,"Bonds, Barry",lf,42,Type A,SFN,SFN,1,15800000,2007,,,15800000,Jeff Borris,Peter Magowan,Brian Sabean,
2007,"Durham, Ray",2b,35,Type A,SFN,SFN,2,14500000,2007-08,,,7250000,Edwin Setlik,Peter Magowan,Brian Sabean,
2007,"Gonzalez, Alex",ss,30,Type B,BOS,CIN,3,14000000,2007-09,mutual,,4666666,Eric Goldschmidt,Bob Castellini,Wayne Krivsky,
2007,"Catalannoto, Frank",of,33,Type A,TOR,TEX,3,13500000,2007-09,club,,4500000,Alan Nero,Tom Hicks,Jon Daniels,
2007,"Mulder, Mark",lhp-s,29,Type B,SLN,SLN,2,13000000,2007-08,club,,6500000,Gregg Clifton,Bill DeWitt Jr.,Walt Jocketty,
2007,"DeRosa, Mark",2b,32,Type B,TEX,CHN,3,13000000,2007-09,,,4333333,Career Sports,Tribune Co.,Jim Hendry,
2007,"Williams, Woody",rhp-s,40,Type A,SDN,HOU,2,12500000,2007-08,club,,6250000,Meister Sports,Drayton McLane,Tim Purpura,
2007,"Hernandez, Orlando",rhp,41,Type B,NYN,NYN,2,12000000,2007-08,,,6000000,Greg Genske,Fred Wilpon,Omar Minaya,
2007,"Walker, Jamie",lhp,35,Type B,DET,BAL,3,12000000,2007-09,,,4000000,Phil Tannenbaum,Peter Angelos,Mike Flanagan,
2007,"Dellucci, David",of,33,Type A,PHI,CLE,3,11500000,2007-09,,,3833333,Joe Longo,Larry Dolan,Mark Shapiro,
2007,"Schoeneweis, Scott",lhp,33,Type B,CIN,NYN,3,10800000,2007-09,,,3600000,Boras Corp.,Fred Wilpon,Omar Minaya,
2007,"Glavine, Tom",lhp-s,41,Type A,NYN,NYN,1,10500000,2007,player,,10500000,Gregg Clifton,Fred Wilpon,Omar Minaya,
2007,"Bradford, Chad",rhp,32,Type A,NYN,BAL,3,10500000,2007-09,,,3500000,Rex Gary,Peter Angelos,Mike Flanagan,
2007,"Kennedy, Adam",2b,31,Type B,ANA,SLN,3,10000000,2007-09,,,3333333,Paul Cohen,Bill DeWitt Jr.,Walt Jocketty,
2007,"Payton, Jay",of,34,Type B,OAK,BAL,1,9500000,2007,,,9500000,Craig Landis,Peter Angelos,Mike Flanagan,
2007,"Alou, Moises",of,40,Type A,SFN,NYN,1,8500000,2007,club,,8500000,Hendricks Sports,Fred Wilpon,Omar Minaya,
2007,"Piazza, Mike",c,38,Type A,SDN,OAK,1,8500000,2007,,,8500000,Dan Lozano,Lewis Wolff,Billy Beane,
2007,"Weaver, Jeff",rhp-s,30,Type B,SLN,SEA,1,8375000,2007,,,8375000,Boras Corp.,Nintendo/America,Bill Bavasi,
2007,"Wolf, Randy",lhp-s,30,Type C,PHI,LAN,1,8000000,2007,club,,8000000,Arn Tellem,Frank McCourt,Ned Colletti,
2007,"Aurilia, Rich",inf,35,Type A,CIN,SFN,2,8000000,2007-08,,,4000000,Barry Axelrod,Peter Magowan,Brian Sabean,
2007,"Gonzalez, Luis",of,39,Type A,ARI,LAN,1,7350000,2007,,,7350000,Gregg Clifton,Frank McCourt,Ned Colletti,
2007,"Zaun, Gergg",c,36,Type B,TOR,TOR,2,7250000,2007-08,vesting,,3625000,,Edward Rogers,J.P. Ricciardi,
2007,"Hillenbrand, Shea",1b,31,Type B,SFN,ANA,1,6500000,2007,club,,6500000,Dan Lozano,Arturo Moreno,Bill Stoneman,
2007,"Gagne, Eric",rhp,31,Type A,LAN,TEX,1,6000000,2007,,,6000000,Boras Corp.,Tom Hicks,Jon Daniels,
2007,"Lofton, Kenny",of,40,Type B,LAN,TEX,1,6000000,2007,,,6000000,Casey Close,Tom Hicks,Jon Daniels,
2007,"Counsell, Craig",2b,36,Type B,ARI,MIL,2,6000000,2007-08,club,,3000000,Meister Sports,Mark Attanasio,Doug Melvin,
2007,"Guillen, Jose",of,31,Type B,WAS,SEA,1,5500000,2007,club,,5500000,Gregg Clifton,Nintendo/America,Bill Bavasi,
2007,"Embree, Alan",lhp,37,Type B,SDN,OAK,2,5500000,2007-08,club,,2750000,Chris Leible,Lewis Wolff,Billy Beane,
2007,"Stanton, Mike",lhp,40,Type B,SFN,CIN,2,5500000,2007-08,club,,2750000,ACES,Bob Castellini,Wayne Krivsky,
2007,"Helms, Wes",3b,31,,FLA,PHI,2,5450000,2007-08,club,,2725000,Career Sports,Bill Giles,Pat Gillick,
2007,"Blanco, Henry",c,35,Type C,CHN,CHN,2,5250000,2007-08,club,,2625000,Steve Schneider,Tribune Co.,Jim Hendry,
2007,"Feliz, Pedro",3b,32,Type B,SFN,SFN,1,5100000,2007,,,5100000,ACES,Peter Magowan,Brian Sabean,
2007,"Dotel, Octavio",rhp,33,,NYA,KCA,1,5000000,2007,player,,5000000,Dan Horwits,David Glass,Dayton Moore,
2007,"Foulke, Keith",rhp,34,Type B,BOS,CLE,1,5000000,2007,mutual,,5000000,Dan Horwits,Larry Dolan,Mark Shapiro,
2007,"Mota, Guillermo",rhp,33,Type B,NYN,NYN,2,5000000,2007-08,,,2500000,Adam Katz,Fred Wilpon,Omar Minaya,
2007,"Weathers, David",rhp,37,Type A,CIN,CIN,2,5000000,2007-08,,,2500000,Dan Horwits,Bob Castellini,Wayne Krivsky,
2007,"Spiezio, Scott",1b,34,,SLN,SLN,2,4500000,2007-08,club,,2250000,Meister Sports,Bill DeWitt Jr.,Walt Jocketty,
2007,"Borowski, Joe",rhp,36,Type A,FLA,CLE,1,4250000,2007,club,,4250000,Ron Shapiro,Larry Dolan,Mark Shapiro,
2007,"Casey, Sean",1b,32,Type A,DET,DET,1,4000000,2007,,,4000000,Ron Shapiro,Mike Ilitch,Dave Dombrowski,
2007,"Wells, Kip",rhp,30,,TEX,SLN,1,4000000,2007,,,4000000,,Bill DeWitt Jr.,Walt Jocketty,
2007,"Cora, Alex",ss,31,,BOS,BOS,2,4000000,2007-08,,,2000000,Boras Corp.,John Henry,Theo Epstein,
2007,"Walker, Todd",2b,34,Type A,SDN,SDN,1,3950000,2007,,,3950000,Alan Meersand,John Moores,Kevin Towers,
2007,"Valentin, Jose",2b,37,Type B,NYN,NYN,1,3800000,2007,club,,3800000,Dave Elston,Fred Wilpon,Omar Minaya,
2007,"Armas, Tony Jr.",rhp-s,29,Type C,WAS,PIT,1,3500000,2007,player,,3500000,Diego Bentz,McClatchy/Nutting,Dave Littlefield,
2007,"Hawkins, LaTroy",rhp,34,Type B,BAL,COL,1,3500000,2007,mutual,,3500000,Reynolds Sports,Monfort brothers,Dan O'Dowd,
2007,"Hernandez, Roberto",rhp,42,Type A,NYN,CLE,1,3500000,2007,club,,3500000,Hendricks Sports,Larry Dolan,Mark Shapiro,
2007,"Kline, Steve",lhp,34,Type C,SFN,SFN,2,3500000,2007-08,,,1750000,,Peter Magowan,Brian Sabean,
2007,"Graffanino, Tony",2b,35,Type A,MIL,MIL,1,3250000,2007,,,3250000,Jeff Borris,Mark Attanasio,Doug Melvin,
2007,"Ortiz, Ramon",rhp,34,Type B,WAS,MIN,1,3100000,2007,,,3100000,Pat Roache,Carl Pohlad,Terry Ryan,
2007,"Trachsel, Steve",rhp,36,Type C,NYN,BAL,1,3100000,2007,club,,3100000,ACES,Peter Angelos,Mike Flanagan,
2007,"Floyd, Cliff",rf,34,Type A,NYN,CHN,1,3000000,2007,mutual,,3000000,ACES,Tribune Co.,Jim Hendry,
2007,"Nixon, Trot",of,33,Type B,BOS,CLE,1,3000000,2007,,,3000000,Ron Shapiro,Larry Dolan,Mark Shapiro,
2007,"Wells, David",lhp-s,44,Type B,SDN,SDN,0,3000000,2007,,,3000000,Gregg Clifton,John Moores,Kevin Towers,
2007,"Millar, Kevin",1b,35,Type A,BAL,BAL,1,2750000,2007,vesting,,2750000,ACES,Peter Angelos,Mike Flanagan,
2007,"White, Rondell",of,35,,MIN,MIN,1,2750000,2007,vesting,,2750000,ACES,Carl Pohlad,Terry Ryan,
2007,"Barajas, Rod",c,31,Type B,TEX,PHI,1,2500000,2007,club,,2500000,Dan Lozano,Bill Giles,Pat Gillick,
2007,"Loretta, Mark",2b,35,Type A,BOS,HOU,1,2500000,2007,,,2500000,RMG Baseball,Drayton McLane,Tim Purpura,
2007,"Mesa, Jose",rhp,41,Type B,COL,DET,1,2500000,2007,,,2500000,Mitch Frankel,Mike Ilitch,Dave Dombrowski,
2007,"Riske, David",rhp,30,Type A,CHA,KCA,1,2250000,2007,club,,2250000,John Boggs,David Glass,Dayton Moore,
2007,"Wilson, Craig",of,30,Type C,NYA,ATL,1,2000000,2007,,,2000000,Steve Hillard,Time Warner,John Schuerholz,
2007,"Klesko, Ryan",1b,36,Type B,SDN,SFN,1,1750000,2007,,,1750000,Hendricks Sports,Peter Magowan,Brian Sabean,
2007,"Oliver, Darren",lhp,36,Type B,NYN,ANA,1,1750000,2007,club,,1750000,Jay Franklin,Arturo Moreno,Bill Stoneman,
2007,"Springer, Russ",rhp,38,Type A,HOU,SLN,1,1750000,2007,,,1750000,Hendricks Sports,Bill DeWitt Jr.,Walt Jocketty,
2007,"Wood, Kerry",rhp,30,,CHN,CHN,1,1750000,2007,,,1750000,SFX,Tribune Co.,Jim Hendry,
2007,"Fultz, Aaron",lhp,33,Type A,PHI,CLE,1,1650000,2007,club,,1650000,,Larry Dolan,Mark Shapiro,
2007,"Romero, J.C.",lhp,31,,ANA,BOS,1,1600000,2007,,,1600000,Dan Lozano,John Henry,Theo Epstein,
2007,"Cirillo, Jeff",3b,38,,MIL,MIN,1,1500000,2007,,,1500000,Jeff Borris,Carl Pohlad,Terry Ryan,
2007,"Clayton, Royce",ss,37,Type C,CIN,TOR,1,1500000,2007,,,1500000,Rick Licht,Edward Rogers,J.P. Ricciardi,
2007,"Matsui, Kazuo",2b,31,,COL,COL,1,1500000,2007,,,1500000,John Kim,Monfort brothers,Dan O'Dowd,
2007,"Mientkiewicz, Doug",1b,33,Type C,KCA,NYA,1,1500000,2007,,,1500000,SFX,Geo Steinbrenner,Brian Cashman,
2007,"Ohka, Tomo",rhp-s,31,Type B,MIL,MIL,1,1500000,2007,,,1500000,Jim Masteralexis,Mark Attanasio,Doug Melvin,
2007,"Lieberthal, Mike",c,35,Type A,PHI,LAN,1,1250000,2017,club,,1250000,Arn Tellem,Frank McCourt,Ned Colletti,
2007,"Ward, Daryle",1b,32,,ATL,CHN,1,1050000,2007,club,,1050000,,Tribune Co.,Jim Hendry,
2007,"Erstad, Darin",of-1b,33,,ANA,CHA,1,1000000,2007,club,,1000000,Greg Genske,Jerry Reinsdorf,Ken Williams,
2007,"Franklin, Ryan",rhp,34,Type C,CIN,SLN,1,1000000,2007,,,1000000,Jay Franklin,Bill DeWitt Jr.,Walt Jocketty,
2007,"Stewart, Shannon",of,33,Type C,MIN,OAK,1,1000000,2007,,,1000000,Greg Genske,Lewis Wolff,Billy Beane,
2007,"Wilson, Preston",of,32,Type B,SLN,SLN,1,1000000,2007,,,1000000,Bobby Bry,Bill DeWitt Jr.,Walt Jocketty,
2007,"Boone, Aaron",3b,34,,CLE,FLA,1,925000,2007,,,925000,Adam Katz,Jeffrey Loria,Larry Beinfest,
2007,"Bako, Paul",c,35,,KCA,BAL,1,900000,2007,,,900000,Meister Sports,Peter Angelos,Mike Flanagan,
2007,"Bennett, Gary",c,35,,SLN,SLN,1,900000,2007,club,,900000,,Bill DeWitt Jr.,Walt Jocketty,
2007,"Blum, Geoff",3b,34,,SDN,SDN,1,900000,2007,,,900000,Arn Tellem,John Moores,Kevin Towers,
2007,"Easley, Damion",2b,37,,ARI,NYN,1,850000,2007,,,850000,Paul Cohen,Fred Wilpon,Omar Minaya,
2007,"Gomez, Chris",ss,36,Type C,BAL,BAL,1,850000,2007,,,850000,Alan Meersand,Peter Angelos,Mike Flanagan,
2007,"Woodward, Chris",ss,31,,NYN,ATL,1,850000,2007,,,850000,Tommy Tanzer,Time Warner,John Schuerholz,
2007,"Martin, Tom",lhp,37,,COL,COL,1,800000,2007,club,,800000,,Monfort brothers,Dan O'Dowd,
2007,"Cairo, Miguel",2b,33,,NYA,NYA,1,750000,2007,,,750000,ACES,Geo Steinbrenner,Brian Cashman,
2007,"Mirabelli, Doug",c,36,,BOS,BOS,1,750000,2007,,,750000,ACES,John Henry,Theo Epstein,
2007,"Sturtze, Tanyon",rhp,36,,NYA,ATL,1,750000,2007,,,750000,SFX,Time Warner,John Schuerholz,
2007,"Park, Chan Ho",rhp-s,34,Type B,SDN,NYN,1,600000,2007,,,600000,Jeff Borris,Fred Wilpon,Omar Minaya,
2007,"Brocail, Doug",rhp,40,,SDN,SDN,1,500000,2007,,,500000,Meister Sports,John Moores,Kevin Towers,
2007,"Thomson, John",rhp,33,,ATL,TOR,1,500000,2007,,,500000,Chris Arnold,Edward Rogers,J.P. Ricciardi,
2007,"Ortiz, Russ",rhp,33,,BAL,SFN,1,380000,2007,,,380000,John Boggs,Peter Magowan,Brian Sabean,
2007,"Alomar, Sandy Jr.",c,41,,CHN,NYN,0,1,2007,,,,John Boggs,Fred Wilpon,Omar Minaya,"$700,000 in majors"
2007,"Belliard, Ronnie",2b,32,Type A,SLN,WAS,0,1,2007,,,,Dominic Torres,Ted Lerner,Jim Bowden,"$750,000 in majors"
2007,"Chen, Bruce",lhp-s,30,,BAL,TEX,0,1,2007,,,,Boras Corp.,Tom Hicks,Jon Daniels,$1.1M in majors
2007,"DeJean, Mike",rhp,36,,COL,COL,0,1,2007,,,,,Monfort brothers,Dan O'Dowd,"$700,000 in majors"
2007,"Diaz, Einar",c,34,,LAN,PIT,0,1,2007,,,,,McClatchy/Nutting,Dave Littlefield,"$600,000 in majors"
2007,"DiFelice, Mike",c,38,,NYN,NYN,0,1,2007,,,,,Fred Wilpon,Omar Minaya,"$600,000 in majors"
2007,"Estes, Shawn",lhp-s,34,,SFN,SDN,0,1,2007,,,,Dave Meier,John Moores,Kevin Towers,"$550,000 in majors"
2007,"Fick, Robert",1b,33,,WAS,WAS,0,1,2007,,,,Joe Longo,Ted Lerner,Jim Bowden,"$850,000 in majors"
2007,"Finley, Steve",of,42,,SFN,COL,0,1,2007,,,,Casey Close,Monfort brothers,Dan O'Dowd,$1M in majors
2007,"Gonzalez, Alex S.",ss,34,Type B,PHI,KCA,0,1,2007,,,,Bronner/Gilhooley,David Glass,Dayton Moore,"$700,000 in majors"
2007,"Greene, Todd",c,36,,SFN,SDN,0,1,2007,,,,Mike Nicotera,John Moores,Kevin Towers,"$700,000 in majors"
2007,"Guardado, Eddie",lhp,36,Type A,CIN,CIN,0,1,2007,club,,,Kevin Kohler,Bob Castellini,Wayne Krivsky,"$500,000 in majors"
2007,"Herges, Matt",rhp,37,,FLA,COL,0,1,2007,,,,Dan Horwits,Monfort brothers,Dan O'Dowd,"$600,000 in majors"
2007,"Hernandez, Jose",ss,37,,PHI,PIT,0,1,2007,,,,Boras Corp.,McClatchy/Nutting,Dave Littlefield,"$900,000 in majors"
2007,"Iriki, Yusaku",rhp,34,,NYN,TOR,0,1,2007,,,,,Edward Rogers,J.P. Ricciardi,
2007,"King, Ray",lhp,33,,COL,WAS,0,1,2007,,,,Tom O'Connell,Ted Lerner,Jim Bowden,"$850,000 in majors"
2007,"Kolb, Dan",rhp,32,,MIL,PIT,0,1,2007,,,,,McClatchy/Nutting,Dave Littlefield,$1.25M in majors
2007,"Ledee, Ricky",of,33,,NYN,OAK,0,1,2007,,,,Greg Genske,Lewis Wolff,Billy Beane,"$700,000 in majors"
2007,"Mabry, John",1b,36,,CHN,COL,0,1,2007,,,,Dale Reichley,Monfort brothers,Dan O'Dowd,"$750,000 in majors"
2007,"Meadows, Brian",rhp,31,Type B,TBA,CIN,0,1,2007,,,,Dan Horwits,Bob Castellini,Wayne Krivsky,"$600,000 in majors"
2007,"Merloni, Lou",2b,36,,CLE,OAK,0,1,2007,,,,,Lewis Wolff,Billy Beane,"$600,000 in majors"
2007,"Moehler, Brian",rhp-s,35,,FLA,HOU,0,1,2007,,,,Career Sports,Drayton McLane,Tim Purpura,"$500,000 in majors"
2007,"Nelson, Jeff",rhp,40,,CHA,NYA,0,1,2007,,,,Jay Franklin,Geo Steinbrenner,Brian Cashman,
2007,"Percival, Troy",rhp,37,Type C,DET,SLN,0,1,2007,,,,Paul Cohen,Bill DeWitt Jr.,Walt Jocketty,
2007,"Perez, Eduardo",1b,37,,SEA,CHA,0,1,2007,,,,,Jerry Reinsdorf,Ken Williams,"$575,000 in majors"
2007,"Perez, Tomas",ss,33,,TBA,CHN,0,1,2007,,,,,Tribune Co.,Jim Hendry,"$650,000 in majors"
2007,"Pratt, Todd",c,40,,ATL,NYA,0,1,2007,,,,,Geo Steinbrenner,Brian Cashman,"$750,000 in majors"
2007,"Redman, Mark",lhp-s,33,,KCA,ATL,0,1,2007,,,,Casey Close,Time Warner,John Schuerholz,
2007,"Rhodes, Arthur",lhp,37,Type B,PHI,SEA,0,1,2007,,,,Dan Horwits,Nintendo/America,Bill Bavasi,$1M in majors
2007,"Seanez, Rudy",rhp,38,Type A,SDN,LAN,0,1,2007,,,,Alan Nero,Frank McCourt,Ned Colletti,"$700,000 in majors"
2007,"Sele, Aaron",rhp-s,37,,LAN,NYN,0,1,2007,,,,Adam Katz,Fred Wilpon,Omar Minaya,$1M in majors
2007,"Stairs, Matt",of,39,Type C,DET,TOR,0,1,2007,,,,RMG Baseball,Edward Rogers,J.P. Ricciardi,"$850,000 in majors"
2007,"Tatis, Fernando",3b,32,,BAL,LAN,0,1,2007,,,,Gary Goodman,Frank McCourt,Ned Colletti,"$500,000 in majors"
2007,"Villone, Ron",lhp,37,Type B,NYA,NYA,0,1,2007,,,,Boras Corp.,Geo Steinbrenner,Brian Cashman,$2.5M in majors
2007,"White, Rick",rhp,38,Type C,PHI,HOU,0,1,2007,,,,Dan Horwits,Drayton McLane,Tim Purpura,"$600,000 in majors"
2007,"Wilson, Paul",rhp,34,,CIN,CIN,0,1,2007,,,,Hendricks Sports,Bob Castellini,Wayne Krivsky,"$500,000 in majors"
2007,"Wright, Jamey",rhp,32,,SFN,TEX,0,1,2007,,,,Casey Close,Tom Hicks,Jon Daniels,"$900,000 in majors"
2007,"Bagwell, Jeff",1b,39,,HOU,dnp,,,,,,,,,,
2007,"Bell, David",3b,34,Type C,MIL,dnp,,,,,,,,,,
2007,"Burnitz, Jeromy",of,38,Type B,PIT,dnp,,,,,,,,,,
2007,"Castilla, Vinny",3b,39,,COL,dnp,,,,,,,,,,
2007,"Helling, Rick",rhp-s,36,Type B,MIL,dnp,,,,,,,,,,
2007,"Hermanson, Dustin",rhp,34,Type A,CHA,dnp,,,,,,,,,,
2007,"Hitchcock, Sterling",lhp,36,,SDN,dnp,,,,,,,,,,
2007,"Hollandsworth, Todd",of,34,,CIN,dnp,,,,,,,,,,
2007,"Johnson, Jason",rhp,33,,CIN,dnp,,,,,,,,,,
2007,"Jordan, Brian",of,40,,ATL,dnp,,,,,,,,,,
2007,"Kapler, Gabe",of,31,,BOS,dnp,,,,,,,,,,
2007,"Karsay, Steve",rhp,35,,OAK,dnp,,,,,,,,,,
2007,"Mercker, Kent",lhp,39,Type B,CIN,dnp,,,,,,,,,,
2007,"Nevin, Phil",1b,36,,MIN,dnp,,,,,,,,,,
2007,"Radke, Brad",rhp-s,34,Type C,MIN,dnp,,,,,,,,,,
2007,"Randa, Joe",3b,37,Type C,PIT,dnp,,,,,,,,,,
2007,"Tucker, Michael",rf,36,,NYN,dnp,,,,,,,,,,
2007,"Vizcaino, Jose",ss,39,,SLN,dnp,,,,,,,,,,
2007,"Widger, Chris",c,36,,BAL,dnp,,,,,,,,,,
2007,"Williams, Bernie",of,38,Type C,NYA,dnp,,,,,,,,,,
2007,"Young, Eric",2b,40,,TEX,dnp,,,,,,,,,,
2006,"Konerko, Paul",1b,30,Type A,CHA,CHA,5,60000000,2006-10,,,12000000,Craig Landis,Jerry Reinsdorf,Ken Williams,
2006,"Millwood, Kevin",rhp-s,31,Type B,CLE,TEX,5,60000000,2006-10,,,12000000,Boras Corp.,Tom Hicks,Jon Daniels,
2006,"Burnett, A.J.",rhp-s,29,Type A,FLA,TOR,5,55000000,2006-10,,1,11000000,Darek Braunecker,Edward Rogers,J.P. Ricciardi,
2006,"Damon, Johnny",of,32,Type A,BOS,NYA,4,52000000,2006-09,,,13000000,Boras Corp.,Geo Steinbrenner,Brian Cashman,
2006,"Ryan, B.J.",lhp,30,Type A,BAL,TOR,5,47000000,2006-10,,,9400000,John Courtright,Edward Rogers,J.P. Ricciardi,
2006,"Wagner, Billy",lhp-c,34,Type A,PHI,NYN,4,43000000,2006-09,club,,10750000,Bean Stringfellow,Fred Wilpon,Omar Minaya,
2006,"Furcal, Rafael",ss,28,Type A,ATL,LAN,3,39000000,2006-08,,,13000000,Paul Kinzer,Frank McCourt,Ned Colletti,
2006,"Washburn, Jarrod",lhp-s,31,Type B,ANA,SEA,4,37000000,2006-09,,,9250000,Boras Corp.,Nintendo/America,Bill Bavasi,
2006,"Giles, Brian",of,35,Type A,SDN,SDN,3,30000000,2006-08,club,,10000000,Joe Bick,John Moores,Kevin Towers,
2006,"Hernandez, Ramon",c,30,Type A,SDN,BAL,4,27500000,2006-09,club,,6875000,Eric Goldschmidt,Peter Angelos,Mike Flanagan,
2006,"Morris, Matt",rhp-s,31,Type A,SLN,SFN,3,27000000,2006-08,club,,9000000,Barry Axelrod,Peter Magowan,Brian Sabean,
2006,"Loaiza, Esteban",rhp,34,Type B,OAK,OAK,3,21375000,2006-08,club,,7125000,John Boggs,Lewis Wolff,Billy Beane,
2006,"Gordon, Tom",rhp,38,Type A,NYA,PHI,3,18000000,2006-08,club,,6000000,Dan Horwits,Bill Giles,Pat Gillick,
2006,"Farnsworth, Kyle",rhp,30,Type A,ATL,NYA,3,17000000,2006-08,,,5666667,Meister Sports,Geo Steinbrenner,Brian Cashman,
2006,"Rogers, Kenny",lhp-s,41,Type A,TEX,DET,2,16000000,2006-07,,,8000000,Boras Corp.,Mike Ilitch,Dave Dombrowski,
2006,"Jones, Jacque",of,31,Type B,MIN,CHN,3,16000000,2006-08,,,5333333,Dan Lozano,Tribune Co.,Jim Hendry,
2006,"Encarnacion, Juan",rf,30,Type B,FLA,SLN,3,15000000,2006-08,,,5000000,Michael Moline,Bill DeWitt Jr.,Walt Jocketty,
2006,"Byrd, Paul",rhp-s,35,Type B,ANA,CLE,2,14250000,2006-07,club,,7125000,Bo McKinnis,Larry Dolan,Mark Shapiro,
2006,"Hoffman, Trevor",rhp-c,38,Type A,SDN,SDN,2,13500000,2006-07,club,,6750000,Rick Thurman,John Moores,Kevin Towers,
2006,"Looper, Braden",rhp-s,31,Type A,NYN,SLN,3,13500000,2006-08,,,4500000,Hendricks Sports,Bill DeWitt Jr.,Walt Jocketty,
2006,"Howry, Bobby",rhp,32,Type A,CLE,CHN,3,12000000,2006-08,,,4000000,Craig Landis,Tribune Co.,Jim Hendry,
2006,"Jones, Todd",rhp,38,Type A,FLA,DET,2,11000000,2006-07,,,5500000,Hendricks Sports,Mike Ilitch,Dave Dombrowski,
2006,"Eyre, Scott",lhp,34,Type A,SFN,CHN,3,11000000,2006-08,,,3666666,Tommy Tanzer,Tribune Co.,Jim Hendry,
2006,"Sanders, Reggie",of,38,Type B,SLN,KCA,2,10000000,2006-07,,,5000000,Eric Goldschmidt,David Glass,Allard Baird,
2006,"Mueller, Bill",3b,35,Type A,BOS,LAN,2,9500000,2006-07,,,475000,Dave Meier,Frank McCourt,Ned Colletti,
2006,"Tomko, Brett",rhp,33,Type B,SFN,LAN,2,8700000,2006-07,club,,4350000,Joe Longo,Frank McCourt,Ned Colletti,
2006,"Weaver, Jeff",rhp-s,29,Type A,ANA,ANA,1,8325000,2006,,,8325000,Boras Corp.,Arturo Moreno,Bill Stoneman,
2006,"Elarton, Scott",rhp-s,30,Type C,CLE,KCA,2,8000000,2006-07,,,4000000,,David Glass,Allard Baird,
2006,"Ausmus, Brad",c,37,Type A,HOU,HOU,2,7500000,2006-07,,,3750000,,Drayton McLane,Tim Purpura,
2006,"Burnitz, Jeromy",of,37,Type A,CHN,PIT,1,6700000,2006,mutual,,6700000,Howard Simon,Kevin McClatchy,Dave Littlefield,
2006,"Tavares, Julian",rhp,33,Type A,SLN,BOS,2,6700000,2006,club,,3350000,Boras Corp.,John Henry,Theo Epstein,
2006,"Carrasco, Hector",rhp,36,Type B,WAS,ANA,2,6100000,2006-07,club,,3050000,,Arturo Moreno,Bill Stoneman,
2006,"Garciaparra, Nomar",ss,32,Type B,CHN,LAN,1,6000000,2006,,,6000000,Arn Tellem,Frank McCourt,Ned Colletti,
2006,"Moyer, Jamie",lhp-s,43,Type B,SEA,SEA,1,5500000,2006,,,5500000,Jamie Moyer,Nintendo/America,Bill Bavasi,
2006,"Wickman, Bob",rhp,37,Type A,CLE,CLE,1,5000000,2006,,,5000000,,Larry Dolan,Mark Shapiro,
2006,"Molina, Bengie",c,31,Type A,ANA,TOR,1,5000000,2006,club,,5000000,Alan Nero,Edward Rogers,J.P. Ricciardi,
2006,"Wilson, Preston",of,31,Type B,WAS,HOU,1,4500000,2006,,,4500000,,Drayton McLane,Tim Purpura,
2006,"Johnson, Jason",rhp,32,Type B,DET,CLE,1,4000000,2006,mutual,,4000000,CSMG,Larry Dolan,Mark Shapiro,
2006,"Grudzielanek, Mark",2b,36,Type A,SLN,KCA,1,4000000,2006,player,,4000000,ACES,David Glass,Allard Baird,
2006,"Randa, Joe",3b,36,Type A,SDN,PIT,1,4000000,2006,,,4000000,Ron Shapiro,Kevin McClatchy,Dave Littlefield,
2006,"Everett, Carl",dh,35,Type B,CHA,SEA,1,4000000,2006,club,,4000000,Reynolds Sports,Nintendo/America,Bill Bavasi,
2006,"Lawton, Matt",of,34,Type A,NYA,SEA,1,4000000,2006,,,4000000,,Nintendo/America,Bill Bavasi,
2006,"Worrell, Tim",rhp,38,Type A,ARI,SFN,2,4000000,2006-07,,,2000000,Paul Cohen,Peter Magowan,Brian Sabean,
2006,"Lofton, Kenny",of,39,Type B,PHI,LAN,1,3850000,2006,,,3850000,Casey Close,Frank McCourt,Ned Colletti,
2006,"Dessens, Elmer",rhp,35,Type B,LAN,KCA,2,3400000,2006-07,,,1700000,Oscar Suarez,David Glass,Allard Baird,
2006,"Nunez, Abraham",3b,30,Type C,SLN,PHI,2,3350000,2006-07,,,1675000,Dave Stewart,Bill Giles,Pat Gillick,
2006,"White, Rondell",of,34,Type A,DET,MIN,1,3250000,2006,vesting,,3250000,ACES,Carl Pohlad,Terry Ryan,
2006,"Gonzalez, Alex",ss,33,Type B,FLA,BOS,1,3000000,2006,,,3000000,Eric Goldschmidt,John Henry,Theo Epstein,
2006,"Rodriguez, Felix",rhp,33,Type B,NYA,WAS,1,3000000,2006,,,3000000,Fern Cuza,MLB,Jim Bowden,
2006,"Rincon, Ricardo",lhp,36,,OAK,SLN,2,2900000,2006-07,,,1450000,Dave Stewart,Bill DeWitt Jr.,Walt Jocketty,
2006,"Hernandez, Roberto",rhp,41,Type B,NYN,PIT,1,2750000,2006,,,2750000,Hendricks Sports,Kevin McClatchy,Dave Littlefield,
2006,"Mesa, Jose",rhp,40,Type B,PIT,COL,1,2515000,2006,club,,2515000,Mitch Frankel,Monfort brothers,Dan O'Dowd,
2006,"Myers, Mike",lhp,37,Type B,BOS,NYA,2,2400000,2006-07,,,1200000,,Geo Steinbrenner,Brian Cashman,
2006,"Franco, Julio",1b,47,Type B,ATL,NYN,2,2200000,2006-07,,,1100000,Chuck Berry,Fred Wilpon,Omar Minaya,
2006,"Millar, Kevin",1b,34,Type A,BOS,BAL,1,2100000,2006,,,2100000,ACES,Peter Angelos,Mike Flanagan,
2006,"Seanez, Rudy",rhp,37,Type A,SDN,BOS,1,2100000,2006,club,,2100000,CSMG,John Henry,Theo Epstein,
2006,"Armas, Tony Jr.",rhp-s,28,,WAS,WAS,1,2100000,2006,,,2100000,,MLB,Jim Bowden,
2006,"Graffanino, Tony",2b,34,Type A,BOS,BOS,1,2050000,2006,,,2050000,,John Henry,Theo Epstein,
2006,"Snow, J.T.",1b,38,Type B,SFN,BOS,1,2000000,2006,,,2000000,Dan Horwits,John Henry,Theo Epstein,
2006,"Dotel, Octavio",rhp,32,Type A,OAK,NYA,1,2000000,2006,,,2000000,Dan Horwits,Geo Steinbrenner,Brian Cashman,
2006,"Piazza, Mike",c,37,Type A,NYN,SDN,1,2000000,2006,mutual,,2000000,Dan Lozano,John Moores,Kevin Towers,
2006,"Seanz, Olmedo",1b,35,,LAN,LAN,2,2000000,2006-07,,,1000000,,Frank McCourt,Ned Colletti,
2006,"Palmeiro, Orlando",of,37,,HOU,HOU,2,1900000,2006-07,,,900000,,Drayton McLane,Tim Purpura,
2006,"Mientkiewicz, Doug",1b,32,,NYN,KCA,1,1850000,2006,,,1850000,SFX,David Glass,Allard Baird,
2006,"Anderson, Marlon",2b,32,,NYN,WAS,2,1850000,2006-07,,,925000,,MLB,Jim Bowden,
2006,"Perez, Eduardo",1b,36,,TBA,CLE,1,1825000,2006,club,,1825000,,Larry Dolan,Mark Shapiro,
2006,"Sweeney, Mark",1b,36,Type C,SDN,SFN,2,1800000,2006,,,1800000,Barry Axelrod,Peter Magowan,Brian Sabean,
2006,"Conine, Jeff",of,40,Type A,FLA,BAL,1,1700000,2006,mutual,,1700000,Michael Watkins,Peter Angelos,Mike Flanagan,
2006,"Kim, Byung-Hyun",rhp,28,,COL,COL,1,1500000,2006,club,,1500000,,Monfort brothers,Dan O'Dowd,
2006,"Moehler, Brian",rhp,34,,FLA,FLA,1,1500000,2006,,,1500000,,Jeffrey Loria,Larry Beinfest,
2006,"Williams, Bernie",of,37,Type B,NYA,NYA,1,1500000,2006,,,1500000,Boras Corp.,Geo Steinbrenner,Brian Cashman,
2006,"Miceli, Dan",rhp,35,Type B,COL,TBA,2,1500000,2006-07,club,,750000,,Stuart Sternberg,Andrew Friedman,
2006,"Aurilia, Rich",2b,34,Type B,CIN,CIN,1,1300000,2006,mutual,,1300000,Barry Axelrod,Bob Castellini,O'Brien / Krivsky,
2006,"Vizcaino, Jose",2b,38,,HOU,SFN,1,1250000,2006,,,1250000,Adam Katz,Peter Magowan,Brian Sabean,
2006,"Estes, Shawn",lhp-s,33,Type B,ARI,SDN,1,1100000,2006,,,1100000,Dave Meier,John Moores,Kevin Towers,
2006,"Eischen, Joey",rhp,36,,WAS,WAS,1,1100000,2006,,,1100000,,MLB,Jim Bowden,
2006,"Mabry, John",of,35,Type C,SLN,CHN,1,1075000,2006,,,1075000,Dale Reichley,Tribune Co.,Jim Hendry,
2006,"Mays, Joe",rhp-s,30,,MIN,KCA,1,1000000,2006,,,1000000,,David Glass,Allard Baird,
2006,"Cairo, Miguel",2b,32,,NYN,NYA,1,1000000,2006,,,1000000,ACES,Geo Steinbrenner,Brian Cashman,
2006,"Brocail, Doug",rhp,39,Type C,TEX,SDN,1,1000000,2006,,,1000000,,John Moores,Kevin Towers,
2006,"Valentin, Jose",3b,36,,LAN,NYN,1,912500,2006,,,912500,,Fred Wilpon,Omar Minaya,
2006,"Pratt, Todd",c,39,Type B,PHI,ATL,1,850000,2006,,,850000,,Time Warner,John Schuerholz,
2006,"Helling, Rick",rhp,35,,MIL,MIL,1,850000,2006,,,850000,,Mark Attanasio,Doug Melvin,
2006,"Cirillo, Jeff",3b,36,,MIL,MIL,1,850000,2006,,,850000,Jeff Borris,Mark Attanasio,Doug Melvin,
2006,"Fick, Robert",c,32,,SDN,WAS,1,850000,2006,,,850000,Joe Longo,MLB,Jim Bowden,
2006,"Grimsley, Jason",rhp,38,,BAL,ARI,1,825000,2006,,,825000,Joe Bick,Ken Kendrick,Josh Byrnes,
2006,"Hammond, Chris",lhp,40,Type B,SDN,CIN,1,800000,2006,mutual,,800000,,Bob Castellini,O'Brien / Krivsky,
2006,"Reese, Pokey",ss,33,,SEA,FLA,1,800000,2006,,,800000,,Jeffrey Loria,Larry Beinfest,
2006,"Helms, Wes",3b,30,,MIL,FLA,1,800000,2006,,,800000,Career Sports,Jeffrey Loria,Larry Beinfest,
2006,"Bennett, Gary",c,34,,WAS,SLN,1,800000,2006,,,800000,,Bill DeWitt Jr.,Walt Jocketty,
2006,"Cruz, Deivi",2b,33,,WAS,SLN,1,800000,2006,,,800000,,Bill DeWitt Jr.,Walt Jocketty,
2006,"Tucker, Michael",of,35,Type B,PHI,WAS,1,800000,2006,,,800000,,MLB,Jim Bowden,
2006,"Hatteberg, Scott",1b,36,Type B,OAK,CIN,1,750000,2006,,,750000,,Bob Castellini,O'Brien / Krivsky,
2006,"Springer, Russ",rhp,37,,HOU,HOU,1,750000,2006,,,750000,,Drayton McLane,Tim Purpura,
2006,"Gonzalez, Alex S.",3b,33,Type B,TBA,PHI,1,750000,2006,,,750000,,Bill Giles,Pat Gillick,
2006,"Easley, Damion",2b,36,,FLA,ARI,1,700000,2006,,,700000,,Ken Kendrick,Josh Byrnes,
2006,"Bako, Paul",c,34,,LAN,KCA,1,700000,2006,,,700000,,David Glass,Allard Baird,
2006,"Young, Eric",of,39,Type B,SDN,SDN,1,700000,2006,,,700000,Jim Turner,John Moores,Kevin Towers,
2006,"Flaherty, John",c,38,,NYA,BOS,1,650000,2006,,,650000,,John Henry,Theo Epstein,
2006,"Alomar, Sandy",c,40,,LAN,LAN,1,650000,2006,,,650000,John Boggs,Frank McCourt,Ned Colletti,
2006,"Blum, Geoff",3b,33,,CHA,SDN,1,650000,2006,,,650000,,John Moores,Kevin Towers,
2006,"White, Rick",rhp,37,,PIT,CIN,1,600000,2006,,,600000,,Bob Castellini,O'Brien / Krivsky,
2006,"Wasdin, John",rhp,33,,TEX,TEX,1,600000,2006,,,600000,,Tom Hicks,Jon Daniels,
2006,"Thomas, Frank",dh,38,Type B,CHA,OAK,1,500000,2006,,,500000,Arn Tellem,Lewis Wolff,Billy Beane,
2006,"Adams, Terry",rhp,33,,PHI,PIT,0,1,2006,,,,,Kevin McClatchy,Dave Littlefield,"$500,000 in majors"
2006,"Alfonseca, Antonio",rhp,34,Type B,FLA,TEX,0,1,2006,,,,,Tom Hicks,Jon Daniels,"$540,000 in majors"
2006,"Anderson, Brian",lhp-s,34,,KCA,TEX,0,1,2006,,,,,Tom Hicks,Jon Daniels,"$650,000 in majors"
2006,"Baldwin, James",rhp,34,,BAL,TOR,0,1,2006,,,,,Edward Rogers,J.P. Ricciardi,"$450,000 in majors"
2006,"Casanova, Raul",c,33,,CHA,OAK,0,1,2006,,,,,Lewis Wolff,Billy Beane,"$375,000 in majors"
2006,"Castillo, Alberto",c,36,,OAK,WAS,0,1,2006,,,,,MLB,Jim Bowden,"$450,000 in majors"
2006,"Clayton, Royce",ss,36,Type A,ARI,WAS,0,1,2006,,,,,MLB,Jim Bowden,$1M in majors
2006,"Cruz, Jacob",of,33,,CIN,CIN,0,1,2006,,,,,Bob Castellini,O'Brien / Krivsky,"$625,000 in majors"
2006,"Diaz, Einar",c,33,,SLN,CLE,0,1,2006,,,,,Larry Dolan,Mark Shapiro,"$625,000 in majors"
2006,"Durazo, Erubiel",1b,32,Type A,OAK,TEX,0,1,2006,,,,,Tom Hicks,Jon Daniels,"$500,000 in majors"
2006,"Embree, Alan",lhp,36,Type C,NYA,SDN,0,1,2006,,,,,John Moores,Kevin Towers,"$850,000 in majors"
2006,"Graves, Danny",rhp,32,,NYN,CLE,0,1,2006,,,,,Larry Dolan,Mark Shapiro,"$600,000 in majors"
2006,"Greene, Todd",c,35,Type B,COL,SDN,0,1,2006,,,,,John Moores,Kevin Towers,"$700,000 in majors"
2006,"Harris, Lenny",dh,41,,FLA,FLA,0,1,2006,,,,,Jeffrey Loria,Larry Beinfest,"$450,000 in majors"
2006,"Heredia, Felix",lhp,31,,NYN,ARI,0,1,2006,,,,,Ken Kendrick,Josh Byrnes,
2006,"Hernandez, Jose",1b,36,,CLE,PIT,0,1,2006,,,,,Kevin McClatchy,Dave Littlefield,"$850,000 in majors"
2006,"Hollandsworth, Todd",of,33,Type C,ATL,CLE,0,1,2006,,,,,Larry Dolan,Mark Shapiro,"$900,000 in majors"
2006,"Jordan, Brian",of,39,,ATL,ATL,0,1,2006,,,,,Time Warner,John Schuerholz,"$700,000 in majors"
2006,"Karsay, Steve",rhp,34,,TEX,CLE,0,1,2006,,,,,Larry Dolan,Mark Shapiro,"$600,000 in majors"
2006,"Lee, Travis",1b,31,,TBA,TBA,1,1,2006,,,,,Stuart Sternberg,Andrew Friedman,accepted salary arbitration
2006,"Leiter, Al",lhp-s,40,Type B,NYA,NYA,0,1,2006,,,,,Geo Steinbrenner,Brian Cashman,$1.5M in majors
2006,"Lima, Jose",rhp,33,Type C,KCA,NYN,0,1,2006,,,,,Fred Wilpon,Omar Minaya,"$600,000 in majors"
2006,"Lopez, Luis",3b,35,,CIN,BAL,0,1,2006,,,,,Peter Angelos,Mike Flanagan,
2006,"Mantei, Matt",rhp,32,,BOS,DET,0,1,2006,,,,,Mike Ilitch,Dave Dombrowski,"$575,000 in majors"
2006,"Marrero, Eli",of,32,,BAL,COL,0,1,2006,,,,,Monfort brothers,Dan O'Dowd,"$350,000 in majors"
2006,"Martinez, Ramon E.",ss,33,,PHI,LAN,0,1,2006,,,,,Frank McCourt,Ned Colletti,"$700,000 in majors"
2006,"McEwing, Joe",3b,33,,KCA,KCA,0,1,2006,,,,,David Glass,Allard Baird,"$650,000 in majors"
2006,"Mendoza, Ramiro",rhp,34,,NYA,NYA,0,1,2006,,,,,Geo Steinbrenner,Brian Cashman,"$850,000 in majors"
2006,"Merloni, Lou",3b,35,,ANA,CLE,0,1,2006,,,,,Larry Dolan,Mark Shapiro,"$500,000 in majors"
2006,"Mulholland, Terry",lhp,43,,MIN,ARI,0,1,2006,,,,,Ken Kendrick,Josh Byrnes,"$800,000 in majors"
2006,"Nelson, Jeff",rhp,39,,SEA,SLN,0,1,2006,,,,,Bill DeWitt Jr.,Walt Jocketty,"$800,000 in majors"
2006,"Perez, Eduardo",c,36,,ATL,ATL,0,1,2006,,,,,Time Warner,John Schuerholz,
2006,"Salmon, Tim",dh,37,,ANA,ANA,0,1,2006,,,,,Arturo Moreno,Bill Stoneman,"$400,000 in majors"
2006,"Sierra, Ruben",of,40,,NYA,MIN,0,1,2006,,,,,Carl Pohlad,Terry Ryan,"$400,000 in majors"
2006,"Vina, Fernando",2b,37,,DET,SEA,0,1,2006,,,,,Nintendo/America,Bill Bavasi,"$400,000 in majors"
2006,"Ward, Daryle",1b,31,,PIT,WAS,0,1,2006,,,,,MLB,Jim Bowden,"$700,000 in majors"
2006,"Wright, Jamey",rhp,31,,COL,SFN,0,1,2006,,,,,Peter Magowan,Brian Sabean,"$800,000 in majors"
2006,"Alomar, Roberto",2b,38,,TBA,dnp,,,,,,,,,,
2006,"Astacio, Pedro",rhp,37,,SDN,dnp,,,,,,,,,,
2006,"Baerga, Carlos",3b,37,,WAS,dnp,,,,,,,,,,
2006,"Bautista, Danny",of,34,,TBA,dnp,,,,,,,,,,
2006,"Brown, Kevin",rhp-s,41,,NYA,dnp,,,,,,,,,,
2006,"Christiansen, Jason",lhp,36,,ANA,dnp,,,,,,,,,,
2006,"Clemens, Roger",rhp-s,43,Type A,HOU,dnp,,,,,,,,,,
2006,"Colbrunn, Greg",1b,36,,TEX,dnp,,,,,,,,,,
2006,"DiFelice, Mike",c,37,,NYN,dnp,,,,,,,,,,
2006,"Dreifort, Darren",rhp-s,34,,LAN,dnp,,,,,,,,,,
2006,"Eldred, Cal",rhp,38,Type B,SLN,dnp,,,,,,,,,,
2006,"Fox, Chad",rhp,35,,CHN,dnp,,,,,,,,,,
2006,"Gonzalez, Juan",rf,36,,CLE,dnp,,,,,,,,,,
2006,"Groom, Buddy",lhp,40,,ARI,dnp,,,,,,,,,,
2006,"Hammonds, Jeffrey",of,35,,WAS,dnp,,,,,,,,,,
2006,"Hansen, Dave",1b,37,,SEA,dnp,,,,,,,,,,
2006,"Hasegawa, Shigetoshi",rhp,37,,SEA,dnp,,,,,,,,,,
2006,"Higginson, Bobby",of,35,,DET,dnp,,,,,,,,,,
2006,"Hildalgo, Richard",of,31,Type C,TEX,dnp,,,,,,,,,,
2006,"Hocking, Denny",of,36,,KCA,dnp,,,,,,,,,,
2006,"Martinez, Tino",1b,38,Type C,NYA,dnp,,,,,,,,,,
2006,"Meadows, Brian",rhp,30,Type B,PIT,dnp,,,,,,,,,,
2006,"Mecir, Jim",rhp,36,Type B,FLA,dnp,,,,,,,,,,
2006,"Mordecai, Mike",3b,38,,FLA,dnp,,,,,,,,,,
2006,"Offerman, Jose",1b,37,,NYN,dnp,,,,,,,,,,
2006,"Olerud, John",1b,37,,BOS,dnp,,,,,,,,,,
2006,"Palmeiro, Rafael",1b,41,,BAL,dnp,,,,,,,,,,
2006,"Powell, Jay",rhp,34,,ATL,dnp,,,,,,,,,,
2006,"Quantrill, Paul",rhp,37,,FLA,dnp,,,,,,,,,,
2006,"Reyes, Al",rhp,36,Type A,SLN,dnp,,,,,,,,,,
2006,"Sanchez, Rey",ss,38,,NYA,dnp,,,,,,,,,,
2006,"Sosa, Sammy",rf,37,Type B,BAL,dnp,,,,,,,,,,
2006,"Sullivan, Scott",rhp,35,,KCA,dnp,,,,,,,,,,
2006,"Surhoff, B.J.",of,41,Type C,BAL,dnp,,,,,,,,,,
2006,"Takatsu, Shingo",rhp,37,,NYN,dnp,,,,,,,,,,
2006,"Urbina, Ugueth",rhp,32,Type A,PHI,dnp,,,,,,,,,,
2006,"Valdez, Ismael",rhp-s,32,,FLA,dnp,,,,,,,,,,
2006,"Walker, Larry",of,39,Type A,SLN,dnp,,,,,,,,,,
2006,"Williams, Gerald",of,39,,NYN,dnp,,,,,,,,,,
2006,"Wilson, Dan",c,37,Type C,SEA,dnp,,,,,,,,,,
2005,"Beltran, Carlos",of,28,Type A,HOU,NYN,7,119000000,2005-11,,,17000000,Boras Corp.,Fred Wilpon,Omar Minaya,
2005,"Ordonez, Magglio",of,31,Type A,CHA,DET,5,75000000,2005-09,club,,15000000,Boras Corp.,Mike Ilitch,Dave Dombrowski,
2005,"Beltre, Adrian",3b,26,Type A,LAN,SEA,5,64000000,2005-09,,,12800000,Boras Corp.,Nintendo/America,Bill Bavasi,
2005,"Drew, J.D.",of,29,Type A,ATL,LAN,5,55000000,2005-09,,Y,11000000,Boras Corp.,Frank McCourt,Paul DePodesta,
2005,"Martinez, Pedro",rhp-s,33,Type A,BOS,NYN,4,53000000,2005-08,,,13250000,Fern Cuza,Fred Wilpon,Omar Minaya,
2005,"Delgado, Carlos",1b,33,Type A,TOR,FLA,4,52000000,2005-08,club,,13000000,David Sloane,Jeffrey Loria,Larry Beinfest,
2005,"Sexson, Richie",1b,30,Type A,ARI,SEA,4,50000000,2005-08,,,12500000,Casey Close,Nintendo/America,Bill Bavasi,
2005,"Glaus, Troy",3b,28,Type C,ANA,ARI,4,45000000,2005-08,,,11250000,Mike Nicotera,Ken Kendrick,Joe Garagiola,
2005,"Renteria, Edgar",ss,28,Type A,SLN,BOS,4,40000000,2005-08,club,,10000000,Meister Sports,John Henry,Theo Epstein,
2005,"Varitek, Jason",c,33,Type A,BOS,BOS,4,40000000,2005-08,,,10000000,Boras Corp.,John Henry,Theo Epstein,
2005,"Pavano, Carl",rhp-s,29,Type A,FLA,NYA,4,39950000,2005-08,club,,9987500,Scott Shaprio,Geo Steinbrenner,Brian Cashman,
2005,"Lowe, Derek",rhp-s,32,Type A,BOS,LAN,4,36000000,2005-08,,,9000000,Boras Corp.,Frank McCourt,Paul DePodesta,
2005,"Ortiz, Russ",rhp-s,31,Type A,ATL,ARI,4,33000000,2005-08,,,8250000,John Boggs,Ken Kendrick,Joe Garagiola Jr.,
2005,"Cabrera, Orlando",ss,30,Type A,BOS,ANA,4,32000000,2005-08,,,8000000,Dan Lozano,Arturo Moreno,Bill Stoneman,
2005,"Clement, Matt",rhp-s,30,Type B,CHN,BOS,3,25500000,2005-07,,,8500000,Barry Axelrod,John Henry,Theo Epstein,
2005,"Milton, Eric",lhp-s,29,Type C,PHI,CIN,3,25500000,2005-07,,,8500000,Casey Close,Carl Lindner,Dan O'Brien Jr.,
2005,"Perez, Odalis",lhp-s,27,Type A,LAN,LAN,3,24000000,2005-07,club,,8000000,Pat Rooney,Frank McCourt,Paul DePodesta,
2005,"Benson, Kris",rhp-s,30,Type C,NYN,NYN,3,22500000,2005-07,club,,7500000,Gregg Clifton,Fred Wilpon,Omar Minaya,
2005,"Benitez, Armando",rhp,32,Type A,FLA,SFN,3,21500000,2005-07,,,7166666,Mike Powers,Peter Magowan,Brian Sabean,
2005,"Lieber, Jon",rhp,35,Type B,NYA,PHI,3,21000000,2005-07,,,7000000,Rex Gary,Bill Giles,Ed Wade,
2005,"Wright, Jaret",rhp-s,29,,ATL,NYA,3,21000000,2005-07,,,7000000,Reich Katz Landis,Geo Steinbrenner,Brian Cashman,
2005,"Clemens, Roger",rhp-s,42,Type A,HOU,HOU,1,18000000,2005,,,18000000,Hendricks Sports,Drayton McLane,Tim Purpura,
2005,"Radke, Brad",rhp-s,32,Type A,MIN,MIN,2,18000000,2005-06,,,9000000,Ron Simon,Carl Pohlad,Terry Ryan,
2005,"Kent, Jeff",2b,37,Type A,HOU,LAN,2,17000000,2005-06,,,8500000,Jeffrey Klein,Frank McCourt,Paul DePodesta,
2005,"Koskie, Corey",3b,32,Type A,MIN,TOR,3,17000000,2005-07,club,,5666666,Pat Rooney,Edward Rogers,J.P. Ricciardi,
2005,"Guzman, Cristian",ss,27,Type B,MIN,WAS,4,16800000,2005-08,,,4200000,Stanley King,MLB,Jim Bowden,
2005,"Finley, Steve",of,40,Type A,LAN,ANA,2,14000000,2005-06,club,,7000000,Tommy Tanzer,Arturo Moreno,Bill Stoneman,
2005,"Alou, Moises",of,38,Type A,CHN,SFN,2,13250000,2005-06,player,,6625000,Fern Cuza,Peter Magowan,Brian Sabean,
2005,"Vizquel, Omar",ss,38,Type A,CLE,SFN,3,12250000,2005-07,,,4083333,Reich Katz Landis,Peter Magowan,Brian Sabean,
2005,"Percival, Troy",rhp,35,Type A,ANA,DET,2,12000000,2005-06,,,6000000,Paul Cohen,Mike Ilitch,Dave Dombrowski,
2005,"Matheny, Mike",c,34,Type A,SLN,SFN,3,10500000,2005-07,club,,3500000,John Boggs,Peter Magowan,Brian Sabean,
2005,"Dye, Jermaine",rf,31,Type C,OAK,CHA,2,10150000,2005-06,club,,5075000,Bobby Bry,Jerry Reinsdorf,Ken Williams,
2005,"Miller, Damian",c,35,Type A,OAK,MIL,3,8750000,2005-07,player,,2916666,RMG Baseball,Mark Attanasio,Doug Melvin,
2005,"Wilson, Paul",rhp-s,32,Type B,CIN,CIN,2,8200000,2005-06,club,,4100000,Hendricks Sports,Carl Lindner,Dan O'Brien Jr.,
2005,"Garciaparra, Nomar",ss,31,Type A,CHN,CHN,1,8000000,2005,,,8000000,Arn Tellum,Tribune Co.,Jim Hendry,
2005,"Leiter, Al",lhp-s,39,Type A,NYN,FLA,1,8000000,2005,,,8000000,Hendricks Sports,Jeffrey Loria,Larry Beinfest,
2005,"Hernandez, Orlando",rhp-s,39,Type B,NYA,CHA,2,8000000,2005-06,,,4000000,Joe Cubas,Jerry Reinsdorf,Ken Williams,
2005,"Wells, David",lhp-s,42,Type A,SDN,BOS,2,8000000,2005-06,,,4000000,Gregg Clifton,John Henry,Theo Epstein,
2005,"Millwood, Kevin",rhp-s,30,Type A,PHI,CLE,1,7000000,2005,,,7000000,Boras Corp.,Larry Dolan,Mark Shaprio,
2005,"Lidle, Cory",rhp,33,Type B,PHI,PHI,2,6300000,2005-06,,,3150000,Jordan Feagan,Bill Giles,Ed Wade,
2005,"Castilla, Vinny",3b,37,Type A,COL,WAS,2,6200000,2005-06,,,3100000,Eric Goldschmidt,MLB,Jim Bowden,
2005,"Hermanson, Dustin",rhp,32,Type A,SFN,CHA,2,5500000,2005-06,club,,2750000,Casey Close,Jerry Reinsdorf,Ken Williams,
2005,"Kline, Steve",lhp,32,Type A,SLN,BAL,2,5500000,2005-06,,,2750000,-,Peter Angelos,Beattie/Flanagan,
2005,"Cormier, Rheal",lhp,38,Type A,PHI,PHI,2,5250000,2005-06,club,,2625000,Meister Sports,Bill Giles,Ed Wade,
2005,"Burnitz, Jeromy",of,36,Type A,COL,CHN,1,5000000,2005,mutual,,5000000,Howard Simon,Tribune Co.,Jim Hendry,
2005,"Hidalgo, Richard",of,30,Type A,NYN,TEX,1,5000000,2005,,,5000000,Peter Greenberg,Tom Hicks,John Hart,
2005,"Polanco, Placido",2b,29,Type A,PHI,PHI,1,4600000,2005,,,4600000,Reich Katz Landis,Bill Giles,Ed Wade,
2005,"Byrd, Paul",rhp-s,34,,ATL,ANA,1,4500000,2005,,,4500000,Bo McKinnis,Arturo Moreno,Bill Stoneman,
2005,"Villone, Ron",lhp,35,Type B,SEA,SEA,2,4200000,2005-06,,,2100000,Boras Corp.,Nintendo/America,Bill Bavasi,
2005,"Alvarez, Wilson",lhp-s,35,Type A,LAN,LAN,2,4000000,2005-06,,,2000000,Boras Corp.,Frank McCourt,Paul DePodesta,
2005,"Rusch, Glendon",lhp,30,,CHN,CHN,2,4000000,2005-06,player,,2000000,Tommy Tanzer,Tribune Co.,Jim Hendry,
2005,"Womack, Tony",2b,35,Type C,SLN,NYA,2,4000000,2005-06,,,2000000,ACES,Geo Steinbrenner,Brian Cashman,
2005,"Valentin, Jose",3b,35,Type B,CHA,LAN,1,3500000,2005,,,3500000,David Elston,Frank McCourt,Paul DePodesta,
2005,"Williams, Woody",rhp-s,38,Type A,SLN,SDN,1,3500000,2005,club,,3500000,Meister Sports,John Moores,Kevin Towers,
2005,"Counsell, Craig",ss,34,Type B,MIL,ARI,2,3100000,2005,,,1550000,Meister Sports,Ken Kendrick,Joe Garagiola Jr.,
2005,"Martinez, Tino",1b,37,Type B,TBA,NYA,1,3000000,2005,club,,3000000,Jim Krivacs,Geo Steinbrenner,Brian Cashman,
2005,"Mirabelli, Doug",c,34,Type B,BOS,BOS,2,3000000,2005-06,,,1500000,ACES,John Henry,Theo Epstein,
2005,"Loaiza, Esteban",rhp,33,Type A,NYA,WAS,1,2900000,2005,mutual,,2900000,John Boggs,MLB,Jim Bowden,
2005,"Wickman, Bob",rhp,36,Type C,CLE,CLE,1,2750000,2005,,,2750000,Richard Moss,Larry Dolan,Mark Shaprio,
2005,"Blanco, Henry",c,33,Type C,MIN,CHN,2,2700000,2005-06,,,1350000,Steve Schneider,Tribune Co.,Jim Hendry,
2005,"Mercker, Kent",lhp,37,Type A,CHN,CIN,2,2600000,2005-06,vesting,,1300000,Casey Close,Carl Lindner,Dan O'Brien Jr.,
2005,"Estes, Shawn",lhp-s,32,Type C,COL,ARI,1,2500000,2005,,,2500000,Dave Meier,Ken Kendrick,Joe Garagiola Jr.,
2005,"Lima, Jose",rhp-s,32,Type B,LAN,KCA,1,2500000,2005,,,2500000,Joel Klein,David Glass,Allard Baird,
2005,"Morris, Matt",rhp-s,30,Type A,SLN,SLN,1,2500000,2005,,,2500000,Barry Axelrod,Bill DeWitt Jr.,Walt Jocketty,
2005,"Walker, Todd",2b,32,Type B,CHN,CHN,1,2500000,2005,club,,2500000,Jeff Moorad,Tribune Co.,Jim Hendry,
2005,"Ledee, Ricky",of,31,,SFN,LAN,2,2500000,2005-06,,,1250000,Greg Genske,Frank McCourt,Paul DePodesta,
2005,"Yan, Esteban",rhp,30,Type B,DET,ANA,2,2250000,2005-06,,,1125000,Alan Nero,Arturo Moreno,Bill Stoneman,
2005,"Randa, Joe",3b,35,Type A,KCA,CIN,1,2150000,2005,,,2150000,Ron Shapiro,Carl Lindner,Dan O'Brien Jr.,
2005,"Castro, Juan",3b,33,,CIN,MIN,2,2050000,2005-06,club,,1025000,Oscar Suarez,Carl Pohlad,Terry Ryan,
2005,"Bautista, Danny",of,33,Type B,ARI,TBA,1,1900000,2005,,,1900000,-,Vince Naimoli,Chuck LaMar,
2005,"Hernandez, Jose",2b,35,Type B,LAN,CLE,1,1800000,2005,,,1800000,Boras Corp.,Larry Dolan,Mark Shaprio,
2005,"Dellucci, David",of,31,,TEX,TEX,2,1800000,2005-06,,,900000,Gregg Clifton,Tom Hicks,John Hart,
2005,"Redmond, Mike",c,34,Type C,FLA,MIN,2,1800000,2005-06,,,900000,Joe Urbon,Carl Pohlad,Terry Ryan,
2005,"Gonzalez, Alex",ss,32,Type B,SDN,TBA,1,1750000,2005,,,1750000,Jim Bronner,Vince Naimoli,Chuck LaMar,
2005,"Wilson, Dan",c,36,Type B,SEA,SEA,1,1750000,2005,,,1750000,-,Nintendo/America,Bill Bavasi,
2005,"Dessens, Elmer",rhp,34,Type B,LAN,LAN,1,1550000,2005,club,,1550000,Oscar Suarez,Frank McCourt,Paul DePodesta,
2005,"Sierra, Ruben",of,39,,NYA,NYA,1,1500000,2005,,,1500000,Chuck Berry,Geo Steinbrenner,Brian Cashman,
2005,"Valdez, Ismael",rhp-s,31,Type C,FLA,FLA,1,1500000,2005,,,1500000,-,Jeffrey Loria,Larry Beinfest,
2005,"Clayton, Royce",ss,35,Type A,COL,ARI,1,1350000,2005,,,1350000,Rick Licht,Ken Kendrick,Joe Garagiola Jr.,
2005,"Weathers, David",rhp,35,,FLA,CIN,1,1350000,2005,club,,1350000,Jeff Borris,Carl Lindner,Dan O'Brien Jr.,
2005,"Lee, Travis",1b,30,Type C,NYA,TBA,1,1300000,2005,,,1300000,Boras Corp.,Vince Naimoli,Chuck LaMar,
2005,"Vizcaino, Jose",ss,37,,HOU,HOU,1,1250000,2005,,,1250000,Reich Katz Landis,Drayton McLane,Tim Purpura,
2005,"Reese, Pokey",ss,32,,BOS,SEA,1,1200000,2005,club,,1200000,Michael Nicotera,Nintendo/America,Bill Bavasi,
2005,"Christiansen, Jason",lhp,35,,SFN,SFN,1,1150000,2005,club,,1150000,,Peter Magowan,Brian Sabean,
2005,"DeJean, Mike",rhp,34,Type B,NYN,NYN,1,1150000,2005,,,1150000,-,Fred Wilpon,Omar Minaya,
2005,"Jones, Todd",rhp,37,Type B,PHI,FLA,1,1100000,2005,,,1100000,Hendricks Sports,Jeffrey Loria,Larry Beinfest,
2005,"Mecir, Jim",rhp,35,Type C,OAK,FLA,1,1100000,2005,,,1100000,Barry Praver,Jeffrey Loria,Larry Beinfest,
2005,"Surhoff, B.J.",of,40,Type B,BAL,BAL,1,1100000,2005,,,1100000,Octagon,Peter Angelos,Beattie/Flanagan,
2005,"Reed, Steve",rhp,40,Type B,COL,BAL,1,1050000,2005,club,,1050000,,Peter Angelos,Beattie/Flanagan,
2005,"Relaford, Desi",2b,31,Type C,KCA,COL,1,1050000,2005,club,,1050000,Dan Lozano,Jerry McMorris,Dan O'Dowd,
2005,"Zaun, Gregg",c,34,Type B,TOR,TOR,1,1050000,2005,club,,1050000,-,Edward Rogers,J.P. Ricciardi,
2005,"Martinez, Ramon",ss,32,Type C,CHN,DET,1,1025000,2005,,,1025000,Alan Nero,Mike Ilitch,Dave Dombrowski,
2005,"Brocail, Doug",rhp,38,,TEX,TEX,1,1000000,2005,,,1000000,-,Tom Hicks,John Hart,
2005,"Franco, Julio",1b,46,Type C,ATL,ATL,1,1000000,2005,,,1000000,-,Time Warner,John Schuerholz,
2005,"Grudzielanek, Mark",2b,35,Type A,CHN,SLN,1,1000000,2005,,,1000000,ACES,Bill DeWitt Jr.,Walt Jocketty,
2005,"Halama, John",lhp,33,Type C,TBA,BOS,1,1000000,2005,player,,1000000,-,John Henry,Theo Epstein,
2005,"Young Sr., Eric",of,38,Type B,TEX,SDN,1,1000000,2005,club,,1000000,-,John Moores,Kevin Towers,
2005,"Cairo, Miguel",2b,31,Type A,NYA,NYN,1,900000,2005,,,900000,ACES,Fred Wilpon,Omar Minaya,
2005,"Hollandsworth, Todd",of,32,Type C,CHN,CHN,1,900000,2005,,,900000,-,Tribune Co.,Jim Hendry,
2005,"Gomez, Chris",ss,34,,TOR,BAL,1,825000,2005,,,825000,Alan Meersand,Peter Angelos,Beattie/Flanagan,
2005,"Astacio, Pedro",rhp,36,,BOS,TEX,1,800000,2005,,,800000,-,Tom Hicks,John Hart,
2005,"Bottalico, Ricky",rhp,35,Type C,NYN,MIL,1,800000,2005,,,800000,Gregg Clifton,Mark Attanasio,Doug Melvin,
2005,"Flaherty, John",c,37,,NYA,NYA,1,800000,2005,,,800000,CSMG,Geo Steinbrenner,Brian Cashman,
2005,"Osuna, Antonio",rhp,32,Type B,SDN,WAS,1,800000,2005,,,800000,,MLB,Jim Bowden,
2005,"Palmeiro, Orlando",of,36,,HOU,HOU,1,800000,2005,,,,-,Drayton McLane,Tim Purpura,
2005,"Clark, Tony",1b,33,,NYA,ARI,1,750000,2005,,,750000,John Boggs,Ken Kendrick,Joe Garagiola Jr.,
2005,"Easley, Damion",2b,35,,FLA,FLA,1,750000,2005,,,750000,-,Jeffrey Loria,Larry Beinfest,
2005,"Greene, Todd",c,34,Type C,COL,COL,1,750000,2005,club,,750000,-,Jerry McMorris,Dan O'Dowd,
2005,"Hammond, Chris",lhp,39,Type A,OAK,SDN,1,750000,2005,,,750000,,John Moores,Kevin Towers,
2005,"Mantei, Matt",rhp,31,Type A,ARI,BOS,1,750000,2005,,,750000,,John Henry,Theo Epstein,
2005,"Pratt, Todd",c,38,Type B,PHI,PHI,1,750000,2005,,,750000,Peter Grosz,Bill Giles,Ed Wade,
2005,"Mabry, John",of,34,Type C,SLN,SLN,1,725000,2005,,,725000,Dale Reichley,Bill DeWitt Jr.,Walt Jocketty,
2005,"Franco, John",lhp,44,,NYN,HOU,1,700000,2005,,,700000,Dan Horwits,Drayton McLane,Tim Purpura,
2005,"Bako, Paul",c,33,,CHN,LAN,1,650000,2005,,,650000,-,Frank McCourt,Paul DePodesta,
2005,"Alomar, Roberto",2b,37,Type B,CHA,TBA,1,600000,2005,,,600000,John Boggs,Vince Naimoli,Chuck LaMar,
2005,"Cordero, Wil",of,33,,FLA,WAS,1,600000,2005,,,600000,Jeff Moorad,MLB,Jim Bowden,
2005,"Diaz, Einar",c,32,,MON,SLN,1,600000,2005,,,600000,Peter Greenberg,Bill DeWitt Jr.,Walt Jocketty,
2005,"Eldred, Cal",rhp,37,Type A,SLN,SLN,1,600000,2005,,,600000,Ron Shapiro,Bill DeWitt Jr.,Walt Jocketty,
2005,"Jordan, Brian",of,38,,TEX,ATL,1,600000,2005,,,600000,Jim Turner,Time Warner,John Schuerholz,
2005,"Myers, Mike",lhp,36,,BOS,SLN,1,600000,2005,,,600000,ACES,Bill DeWitt Jr.,Walt Jocketty,
2005,"Sanchez, Rey",2b,37,,TBA,NYA,1,600000,2005,,,600000,Boras Corp.,Geo Steinbrenner,Brian Cashman,
2005,"White, Gabe",lhp,33,Type B,CIN,ATL,1,600000,2005,,,600000,-,Time Warner,John Schuerholz,
2005,"Sweeney, Mark",of,35,,COL,SDN,1,575000,2005,,,575000,,John Moores,Kevin Towers,
2005,"Alomar Jr., Sandy",c,39,Type C,CHA,TEX,1,550000,2005,,,550000,John Boggs,Tom Hicks,John Hart,
2005,"Reyes, Dennys",lhp,28,,KCA,SDN,1,550000,2005,,,550000,,John Moores,Kevin Towers,
2005,"Seanez, Rudy",rhp,36,Type C,FLA,SDN,1,550000,2005,,,550000,,John Moores,Kevin Towers,
2005,"Wright, Jamey",rhp,30,Type A,COL,COL,1,550000,2005,,,550000,Casey Close,Jerry McMorris,Dan O'Dowd,
2005,"Adams, Terry",rhp,32,Type B,BOS,PHI,1,500000,2005,,,500000,Hendricks Sports,Bill Giles,Ed Wade,
2005,"Alfonseca, Antonio",rhp,33,Type B,ATL,FLA,1,316000,2005,club,,316000,Juan Iglesias,Jeffrey Loria,Larry Beinfest,
2005,"Alexander, Manny",2b,34,,TEX,TEX,0,1,2005,,,,-,Tom Hicks,John Hart,"$385,000 in majors"
2005,"Appier, Kevin",rhp-s,37,,KCA,KCA,0,1,2005,,,,Jeff Borris,David Glass,Allard Baird,
2005,"Aurilia, Rich",ss,33,Type B,SDN,CIN,0,1,2005,player,,,Barry Axelrod,Carl Lindner,Dan O'Brien Jr.,"$600,000 in majors"
2005,"Baerga, Carlos",1b,36,Type C,ARI,WAS,0,1,2005,,,,Boras Corp.,MLB,Jim Bowden,
2005,"Berg, Dave",of,34,,TOR,BOS,0,1,2005,,,,,John Henry,Theo Epstein,"$500,000 in majors"
2005,"Burba, Dave",rhp,38,Type B,SFN,HOU,0,1,2005,,,,-,Drayton McLane,Tim Purpura,"$650,000 in majors"
2005,"Colbrunn, Greg",1b,35,,ARI,TEX,0,1,2005,,,,,Tom Hicks,John Hart,"$650,000 in majors"
2005,"Cordova, Marty",dh,35,,BAL,TBA,0,1,2005,,,,-,Vince Naimoli,Chuck LaMar,"$316,000 in majors"
2005,"De Los Santos, Valerio",lhp,32,,TOR,FLA,0,1,2005,,,,,Jeffrey Loria,Larry Beinfest,
2005,"Fassero, Jeff",lhp,42,,ARI,SFN,0,1,2005,,,,,Peter Magowan,Brian Sabean,"$500,000 in majors"
2005,"Fick, Robert",dh,31,,SDN,SDN,0,1,2005,,,,Joe Longo,John Moores,Kevin Towers,
2005,"Fox, Chad",rhp,34,,FLA,CHN,0,1,2005,,,,Hendricks Sports,Tribune Co.,Jim Hendry,"$575,000 in majors"
2005,"Galarraga, Andres",1b,44,,ANA,NYN,0,1,2005,,,,Jim Bronner,Fred Wilpon,Omar Minaya,"$600,000 in majors"
2005,"Glanville, Doug",of,34,,PHI,NYA,0,1,2005,,,,Arn Tellum,Geo Steinbrenner,Brian Cashman,"$550,000 in majors"
2005,"Gonzalez, Juan",of,35,Type B,KCA,CLE,0,1,2005,,,,Alan Nero,Larry Dolan,Mark Shaprio,"$600,000 in majors"
2005,"Goodwin, Tom",of,36,,CHN,TBA,0,1,2005,,,,,Vince Naimoli,Chuck LaMar,"$550,000 in majors"
2005,"Grieve, Ben",of,29,Type C,CHN,PIT,0,1,2005,,,,Hendricks Sports,Kevin McClatchy,Dave Littlefield,"$650,000 in majors"
2005,"Groom, Buddy",lhp,39,,BAL,NYA,0,1,2005,,,,-,Geo Steinbrenner,Brian Cashman,"$850,000 in majors"
2005,"Gutierrez, Ricky",2b,35,,BOS,SEA,0,1,2005,,,,Reynolds Sports,Nintendo/America,Bill Bavasi,"$600,000 in majors"
2005,"Halter, Shane",3b,35,,ANA,TBA,0,1,2005,,,,-,Vince Naimoli,Chuck LaMar,"$550,000 in majors"
2005,"Hansen, Dave",inf,36,,SDN,CHN,0,1,2005,,,,-,Tribune Co.,Jim Hendry,"$500,000 in majors"
2005,"Harris, Lenny",2b,40,,FLA,FLA,0,1,2005,,,,-,Jeffrey Loria,Larry Beinfest,"$425,000 in majors"
2005,"Hernandez, Robetto",rhp,40,Type C,PHI,NYN,0,1,2005,,,,Hendricks Sports,Fred Wilpon,Omar Minaya,"$650,000 in majors"
2005,"Manzanillo, Josias",rhp,37,,FLA,BOS,0,1,2005,,,,,John Henry,Theo Epstein,"$350,000 in majors"
2005,"McCarty, Dave",1b,35,,BOS,BOS,0,1,2005,,,,,John Henry,Theo Epstein,"$550,000 in majors"
2005,"McCracken, Quinton",of,34,,ARI,ARI,0,1,2005,,,,-,Ken Kendrick,Joe Garagiola Jr.,"$750,000 in majors"
2005,"Mendoza, Ramiro",rhp,33,,BOS,NYA,0,1,2005,,,,Hendricks Sports,Geo Steinbrenner,Brian Cashman,
2005,"Mordecai, Mike",3b,37,,FLA,FLA,0,1,2005,,,,,Jeffrey Loria,Larry Beinfest,
2005,"Mulholland, Terry",lhp,42,,MIN,MIN,0,1,2005,,,,Joe Bick,Carl Pohlad,Terry Ryan,"$750,000 in majors"
2005,"Myers, Greg",c,39,Type B,TOR,TOR,0,1,2005,,,,-,Edward Rogers,J.P. Ricciardi,"$700,000 in majors"
2005,"Nelson, Jeff",rhp,38,Type A,TEX,SEA,0,1,2005,,,,Ron Shapiro,Nintendo/America,Bill Bavasi,
2005,"Nitkowski, C.J.",lhp,32,,NYA,MIN,0,1,2005,,,,-,Carl Pohlad,Terry Ryan,"$500,000 in majors"
2005,"Nomo, Hideo",rhp,36,Type B,LAN,TBA,0,1,2005,,,,Arn Tellum,Vince Naimoli,Chuck LaMar,"$800,000 in majors"
2005,"Powell, Jay",rhp,33,,TEX,ATL,0,1,2005,,,,Bo McKinnis,Time Warner,John Schuerholz,"$600,000 in majors"
2005,"Ritchie, Todd",rhp,33,,TBA,PIT,0,1,2005,,,,-,Kevin McClatchy,Dave Littlefield,"$350,000 in majors"
2005,"Sele, Aaron",rhp,35,Type C,ANA,SEA,0,1,2005,,,,-,Nintendo/America,Bill Bavasi,"$700,000 in majors"
2005,"Shuey, Paul",rhp,34,Type A,LAN,CLE,0,1,2005,,,,-,Larry Dolan,Mark Shaprio,"$400,000 in majors"
2005,"Sparks, Steve",rhp,39,,ARI,SDN,0,1,2005,,,,,John Moores,Kevin Towers,"$550,000 in majors"
2005,"Springer, Russ",rhp,36,,HOU,HOU,0,1,2005,,,,-,Drayton McLane,Tim Purpura,"$550,000 in majors"
2005,"Stinnett, Kelly",c,35,,KCA,ARI,0,1,2005,,,,-,Ken Kendrick,Joe Garagiola Jr.,"$525,000 in majors"
2005,"Wasdin, John",rhp,32,,TEX,TEX,0,1,2005,,,,-,Tom Hicks,John Hart,"$555,000 in majors"
2005,"White, Rick",rhp,36,,CLE,PIT,0,1,2005,,,,Dan Horwits,Kevin McClatchy,Dave Littlefield,"$475,000 in majors"
2005,"Williamson, Scott",rhp,30,Type A,BOS,CHN,0,1,2005,club,,,Jeff Moorad,Tribune Co.,Jim Hendry,"$316,000 in majors"
2005,"Wilson, Enrique",2b,31,,NYA,BAL,0,1,2005,,,,,Peter Angelos,Beattie/Flanagan,"$650,000 in majors"
2005,"Kapler, Gabe",of,29,,BOS,NPB,1,2700000,2005,,,,,,,Signed by Yomiuri of Japan
2005,"Miceli, Dan",rhp,34,Type A,HOU,NPB,1,2000000,2005,,,,,,,Signed by Yomiuri of Japan
2005,"Batista, Tony",3b,31,Type A,MON,NPB,2,15000000,2005-06,,,,,,,Signed by Fukouka of Japan
2005,"Ashby, Andy",rhp,37,,SDN,dnp,,,,,,,,,,
2005,"Boehringer, Brian",rhp,36,,PIT,dnp,,,,,,,,,,
2005,"Bragg, Darren",of,35,,CIN,dnp,,,,,,,,,,
2005,"Burks, Ellis",dh,40,,BOS,dnp,,,,,,,,,,
2005,"Daal, Omar",lhp,33,,BAL,dnp,,,,,,,,,,
2005,"Fetters, Mike",rhp,40,,ARI,dnp,,,,,,,,,,
2005,"Fordyce, Brook",c,35,Type B,TBA,dnp,,,,,,,,,,
2005,"Fox, Andy",3b,34,,TEX,dnp,,,,,,,,,,
2005,"Fullmer, Brad",dh,30,,TEX,dnp,,,,,,,,,,
2005,"Greer, Rusty",of,36,,TEX,dnp,,,,,,,,,,
2005,"Hentgen, Pat",rhp,36,,TOR,dnp,,,,,,,,,,
2005,"Hundley, Todd",c,36,,LAN,dnp,,,,,,,,,,
2005,"Lankford, Ray",of,38,,SLN,dnp,,,,,,,,,,
2005,"Larkin, Barry",ss,41,Type B,CIN,dnp,,,,,,,,,,
2005,"Leskanic, Curtis",rhp,37,Type B,BOS,dnp,,,,,,,,,,
2005,"Levine, Alan",rhp,38,Type C,DET,dnp,,,,,,,,,,
2005,"Martinez, Edgar",dh,42,Type A,SEA,dnp,,,,,,,,,,
2005,"Mayne, Brent",c,37,Type B,LAN,dnp,,,,,,,,,,
2005,"McLemore, Mark",2b,40,,OAK,dnp,,,,,,,,,,
2005,"Nen, Robb",rhp,35,,SFN,dnp,,,,,,,,,,
2005,"Olerud, John",1b,36,Type B,NYA,dnp,,,,,,,,,,
2005,"Oliver, Darren",lhp,34,,HOU,dnp,,,,,,,,,,
2005,"Perry, Herbert",dh,35,,TEX,dnp,,,,,,,,,,
2005,"Reynolds, Shane",rhp-s,37,,ARI,dnp,,,,,,,,,,
2005,"Segui, David",dh,38,,BAL,dnp,,,,,,,,,,
2005,"Service, Scott",rhp,38,,ARI,dnp,,,,,,,,,,
2005,"Van Poppel, Todd",rhp,33,Type C,CIN,dnp,,,,,,,,,,
2005,"Vaughn, Mo",1b,37,,NYN,dnp,,,,,,,,,,
2005,"Ventura, Robin",1b,37,,LAN,dnp,,,,,,,,,,
2005,"Zeile, Todd",1b,39,,NYN,dnp,,,,,,,,,,
2005,"Zimmerman, Jeff",rhp,32,,TEX,dnp,,,,,,,,,,
2004,"Tejada, Miguel",ss,30,Type A,OAK,BAL,6,72000000,2004-09,,,12000000,Diego Bentz,Peter Angelos,Beattie/Flanagan,
2004,"Guerrero, Vladimir",of,29,Type A,MON,ANA,5,70000000,2004-08,club,,14000000,Fern Cuza,Arturo Moreno,Bill Stoneman,
2004,"Colon, Bartolo",rhp-s,31,Type A,CHA,ANA,4,51000000,2004-07,,,12750000,Mitch Frankel,Arturo Moreno,Bill Stoneman,
2004,"Rodriguez, Ivan",c,32,Type A,FLA,DET,4,40000000,2004-07,club,,10000000,Boras Corp.,Mike Ilitch,Dave Dombrowski,
2004,"Sheffield, Gary",of,35,Type A,ATL,NYA,3,39000000,2004-06,club,,13000000,Rufus Williams,Geo Steinbrenner,Brian Cashman,
2004,"Pettitte, Andy",lhp-s,32,Type A,NYA,HOU,3,31500000,2004-06,,,10500000,Hendricks Sports,Drayton McLane,Gerry Hunsicker,
2004,"Foulke, Keith",rhp-c,31,Type A,OAK,BOS,4,25500000,2004-07,club,,6375000,Dan Horwits,John Henry,Theo Epstein,
2004,"Maddux, Greg",rhp-s,38,Type A,ATL,CHN,3,24000000,2004-06,,,8000000,Boras Corp.,Tribune Co.,Jim Hendry,
2004,"Lopez, Javy",c,33,Type A,ATL,BAL,3,22500000,2004-06,,,7500000,Reich Katz Landis,Peter Angelos,Beattie/Flanagan,
2004,"Ponson, Sidney",rhp-s,27,Type A,SFN,BAL,3,22500000,2004-06,,,7500000,Barry Praver,Peter Angelos,Beattie/Flanagan,
2004,"Cameron, Mike",of,31,Type A,SEA,NYN,3,19500000,2004,club,,6500000,Mike Nicotera,Fred Wilpon,Jim Duquette,
2004,"Escobar, Kelvim",rhp-s,28,Type A,TOR,ANA,3,18750000,2004-06,,,6250000,Peter Greenberg,Arturo Moreno,Bill Stoneman,
2004,"Stewart, Shannon",of,30,Type A,MIN,MIN,3,18000000,2004-06,,,6000000,Barry Praver,Carl Pohlad,Terry Ryan,
2004,"Castillo, Luis",2b,28,Type A,FLA,FLA,3,16000000,2004,club,,5333333,ACES,Jeffrey Loria,Larry Beinfest,
2004,"Ibanez, Raul",of,32,Type A,KCA,SEA,3,13250000,2004-06,,,4416666,ACES,Nintendo/America,Bill Bavasi,
2004,"Batista, Miguel",rhp,33,Type B,ARI,TOR,3,13100000,2004-06,,,4366666,Martin Arburua,Edward Rogers,J.P. Ricciardi,
2004,"Guardado, Eddie",lhp,33,Type A,MIN,SEA,3,13000000,2004-06,club,,4333333,Kevin Kohler,Nintendo/America,Bill Bavasi,
2004,"Millwood, Kevin",rhp-s,29,Type A,PHI,PHI,1,11000000,2004,,,11000000,Boras Corp.,Bill Giles,Ed Wade,
2004,"Hawkins, LaTroy",rhp,31,Type A,MIN,CHN,3,11000000,2004,player,,3666666,Reynolds Sports,Tribune Co.,Jim Hendry,
2004,"Rhodes, Arthur",lhp,34,Type A,SEA,OAK,3,9200000,2004-06,,,3066666,Dan Horwits,Schott / Hofmann,Billy Beane,
2004,"Spiezio, Scott",1b,31,Type B,ANA,SEA,3,9150000,2004-06,club,,3050000,Meister Sports,Nintendo/America,Bill Bavasi,
2004,"Everett, Carl",of,33,Type A,CHA,MON,2,7500000,2004-05,player,,3750000,Reynolds Sports,MLB,Omar Minaya,
2004,"Gordon, Tom",rhp,36,Type A,CHA,NYA,2,7250000,2004-05,,,3625000,Beverly Hills SC,Geo Steinbrenner,Brian Cashman,
2004,"Thomson, John",rhp,30,Type B,TEX,ATL,2,7000000,2004-05,club,,3500000,Chris Arnold,Time Warner,John Schuerholz,
2004,"Anderson, Brian",lhp-s,32,Type B,KCA,KCA,2,6500000,2004-05,,,3250000,,David Glass,Allard Baird,
2004,"Quantrill, Paul",rhp,35,Type A,LAN,NYA,2,6400000,2004-05,club,,3200000,Ron Shapiro,Geo Steinbrenner,Brian Cashman,
2004,"Hasegawa, Shigetoshi",rhp-s,35,Type A,SEA,SEA,2,6300000,2004-05,club,,3150000,,Nintendo/America,Bill Bavasi,
2004,"Lofton, Kenny",of,37,Type B,CHN,NYA,2,6200000,2004-05,,,3100000,Casey Close,Geo Steinbrenner,Brian Cashman,
2004,"Cruz Jr., Jose",of,30,Type B,SFN,TBA,2,6000000,2004-05,,,3000000,Hendricks Sports,Vince Naimoli,Chuck LaMar,
2004,"Guillen, Jose",of,28,Type B,OAK,ANA,2,6000000,2004-05,club,,3000000,Reich Katz Landis,Arturo Moreno,Bill Stoneman,
2004,"Rogers, Kenny",lhp-s,39,Type A,MIN,TEX,2,6000000,2004-05,,,3000000,Boras Corp.,Tom Hicks,John Hart,
2004,"Sanders, Reggie",of,36,Type A,PIT,SLN,2,6000000,2004-05,,,3000000,Eric Goldschmidt,Bill DeWitt Jr.,Walt Jocketty,
2004,"Suppan, Jeff",rhp-s,29,Type B,BOS,SLN,2,6000000,2004-05,club,,3000000,ABC Mgmt,Bill DeWitt Jr.,Walt Jocketty,
2004,"Vina, Fernando",2b,35,Type B,SLN,DET,2,6000000,2004-05,,,3000000,ACES,Mike Ilitch,Dave Dombrowski,
2004,"White, Rondell",of,32,Type B,KCA,DET,2,6000000,2004-05,,,3000000,ACES,Mike Ilitch,Dave Dombrowski,
2004,"Worrell, Tim",rhp,36,Type A,SFN,PHI,2,5500000,2004-05,,,2750000,Paul Cohen,Bill Giles,Ed Wade,
2004,"Clemens, Roger",rhp-s,41,Type A,NYA,HOU,1,5000000,2004,,,5000000,Hendricks Sports,Drayton McLane,Gerry Hunsicker,
2004,"Sullivan, Scott",rhp,33,Type B,CHA,KCA,2,5000000,2004-05,club,,2500000,,David Glass,Allard Baird,
2004,"Gonzalez, Juan",of,34,Type A,TEX,KCA,1,4500000,2004,mutual,,4500000,Alan Nero,David Glass,Allard Baird,
2004,"Palmeiro, Rafael",1b,39,Type A,TEX,BAL,1,4500000,2004,club,,4500000,Bronner/Gilhooley,Peter Angelos,Beattie/Flanagan,
2004,"Ligtenberg, Kerry",rhp,33,Type B,BAL,TOR,2,4500000,2004-05,,,2250000,Lonnie Cooper,Edward Rogers,J.P. Ricciardi,
2004,"Santiago, Benito",c,39,Type A,SFN,KCA,2,4300000,2004-05,,,2150000,Joe Longo,David Glass,Allard Baird,
2004,"Tavarez, Julian",rhp,31,Type C,PIT,SLN,2,4200000,2004-05,,,2100000,Boras Corp.,Bill DeWitt Jr.,Walt Jocketty,
2004,"Ausmus, Brad",c,35,Type A,HOU,HOU,2,4000000,2004,,,2000000,Peter Mrowka,Drayton McLane,Gerry Hunsicker,
2004,"Heredia, Felix",lhp-s,29,Type B,NYA,NYA,2,3850000,2004-05,club,,1925000,Martin Arburua,Geo Steinbrenner,Brian Cashman,
2004,"Randa, Joe",3b,34,Type A,KCA,KCA,1,3750000,2004,mutual,,3750000,Ron Shapiro,David Glass,Allard Baird,
2004,"Rincon, Ricardo",lhp,34,Type B,OAK,OAK,2,3650000,2004,,,1825000,Dave Stewart,Schott / Hofmann,Billy Beane,
2004,"Benitiz, Armando",rhp,31,Type A,SEA,FLA,1,3500000,2004,,,3500000,Mike Powers,Jeffrey Loria,Larry Beinfest,
2004,"Urbina, Ugueth",rhp,30,Type A,FLA,DET,1,3500000,2004,club,,3500000,Peter Greenberg,Mike Ilitch,Dave Dombrowski,
2004,"Tucker, Michael",of,33,Type B,KCA,SFN,2,3500000,2004-05,,,1750000,,Peter Magowan,Brian Sabean,
2004,"Martin, Tom",lhp,34,Type C,LAN,LAN,2,3300000,2004-05,,,1650000,,Fox Ent / McCourt,Evans / DePodesta,
2004,"Aurilia, Rich",ss,32,Type A,SFN,SEA,1,3150000,2004,,,3150000,Barry Axelrod,Nintendo/America,Bill Bavasi,
2004,"Grudzielanek, Mark",2b,34,Type A,CHN,CHN,1,2750000,2004,club,,2750000,ACES,Tribune Co.,Jim Hendry,
2004,"Lidle, Cory",rhp,32,Type A,TOR,CIN,1,2750000,2004,,,2750000,Jordan Feagan,Carl Lindner,Dan O'Brien Jr.,
2004,"Timlin, Mike",rhp,38,Type A,BOS,BOS,1,2750000,2004,,,2750000,ACES,John Henry,Theo Epstein,
2004,"Lee, Travis",1b,29,Type B,TBA,NYA,1,2250000,2004,club,,2250000,Jeff Moorad,Geo Steinbrenner,Brian Cashman,
2004,"Hentgen, Pat",rhp-s,35,,BAL,TOR,1,2200000,2004,,,2200000,Bob LaMonte,Edward Rogers,J.P. Ricciardi,
2004,"Graffanino, Tony",ss,32,,CHA,KCA,2,2200000,2004-05,,,1100000,Dan Lozano,David Glass,Allard Baird,
2004,"White, Gabe",lhp,32,Type A,NYA,NYA,1,2125000,2004,club,,2125000,Bo McKinnis,Geo Steinbrenner,Brian Cashman,
2004,"Castilla, Vinny",3b,36,Type A,ATL,COL,1,2100000,2004,club,,2100000,Eric Goldschmidt,Jerry McMorris,Dan O'Dowd,
2004,"Beck, Rod",rhp,35,Type A,SDN,SDN,1,1850000,2004,club,,1850000,Dennis Gilbert,John Moores,Kevin Towers,
2004,"Snow, J.T.",1b,36,Type C,SFN,SFN,1,1750000,2004,club,,1750000,Dan Horwits,Peter Magowan,Brian Sabean,
2004,"Walker, Todd",2b,31,Type A,BOS,CHN,1,1750000,2004,,,1750000,Alan Meersand,Tribune Co.,Jim Hendry,
2004,"Adams, Terry",rhp,31,Type B,PHI,TOR,1,1700000,2004,,,1700000,Hendricks Sports,Edward Rogers,J.P. Ricciardi,
2004,"Kline, Steve",lhp,31,Type A,SLN,SLN,1,1700000,2004,,,1700000,,Bill DeWitt Jr.,Walt Jocketty,
2004,"Perez, Eduardo A.",of,34,,SLN,TBA,2,1700000,2004-05,,,850000,,Vince Naimoli,Chuck LaMar,
2004,"Alvarez, Wilson",lhp,34,Type C,LAN,LAN,1,1500000,2004,,,1500000,Boras Corp.,Fox Ent / McCourt,Evans / DePodesta,
2004,"Batista, Tony",3b,30,Type A,BAL,MON,1,1500000,2004,,,1500000,,MLB,Omar Minaya,
2004,"Burnitz, Jeromy",of,35,Type B,LAN,COL,1,1500000,2004,mutual,,1500000,Howard Simon,Jerry McMorris,Dan O'Dowd,
2004,"DeJean, Mike",rhp,33,Type A,SLN,BAL,1,1500000,2004,,,1500000,,Peter Angelos,Beattie/Flanagan,
2004,"Nelson, Jeff",rhp,37,Type A,NYA,TEX,1,1500000,2004,,,1500000,Jay Franklin,Tom Hicks,John Hart,
2004,"Tomko, Brett",rhp,31,Type B,SLN,SFN,1,1500000,2004,club,,1500000,Joe Longo,Peter Magowan,Brian Sabean,
2004,"Jordan, Brian",of,37,Type A,LAN,TEX,1,1375000,2004,club,,1375000,,Tom Hicks,John Hart,
2004,"Leskanic, Curtis",rhp,36,Type B,KCA,KCA,1,1375000,2004,club,,1375000,,David Glass,Allard Baird,
2004,"Alfonseca, Antonio",rhp,32,Type B,CHN,ATL,1,1350000,2004,,,1350000,Juan Iglesias,Time Warner,John Schuerholz,
2004,"Wells, David",lhp-s,41,Type A,NYA,SDN,1,1250000,2004,,,1250000,Gregg Clifton,John Moores,Kevin Towers,
2004,"Perez, Eduardo",c,34,Type C,MIL,ATL,2,1250000,2004-05,,,625000,,Time Warner,John Schuerholz,
2004,"Fox, Chad",rhp,33,Type C,FLA,FLA,1,1200000,2004,,,1200000,Hendricks Sports,Jeffrey Loria,Larry Beinfest,
2004,"Mercker, Kent",lhp,36,Type C,ATL,CHN,1,1200000,2004,,,1200000,Casey Close,Tribune Co.,Jim Hendry,
2004,"Ventura, Robin",3b,36,Type A,LAN,LAN,1,1200000,2004,,,1200000,John Boggs,Fox Ent / McCourt,Evans / DePodesta,
2004,"Vizcaino, Jose",ss,36,Type B,HOU,HOU,1,1200000,2004,,,1200000,Reich Katz Landis,Drayton McLane,Gerry Hunsicker,
2004,"Mondesi, Raul",of,33,Type B,ARI,PIT,1,1150000,2004,club,,1150000,Jeff Moorad,,,
2004,"Karros, Eric",1b,36,Type C,CHN,OAK,1,1050000,2004,club,,1050000,Jeff Moorad,Schott / Hofmann,Billy Beane,
2004,"Alomar, Roberto",2b,36,Type A,CHA,ARI,1,1000000,2004,,,1000000,John Boggs,Jerry Colangelo,Joe Garagiola Jr.,
2004,"Baerga, Carlos",1b,35,Type B,ARI,ARI,1,1000000,2004,,,1000000,Boras Corp.,Jerry Colangelo,Joe Garagiola Jr.,
2004,"Franco, John",lhp,43,,NYN,NYN,1,1000000,2004,,,1000000,Dennis Gilbert,Fred Wilpon,Jim Duquette,
2004,"Grimsley, Jason",rhp,36,Type B,KCA,KCA,1,1000000,2004,,,1000000,Joe Bick,David Glass,Allard Baird,
2004,"Hammonds, Jeffrey",of,33,,SFN,SFN,1,1000000,2004,,,1000000,Boras Corp.,Peter Magowan,Brian Sabean,
2004,"Hollandsworth, Todd",of,31,Type B,FLA,CHN,1,1000000,2004,,,1000000,,Tribune Co.,Jim Hendry,
2004,"Reese, Pokey",2b,31,Type B,PIT,BOS,1,1000000,2004,,,1000000,,John Henry,Theo Epstein,
2004,"Reynolds, Shane",rhp,36,,ATL,ARI,1,1000000,2004,,,1000000,Tommy Tanzer,Jerry Colangelo,Joe Garagiola Jr.,
2004,"Sanchez, Rey",ss,36,Type C,SEA,TBA,1,1000000,2004,,,1000000,Boras Corp.,Vince Naimoli,Chuck LaMar,
2004,"Sierra, Ruben",of,38,Type B,NYA,NYA,1,1000000,2004,,,1000000,Reich Katz Landis,Geo Steinbrenner,Brian Cashman,
2004,"Stairs, Matt",of,36,Type A,PIT,KCA,1,1000000,2004,,,1000000,RMG Baseball,David Glass,Allard Baird,
2004,"Villone, Ron",lhp,34,Type B,HOU,SEA,1,1000000,2004,,,1000000,Boras Corp.,Nintendo/America,Bill Bavasi,
2004,"Young Sr., Eric",2b,37,Type B,SFN,TEX,1,1000000,2004,,,1000000,Dennis Gilbert,Tom Hicks,John Hart,
2004,"Zeile, Todd",1b-3b,38,Type B,MON,NYN,1,1000000,2004,,,1000000,ACES,Fred Wilpon,Jim Duquette,
2004,"Stynes, Chris",3b,31,Type C,COL,PIT,1,975000,2004,club,,975000,,Kevin McClatchy,Dave Littlefield,
2004,"Levine, Alan",rhp,36,Type B,KCA,DET,1,925000,2004,club,,925000,,Mike Ilitch,Dave Dombrowski,
2004,"Cairo, Miguel",2b,30,,SLN,NYA,1,900000,2004,,,900000,ACES,Geo Steinbrenner,Brian Cashman,
2004,"Eldred, Cal",rhp,36,Type B,SLN,SLN,1,900000,2004,,,900000,Ron Shapiro,Bill DeWitt Jr.,Walt Jocketty,
2004,"Pratt, Todd",c,37,Type B,PHI,PHI,1,875000,2004,,,875000,,Bill Giles,Ed Wade,
2004,"Hermanson, Dustin",rhp,31,,SFN,SFN,1,800000,2004,,,800000,Casey Close,Peter Magowan,Brian Sabean,
2004,"Hitchcock, Sterling",lhp,33,,SLN,SDN,1,800000,2004,,,800000,Tommy Tanzer,John Moores,Kevin Towers,
2004,"Mayne, Brent",c,36,,KCA,ARI,1,800000,2004,,,800000,Meister Sports,Jerry Colangelo,Joe Garagiola Jr.,
2004,"Surhoff, B.J.",dh,39,Type B,BAL,BAL,1,800000,2004,,,800000,Octagon,Peter Angelos,Beattie/Flanagan,
2004,"Valdes, Ismael",rhp-s,30,Type B,TEX,SDN,1,800000,2004,,,800000,,John Moores,Kevin Towers,
2004,"Flaherty, John",c,36,Type C,NYA,NYA,1,775000,2004,,,775000,,Geo Steinbrenner,Brian Cashman,
2004,"Alomar Jr., Sandy",c,38,Type A,CHA,CHA,1,750000,2004,club,,750000,John Boggs,Jerry Reinsdorf,Ken Williams,
2004,"Burks, Ellis",of,39,Type A,CLE,BOS,1,750000,2004,,,750000,Jim Turner,John Henry,Theo Epstein,
2004,"Clark, Tony",1b,32,,NYN,NYA,1,750000,2004,,,750000,John Boggs,Geo Steinbrenner,Brian Cashman,
2004,"Gomez, Chris",2b,33,,MIN,TOR,1,750000,2004,,,750000,Alan Meersand,Edward Rogers,J.P. Ricciardi,
2004,"Hernandez, Roberto",rhp,39,Type B,ATL,PHI,1,750000,2004,,,750000,Hendricks Sports,Bill Giles,Ed Wade,
2004,"Oliver, Darren",lhp,33,,COL,FLA,1,750000,2004,,,750000,,Jeffrey Loria,Larry Beinfest,
2004,"Osuna, Antonio",rhp,31,Type B,NYA,SDN,1,750000,2004,,,750000,,John Moores,Kevin Towers,
2004,"Palmeiro, Orlando",of,35,Type C,SLN,HOU,1,750000,2004,,,750000,,Drayton McLane,Gerry Hunsicker,
2004,"Grieve, Ben",dh,28,Type B,TBA,MIL,1,700000,2004,,,700000,Hendricks Sports,Wendy Selig-Prieb,Doug Melvin,
2004,"Vander Wal, John",of,38,Type C,MIL,CIN,1,700000,2004,,,700000,Tommy Tanzer,Carl Lindner,Dan O'Brien Jr.,
2004,"DiFelice, Mike",c,35,Type B,KCA,DET,1,650000,2004,,,650000,,Mike Ilitch,Dave Dombrowski,
2004,"Fordyce, Brook",c,34,Type B,BAL,TBA,1,650000,2004,,,650000,,Vince Naimoli,Chuck LaMar,
2004,"Goodwin, Tom",of,35,,CHN,CHN,1,650000,2004,,,650000,,Tribune Co.,Jim Hendry,
2004,"Reed, Steve",rhp,39,Type A,COL,COL,1,625000,2004,club,,625000,,Jerry McMorris,Dan O'Dowd,
2004,"Cordero, Wil",1b,32,Type C,MON,FLA,1,600000,2004,,,600000,Jeff Moorad,Jeffrey Loria,Larry Beinfest,
2004,"Miceli, Dan",rhp,33,Type C,HOU,HOU,1,600000,2004,,,600000,Tom O'Connell,Drayton McLane,Gerry Hunsicker,
2004,"Mulholland, Terry",lhp,41,,CLE,SEA,1,600000,2004,,,600000,Joe Bick,Nintendo/America,Bill Bavasi,
2004,"Norton, Greg",3b,31,,COL,DET,1,600000,2004,,,600000,,Mike Ilitch,Dave Dombrowski,
2004,"Halter, Shane",3b,34,,DET,ANA,1,575000,2004,,,575000,,Arturo Moreno,Bill Stoneman,
2004,"Glanville, Doug",of,33,,CHN,PHI,1,550000,2004,,,550000,Arn Tellem,Bill Giles,Ed Wade,
2004,"Myers, Mike",lhp,35,,ARI,SEA,1,550000,2004,,,550000,ACES,Nintendo/America,Bill Bavasi,
2004,"Borders, Pat",c,41,,SEA,SEA,1,500000,2004,,,500000,Joe Maenza,Nintendo/America,Bill Bavasi,
2004,"Carpenter, Chris",rhp-s,29,,SLN,SLN,1,500000,2004,club,,500000,Bob LaMonte,Bill DeWitt Jr.,Walt Jocketty,
2004,"McCarty, Dave",of,34,,BOS,BOS,1,500000,2004,,,500000,Hendricks Sports,John Henry,Theo Epstein,
2004,"Osik, Keith",c,35,,MIL,BAL,1,500000,2004,,,500000,,Peter Angelos,Beattie/Flanagan,
2004,"Sparks, Steve",rhp,38,,OAK,ARI,1,500000,2004,,,500000,,Jerry Colangelo,Joe Garagiola Jr.,
2004,"Stinnett, Kelly",c,34,,PHI,KCA,1,500000,2004,,,500000,ACES,David Glass,Allard Baird,
2004,"Widger, Chris",c,33,,SLN,SLN,1,500000,2004,,,500000,Ron Shapiro,Bill DeWitt Jr.,Walt Jocketty,
2004,"Mordecai, Mike",3b,36,,FLA,FLA,1,425000,2004,,,425000,,Jeffrey Loria,Larry Beinfest,
2004,"Appier, Kevin",rhp-s,36,Type B,KCA,KCA,1,300000,2004,,,300000,Dennis Gilbert,David Glass,Allard Baird,
2004,"Van Poppel, Todd",rhp,32,,CIN,CIN,1,300000,2004,,,300000,Boras Corp.,Carl Lindner,Dan O'Brien Jr.,
2004,"Ashby, Andy",rhp,36,,LAN,SDN,0,1,2004,,,,,,,
2004,"Astacio, Pedro",rhp,35,Type C,NYN,BOS,0,1,2004,,,,Steve Schneider,John Henry,Theo Epstein,
2004,"Bere, Jason",rhp,33,,CLE,CLE,0,1,2004,,,,,Larry Dolan,Mark Shapiro,"$400,000 in majors"
2004,"Bernard, Marvin",of,33,,SFN,CHA,0,1,2004,,,,,Jerry Reinsdorf,Ken Williams,"$400,000 in majors"
2004,"Bragg, Darren",of,34,,ATL,NYA,0,1,2004,,,,,Geo Steinbrenner,Brian Cashman,"$400,000 in majors"
2004,"Burba, Dave",rhp,37,,MIL,MIL,0,1,2004,,,,Myles Shoda,Wendy Selig-Prieb,Doug Melvin,"$440,000 in majors"
2004,"Clayton, Royce",ss,34,Type C,MIL,COL,0,1,2004,,,,Gregg Clifton,Jerry McMorris,Dan O'Dowd,"$650,000 in majors"
2004,"Cruz, Deivi",ss,31,Type B,BAL,TBA,0,1,2004,,,,,Vince Naimoli,Chuck LaMar,"$700,000 in majors"
2004,"Erickson, Scott",rhp-s,36,,BAL,NYN,0,1,2004,,,,Dennis Gilbert,Fred Wilpon,Jim Duquette,"$700,000 in majors"
2004,"Estes, Shawn",lhp,31,,CHN,COL,0,1,2004,,,,Dave Meier,Jerry McMorris,Dan O'Dowd,"$600,000 in majors"
2004,"Fassero, Jeff",lhp,41,Type C,SLN,COL,0,1,2004,,,,ACES,Jerry McMorris,Dan O'Dowd,"$500,000 in majors"
2004,"Fox, Andy",2b,33,,FLA,MON,0,1,2004,,,,,MLB,Omar Minaya,"$450,000 in majors"
2004,"Franco, Julio",1b,45,,ATL,ATL,0,1,2004,,,,Int'l Baseball Csltg,Time Warner,John Schuerholz,"$750,000 in majors"
2004,"Galarraga, Andres",1b,43,,SFN,ANA,0,1,2004,,,,Bronner/Gilhooley,,,
2004,"Girardi, Joe",c,39,,SLN,NYA,0,1,2004,,,,Alan Nero,Geo Steinbrenner,Brian Cashman,"$750,000 in majors"
2004,"Guthrie, Mark",lhp,38,Type A,CHN,PIT,0,1,2004,,,,Rick Thurman,Kevin McClatchy,Dave Littlefield,"$700,000 in majors"
2004,"Harris, Lenny",3b,39,,FLA,FLA,0,1,2004,,,,Eric Goldschmidt,Jeffrey Loria,Larry Beinfest,"$400,000 in majors"
2004,"Haselman, Bill",c,38,,BOS,BAL,0,1,2004,,,,Dennis Gilbert,Peter Angelos,Beattie/Flanagan,"$500,000 in majors"
2004,"Helling, Rick",rhp,33,Type B,FLA,MIN,0,1,2004,,,,Jeff Moorad,Carl Pohlad,Terry Ryan,"$600,000 in majors"
2004,"Hocking, Denny",2b,34,,MIN,COL,0,1,2004,,,,,Jerry McMorris,Dan O'Dowd,"$650,000 in majors"
2004,"Jones, Todd",rhp,36,,BOS,TBA,0,1,2004,,,,Hendricks Sports,Vince Naimoli,Chuck LaMar,"$450,000 in majors"
2004,"Jose, Felix",of,39,,ARI,ARI,0,1,2004,,,,,Jerry Colangelo,Joe Garagiola Jr.,"$500,000 in majors"
2004,"Lima, Jose",rhp-s,31,,KCA,HOU,0,1,2004,,,,,Drayton McLane,Gerry Hunsicker,"$900,000 in majors"
2004,"Mabry, John",of,33,,SEA,SLN,0,1,2004,,,,Dale Reichley,Bill DeWitt Jr.,Walt Jocketty,"$450,000 in majors"
2004,"McGriff, Fred",1b,40,,LAN,TBA,0,1,2004,,,,Jim Krivacs,Vince Naimoli,Chuck LaMar,"$300,000 in majors"
2004,"McLemore, Mark",ss,39,,SEA,BAL,0,1,2004,,,,Tony Attanasio,Peter Angelos,Beattie/Flanagan,"$725,000 in majors"
2004,"Merced, Orlando",of,37,,HOU,PIT,0,1,2004,,,,,Kevin McClatchy,Dave Littlefield,"$400,000 in majors"
2004,"Mesa, Jose",rhp,38,Type B,PHI,PIT,0,1,2004,,,,Mitch Frankel,Kevin McClatchy,Dave Littlefield,"$800,000 in majors"
2004,"Ordonez, Rey",ss,33,Type C,TBA,SDN,0,1,2004,,,,Steve Schneider,John Moores,Kevin Towers,"$650,000 in majors"
2004,"Orosco, Jesse",lhp,47,,MIN,ARI,0,1,2004,,,,Alan Meersand,Jerry Colangelo,Joe Garagiola Jr.,"$800,000 in majors"
2004,"Owens, Eric",of,33,,ANA,SEA,0,1,2004,,,,,Nintendo/America,Bill Bavasi,"$525,000 in majors"
2004,"Palmer, Dean",dh,35,,DET,DET,0,1,2004,,,,,Mike Ilitch,Dave Dombrowski,"$300,000 in majors"
2004,"Person, Robert",rhp,34,,BOS,CHA,0,1,2004,,,,,Jerry Reinsdorf,Ken Williams,"$750,000 in majors"
2004,"Reed, Rick",rhp,39,Type B,MIN,PIT,0,1,2004,,,,Phil Tannenbaum,Kevin McClatchy,Dave Littlefield,"$675,000 in majors"
2004,"Ritchie, Todd",rhp,32,,MIL,TBA,0,1,2004,,,,,Vince Naimoli,Chuck LaMar,"$700,000 in majors"
2004,"Rusch, Glendon",lhp,29,,MIL,TEX,0,1,2004,,,,,Tom Hicks,John Hart,"$750,000 in majors"
2004,"Shumpert, Terry",2b,37,,TBA,BOS,0,1,2004,,,,,John Henry,Theo Epstein,"$500,000 in majors"
2004,"Springer, Russ",rhp,35,,SLN,HOU,0,1,2004,,,,,Drayton McLane,Gerry Hunsicker,
2004,"Sweeney, Mark",of,34,,COL,COL,0,1,2004,,,,Barry Axelrod,Jerry McMorris,Dan O'Dowd,"$400,000 in majors"
2004,"Tatis, Fernando",3b,29,,MON,TBA,0,1,2004,,,,Gary Goodman,Vince Naimoli,Chuck LaMar,"$750,000 in majors"
2004,"Veres, Dave",rhp,37,Type A,CHN,HOU,0,1,2004,,,,,Drayton McLane,Gerry Hunsicker,"$550,000 in majors"
2004,"Wendell, Turk",rhp,37,,PHI,COL,0,1,2004,,,,Gregg Clifton,Jerry McMorris,Dan O'Dowd,"$700,000 in majors"
2004,"White, Rick",rhp,35,Type C,HOU,LAN,0,1,2004,,,,Dan Horwits,Fox Ent / McCourt,Evans / DePodesta,"$700,000 in majors"
2004,"Williams, Gerald",of,37,,FLA,FLA,0,1,2004,,,,ACES,Jeffrey Loria,Larry Beinfest,"$325,000 in majors"
2004,"Williams, Mike",rhp,35,Type B,PHI,TBA,0,1,2004,,,,Bean Stringfellow,Vince Naimoli,Chuck LaMar,"$750,000 in majors"
2004,"Wohlers, Mark",rhp,34,,CLE,CLE,0,1,2004,,,,ACES,Larry Dolan,Mark Shapiro,"$500,000 in majors"
2004,"Womack, Tony",ss,34,Type C,CHN,BOS,0,1,2004,,,,ACES,John Henry,Theo Epstein,"$300,000 in majors"
2004,"Wright, Jamey",rhp,29,,KCA,CHN,0,1,2004,,,,Casey Close,Tribune Co.,Jim Hendry,"$550,000 in majors"
2004,"Zaun, Gregg",c,33,,COL,MON,0,1,2004,,,,,MLB,Omar Minaya,"$500,000 in majors"
2004,"Carrasco, Hector",rhp,34,,BAL,NPB,1,800000,,,,,Reich Katz Landis,,,Signed by Kintetsu of Japan
2004,"Franco, Matt",1b,34,,ATL,NPB,1,750000,,,,,,,,Signed by Lotte of Japan
2004,"Bell, Jay",2b,38,,NYN,dnp,,,,,,,,,,
2004,"Belle, Albert",of,37,-,BAL,dnp,,,,,,,,,,
2004,"Bordick, Mike",ss,38,,TOR,dnp,,,,,,,,,,
2004,"Buckett, John",rhp,39,,BOS,dnp,,,,,,,,,,
2004,"Coomer, Ron",1b,37,,LAN,dnp,,,,,,,,,,
2004,"Grace, Mark",1b,40,,ARI,dnp,,,,,,,,,,
2004,"Henderson, Rickey",of,45,,LAN,dnp,,,,,,,,,,
2004,"Holmes, Darren",rhp,38,Type A,ATL,dnp,,,,,,,,,,
2004,"Lloyd, Graeme",lhp,37,,KCA,dnp,,,,,,,,,,
2004,"Martin, Al",dh,36,,TBA,dnp,,,,,,,,,,
2004,"Meares, Pat",2b,35,,PIT,dnp,,,,,,,,,,
2004,"Mercedes, Jose",rhp,33,,MON,dnp,,,,,,,,,,
2004,"Moehler, Brian",rhp,32,,HOU,dnp,,,,,,,,,,
2004,"O'Leary, Troy",of,34,,CHN,dnp,,,,,,,,,,
2004,"Painter, Lance",rhp,36,,SLN,dnp,,,,,,,,,,
2004,"Plesac, Dan",lhp,42,Type A,PHI,dnp,,,,,,,,,,
2004,"Prince, Tom",c,39,,KCA,dnp,,,,,,,,,,
2004,"Reboulet, Jeff",2b,40,,PIT,dnp,,,,,,,,,,
2004,"Stephenson, Garrett",rhp,32,,SLN,dnp,,,,,,,,,,
2004,"Walbeck, Matt",c,34,,DET,dnp,,,,,,,,,,
2003,"Thome, Jim",1b,32,Type A,CLE,PHI,6,85000000,2003-08,,,14166666,Pat Rooney,Bill Giles,Ed Wade,
2003,"Glavine, Tom",lhp-s,37,Type A,ATL,NYN,3,35000000,2003-05,,,11666666,Gregg Clifton,Fred Wilpon,Steve Phillips,
2003,"Alfonzo, Edgardo",3b,29,Type A,NYN,SFN,4,26000000,2003-06,,,6500000,Peter Greenberg,Peter Magowan,Brian Sabean,
2003,"Floyd, Cliff",of,30,Type A,BOS,NYN,4,26000000,2003-06,,,6500000,ACES,Fred Wilpon,Steve Phillips,
2003,"Thomas, Frank",1b,35,Type B,CHA,CHA,4,22500000,2003-06,,,5625000,Arn Tellem,Jerry Reinsdorf,Ken Williams,
2003,"Durham, Ray",2b,31,Type A,OAK,SFN,3,20100000,2003-05,,,6700000,Bronner/Gilhooley,Peter Magowan,Brian Sabean,
2003,"Kent, Jeff",2b,35,Type A,SFN,HOU,2,18200000,2003-04,,,9100000,Joe Klein,Drayton McLane,Gerry Hunsicker,
2003,"Bell, David",3b,30,Type B,SFN,PHI,4,17000000,2003-06,,,4250000,Arn Tellem,Bill Giles,Ed Wade,
2003,"Moyer, Jamie",lhp-s,40,Type A,SEA,SEA,3,15500000,2003-05,,,5166666,,Nintendo/America,Pat Gillick,
2003,"Olerud, John",1b,34,Type A,SEA,SEA,2,15400000,2003-04,,,7700000,,Nintendo/America,Pat Gillick,
2003,"Williams, Woody",rhp-s,36,Type A,SLN,SLN,2,14900000,2003-04,,,7450000,Meister Sports,Bill DeWitt Jr.,Walt Jocketty,
2003,"Maddux, Greg",rhp-s,37,Type A,ATL,ATL,1,14750000,2003,,,14750000,Boras Corp.,Time Warner,John Schuerholz,
2003,"Finley, Steve",of,38,Type A,ARI,ARI,2,11250000,2003,,,5625000,Tommy Tanzer,Jerry Colangelo,Joe Garagiola Jr.,
2003,"Remlinger, Mike",lhp,37,Type A,ATL,CHN,3,10650000,2003-05,,,3550000,,Tribune Co.,Jim Hendry,
2003,"Clemens, Roger",rhp-s,40,Type A,NYA,NYA,1,10100000,2003,,,10100000,Hendricks Sports,Geo Steinbrenner,Brian Cashman,
2003,"Rodriguez, Ivan",c,31,Type A,TEX,FLA,1,10000000,2003,,,10000000,Ivan Rodriguez,Jeffrey Loria,Larry Beinfest,
2003,"Byrd, Paul",rhp-s,32,Type B,KCA,ATL,2,10000000,2003-04,,,5000000,Bo McKinnis,Time Warner,John Schuerholz,
2003,"Stanton, Mike",lhp,36,Type A,NYA,NYN,3,9000000,2003-05,,,3000000,ACES,Fred Wilpon,Steve Phillips,
2003,"Trachsel, Steve",rhp-s,32,Type B,NYN,NYN,2,8000000,2003-04,,,4000000,ACES,Fred Wilpon,Steve Phillips,
2003,"Daal, Omar",lhp-s,31,Type A,LAN,BAL,2,7500000,2003-04,,,3750000,,Peter Angelos,Beattie/Flanagan,
2003,"Mendoza, Ramiro",rhp,31,Type A,NYA,BOS,2,6500000,2003-04,,,3250000,Hendricks Sports,John Henry,Theo Epstein,
2003,"Ventura, Robin",3b,35,Type A,NYA,NYA,1,5000000,2003,,,5000000,John Boggs,Geo Steinbrenner,Brian Cashman,
2003,"Haynes, Jimmy",rhp,30,Type A,CIN,CIN,2,5000000,2003-04,,,2500000,,Carl Lindner,Jim Bowden,
2003,"Hammond, Chris",lhp,37,Type B,ATL,NYA,2,4800000,2003-04,,,2400000,Bo McKinnis,Geo Steinbrenner,Brian Cashman,
2003,"Urbina, Ugueth",rhp,29,Type A,BOS,TEX,1,4500000,2003,,,4500000,Peter Greenberg,Tom Hicks,John Hart,
2003,"Mueller, Bill",3b,32,Type B,SFN,BOS,2,4500000,2003-04,,,2250000,Ron Shapiro,John Henry,Theo Epstein,
2003,"Grissom, Marquis",of,36,,LAN,SFN,1,4250000,2003,,,4250000,Eric Goldschmidt,Peter Magowan,Brian Sabean,
2003,"Boehringer, Brian",rhp,34,Type B,PIT,PIT,2,3800000,2003-04,,,1900000,,Kevin McClatchy,Dave Littlefield,
2003,"McGriff, Fred",1b,39,Type A,CHN,LAN,1,3750000,2003,,,3750000,Jim Krivacs,Fox Ent Group,Dan Evans,
2003,"Colbrunn, Greg",inf,33,Type B,ARI,SEA,2,3500000,2003-04,,,1750000,,Nintendo/America,Pat Gillick,
2003,"Lieber, Jon",rhp,33,Type A,CHN,NYA,2,3500000,2003-04,,,1750000,Rex Gary,Geo Steinbrenner,Brian Cashman,
2003,"Estes, Shawn",lhp,30,Type B,CIN,CHN,1,3000000,2003,,,3000000,Dave Meier,Tribune Co.,Jim Hendry,
2003,"Adams, Terry",rhp,30,Type A,PHI,PHI,1,2900000,2003,,,2900000,Hendricks Sports,Bill Giles,Ed Wade,aceepted arbitration
2003,"Valdes, Ismael",rhp-s,29,Type B,SEA,TEX,1,2500000,2003,,,2500000,,Tom Hicks,John Hart,
2003,"Grace, Mark",1b,39,Type B,ARI,ARI,1,2000000,2003,,,2000000,Barry Axelrod,Jerry Colangelo,Joe Garagiola Jr.,
2003,"Plesac, Dan",lhp,41,Type A,PHI,PHI,1,2000000,2003,,,2000000,Tom Selakovich,Bill Giles,Ed Wade,
2003,"Rogers, Kenny",lhp-s,38,Type B,TEX,MIN,1,2000000,2003,,,2000000,,Carl Pohlad,Terry Ryan,
2003,"Veres, Dave",rhp,36,Type A,SLN,CHN,1,2000000,2003,,,2000000,,Tribune Co.,Jim Hendry,
2003,"Guthrie, Mark",lhp,37,Type A,NYN,CHN,1,1900000,2003,,,1900000,Rick Thurman,Tribune Co.,Jim Hendry,
2003,"Timlin, Mike",rhp,37,Type A,PHI,BOS,1,1850000,2003,,,1850000,ACES,John Henry,Theo Epstein,
2003,"Anderson, Brian",lhp,31,,ARI,CLE,1,1500000,2003,,,1500000,,Larry Dolan,Mark Shapiro,
2003,"Fassero, Jeff",lhp,40,Type A,SLN,SLN,1,1500000,2003,,,1500000,ACES,Bill DeWitt Jr.,Walt Jocketty,
2003,"Hollandsworth, Todd",of,30,Type B,TEX,FLA,1,1500000,2003,,,1500000,,Jeffrey Loria,Larry Beinfest,
2003,"Lopez, Albie",rhp,31,,ATL,KCA,1,1500000,2003,,,1500000,Eric Goldschmidt,David Glass,Allard Baird,
2003,"Zeile, Todd",3b,37,Type B,COL,NYA,1,1500000,2003,,,1500000,ACES,Geo Steinbrenner,Brian Cashman,
2003,"Gordon, Tom",rhp,35,Type A,HOU,CHA,1,1400000,2003,,,1400000,Beverly Hills SC,Jerry Reinsdorf,Ken Williams,
2003,"Hansen, Dave",1b,34,,LAN,SDN,1,1300000,2003,,,1300000,,John Moores,Kevin Towers,
2003,"Sanchez, Rey",ss,35,Type C,BOS,NYN,1,1300000,2003,,,1300000,Boras Corp.,Fred Wilpon,Steve Phillips,
2003,"Loretta, Mark",3b,31,Type B,HOU,SDN,2,1250000,2003-04,,,625000,RMG Baseball,John Moores,Kevin Towers,
2003,"Cruz, Deivi",ss,30,Type B,SDN,BAL,1,1200000,2003,,,1200000,,Peter Angelos,Beattie/Flanagan,
2003,"Lofton, Kenny",of,36,Type A,SFN,PIT,1,1025000,2003,,,1025000,Casey Close,Kevin McClatchy,Dave Littlefield,
2003,"Bere, Jason",rhp-s,32,Type C,CHN,CLE,1,1000000,2003,,,1000000,,Larry Dolan,Mark Shapiro,
2003,"Bordick, Mike",ss,37,Type B,BAL,TOR,1,1000000,2003,,,1000000,,Edward Rogers,J.P. Ricciardi,
2003,"Glanville, Doug",of,32,,PHI,TEX,1,1000000,2003,,,1000000,Arn Tellem,Tom Hicks,John Hart,
2003,"Hernandez, Jose A.",ss,33,Type A,MIL,COL,1,1000000,2003,,,1000000,Boras Corp.,Jerry McMorris,Dan O'Dowd,
2003,"Houston, Tyler",3b,32,Type B,LAN,PHI,1,1000000,2003,,,1000000,Jeff Moorad,Bill Giles,Ed Wade,
2003,"Reynolds, Shane",rhp,35,Type B,HOU,HOU,1,1000000,2003,,,1000000,Tommy Tanzer,Drayton McLane,Gerry Hunsicker,
2003,"Sanders, Reggie",of,35,Type A,SFN,PIT,1,1000000,2003,,,1000000,Eric Goldschmidt,Kevin McClatchy,Dave Littlefield,
2003,"Reed, Steve",rhp,38,Type A,NYN,COL,1,900000,2003,,,900000,,Jerry McMorris,Dan O'Dowd,
2003,"Stairs, Matt",of,35,Type B,MIL,PIT,1,900000,2003,,,900000,RMG Baseball,Kevin McClatchy,Dave Littlefield,
2003,"Hamilton, Joey",rhp,32,,CIN,SLN,1,850000,2003,,,850000,Boras Corp.,Bill DeWitt Jr.,Walt Jocketty,
2003,"Mabry, John",inf,32,,OAK,SEA,1,850000,2003,,,850000,Dale Reichley,Nintendo/America,Pat Gillick,
2003,"Pratt, Todd",c,36,,PHI,PHI,1,850000,2003,,,850000,,Bill Giles,Ed Wade,
2003,"Castillo, Frank",rhp,34,Type B,BOS,BOS,1,800000,2003,,,800000,,John Henry,Theo Epstein,
2003,"Myers, Greg",c,37,Type B,OAK,TOR,1,800000,2003,,,800000,,Edward Rogers,J.P. Ricciardi,
2003,"Orosco, Jesse",lhp,46,Type C,LAN,SDN,1,800000,2003,,,800000,Alan Meersand,John Moores,Kevin Towers,
2003,"Banks, Willie",rhp,34,Type C,BOS,BOS,1,750000,2003,,,750000,,John Henry,Theo Epstein,
2003,"D'Amico, Jeff C.",rhp,27,,NYN,PIT,1,750000,2003,,,750000,Hendricks Sports,Kevin McClatchy,Dave Littlefield,
2003,"Mlicki, Dave",rhp,35,,HOU,MIL,1,750000,2003,,,750000,,Wendy Selig-Prieb,Doug Melvin,
2003,"O'Leary, Troy",of,33,Type C,MON,CHN,1,750000,2003,,,750000,,Tribune Co.,Jim Hendry,
2003,"Tavarez, Julian",rhp,30,Type B,FLA,PIT,1,750000,2003,,,750000,Boras Corp.,Kevin McClatchy,Dave Littlefield,
2003,"White, Rick",rhp,34,Type A,SLN,CHA,1,750000,2003,,,750000,Dan Horwits,Jerry Reinsdorf,Ken Williams,
2003,"Widger, Chris",c,32,,NYA,NYA,1,750000,2003,,,750000,Ron Shapiro,Geo Steinbrenner,Brian Cashman,
2003,"Girardi, Joe",c,38,Type C,CHN,SLN,1,725000,2003,,,725000,Alan Nero,Bill DeWitt Jr.,Walt Jocketty,
2003,"Alomar Jr., Sandy",c,37,Type B,COL,CHA,1,700000,2003,,,700000,,Jerry Reinsdorf,Ken Williams,
2003,"Holmes, Darren",rhp,37,Type B,ATL,ATL,1,700000,2003,,,700000,,Time Warner,John Schuerholz,
2003,"Palmeiro, Orlando",of,34,,ANA,SLN,1,700000,2003,,,700000,,Bill DeWitt Jr.,Walt Jocketty,
2003,"Cordero, Wil",of,31,,MON,MON,1,600000,2003,,,600000,Jeff Moorad,MLB,Omar Minaya,
2003,"Hernandez, Roberto",rhp,38,Type B,KCA,ATL,1,600000,2003,,,600000,Hendricks Sports,Time Warner,John Schuerholz,
2003,"Fetters, Mike",rhp,38,Type C,ARI,MIN,1,500000,2003,,,500000,Dennis Gilbert,Carl Pohlad,Terry Ryan,
2003,"Moehler, Brian",rhp,31,,CIN,HOU,1,500000,2003,,,500000,Lonnie Cooper,Drayton McLane,Gerry Hunsicker,
2003,"Mulholland, Terry",lhp,40,,CLE,CLE,1,500000,2003,,,500000,Joe Bick,Larry Dolan,Mark Shapiro,
2003,"Acevedo, Juan",rhp,33,Type A,DET,NYA,0,1,2003,,,,,Geo Steinbrenner,Brian Cashman,"$900,000 in majors"
2003,"Andrews, Shane",inf,31,,BOS,MIN,0,1,2003,,,,Tommy Tanzer,Carl Pohlad,Terry Ryan,"$325,000 in majors"
2003,"Baerga, Carlos",inf,34,,BOS,ARI,0,1,2003,,,,Boras Corp.,Jerry Colangelo,Joe Garagiola Jr.,"$500,000 in majors"
2003,"Baldwin, James",rhp,31,Type B,SEA,KCA,0,1,2003,,,,Rex Gary,David Glass,Allard Baird,"$575,000 in majors"
2003,"Bell, Jay",ss,37,Type B,ARI,NYN,0,1,2003,,,,Boras Corp.,Fred Wilpon,Steve Phillips,"$550,000 in majors"
2003,"Borbon, Pedro",lhp,35,Type B,HOU,LAN,0,1,2003,,,,,Fox Ent Group,Dan Evans,"$750,000 in majors"
2003,"Borders, Pat",c,40,,SEA,SEA,0,1,2003,,,,Joe Maenza,Nintendo/America,Pat Gillick,"$500,000 in majors"
2003,"Bottalico, Ricky",rhp,33,Type B,PHI,ARI,0,1,2003,,,,Gregg Clifton,Jerry Colangelo,Joe Garagiola Jr.,"$500,000 in majors"
2003,"Bragg, Darren",of,33,,ATL,ATL,0,1,2003,,,,,Time Warner,John Schuerholz,"$450,000 in majors"
2003,"Burba, Dave",rhp,36,Type C,CLE,CLE,0,1,2003,,,,Myles Shoda,Larry Dolan,Mark Shapiro,$1.5M in majors
2003,"Charlton, Norm",lhp,40,Type B,SEA,SEA,0,1,2003,,,,Hendricks Sports,Nintendo/America,Pat Gillick,"$500,000 in majors"
2003,"Clark, Tony",1b,31,,BOS,NYN,0,1,2003,,,,John Boggs,Fred Wilpon,Steve Phillips,"$550,000 in majors"
2003,"Coomer, Ron",3b,36,,NYA,LAN,0,1,2003,,,,Jack Sands,Fox Ent Group,Dan Evans,"$650,000 in majors"
2003,"DiFelice, Mike",c,34,,SLN,KCA,0,1,2003,,,,,David Glass,Allard Baird,"$625,000 in majors"
2003,"Donnels, Chris",inf,37,,ARI,ARI,0,1,2003,,,,,Jerry Colangelo,Joe Garagiola Jr.,"$425,000 in majors"
2003,"Fabergas, Jorge",c,33,,MIL,TBA,0,1,2003,,,,Boras Corp.,Vince Naimoli,Chuck LaMar,"$350,000 in majors"
2003,"Flaherty, John",c,35,Type B,TBA,NYA,0,1,2003,,,,,Geo Steinbrenner,Brian Cashman,"$750,000 in majors"
2003,"Franco, Julio",1b,44,,ATL,ATL,0,1,2003,,,,,Time Warner,John Schuerholz,"$600,000 in majors"
2003,"Galarrago, Andres",1b,42,,MON,SFN,0,1,2003,,,,Bronner/Gilhooley,Peter Magowan,Brian Sabean,"$500,000 in majors"
2003,"Gant, Ron",of,38,Type B,SDN,OAK,0,1,2003,,,,,Schott / Hofmann,Billy Beane,
2003,"Goodwin, Tom",of,34,,SFN,CHN,0,1,2003,,,,,Tribune Co.,Jim Hendry,"$635,000 in majors"
2003,"Harnish, Pete",rhp,36,,COL,CIN,0,1,2003,,,,Gregg Clifton,Carl Lindner,Jim Bowden,"$400,000 in majors"
2003,"Harris, Lenny",of,38,,MIL,CHN,0,1,2003,,,,Eric Goldschmidt,Tribune Co.,Jim Hendry,"$800,000 in majors"
2003,"Haselman, Bill",c,37,Type B,TEX,DET,0,1,2003,,,,Dennis Gilbert,Mike Ilitch,Dave Dombrowski,"$550,000 in majors"
2003,"Helling, Rick",rhp,32,Type A,ARI,BAL,0,1,2003,,,,Jeff Moorad,Peter Angelos,Beattie/Flanagan,$1M in majors
2003,"Heredia, Felix",lhp,28,,TOR,CIN,0,1,2003,,,,Martin Arburua,Carl Lindner,Jim Bowden,
2003,"Hermanson, Dustin",rhp,30,Type C,BOS,SLN,0,1,2003,,,,Casey Close,Bill DeWitt Jr.,Walt Jocketty,"$900,000 in majors"
2003,"Hollins, Dave",1b,37,,PHI,PHI,0,1,2003,,,,Tommy Tanzer,Bill Giles,Ed Wade,
2003,"Jackson, Mike",rhp,38,Type B,MIN,ARI,0,1,2003,,,,,Jerry Colangelo,Joe Garagiola Jr.,"$500,000 in majors"
2003,"Kreuter, Chad",c,38,Type C,HOU,TEX,0,1,2003,,,,Boras Corp.,Tom Hicks,John Hart,"$750,000 in majors"
2003,"Lloyd, Graeme",lhp,36,Type B,FLA,NYN,0,1,2003,,,,,Fred Wilpon,Steve Phillips,"$650,000 in majors"
2003,"Loaiza, Esteban",rhp-s,31,Type B,TOR,CHA,0,1,2003,,,,John Boggs,Jerry Reinsdorf,Ken Williams,"$500,000 in majors"
2003,"Lockhart, Keith",2b-3b,38,,ATL,SDN,0,1,2003,,,,,John Moores,Kevin Towers,"$500,000 in majors"
2003,"Mahomes, Pat",rhp,32,,CHN,PIT,0,1,2003,,,,,Kevin McClatchy,Dave Littlefield,"$400,000 in majors"
2003,"Mercker, Kent",lhp,35,,COL,CIN,0,1,2003,,,,Casey Close,Carl Lindner,Jim Bowden,"$550,000 in majors"
2003,"Nagy, Charles",rhp,36,,CLE,SDN,0,1,2003,,,,Bronner/Gilhooley,John Moores,Kevin Towers,"$500,000 in majors"
2003,"Ochoa, Alex",of,31,Type B,ANA,SLN,0,1,2003,,,,,Bill DeWitt Jr.,Walt Jocketty,"$600,000 in majors"
2003,"Offerman, Jose",1b,34,,SEA,MON,0,1,2003,,,,,MLB,Omar Minaya,
2003,"Osik, Keith",c,34,,PIT,MIL,0,1,2003,,,,,Wendy Selig-Prieb,Doug Melvin,"$455,000 in majors"
2003,"Parris, Steve",rhp,35,,TOR,TBA,0,1,2003,,,,,Vince Naimoli,Chuck LaMar,"$400,000 in majors"
2003,"Perez, Eduardo",c,33,,CLE,MIL,0,1,2003,,,,,Wendy Selig-Prieb,Doug Melvin,"$500,000 in majors"
2003,"Person, Robert",rhp,33,Type A,PHI,BOS,0,1,2003,,,,,John Henry,Theo Epstein,"$300,000 in majors"
2003,"Reboulet, Jeff",2b,39,,LAN,BAL,0,1,2003,,,,,Peter Angelos,Beattie/Flanagan,"$600,000 in majors"
2003,"Reynoso, Armando",rhp,37,,ARI,ARI,0,1,2003,,,,,Jerry Colangelo,Joe Garagiola Jr.,"$650,000 in majors"
2003,"Rijo, Jose",rhp-s,38,,CIN,CIN,0,1,2003,,,,Reich Katz Landis,Carl Lindner,Jim Bowden,"$500,000 in majors"
2003,"Rodriguez, Rich",lhp,40,,TEX,ANA,0,1,2003,,,,Dennis Gilbert,Disney Co.,Bill Stoneman,"$500,000 in majors"
2003,"Seanez, Rudy",rhp,34,Type C,TEX,TEX,0,1,2003,,,,Alan Nero,Tom Hicks,John Hart,"$750,000 im majors"
2003,"Shumpert, Terry",2b,36,,COL,LAN,0,1,2003,,,,,Fox Ent Group,Dan Evans,"$600,000 in majors"
2003,"Sierra, Ruben",of,37,Type C,SEA,TEX,0,1,2003,,,,,Tom Hicks,John Hart,"$600,000 in majors"
2003,"Stevens, Lee",1b,35,,CLE,TBA,0,1,2003,,,,Dennis Gilbert,Vince Naimoli,Chuck LaMar,"$400,000 in majors"
2003,"Surhoff, B.J.",of,38,Type B,ATL,BAL,0,1,2003,,,,Octagon,Peter Angelos,Beattie/Flanagan,$1M in majors
2003,"Valentin, John",ss,36,,NYN,BAL,0,1,2003,,,,Jeff Moorad,Peter Angelos,Beattie/Flanagan,"$500,000 in majors"
2003,"Vander Wal, John",of,37,Type B,NYA,MIL,0,1,2003,,,,Tommy Tanzer,Wendy Selig-Prieb,Doug Melvin,"$550,000 in majors"
2003,"Villone, Ron",lhp,33,Type C,PIT,ARI,0,1,2003,,,,Boras Corp.,Jerry Colangelo,Joe Garagiola Jr.,"$500,000 in majors"
2003,"Walbeck, Matt",c,33,,DET,DET,0,1,2003,,,,,Mike Ilitch,Dave Dombrowski,"$400,000 in majors"
2003,"Wells, Bob",rhp,36,Type B,MIN,TBA,0,1,2003,,,,,Vince Naimoli,Chuck LaMar,"$400,000 in majors"
2003,"Wright, Jamey",rhp,28,Type B,LAN,SEA,0,1,2003,,,,Casey Close,Nintendo/America,Pat Gillick,"$400,000 in majors"
2003,"Alicea, Luis",2b,37,,KCA,dnp,,,,,,,,,,
2003,"Arias, Alex",3b,35,,NYA,dnp,,,,,,,,,,
2003,"Benes, Andy",rhp-s,35,Type C,SLN,dnp,,,,,,,Boras Corp.,,,
2003,"Benjamin, Mike",3b,37,,PIT,dnp,,,,,,,,,,
2003,"Brocail, Doug",rhp,36,,HOU,dnp,,,,,,,Meister Sports,,,
2003,"Cook, Dennis",lhp,40,Type C,ANA,dnp,,,,,,,,,,
2003,"Dunston, Shawon",of,40,,SFN,dnp,,,,,,,Eric Goldschmidt,,,
2003,"Finley, Chuck",lhp,40,Type B,SLN,dnp,,,,,,,Hendricks Sports,,,
2003,"Henderson, Rickey",of,44,,BOS,LAN,,,,,,,,,,
2003,"Justice, David",of,37,Type B,OAK,dnp,,,,,,,Eric Goldschmidt,,,
2003,"Knoblauch, Chuck",of,34,,KCA,dnp,,,,,,,,,,
2003,"Lampkin, Tom",c,39,,SDN,dnp,,,,,,,,,,
2003,"Lankford, Ray",of,36,Type B,SDN,dnp,,,,,,,Jeff Moorad,,,
2003,"Lewis, Darren",of,35,,PIT,dnp,,,,,,,Bronner/Gilhooley,,,
2003,"Martinez, Dave",of,38,,ATL,dnp,,,,,,,Ron Shapiro,,,
2003,"Morgan, Mike",rhp,43,,ARI,dnp,,,,,,,,,,
2003,"Raines, Tim",of,43,,FLA,dnp,,,,,,,,,,
2003,"Velarde, Randy",2b,40,Type B,OAK,dnp,,,,,,,Reich Katz Landis,,,
2002,"Giambi, Jason",1b,31,Type A,OAK,NYA,7,120000000,2002-08,,,17142857,Arn Tellem,Geo Steinbrenner,Brian Cashman,
2002,"Bonds, Barry",lf,37,Type A,SFN,SFN,5,90000000,2002-06,,,18000000,Boras Corp.,Peter Magowan,Brian Sabean,
2002,"Park, Chan Ho",rhp-s,29,Type A,LAN,TEX,5,65000000,2002-06,,,13000000,,Tom Hicks,John Hart,
2002,"Damon, Johnny",of,28,Type A,OAK,BOS,4,31000000,2002-05,,,7750000,Boras Corp.,JRY Trust/JHenry,Mike Port,
2002,"Smoltz, John",rhp-c,35,Type A,ATL,ATL,3,30000000,2002-04,,,10000000,Lonnie Cooper,Time Warner,John Schuerholz,
2002,"Schmidt, Jason",rhp,29,Type B,SFN,SFN,4,30000000,2002-05,,,7500000,Hendricks Sports,Peter Magowan,Brian Sabean,
2002,"Alou, Moises",of,35,Type A,HOU,CHN,3,27000000,2002-04,,,9000000,,Tribune Co.,Andy MacPhail,
2002,"Isringhausen, Jason",rhp-c,29,Type A,OAK,SLN,4,27000000,2002-05,,,6750000,Dan Horwits,Bill DeWitt Jr.,Walt Jocketty,
2002,"Boone, Bret",2b,33,Type A,SEA,SEA,3,25000000,2002-04,,,8333333,,Nintendo/America,Pat Gillick,
2002,"Gonzalez, Juan",of,32,Type A,CLE,TEX,2,24000000,2002-03,,,12000000,,Tom Hicks,John Hart,
2002,"Sele, Aaron",rhp,32,Type A,SEA,ANA,3,24000000,2002-04,,,8000000,Reich Katz Landis,Disney Co.,Bill Stoneman,
2002,"Karsay, Steve",rhp,30,Type A,ATL,NYA,4,22250000,2002-05,,,5562500,Hendricks Sports,Geo Steinbrenner,Brian Cashman,
2002,"Martinez, Tino",1b,34,Type B,NYA,SLN,3,21000000,2002-04,,,7000000,Jim Krivacs,Bill DeWitt Jr.,Walt Jocketty,
2002,"Cedeno, Roger",of,27,Type B,DET,NYN,4,18000000,2002-05,,,4500000,Peter Greenberg,Wilpon/Doubleday,Steve Phillips,
2002,"Nomo, Hideo",rhp-s,33,Type A,BOS,LAN,2,13750000,2002-03,,,6875000,Arn Tellem,Fox Ent Group,Dan Evans,
2002,"Hitchcock, Sterling",lhp,31,,NYA,NYA,2,12000000,2002-03,,,6000000,Tommy Tanzer,Geo Steinbrenner,Brian Cashman,
2002,"Burkett, John",rhp-s,37,Type A,ATL,BOS,2,11000000,2002-03,,,5500000,Tommy Tanzer,JRY Trust/JHenry,Mike Port,
2002,"Gutierrez, Ricky",ss,32,Type A,CHN,CLE,3,11000000,2002-04,,,3666666,,Larry Dolan,Mark Shapiro,
2002,"White, Rondell",of,30,Type A,CHN,NYA,2,10000000,2002-03,,,5000000,ACES,Geo Steinbrenner,Brian Cashman,
2002,"Weathers, David",rhp,32,Type A,CHN,NYN,3,9400000,2002-04,,,3133333,Jeff Borris,Wilpon/Doubleday,Steve Phillips,
2002,"Cordova, Marty",of,32,Type C,CLE,BAL,3,9100000,2002-04,,,3033333,ACES,Peter Angelos,Syd Thrift,
2002,"Bautista, Danny",of,30,Type B,ARI,ARI,3,9000000,2002-04,,,3000000,,Jerry Colangelo,Joe Garagiola Jr.,
2002,"Powell, Jay",rhp,30,Type B,COL,TEX,3,9000000,2002-04,,,3000000,Bo McKinnis,Tom Hicks,John Hart,
2002,"Castilla, Vinny",3b,34,Type B,HOU,ATL,2,8000000,2002-03,,,4000000,Eric Goldschmidt,Time Warner,John Schuerholz,
2002,"Van Poppel, Todd",rhp,30,Type A,CHN,TEX,3,7500000,2002-04,,,2500000,Boras Corp.,Tom Hicks,John Hart,
2002,"Wells, David",lhp-s,39,Type A,CHA,NYA,2,7000000,2002-03,,,3500000,Gregg Clifton,Geo Steinbrenner,Brian Cashman,
2002,"Williams, Mike",rhp,33,Type A,HOU,PIT,2,7000000,2002-03,,,3500000,Bean Stringfellow,Kevin McClatchy,Dave Littlefield,
2002,"Christiansen, Jason",lhp,32,Type B,SFN,SFN,3,6800000,2002-04,,,2266666,,Peter Magowan,Brian Sabean,
2002,"McLemore, Mark",2b,37,Type A,SEA,SEA,2,6300000,2002-03,,,3150000,Tony Attanasio,Nintendo/America,Pat Gillick,
2002,"Lopez, Javy",c,31,Type A,ATL,ATL,1,6000000,2002,,,6000000,Reich Katz Landis,Time Warner,John Schuerholz,
2002,"Paquette, Craig",3b,33,Type C,SLN,DET,2,5100000,2002-03,,,2550000,,Mike Ilitch,Randy Smith,
2002,"Astacio, Pedro",rhp,33,Type A,HOU,NYN,1,5000000,2002,,,5000000,Steve Schnedier,Wilpon/Doubleday,Steve Phillips,
2002,"Lopez, Albie",rhp,30,Type B,ARI,ATL,1,4000000,2002,,,4000000,Eric Goldschmidt,Time Warner,John Schuerholz,
2002,"Wohlers, Mark",rhp,32,,NYA,CLE,2,4000000,2002-03,,,2000000,ACES,Larry Dolan,Mark Shapiro,
2002,"Young Sr., Eric",2b,35,Type A,CHN,MIL,2,4000000,2002-03,,,2000000,Dennis Gilbert,Wendy Selig-Prieb,Dean Taylor,
2002,"Santiago, Benito",c,37,Type A,SFN,SFN,2,3750000,2002-03,,,1875000,,Peter Magowan,Brian Sabean,
2002,"Adams, Terry",rhp,29,Type A,LAN,PHI,1,2700000,2002,,,2700000,Hendricks Sports,Bill Giles,Ed Wade,
2002,"Valdes, Ismael",rhp-s,28,Type C,ANA,TEX,1,2500000,2002,,,2500000,,Tom Hicks,John Hart,
2002,"Zaun, Gregg",c,31,Type B,KCA,HOU,2,2350000,2002-03,,,1175000,,Drayton McLane,Gerry Hunsicker,
2002,"Sanders, Reggie",of,34,Type B,ARI,SFN,1,2250000,2002,,,2250000,Eric Goldschmidt,Peter Magowan,Brian Sabean,
2002,"Hunter, Brian L.",of,31,,PHI,HOU,2,2200000,2002,,,1100000,,Drayton McLane,Gerry Hunsicker,
2002,"Burba, Dave",rhp-s,35,Type A,CLE,TEX,1,2000000,2002,,,2000000,,Tom Hicks,John Hart,
2002,"Knoblauch, Chuck",of,33,Type C,NYA,KCA,1,2000000,2002,,,2000000,,David Glass,Allard Baird,
2002,"Sierra, Ruben",of,36,Type C,TEX,SEA,1,1900000,2002,,,1900000,,Nintendo/America,Pat Gillick,
2002,"Bell, David",3b,29,Type B,SEA,SEA,1,1750000,2002,,,1750000,Arn Tellem,Nintendo/America,Pat Gillick,accepted arbitration
2002,"Vizcaino, Jose",ss,34,,HOU,HOU,1,1700000,2002,,,1700000,Reich Katz Landis,Drayton McLane,Gerry Hunsicker,
2002,"Bottalico, Ricky",rhp,32,Type A,PHI,PHI,1,1500000,2002,,,1500000,Gregg Clifton,Bill Giles,Ed Wade,
2002,"Jones, Todd",rhp,34,Type A,MIN,COL,1,1300000,2002,,,1300000,Hendricks Sports,Jerry McMorris,Dan O'Dowd,
2002,"Baldwin, James",rhp,30,Type B,LAN,SEA,1,1250000,2002,,,1250000,Rex Gary,Nintendo/America,Pat Gillick,
2002,"Charlton, Norm",lhp,39,Type B,SEA,SEA,1,1250000,2002,,,1250000,Hendricks Sports,Nintendo/America,Pat Gillick,
2002,"Cook, Dennis",lhp,39,Type C,PHI,ANA,1,1250000,2002,,,1250000,,Disney Co.,Bill Stoneman,
2002,"DeShields, Delino",2b,33,Type B,CHN,CHN,1,1250000,2002,,,1250000,Reich Katz Landis,Tribune Co.,Andy MacPhail,
2002,"Gomez, Chris",ss,31,,TBA,TBA,1,1250000,2002,,,1250000,Alan Meersand,Vince Naimoli,Chuck LaMar,
2002,"Lofton, Kenny",of,35,Type A,CLE,CHA,1,1250000,2002,,,1250000,Casey Close,Jerry Reinsdorf,Ken Williams,
2002,"Merced, Orlando",of,35,,HOU,HOU,1,1050000,2002,,,1050000,,Drayton McLane,Gerry Hunsicker,
2002,"Mathews, T.J.",rhp,32,,SLN,HOU,1,1000000,2002,,,1000000,,Drayton McLane,Gerry Hunsicker,
2002,"Velarde, Randy",2b,39,Type A,NYA,OAK,1,1000000,2002,,,1000000,Reich Katz Landis,Schott / Hofmann,Billy Beane,
2002,"Alicea, Luis",2b,36,Type B,KCA,KCA,1,800000,2002,,,800000,,David Glass,Allard Baird,
2002,"Brocail, Doug",rhp,35,,HOU,HOU,1,750000,2002,,,750000,Meister Sports,Drayton McLane,Gerry Hunsicker,
2002,"Morgan, Mike",rhp-s,42,,ARI,ARI,1,750000,2002,,,750000,,Jerry Colangelo,Joe Garagiola Jr.,
2002,"Eusebio, Tony",c,35,Type B,HOU,COL,1,550000,2002,,,550000,,Jerry McMorris,Dan O'Dowd,
2002,"Embree, Alan",lhp,32,Type C,CHA,SDN,1,500000,2002,,,500000,,John Moores,Kevin Towers,
2002,"Fabergas, Jorge",c,32,,ANA,ANA,1,500000,2002,,,500000,Boras Corp.,Disney Co.,Bill Stoneman,
2002,"Lewis, Darren",of,34,,BOS,CHN,1,500000,2002,,,500000,Bronner/Gilholley,Tribune Co.,Andy MacPhail,
2002,"Pichardo, Hipolito",rhp,32,,BOS,HOU,1,500000,2002,,,500000,,Drayton McLane,Gerry Hunsicker,
2002,"Stairs, Matt",of,35,Type B,CHN,MIL,1,500000,2002,,,500000,RMG Baseballt,Wendy Selig-Prieb,Dean Taylor,
2002,"Harnish, Pete",rhp-s,35,,CIN,COL,1,250000,2002,,,250000,Gregg Clifton,Jerry McMorris,Dan O'Dowd,
2002,"Abbott, Kurt",2b,33,,ATL,MIN,0,1,2002,,,,Steve Comte,Carl Pohlad,Terry Ryan,"$400,000 in majors"
2002,"Bichette, Dante",of,38,Type B,BOS,LAN,0,1,2002,,,,Tommy Tanzer,Fox Ent Group,Dan Evans,"$575,000 in majors"
2002,"Bogar, Tim",inf,35,Type C,LAN,COL,0,1,2002,,,,,Jerry McMorris,Dan O'Dowd,
2002,"Bohanon, Brian",lhp,33,Type C,COL,CIN,0,1,2002,,,,Hendricks Sports,Carl Lindner,Jim Bowden,"$300,000 in majors"
2002,"Bones, Ricky",rhp,33,,FLA,LAN,0,1,2002,,,,,Fox Ent Group,Dan Evans,
2002,"Borders, Pat",c,39,,SEA,TEX,0,1,2002,,,,Joe Maenza,Tom Hicks,John Hart,
2002,"Canseco, Jose",of,37,Type B,CHA,MON,0,1,2002,,,,,Jeffrey Loria/MLB,Beinfest/Minaya,
2002,"Coomer, Ron",1b,35,,CHN,NYA,0,1,2002,,,,Jack Sands,Geo Steinbrenner,Brian Cashman,
2002,"Crabtree, Tim",rhp,32,,TEX,LAN,0,1,2002,,,,,Fox Ent Group,Dan Evans,
2002,"DiSarcina, Gary",ss,34,,ANA,BOS,0,1,2002,,,,,JRY Trust/Jhenry,Mike Port,
2002,"Franco, Julio",1b,43,,ATL,ATL,0,1,2002,,,,,Time Warner,John Schuerholz,"$600,000 in majors"
2002,"Gant, Ron",of,37,Type C,OAK,SDN,0,1,2002,,,,,John Moores,Kevin Towers,"$500,000 in majors"
2002,"Hamilton, Joey",rhp,31,,CIN,CIN,0,1,2002,,,,Boras Corp.,Carl Lindner,Jim Bowden,"$500,000 in majors"
2002,"Henderson, Rickey",of,43,Type C,SDN,BOS,0,1,2002,,,,Dennis Gilbert,JRY Trust/Jhenry,Mike Port,
2002,"Hernandez, Carlos",c,35,,SLN,COL,0,1,2002,,,,,Jerry McMorris,Dan O'Dowd,"$650,000 in majors"
2002,"Jackson, Mike",rhp,37,Type C,HOU,MIN,0,1,2002,,,,,Carl Pohlad,Terry Ryan,"$500,000 in majors"
2002,"James, Mike",rhp,34,Type C,SLN,COL,0,1,2002,,,,,Jerry McMorris,Dan O'Dowd,"$500,000 in majors"
2002,"Knorr, Randy",c,33,,MON,MON,0,1,2002,,,,,Jeffrey Loria/MLB,Beinfest/Minaya,"$350,000 in majors"
2002,"Lansing, Mike",2b,34,Type C,BOS,CLE,0,1,2002,,,,,Larry Dolan,Mark Shapiro,
2002,"Lockhart, Keith",3b,37,,ATL,ATL,0,1,2002,,,,,Time Warner,John Schuerholz,"$600,000 in majors"
2002,"Mabry, John",of,31,,FLA,PHI,0,1,2002,,,,Dale Reichley,Bill Giles,Ed Wade,"$500,000 in majors"
2002,"Mahomes, Pat",rhp,31,,TEX,CHN,0,1,2002,,,,,Tribune Co.,Andy MacPhail,"$400,000 in majors"
2002,"Manzanillo, Josias",rhp,34,Type A,PIT,PIT,0,1,2002,,,,,Kevin McClatchy,Dave Littlefield,
2002,"Martin, Al",of,34,Type C,SEA,SLN,0,1,2002,,,,Joe Bick,Bill DeWitt Jr.,Walt Jocketty,"$500,000 in majors"
2002,"McElroy, Chuck",lhp,34,,SDN,HOU,0,1,2002,,,,,Drayton McLane,Gerry Hunsicker,"$500,000 in majors"
2002,"Mercedes, Jose",rhp,31,Type B,BAL,CLE,0,1,2002,,,,,Larry Dolan,Mark Shapiro,"$500,000 in majors"
2002,"Miceli, Dan",rhp,31,Type B,COL,TEX,0,1,2002,,,,,Tom Hicks,John Hart,
2002,"O'Leary, Troy",of,32,,BOS,TBA,0,1,2002,,,,,Vince Naimoli,Chuck LaMar,
2002,"Olivares, Omar",rhp,34,,PIT,CLE,0,1,2002,,,,Meister Sports,Larry Dolan,Mark Shapiro,"$750,000 in majors"
2002,"Orosco, Jesse",lhp,45,,LAN,LAN,0,1,2002,,,,Alan Meersand,Fox Ent Group,Dan Evans,"$800,000 in majors"
2002,"Perez, Eduardo",c,32,,ATL,ATL,0,1,2002,,,,,Time Warner,John Schuerholz,"$500,000 in majors"
2002,"Pratt, Todd",c,35,Type C,PHI,NYN,0,1,2002,,,,,Wilpon/Doubleday,Steve Phillips,"$650,000 in majors"
2002,"Raines, Tim",of,42,,BAL,FLA,0,1,2002,,,,,J Henry / J Loria,Dombrowski/Beinfest,
2002,"Rapp, Pat",rhp-s,34,Type C,ANA,PIT,0,1,2002,,,,,Kevin McClatchy,Dave Littlefield,
2002,"Reed, Steve",rhp,37,Type B,ATL,SDN,0,1,2002,,,,,John Moores,Kevin Towers,"$500,000 in majors"
2002,"Rijo, Jose",rhp-s,37,,CIN,CIN,0,1,2002,,,,Reich Katz Landis,Carl Lindner,Jim Bowden,
2002,"Rodriguez, Rich",lhp,39,,ATL,ATL,0,1,2002,,,,Dennis Gilbert,Time Warner,John Schuerholz,
2002,"Sanchez, Rey",ss,34,Type A,ATL,BOS,0,1,2002,,,,Boras Corp.,JRY Trust/Jhenry,Mike Port,
2002,"Seanez, Rudy",rhp,33,Type B,ATL,TEX,0,1,2002,,,,,Tom Hicks,John Hart,$1M in majors
2002,"Servais, Scott",c,35,,HOU,SFN,0,1,2002,,,,,Peter Magowan,Brian Sabean,"$400,000 in majors"
2002,"Simas, Bill",rhp,30,,CHA,DET,0,1,2002,,,,,Mike Ilitch,Randy Smith,"$300,000 in majors"
2002,"Sojo, Luis",2b,37,,NYA,NYA,0,1,2002,,,,,Geo Steinbrenner,Brian Cashman,"$350,000 in majors"
2002,"Sprague, Ed",3b,34,Type C,SEA,TEX,0,1,2002,,,,,Tom Hicks,John Hart,
2002,"Valentin, John",3b,35,,BOS,NYN,0,1,2002,,,,Jeff Moorad,Wilpon/Doubleday,Steve Phillips,"$550,000 in majors"
2002,"Villone, Ron",lhp,32,,HOU,PIT,0,1,2002,,,,Boras Corp.,Kevin McClatchy,Dave Littlefield,
2002,"Watson, Allen",rhp,31,,NYA,NYA,0,1,2002,,,,,Geo Steinbrenner,Brian Cashman,
2002,"Baines, Harold",of,43,,CHA,dnp,,,,,,,Jack Sands,,,
2002,"Beck, Rod",rhp,33,Type A,BOS,dnp,,,,,,,Dennis Gilbert,,,
2002,"Bonillia, Bobby",of,39,,SLN,dnp,,,,,,,Dennis Gilbert,,,
2002,"Bottenfield, Kent",rhp,33,,HOU,dnp,,,,,,,,,,
2002,"Brosius, Scott",3b,35,Type B,NYA,dnp,,,,,,,,,,
2002,"Buhner, Jay",of,37,Type B,SEA,dnp,,,,,,,Hendricks Sports,,,
2002,"Caminiti, Ken",3b,39,Type B,ATL,dnp,,,,,,,,,,
2002,"Cone, David",rhp-s,39,Type C,BOS,dnp,,,,,,,Steve Fehr,,,
2002,"Cordova, Francisco",rhp,30,,PIT,dnp,,,,,,,,,,
2002,"Curtis, Chad",of,33,,TEX,dnp,,,,,,,,,,
2002,"Davis, Eric",of,40,,SFN,dnp,,,,,,,Eric Goldschmidt,,,
2002,"Dipoto, Jerry",rhp,34,,COL,dnp,,,,,,,,,,
2002,"Ducey, Rob",of,37,,MON,dnp,,,,,,,,,,
2002,"Eldred, Cal",rhp,34,,CHA,dnp,,,,,,,Ron Shapiro,,,
2002,"Fernandez, Alex",rhp,32,,FLA,dnp,,,,,,,Boras Corp.,,,
2002,"Fernandez, Tony",3b,40,,TOR,dnp,,,,,,,Reich Katz Landis,,,
2002,"Frye, Jeff",2b,35,Type C,TOR,dnp,,,,,,,,,,
2002,"Galarraga, Andres",1b,41,Type B,SFN,MON,,,,,,,Bronner/Gilhooley,,,
2002,"Gardner, Mark",rhp-s,40,,SFN,dnp,,,,,,,Tom Reich,,,
2002,"Gilkey, Bernard",of,35,,ATL,dnp,,,,,,,Bronner/Gilhooley,,,
2002,"Gwynn, Tony",of,42,Type C,SDN,dnp,,,,,,,John Boggs,,,
2002,"Heredia, Gil",rhp,36,,OAK,dnp,,,,,,,,,,
2002,"Javier, Stan",of,38,Type B,SEA,dnp,,,,,,,,,,
2002,"Leiter, Mark",rhp,39,Type C,MIL,dnp,,,,,,,,,,
2002,"Magadan, Dave",3b,39,,SDN,dnp,,,,,,,,,,
2002,"Martinez, Ramon J.",rhp,34,,PIT,dnp,,,,,,,Bronner/Gilhooley,,,
2002,"Mills, Alan",rhp,35,,BAL,dnp,,,,,,,,,,
2002,"Mohler, Mike",lhp,33,,ARI,dnp,,,,,,,,,,
2002,"Mouton, James",of,33,,MIL,dnp,,,,,,,,,,
2002,"O'Neill, Paul",of,39,Type B,NYA,dnp,,,,,,,Joe Bick,,,
2002,"Oliver, Joe",c,36,,BOS,dnp,,,,,,,Hendricks Sports,,,
2002,"Painter, Lance",lhp,34,,MIL,dnp,,,,,,,,,,
2002,"Ripken Jr., Cal",3b,41,Type B,BAL,dnp,,,,,,,Ron Shapiro,,,
2002,"Saberhagen, Bret",rhp-s,38,,BOS,dnp,,,,,,,,,,
2002,"Scanlon, Bob",rhp,35,,MON,dnp,,,,,,,,,,
2002,"Shaw, Jeff",rhp,35,Type A,LAN,dnp,,,,,,,,,,
2002,"Spiers, Bill",3b,36,Type B,HOU,dnp,,,,,,,,,,
2002,"Springer, Russ",rhp,33,,ARI,dnp,,,,,,,Hendricks Sports,,,
2002,"Tapani, Kevin",rhp-s,38,Type B,CHN,dnp,,,,,,,Bronner/Gilhooley,,,
2002,"White, Devon",of,39,Type C,MIL,dnp,,,,,,,Eric Goldschmidt,,,
2002,"Witt, Bobby",rhp-s,38,,ARI,dnp,,,,,,,Alan Nero,,,
2001,"Rodriguez, Alex",ss,25,Type A,SEA,TEX,10,252000000,2001-10,,,25200000,Boras Corp.,Tom Hicks,Doug Melvin,
2001,"Ramirez, Manny",of,29,Type A,CLE,BOS,8,160000000,2001-08,club,,20000000,Jeff Moorad,JRY Trust,Dan Duquette,
2001,"Hampton, Mike",lhp-s,28,Type A,NYN,COL,8,121000000,2001-08,,,15125000,Mark Rodgers,Jerry McMorris,Dan O'Dowd,
2001,"Mussina, Mike",rhp-s,32,Type A,BAL,NYA,6,88500000,2001-06,club,,14750000,Arn Tellem,Geo Steinbrenner,Brian Cashman,
2001,"Dreifort, Darren",rhp-s,29,Type A,LAN,LAN,5,55000000,2001-05,,,11000000,Boras Corp.,Fox Ent Group,Kevin Malone,
2001,"Neagle, Denny",lhp-s,32,Type A,NYA,COL,5,51000000,2001-05,,,10200000,Meister Sports,Jerry McMorris,Dan O'Dowd,
2001,"Appier, Kevin",rhp-s,33,Type A,OAK,NYN,4,42000000,2001-04,,,10500000,Dennis Gilbert,Wilpon/Doubleday,Steve Phillips,
2001,"Johnson, Charles",c,29,Type A,CHA,FLA,5,35000000,2001-05,,,7000000,Boras Corp.,John Henry,Dave Dombrowski,
2001,"Segui, David",1b,34,Type A,CLE,SLN,4,28000000,2001-04,,,7000000,,Bill DeWitt Jr.,Walt Jocketty,
2001,"Hundley, Todd",c,32,Type A,LAN,CHN,4,23500000,2001-04,,,5875000,ACES,Tribune Co.,Andy MacPhail,
2001,"Ashby, Andy",rhp-s,33,Type A,ATL,LAN,3,22500000,2001-03,,,7500000,,Fox Ent Group,Kevin Malone,
2001,"Hammonds, Jeffrey",of,30,Type A,COL,MIL,3,21750000,2001-03,,,7250000,Boras Corp.,Wendy Selig-Prieb,Dean Taylor,
2001,"Reed, Rick",rhp,36,Type A,NYN,NYN,3,21750000,2001-03,,,7250000,Phil Tannenbaum,Wilpon/Doubleday,Steve Phillips,
2001,"Burks, Ellis",of,36,Type A,SFN,CLE,3,20000000,2001-03,,,6666666,Jim Turner,Larry Dolan,John Hart,
2001,"Gonzalez, Alex",ss,28,Type B,TOR,TOR,4,20000000,2001-04,,,5000000,Bronner/Gilhooley,Edward Rogers,Gord Ash,
2001,"Valentin, Jose",ss,31,Type A,CHA,CHA,3,15500000,2001-03,,,5166666,David Elston,Jerry Reinsdorf,Ken Williams,
2001,"Nelson, Jeff",rhp,34,Type A,NYA,SEA,3,10650000,2001-03,,,3550000,Jay Franklin,Nintendo/America,Pat Gillick,
2001,"Franco, John",lhp,40,Type A,NYN,NYN,3,10500000,2001-03,,,3500000,Dan Horwits,Wilpon/Doubleday,Steve Phillips,
2001,"Gonzalez, Juan",of,31,,DET,CLE,1,10000000,2001,,,10000000,Boras Corp.,Larry Dolan,John Hart,
2001,"Hentgen, Pat",rhp-s,32,Type B,SLN,BAL,2,9600000,2001,,,4800000,Bob LaMonte,Peter Angelos,Syd Thrift,
2001,"Bordick, Mike",ss,35,Type A,NYN,SLN,2,9500000,2001-02,,,4750000,,Bill DeWitt Jr.,Walt Jocketty,
2001,"Wendell, Turk",rhp,34,Type A,NYN,NYN,3,9399999,2001-03,,,3133333,Gregg Clifton,Wilpon/Doubleday,Steve Phillips,
2001,"Bell, Derek",of,32,Type B,NYN,PIT,2,9000000,2001,,,4500000,Eric Goldschmidt,Kevin McClatchy,Cam Bonifay,
2001,"Cormier, Rheal",rhp,34,,BOS,PHI,3,8750000,2001-03,,,2916666,Meister Sports,Bill Giles,Ed Wade,
2001,"Trachsel, Steve",rhp-s,30,Type B,TOR,NYN,2,7000000,2001-02,,,3500000,ACES,Wilpon/Doubleday,Steve Phillips,
2001,"Mesa, Jose",rhp,35,Type B,SEA,PHI,2,6800000,2001,,,3400000,Mitch Frankel,Bill Giles,Ed Wade,
2001,"O'Neill, Paul",of,38,Type A,NYA,NYA,1,6500000,2001,,,6500000,Joe Bick,Geo Steinbrenner,Brian Cashman,
2001,"Reynoso, Armando",rhp,35,Type B,ARI,ARI,2,6500000,2001-02,,,3250000,,Jerry Colangelo,Joe Garagiola Jr.,
2001,"Wakefield, Tim",rhp-s,34,Type B,BOS,BOS,2,6500000,2001-02,,,3250000,Meister Sports,JRY Trust,Dan Duquette,
2001,"Galarraga, Andres",1b,40,Type B,ATL,TEX,1,6250000,2001,,,6250000,Bronner/Gilhooley,Tom Hicks,Doug Melvin,
2001,"Grace, Mark",1b,36,Type A,CHN,ARI,2,6000000,2001-02,,,3000000,Barry Axelrod,Jerry Colangelo,Joe Garagiola Jr.,
2001,"Mulholland, Terry",lhp,38,Type B,ATL,PIT,2,6000000,2001,,,3000000,Joe Bick,Kevin McClatchy,Cam Bonifay,
2001,"Hollandsworth, Todd",of,28,Type C,COL,COL,2,5500000,2001-02,,,2750000,,Jerry McMorris,Dan O'Dowd,
2001,"Alomar Jr., Sandy",c,35,Type B,CLE,CHA,2,5400000,2001-02,,,2700000,John Boggs,Jerry Reinsdorf,Ken Williams,
2001,"Fassero, Jeff",lhp,38,,BOS,CHN,2,5100000,2001-02,,,2550000,ACES,Tribune Co.,Andy MacPhail,
2001,"Tavarez, Julian",rhp,28,Type C,COL,CHN,2,5000000,2001-02,,,2500000,Boras Corp.,Tribune Co.,Andy MacPhail,
2001,"Petkovsek, Mark",rhp,35,Type A,ANA,TEX,2,4900000,2001-02,,,2450000,Hendricks Sports,Tom Hicks,Doug Melvin,
2001,"Bere, Jason",rhp,30,Type B,CLE,CHN,2,4500000,2001-02,,,2250000,,Tribune Co.,Andy MacPhail,
2001,"Castillo, Frank",rhp,32,Type C,TOR,BOS,2,4500000,2001-02,,,2250000,,JRY Trust,Dan Duquette,
2001,"Gordon, Tom",rhp,33,Type C,BOS,CHN,2,4000000,2001-02,,,2000000,Beverly Hills SC,Tribune Co.,Andy MacPhail,
2001,"Guthrie, Mark",lhp,35,Type B,TOR,OAK,2,3600000,2001-02,,,1800000,Rick Thurman,Schott / Hofmann,Billy Beane,
2001,"Boone, Bret",2b,32,Type B,SDN,SEA,1,3250000,2001,,,3250000,,Nintendo/America,Pat Gillick,
2001,"Caminiti, Ken",3b,38,Type A,HOU,TEX,1,3250000,2001,,,3250000,Rick Licht,Tom Hicks,Doug Melvin,
2001,"Martinez, Dave",of,36,Type B,TOR,ATL,2,3000000,2001-02,,,1500000,Ron Shapiro,Time Warner,John Schuerholz,
2001,"Henry, Doug",rhp,37,Type B,SFN,KCA,2,2750000,2001,,,1375000,,David Glass,Allard Baird,
2001,"Valdes, Ismael",rhp,27,Type C,LAN,ANA,1,2500000,2001,,,2500000,,Disney Co.,Bill Stoneman,
2001,"Plesac, Dan",lhp,39,Type B,ARI,TOR,1,2400000,2001,,,2400000,,Edward Rogers,Gord Ash,
2001,"Gant, Ron",of,36,Type B,ANA,COL,1,2050000,2001,,,2050000,Bean Stringfellow,Jerry McMorris,Dan O'Dowd,
2001,"Bottenfield, Kent",rhp,32,Type A,PHI,HOU,1,2000000,2001,,,2000000,,Drayton McLane,Gerry Hunsicker,
2001,"Gardner, Mark",rhp,39,,SFN,SFN,1,2000000,2001,,,2000000,Reich Katz Landis,Peter Magowan,Brian Sabean,
2001,"Gwynn, Tony",of,41,Type B,SDN,SDN,1,2000000,2001,,,2000000,John Boggs,John Moores,Kevin Towers,
2001,"Rapp, Pat",rhp,33,Type C,BAL,ANA,1,2000000,2001,,,2000000,,Disney Co.,Bill Stoneman,
2001,"Buhner, Jay",of,36,Type B,SEA,SEA,1,1850000,2001,,,1850000,Hendricks Sports,Nintendo/America,Pat Gillick,
2001,"Burkett, John",rhp,36,Type B,ATL,ATL,1,1750000,2001,,,1750000,Tommy Tanzer,Time Warner,John Schuerholz,
2001,"Bottalico, Ricky",rhp,31,Type B,KCA,PHI,1,1500000,2001,,,1500000,Gregg Clifton,Bill Giles,Ed Wade,
2001,"Brogna, Rico",1b,31,,BOS,ATL,1,1500000,2001,,,1500000,,Time Warner,John Schuerholz,
2001,"Davis, Eric",of,39,Type C,SLN,SFN,1,1500000,2001,,,1500000,Eric Goldschmidt,Peter Magowan,Brian Sabean,
2001,"Marrtinez, Ramon",rhp,33,,BOS,LAN,1,1500000,2001,,,1500000,,Fox Ent Group,Kevin Malone,
2001,"Rodriguez, Henry",of,33,Type B,FLA,NYA,1,1500000,2001,,,1500000,Reich Katz Landis,Geo Steinbrenner,Brian Cashman,
2001,"Sanders, Reggie",of,33,Type B,ATL,ARI,1,1500000,2001,,,1500000,Eric Goldschmidt,Jerry Colangelo,Joe Garagiola Jr.,
2001,"Wohlers, Mark",rhp,31,,CIN,CIN,1,1500000,2001,,,1500000,ACES,Carl Lindner,Jim Bowden,
2001,"Vizcaino, Jose",inf,33,,NYA,HOU,2,1500000,2001-02,,,750000,Reich Katz Landis,Drayton McLane,Gerry Hunsicker,
2001,"Arias, Alex",3b,33,Type B,PHI,SDN,2,1300000,2001-02,,,650000,,John Moores,Kevin Towers,
2001,"Oliver, Joe",c,35,,SEA,NYA,1,1250000,2001,,,1250000,Hendricks Sports,Geo Steinbrenner,Brian Cashman,
2001,"Lampkin, Tom",c,37,Type B,SEA,SEA,1,1200000,2001,,,1200000,,Nintendo/America,Pat Gillick,
2001,"Cone, David",rhp-s,38,Type B,NYA,BOS,1,1000000,2001,,,1000000,Steve Fehr,JRY Trust,Dan Duquette,
2001,"Dunston, Shawon",ss,38,,SLN,SFN,1,1000000,2001,,,1000000,Eric Goldschmidt,Peter Magowan,Brian Sabean,
2001,"Eldred, Cal",rhp,33,Type C,CHA,CHA,1,1000000,2001,,,1000000,Ron Shapiro,Jerry Reinsdorf,Ken Williams,
2001,"Frye, Jeff",2b,35,Type B,COL,TOR,1,1000000,2001,,,1000000,,Edward Rogers,Gord Ash,
2001,"Bonilla, Bobby",of,38,,ATL,SLN,1,900000,2001,,,900000,Dennis Gilbert,Bill DeWitt Jr.,Walt Jocketty,
2001,"Alicea, Luis",2b,35,Type B,TEX,KCA,1,800000,2001,,,800000,,David Glass,Allard Baird,
2001,"Jones, Bobby J.",rhp,31,Type C,NYN,SDN,1,625000,2001,,,625000,,John Moores,Kevin Towers,
2001,"Magadan, Dave",3b,38,,SDN,SDN,1,575000,2001,,,575000,,John Moores,Kevin Towers,
2001,"Fabergas, Jorge",c,31,,KCA,ANA,1,500000,2001,,,500000,Boras Corp.,Disney Co.,Bill Stoneman,
2001,"Sojo, Luis",inf,36,Type C,NYA,NYA,1,500000,2001,,,500000,,Geo Steinbrenner,Brian Cashman,
2001,"Disarcina, Gary",ss,33,,ANA,ANA,1,320000,2001,,,320000,,Disney Co.,Bill Stoneman,
2001,"Abbott, Kurt",2b,32,,NYN,ATL,0,1,2001,,,,Steve Comte,Time Warner,John Schuerholz,"$600,000 in majors"
2001,"Alexander, Manny",ss,30,,BOS,SEA,0,1,2001,,,,,Nintendo/America,Pat Gillick,"$525,000 in majors"
2001,"Andrews, Shane",3b,29,,CHN,SLN,0,1,2001,,,,Tommy Tanzer,Bill DeWitt Jr.,Walt Jocketty,"$750,000 in majors"
2001,"Baines, Harold",of,42,Type B,CHA,CHA,0,1,2001,,,,Jack Sands,Jerry Reinsdorf,Ken Williams,$1M in majors
2001,"Becker, Rich",of,29,Type C,DET,FLA,0,1,2001,,,,,John Henry,Dave Dombrowski,"$450,000 in majors"
2001,"Belcher, Tim",rhp-s,39,,ANA,ANA,0,1,2001,,,,Boras Corp.,Disney Co.,Bill Stoneman,"$750,000 in majors"
2001,"Blair, Willie",rhp,35,Type C,DET,CLE,0,1,2001,,,,,Larry Dolan,John Hart,"$700,000 in majors"
2001,"Bogar, Tim",inf,34,Type C,HOU,LAN,0,1,2001,,,,,Fox Ent Group,Kevin Malone,
2001,"Brantley, Jeff",rhp,37,Type C,PHI,TEX,0,1,2001,,,,,Tom Hicks,Doug Melvin,"$650,000 in majors"
2001,"Canseco, Jose",of,36,Type A,NYA,ANA,0,1,2001,,,,Alan Nero,Disney Co.,Bill Stoneman,"$200,000 in majors"
2001,"Gilkey, Bernard",of,34,,BOS,SLN,0,1,2001,,,,Bronner/Gilhooley,Bill DeWitt Jr.,Walt Jocketty,"$700,000 in majors"
2001,"Gooden, Dwight",rhp-s,36,,NYA,NYA,0,1,2001,,,,Reich Katz Landis,Geo Steinbrenner,Brian Cashman,"$500,000 in majors"
2001,"Grebeck, Craig",2b,36,Type C,TOR,BOS,0,1,2001,,,,,JRY Trust,Dan Duquette,"$700,000 in majors"
2001,"Guillen, Ozzie",ss,37,,TBA,TBA,0,1,2001,,,,,Vince Naimoli,Chuck LaMar,"$550,000 in majors"
2001,"Hayes, Charlie",3b,36,,MIL,HOU,0,1,2001,,,,Tommy Tanzer,Drayton McLane,Gerry Hunsicker,"$500,000 in majors"
2001,"Henderson, Rickey",of,42,Type B,SEA,SDN,0,1,2001,,,,Dennis Gilbert,John Moores,Kevin Towers,"$250,000 in majors"
2001,"Howard, Thomas",of,36,,SLN,PIT,0,1,2001,,,,,Kevin McClatchy,Cam Bonifay,"$500,000 in majors"
2001,"Hunter, Brian R.",1b,33,,PHI,PHI,0,1,2001,,,,Paul Cohen,Bill Giles,Ed Wade,"$500,000 in majors"
2001,"Joyner, Wally",1b,39,,ATL,ANA,0,1,2001,,,,Steve Freyer,Disney Co.,Bill Stoneman,"$200,000 in majors"
2001,"Kamieniecki, Scott",rhp,37,,ATL,NYA,0,1,2001,,,,Hendricks Sports,Geo Steinbrenner,Brian Cashman,"$200,000 in majors"
2001,"Kelly, Roberto",of,36,,NYA,COL,0,1,2001,,,,,Jerry McMorris,Dan O'Dowd,"$725,000 in majors"
2001,"Leyritz, Jim",c,37,,LAN,NYN,0,1,2001,,,,Reich Katz Landis,Wilpon/Doubleday,Steve Phillips,"$500,000 in majors"
2001,"Mabry, John",of,30,,SDN,SLN,0,1,2001,,,,Dale Reichley,Bill DeWitt Jr.,Walt Jocketty,"$800,000 in majors"
2001,"Mercker, Kent",lhp,33,,ANA,BOS,0,1,2001,,,,Casey Close,JRY Trust,Dan Duquette,"$750,000 in majors"
2001,"Morandini, Mickey",2b,35,Type C,TOR,TOR,0,1,2001,,,,,Edward Rogers,Gord Ash,"$500,000 in majors"
2001,"Morris, Hal",1b,36,,DET,CIN,0,1,2001,,,,,Carl Lindner,Jim Bowden,
2001,"Mouton, James",of,32,,MIL,MIL,0,1,2001,,,,,Wendy Selig-Prieb,Dean Taylor,"$300,000 in majors"
2001,"Munoz, Mike",lhp,35,,TEX,TEX,0,1,2001,,,,Dennis Gilbert,Tom Hicks,Doug Melvin,"$500,000 in majors"
2001,"Ontiveros, Steve",rhp,40,,BOS,NYN,0,1,2001,,,,,Wilpon/Doubleday,Steve Phillips,"$500,000 in majors"
2001,"Orosco, Jesse",lhp,44,,SLN,LAN,0,1,2001,,,,Alan Meersand,Fox Ent Group,Kevin Malone,"$700,000 in majors"
2001,"Prince, Tom",c,36,,PHI,MIN,0,1,2001,,,,,Carl Pohlad,Terry Ryan,"$400,000 in majors"
2001,"Radinsky, Scott",lhp,33,,SLN,CLE,0,1,2001,,,,,Larry Dolan,John Hart,
2001,"Reed, Jeff",c,38,Type C,CHN,HOU,0,1,2001,,,,,Drayton McLane,Gerry Hunsicker,
2001,"Sanders, Deion",of,33,,CIN,CIN,0,1,2001,,,,Barry Axelrod,Carl Lindner,Jim Bowden,
2001,"Santiago, Benito",c,36,Type A,CIN,SFN,0,1,2001,,,,,Peter Magowan,Brian Sabean,
2001,"Schourek, Pete",lhp,32,,BOS,BOS,0,1,2001,,,,,JRY Trust,Dan Duquette,$1M in majors
2001,"Seanez, Rudy",rhp,32,,ATL,SDN,0,1,2001,,,,Alan Nero,John Moores,Kevin Towers,
2001,"Servais, Scott",c,34,,SFN,DET,0,1,2001,,,,,Mike Ilitch,Randy Smith,"$400,000 in majors"
2001,"Sierra, Ruben",of,35,,TEX,TEX,0,1,2001,,,,Reich Katz Landis,Tom Hicks,Doug Melvin,"$400,000 in majors"
2001,"Sprague, Ed",3b,33,,SDN,SDN,0,1,2001,,,,,John Moores,Kevin Towers,"$575,000 in majors"
2001,"Stocker, Kevin",ss,31,,ANA,NYN,0,1,2001,,,,,Wilpon/Doubleday,Steve Phillips,
2001,"Walbeck, Matt",c,31,,ANA,CIN,0,1,2001,,,,,Carl Lindner,Jim Bowden,"$400,000 in majors"
2001,"Wilkins, Rick",c,34,,SLN,SDN,0,1,2001,,,,Boras Corp.,John Moores,Kevin Towers,"$500,000 in majors"
2001,"Aguilera, Rick",rhp,39,Type A,CHN,dnp,,,,,,,,,,
2001,"Carrasco, Hector",rhp,31,Type B,BOS,dnp,,,,,,,Reich Katz Landis,,,
2001,"Huson, Jeff",2b,36,,CHN,dnp,,,,,,,,,,
2001,"Jefferies, Gregg",of,33,,DET,dnp,,,,,,,ACES,,,
2001,"Jones, Doug",rhp,44,,OAK,dnp,,,,,,,,,,
2001,"Lewis, Mark",3b,31,,BAL,dnp,,,,,,,Boras Corp.,,,
2001,"McMichael, Greg",rhp,34,,ATL,dnp,,,,,,,,,,
2001,"Mieske, Matt",of,33,,ARI,dnp,,,,,,,,,,
2001,"Myers, Randy",lhp,38,,SDN,dnp,,,,,,,,,,
2001,"Polonia, Luis",of,37,Type B,NYA,dnp,,,,,,,,,,
2001,"Reboulet, Jeff",2b,37,,KCA,dnp,,,,,,,,,,
2001,"Simms, Mike",of,34,,TEX,dnp,,,,,,,,,,
2001,"Stanley, Mike",1b,38,Type C,OAK,dnp,,,,,,,,,,
2001,"Strawberry, Darryl",of,39,,NYA,dnp,,,,,,,,,,
2001,"Webster, Lenny",c,36,,MON,dnp,,,,,,,,,,
2001,"Weiss, Walt",ss,37,,ATL,dnp,,,,,,,Bronner/Gilhooley,,,
2001,"Wetteland, John",rhp,34,Type A,TEX,dnp,,,,,,,Reich Katz Landis,,,
2000,"Vaughn, Greg",of,34,Type A,CIN,TBA,4,34000000,2000-03,,,8500000,Eric Goldschmidt,Vince Naimoli,Chuck LaMar,
2000,"Finley, Chuck",lhp-s,37,Type A,ANA,CLE,3,27000000,2000-02,,,9000000,Hendricks Sports,Larry Dolan,John Hart,
2000,"Rogers, Kenny",lhp-s,35,Type A,NYN,TEX,3,22500000,2000-02,,,7500000,Boras Corp.,Tom Hicks,Doug Melvin,
2000,"Olerud, John",1b,31,Type A,NYN,SEA,3,20000000,2000-02,,,6666666,,Nintendo/America,Pat Gillick,
2000,"Oliver, Darren",lhp,29,Type B,SLN,TEX,3,19000000,2000-02,,,6333333,Boras Corp.,Tom Hicks,Doug Melvin,
2000,"Benes, Andy",rhp,32,Type A,ARI,SLN,3,18000000,2000-02,,,6000000,Boras Corp.,Bill DeWitt Jr.,Walt Jocketty,
2000,"Zeile, Todd",1b,34,Type A,TEX,NYN,3,18000000,2000-02,,,6000000,ACES,Wilpon/Doubleday,Steve Phillips,
2000,"Sele, Aaron",rhp,30,Type A,TEX,SEA,2,15000000,2000-01,,,7500000,Reich Katz Landis,Nintendo/America,Pat Gillick,
2000,"Rhodes, Arthur",lhp,30,Type A,BAL,SEA,4,13000000,2000-03,,,3250000,Dan Horwits,Nintendo/America,Pat Gillick,
2000,"Guzman, Juan",rhp,33,Type A,CIN,TBA,2,12500000,2000-01,,,6250000,Tony Attanasio,Vince Naimoli,Chuck LaMar,
2000,"Cone, David",rhp-s,37,Type A,NYA,NYA,1,12000000,2000,,,12000000,Steve Fehr,Geo Steinbrenner,Brian Cashman,
2000,"Goodwin, Tom",of,31,Type B,TEX,COL,3,10750000,2000-02,,,3583333,,Jerry McMorris,Dan O'Dowd,
2000,"Hernandez, Jose",ss,30,Type A,ATL,MIL,3,10000000,2000-02,,,3333333,Boras Corp.,Wendy Selig-Prieb,Dean Taylor,
2000,"Cordero, Wil",inf,28,,CLE,PIT,3,9000000,2000-02,,,3000000,Jeff Moorad,Kevin McClatchy,Cam Bonifay,
2000,"Lloyd, Graeme",lhp,33,Type A,TOR,MON,3,9000000,2000-02,,,3000000,,Jeffrey Loria,Jim Beattie,
2000,"Olivares, Omar",rhp,32,Type A,OAK,OAK,2,8000000,2000-01,,,4000000,Meister Sports,Schott / Hofmann,Billy Beane,
2000,"Trombley, Mike",rhp,33,Type A,MIN,BAL,3,7750000,2000,,,2583333,,Peter Angelos,Syd Thrift,
2000,"Stanton, Mike",lhp,33,,NYA,NYA,3,7350000,2000-02,,,2450000,ACES,Geo Steinbrenner,Brian Cashman,
2000,"Williams, Gerald",of,33,Type B,ATL,TBA,2,5750000,2000-01,,,2875000,ACES,Vince Naimoli,Chuck LaMar,
2000,"Conine, Jeff",1b,34,,BAL,BAL,2,5550000,2000-01,,,2750000,,Peter Angelos,Syd Thrift,
2000,"Girardi, Joe",c,35,,NYA,CHN,3,5500000,2000-02,,,1833333,Alan Nero,Tribune Co.,Ed Lynch,
2000,"Dipoto, Jerry",rhp,32,Type A,COL,COL,2,4900000,2000-01,,,2450000,,Jerry McMorris,Dan O'Dowd,
2000,"Sanchez, Rey",ss,32,Type B,KCA,KCA,2,4600000,2000-01,,,2300000,Boras Corp.,Gtr KC Foundation,Herk Robinson,
2000,"Segui, David",1b,33,Type B,TOR,TOR,1,4325000,2000,,,4325000,Boras Corp.,Interbrew SA,Gord Ash,
2000,"Mayne, Brent",c,32,Type A,SFN,COL,2,4150000,2000-01,,,2075000,Meister Sports,Jerry McMorris,Dan O'Dowd,
2000,"Groom, Buddy",lhp,34,Type B,OAK,BAL,2,4000000,2000-01,,,2000000,,Peter Angelos,Syd Thrift,
2000,"Springer, Russ",rhp,31,Type A,ATL,ARI,2,4000000,2000-01,,,2000000,Hendricks Sports,Jerry Colangelo,Joe Garagiola Jr.,
2000,"Kamieniecki, Scott",rhp,36,,BAL,CLE,2,3600000,2000-01,,,1800000,Hendricks Sports,Larry Dolan,John Hart,
2000,"Olson, Gregg",rhp,33,Type A,ARI,LAN,2,3500000,2000-01,,,1750000,Jeff Moorad,Fox Ent Group,Kevin Malone,
2000,"Slocumb, Heathcliff",rhp,34,,SLN,SLN,2,3450000,2000-01,,,1725000,,Bill DeWitt Jr.,Walt Jocketty,
2000,"Jackson, Mike",rhp,35,,CLE,PHI,1,3000000,2000,club,,3000000,,Bill Giles,Ed Wade,
2000,"Watson, Allen",lhp,29,,NYA,NYA,2,3000000,2000-01,,,1500000,,Geo Steinbrenner,Brian Cashman,
2000,"Myers, Greg",c,34,Type B,BAL,BAL,2,2600000,2000-01,,,1300000,,Peter Angelos,Syd Thrift,
2000,"Gutierrez, Ricky",ss,30,Type A,HOU,CHN,1,2500000,2000,,,2500000,,Tribune Co.,Ed Lynch,
2000,"Hershiser, Orel",rhp-s,41,Type B,NYN,LAN,1,2500000,2000,,,2500000,Bronner/Gilhooley,Fox Ent Group,Kevin Malone,
2000,"Eubesio, Tony",c,33,Type A,HOU,HOU,2,2400000,2000-01,,,1200000,,Drayton McLane,Gerry Hunsicker,
2000,"McLemore, Mark",2b,35,Type A,TEX,SEA,1,2250000,2000,,,2250000,Tony Attanasio,Nintendo/America,Pat Gillick,
2000,"Baines, Harold",of,41,Type B,CLE,BAL,1,2000000,2000,,,2000000,Jack Sands,Peter Angelos,Syd Thrift,
2000,"Fassero, Jeff",lhp,37,,TEX,BOS,1,2000000,2000,,,2000000,ACES,JRY Trust,Dan Duquette,
2000,"Magnante, Mike",lhp,35,Type B,ANA,OAK,2,2000000,2000,,,1000000,,Schott / Hofmann,Billy Beane,
2000,"Weathers, David",rhp,30,Type B,MIL,MIL,2,1850000,2000-01,,,925000,Jeff Borris,Wendy Selig-Prieb,Dean Taylor,
2000,"Seanez, Rudy",rhp,31,Type A,ATL,ATL,1,1650000,2000,,,1650000,Alan Nero,Time Warner,John Schuerholz,
2000,"Javier, Stan",of,36,Type B,HOU,SEA,1,1500000,2000,,,1500000,,Nintendo/America,Pat Gillick,
2000,"Rodriguez, Rich",lhp,37,Type C,SFN,NYN,2,1500000,2000-01,,,750000,Dennis Gilbert,Wilpon/Doubleday,Steve Phillips,
2000,"Polonia, Luis",of,36,,DET,DET,1,1400000,2000,,,1400000,,Mike Ilitch,Randy Smith,
2000,"Rapp, Pat",rhp,32,Type B,BOS,BAL,1,1050000,2000,,,1050000,,Peter Angelos,Syd Thrift,
2000,"Trachsel, Steve",rhp-s,29,Type B,CHN,TBA,1,1000000,2000,,,1000000,ACES,Vince Naimoli,Chuck LaMar,
2000,"Munoz, Mike",lhp,34,,TEX,TEX,1,850000,2000,,,850000,Dennis Gilbert,Tom Hicks,Doug Melvin,
2000,"Bere, Jason",rhp,29,,MIL,MIL,1,800000,2000,,,800000,,Wendy Selig-Prieb,Dean Taylor,
2000,"Henry, Doug",rhp,36,Type B,HOU,HOU,1,800000,2000,,,800000,,Drayton McLane,Gerry Hunsicker,
2000,"Alicea, Luis",2b,34,,TEX,TEX,1,750000,2000,,,750000,,Tom Hicks,Doug Melvin,
2000,"Shumpert, Terry",2b,33,Type B,COL,COL,1,750000,2000,,,750000,,Jerry McMorris,Dan O'Dowd,
2000,"Howard, Thomas",of,35,,SLN,SLN,1,650000,2000,,,650000,,Bill DeWitt Jr.,Walt Jocketty,
2000,"Buhner, Jay",of,35,Type B,SEA,SEA,1,600000,2000,,,600000,Hendricks Sports,Nintendo/America,Pat Gillick,
2000,"Lewis, Mark",3b,30,,CIN,CIN,1,600000,2000,,,600000,Boras Corp.,Carl Lindner,Jim Bowden,
2000,"Williams, Brian",rhp,31,,HOU,CHN,1,600000,2000,,,600000,,Tribune Co.,Ed Lynch,
2000,"Brantley, Jeff",rhp,36,Type B,PHI,PHI,1,250000,2000,,,250000,,Bill Giles,Ed Wade,
2000,"Abbott, Kurt",inf,31,Type C,COL,NYN,0,1,2000,,,,Steve Comte,Wilpon/Doubleday,Steve Phillips,"$500,000 in majors"
2000,"Assenmacher, Paul",lhp,39,,CLE,ATL,0,1,2000,,,,Bronner/Gilhooley,Time Warner,John Schuerholz,
2000,"Avery, Steve",lhp,30,Type C,CIN,ATL,0,1,2000,,,,Boras Corp.,Time Warner,John Schuerholz,"$800,000 in majors"
2000,"Ayala, Bobby",rhp,30,,CHN,MIN,0,1,2000,,,,Eric Goldschmidt,Carl Pohlad,Terry Ryan,"$600,000 in majors"
2000,"Borders, Pat",c,37,,TOR,TBA,0,1,2000,,,,Joe Maenza,Vince Naimoli,Chuck LaMar,
2000,"Burkett, John",rhp,35,Type B,TEX,TBA,0,1,2000,,,,Tommy Tanzer,Vince Naimoli,Chuck LaMar,"$850,000 in majors"
2000,"Charlton, Norm",lhp,37,,TBA,TBA,0,1,2000,,,,Hendricks Sports,Vince Naimoli,Chuck LaMar,"$500,000 in majors"
2000,"Corsi, Jim",rhp,38,Type B,BAL,ARI,0,1,2000,,,,,Jerry Colangelo,Joe Garagiola Jr.,
2000,"Dunston, Shawon",of,37,,NYN,SLN,0,1,2000,,,,Eric Goldschmidt,Bill DeWitt Jr.,Walt Jocketty,"$600,000 in majors"
2000,"Fetters, Mike",rhp,35,,BAL,LAN,0,1,2000,,,,Dennis Gilbert,Fox Ent Group,Kevin Malone,
2000,"Gooden, Dwight",rhp-s,35,Type C,CLE,HOU,0,1,2000,,,,,Drayton McLane,Gerry Hunsicker,
2000,"Haney, Chris",lhp,31,,CLE,CLE,0,1,2000,,,,,Larry Dolan,John Hart,"$500,000 in majors"
2000,"Hayes, Charlie",c,35,Type C,SFN,NYN,0,1,2000,,,,Tommy Tanzer,Wilpon/Doubleday,Steve Phillips,"$500,000 in majors"
2000,"Howard, David",ss,33,,SLN,COL,0,1,2000,,,,,Jerry McMorris,Dan O'Dowd,
2000,"Hunter, Brian",1b,32,,ATL,ATL,0,1,2000,,,,Paul Cohen,Time Warner,John Schuerholz,"$350,000 in majors"
2000,"Huson, Jeff",inf,35,,ANA,CHN,0,1,2000,,,,,Tribune Co.,Ed Lynch,"$300,000 in majors"
2000,"Kelly, Roberto",of,35,Type B,TEX,NYA,0,1,2000,,,,,Geo Steinbrenner,Brian Cashman,"$800,000 in majors"
2000,"Langston, Mark",lhp-s,39,,CLE,CLE,0,1,2000,,,,Arn Tellem,Larry Dolan,John Hart,"$300,000 in majors"
2000,"Leiter, Mark",rhp,37,Type A,SEA,PIT,0,1,2000,,,,,Kevin McClatchy,Cam Bonifay,
2000,"McMichael, Greg",rhp,33,,OAK,CHN,0,1,2000,,,,,Tribune Co.,Ed Lynch,"$400,000 in majors"
2000,"McRae, Brian",of,32,Type B,TOR,SLN,0,1,2000,,,,Richard Moss,Bill DeWitt Jr.,Walt Jocketty,"$500,000 in majors"
2000,"Mercker, Kent",lhp,32,Type B,BOS,ANA,0,1,2000,,,,Casey Close,Disney Co.,Bill Stoneman,"$850,000 in majors"
2000,"Morandini, Mickey",2b,34,Type A,CHN,MON,0,1,2000,,,,Rex Gary,Jeffrey Loria,Jim Beattie,"$750,000 in majors"
2000,"Morgan, Mike",rhp,40,Type C,TEX,ARI,0,1,2000,,,,,Jerry Colangelo,Joe Garagiola Jr.,
2000,"Oliver, Joe",c,34,,PIT,SEA,0,1,2000,,,,Hendricks Sports,Nintendo/America,Pat Gillick,"$400,000 in majors"
2000,"Pichardo, Hipolito",rhp,30,,KCA,BOS,0,1,2000,,,,,JRY Trust,Dan Duquette,"$800,000 in majors"
2000,"Raines, Tim",of,40,Type B,OAK,NYA,0,1,2000,,,,,Geo Steinbrenner,Brian Cashman,"$400,000 in majors"
2000,"Santiago, Benito",c,35,Type B,CHN,CIN,0,1,2000,,,,,Carl Lindner,Jim Bowden,
2000,"Servais, Scott",c,33,Type B,SFN,COL,0,1,2000,,,,,Jerry McMorris,Dan O'Dowd,"$625,000 in majors"
2000,"Sojo, Luis",2b,35,,NYA,PIT,0,1,2000,,,,,Kevin McClatchy,Cam Bonifay,
2000,"Sorrento, Paul",1b,34,,TBA,KCA,0,1,2000,,,,,Gtr KC Foundation,Herk Robinson,"$375,000 in majors"
2000,"Sprague, Ed",3b,32,Type C,PIT,SDN,0,1,2000,,,,,John Moores,Kevin Towers,"$800,000 in majors"
2000,"Sveum, Dale",3b,36,,PIT,PIT,0,1,2000,,,,,Kevin McClatchy,Cam Bonifay,"$400,000 in majors"
2000,"Ward, Turner",of,35,,ARI,ARI,0,1,2000,,,,,Jerry Colangelo,Joe Garagiola Jr.,
2000,"Witt, Bobby",rhp,36,,TBA,CLE,0,1,2000,,,,Alan Nero,Larry Dolan,John Hart,
2000,"Wohlers, Mark",rhp,30,,CIN,CIN,0,1,2000,,,,ACES,Carl Lindner,Jim Bowden,
2000,"Worrell, Tim",rhp,32,Type B,OAK,BAL,0,1,2000,,,,Paul Cohen,Peter Angelos,Syd Thrift,"$700,000 in majors"
2000,"Nilsson, Dave",c,30,Type A,MIL,NPB,1,,,,,,,,,Signed by Chunichi of Japan
2000,"Fernandez, Tony",3b,38,,TOR,NPB,1,2750000,,,,,,,,Signed by Seibu of Japan
2000,"Jefferson, Reggie",dh,31,,BOS,NPB,1,1500000,,,,,Bronner/Gilhooley,,,Signed by Seibu of Japan
2000,"Baerga, Carlos",2b,31,Type C,CLE,dnp,,,,,,,Boras Corp.,,,
2000,"Blauser, Jeff",ss,34,Type B,CHN,dnp,,,,,,,Boras Corp.,,,
2000,"Blowers, Mike",1b,35,,SEA,dnp,,,,,,,Larry O'Brien,,,
2000,"Howell, Jack",inf,38,,HOU,dnp,,,,,,,Bronner/Gilhooley,,,
2000,"Jackson, Darrin",of,36,,CHA,dnp,,,,,,,Alan Meersand,,,
2000,"Kreuter, Chad",c,35,Type C,KCA,dnp,,,,,,,Boras Corp.,,,
2000,"Leius, Scott",inf,34,,KCA,dnp,,,,,,,,,,
2000,"Macfarlane, Mike",c,36,Type B,OAK,dnp,,,,,,,Jeff Moorad,,,
2000,"Manwaring, Kirt",c,34,Type B,COL,dnp,,,,,,,,,,
2000,"McGee, Willie",of,41,,SLN,dnp,,,,,,,Reich Katz Landis,,,
2000,"Montgomery, Jeff",rhp,38,Type C,KCA,dnp,,,,,,,Meister Sports,,,
2000,"Nixon, Otis",of,41,,ATL,dnp,,,,,,,Joe Sroba,,,
2000,"Osbourne, Donovan",lhp-s,31,,SLN,dnp,,,,,,,,,,
2000,"Phillips, Tony",2b,41,Type B,OAK,dnp,,,,,,,Tony Attanasio,,,
2000,Plunk Eric,rhp,36,Type B,MIL,dnp,,,,,,,,,,
2000,"Risley, Bill",rhp,33,,TOR,dnp,,,,,,,Steve Comte,,,
2000,"Ritz, Kevin",rhp,35,,COL,dnp,,,,,,,,,,
2000,"Spehr, Tim",c,33,,KCA,dnp,,,,,,,Hendricks Sports,,,
2000,"Steinbach, Terry",c,38,Type A,MIN,dnp,,,,,,,Charlie Sutton,,,
2000,"Strange, Doug",3b,36,,PIT,dnp,,,,,,,Steve Comte,,,
1999,"Brown, Kevin",rhp-s,34,Type A,SDN,LAN,7,105000000,1999-2005,,,15000000,Boras Corp.,Fox Ent Group,Kevin Malone,
1999,"Williams, Bernie",cf,30,Type A,NYA,NYA,7,87500000,1999-2005,,,12500000,,Geo Steinbrenner,Brian Cashman,signed 11/25/98
1999,"Vaughn, Mo",1b,31,Type A,BOS,ANA,6,80000000,1999-2004,club,,13333333,Reich Katz Landis,Jackie Autry,Bill Bavasi,"signed 11/25/98, 6 yr/$80M (99-04)+05 cl opt. $13M sb ($5M at signing, $8M pd '03). 99:$5M, 00:$9M, 01:$11M, 02:$10M, 03:$15M, 04:$15M, 05:$14M cl opt $2M b/o. At signing, largest k in game."
1999,"Belle, Albert",of,32,Type A,CHA,BAL,5,65000000,1999-2003,,,13000000,Arn Tellem,Peter Angelos,Frank Wren,
1999,"Johnson, Randy",lhp-s,35,Type A,HOU,ARI,4,52400000,1999-2002,,,13100000,Alan Nero,Jerry Colangelo,Joe Garagiola Jr.,
1999,"Palmeiro, Rafael",1b,34,Type A,BAL,TEX,5,45000000,1999-2003,,,9000000,Bronner Gilhooley,Tom Hicks,Doug Melvin,
1999,"Jordan, Brian",of,32,Type A,SLN,ATL,5,40000000,1999-2003,,,8000000,Jim Turner,Time Warner,John Schuerholz,
1999,"Palmer, Dean",3b,30,Type A,KCA,DET,5,36000000,1999-2003,,,7200000,,Mike Ilitch,Randy Smith,
1999,"Alomar, Roberto",2b,31,Type A,BAL,CLE,4,32000000,1999-2002,,,8000000,Jaime Torres,Richard Jacobs,John Hart,
1999,"Stottlemyre, Todd",rhp,34,Type A,TEX,ARI,4,32000000,1999-2002,,,8000000,Tony Attanasio,Jerry Colangelo,Joe Garagiola Jr.,
1999,"Ventura, Robin",3b,31,Type A,CHA,NYN,4,32000000,1999-2002,,,8000000,John Boggs,Wilpon/Doubleday,Steve Phillips,
1999,"Offerman, Jose",ss,30,Type A,KCA,BOS,4,26000000,1999-2002,,,6500000,,JRY Trust,Dan Duquette,
1999,"Finley, Steve",of,34,Type A,SDN,ARI,5,21500000,1999-2003,,,4300000,Tommy Tanzer,Jerry Colangelo,Joe Garagiola Jr.,
1999,"Clayton, Royce",ss,29,Type A,TEX,TEX,4,18000000,1999-2002,,,4500000,Arn Tellem,Tom Hicks,Doug Melvin,
1999,"Timlin, Mike",rhp,33,Type A,SEA,BAL,4,16000000,1999,,,4000000,ACES,Peter Angelos,Frank Wren,
1999,"Brosius, Scott",3b,32,Type A,NYA,NYA,3,15750000,1999-2001,,,5250000,Tony Attanasio,Geo Steinbrenner,Brian Cashman,
1999,"Surhoff, B.J.",of,34,Type A,BAL,BAL,3,14000000,1999-2001,,,4666666,Octagon,Peter Angelos,Frank Wren,
1999,"DeShields, Delino",2b,30,Type A,SLN,BAL,3,12500000,1999-2001,,,4166666,Reich Katz Landis,Peter Angelos,Frank Wren,
1999,"White, Devon",of,36,Type A,ARI,LAN,3,12400000,1999-2001,,,4133333,Eric Goldschmidt,Fox Ent Group,Kevin Malone,
1999,"Clark, Will",1b,35,Type A,TEX,BAL,2,11000000,1999-2000,,,5500000,Jeff Moorad,Peter Angelos,Frank Wren,
1999,"Belcher, Tim",rhp-s,37,Type A,KCA,ANA,2,10200000,1999-2000,,,5100000,Boras Corp.,Jackie Autry,Bill Bavasi,
1999,"Burks, Ellis",of,34,Type A,SFN,SFN,2,10000000,1999-2000,,,5000000,Jim Turner,Peter Magowan,Brian Sabean,
1999,"Caminiti, Ken",3b,36,Type A,SDN,HOU,2,9500000,1999-2000,,,4750000,Rick Licht,Drayton McLane,Gerry Hunsicker,
1999,"Clark, Mark",rhp,31,Type B,CHN,TEX,2,9300000,1999-2000,,,4650000,,Tom Hicks,Doug Melvin,
1999,"Bohanon, Brian",lhp,30,Type C,LAN,COL,3,9000000,1999-2001,,,3000000,Hendricks Sports,Jerry McMorris,Bob Gebhard,
1999,"Rodriguez, Henry",of,31,Type B,CHN,CHN,2,8900000,1999-2000,,,4450000,Reich Katz Landis,Tribune Co.,Ed Lynch,
1999,"Cone, David",rhp-s,36,Type A,NYA,NYA,1,8000000,1999,,,8000000,Steve Fehr,Geo Steinbrenner,Brian Cashman,
1999,"Davis, Eric",of,37,Type A,BAL,SLN,2,8000000,1999-2000,,,4000000,Eric Goldschmidt,Bill DeWitt Jr.,Walt Jocketty,
1999,"Cook, Dennis",lhp,36,Type A,NYN,NYN,3,6600000,1999-2000,,,2200000,,Wilpon/Doubleday,Steve Phillips,
1999,"Hernandez, Carlos",c,32,Type B,SDN,SDN,3,6500000,1999-2001,,,2166666,,John Moores,Kevin Towers,
1999,"Mills, Alan",rhp,32,Type B,BAL,LAN,3,6500000,1999-2001,,,2166666,,Fox Ent Group,Kevin Malone,
1999,"Mesa, Jose",rhp,33,Type A,SFN,SEA,2,6450000,1999-2000,,,3225000,,Nintendo/America,Woody Woodward,
1999,"Swindell, Greg",lhp,34,Type A,BOS,ARI,3,5700000,1999-2001,,,1900000,Hendricks Sports,Jerry Colangelo,Joe Garagiola Jr.,
1999,"Radinsky, Scott",lhp,31,Type A,LAN,SLN,2,5500000,1999-2000,,,2750000,,Bill DeWitt Jr.,Walt Jocketty,
1999,"Reynoso, Armando",rhp,33,Type C,NYN,ARI,2,5500000,1999-2000,,,2750000,,Jerry Colangelo,Joe Garagiola Jr.,
1999,"Gardner, Mark",rhp,37,Type A,SFN,SFN,2,5000000,1999-2000,,,2500000,Reich Katz Landis,Peter Magowan,Brian Sabean,
1999,"Jefferies, Gregg",of,31,Type B,ANA,DET,2,4875000,1999-2000,,,2437500,ACES,Mike Ilitch,Randy Smith,
1999,"Schourek, Pete",lhp,30,,BOS,PIT,2,4000000,1999,,,2000000,,Kevin McClatchy,Cam Bonifay,
1999,"Berry, Sean",3b,33,Type B,HOU,MIL,2,3600000,1999-2000,,,1800000,,Wendy Selig-Prieb,Sal Bando,
1999,"Guthrie, Mark",lhp,33,,LAN,BOS,2,3200000,1999,,,1600000,Mark Thurman,JRY Trust,Dan Duquette,
1999,"Canseco, Jose",of,34,Type B,TOR,TBA,1,3000000,1999,,,3000000,Juan Iglesias,Vince Naimoli,Chuck LaMar,
1999,"Portugal, Mark",rhp,36,Type C,PHI,BOS,1,3000000,1999,,,3000000,,JRY Trust,Dan Duquette,
1999,"Montgomery, Jeff",rhp-c,37,Type A,KCA,KCA,1,2500000,1999,,,2500000,Meister Sports,Gtr KC Foundation,Herk Robinson,
1999,"Henderson, Rickey",of,40,Type B,OAK,NYN,1,2300000,1999,,,2300000,Dennis Gilbert,Wilpon/Doubleday,Steve Phillips,
1999,"Harris, Lenny",of,34,,NYN,COL,1,2200000,1999,,,2200000,Eric Goldschmidt,Jerry McMorris,Bob Gebhard,
1999,"Gaetti, Gary",3b,40,Type B,CHN,CHN,1,2000000,1999,,,2000000,Bronner Gilhooley,Tribune Co.,Ed Lynch,
1999,"Hershisher, Orel",rhp-s,40,Type A,SFN,NYN,1,2000000,1999,,,2000000,Bronner Gilhooley,Wilpon/Doubleday,Steve Phillips,
1999,"Santiago, Benito",c,34,Type B,TOR,CHN,1,2000000,1999,club,,2000000,Lonnie Cooper,Tribune Co.,Ed Lynch,
1999,"Colbrunn, Greg",1b,29,,ATL,ARI,2,1800000,1999-2000,,,900000,,Jerry Colangelo,Joe Garagiola Jr.,
1999,"Haselman, Bill",c,33,,TEX,DET,2,1750000,1999-2000,,,875000,Dennis Gilbert,Mike Ilitch,Randy Smith,
1999,"Vander Wal, John",of,33,,SDN,SDN,2,1750000,1999-2000,,,875000,Tommy Tanzer,John Moores,Kevin Towers,
1999,"Lampkin, Tom",c,35,Type C,SLN,SEA,2,1550000,1999-2000,,,775000,,Nintendo/America,Woody Woodward,
1999,"Avery, Steve",lhp-s,29,Type C,BOS,CIN,1,1500000,1999,,,1500000,Boras Corp.,Marge Schott,Jim Bowden,
1999,"Nixon, Otis",of,40,Type C,MIN,ATL,1,1500000,1999,,,1500000,Joe Sroba,Time Warner,John Schuerholz,
1999,"Benjamin, Mike",2b,33,Type C,BOS,PIT,2,1400000,1999-2000,,,700000,,Kevin McClatchy,Cam Bonifay,
1999,"Baerga, Carlos",2b,30,Type B,NYN,SLN,1,1250000,1999,,,1250000,Boras Corp.,Bill DeWitt Jr.,Walt Jocketty,
1999,"Hill, Glenallen",of,34,Type B,CHN,CHN,1,1150000,1999,,,1150000,Reich Katz Landis,Tribune Co.,Ed Lynch,
1999,"Sanchez, Rey",ss,31,Type B,SFN,KCA,1,1100000,1999,,,1100000,Boras Corp.,Gtr KC Foundation,Herk Robinson,
1999,"Slocumb, Heathcliff",rhp,33,Type C,SEA,BAL,1,1100000,1999,,,1100000,,Peter Angelos,Frank Wren,
1999,"Boger, Tim",ss,32,,HOU,HOU,2,1100000,1999-2000,,,550000,,Drayton McLane,Gerry Hunsicker,
1999,"McGee, Willie",of,40,Type C,SLN,SLN,1,1000000,1999,,,10000000,Reich Katz Landis,Bill DeWitt Jr.,Walt Jocketty,
1999,"Sprague, Ed",3b,31,Type B,OAK,PIT,1,1000000,1999,,,1000000,,Kevin McClatchy,Cam Bonifay,
1999,"Amaral, Rich",of,37,,SEA,BAL,2,1000000,1999-2000,,,500000,Dennis Gilbert,Peter Angelos,Frank Wren,
1999,"Guillen, Ozzie",ss,35,Type B,ATL,ATL,2,1000000,1999-2000,,,500000,,Time Warner,John Schuerholz,
1999,"Manwaring, Kirt",c,33,Type C,COL,COL,1,950000,1999,,,950000,,Jerry McMorris,Bob Gebhard,
1999,"Bones, Ricky",rhp,30,,KCA,BAL,1,800000,1999,,,800000,,Peter Angelos,Frank Wren,
1999,"Steinbach, Terry",c,37,Type A,MIN,MIN,1,800000,1999,,,800000,Charlie Sutton,Carl Pohlad,Terry Ryan,
1999,"Velarde, Randy",2b,36,Type C,ANA,ANA,1,800000,1999,,,800000,Reich Katz Landis,Jackie Autry,Bill Bavasi,
1999,"Henry, Butch",lhp,27,Type B,BOS,SEA,1,750000,1999,,,750000,,Nintendo/America,Woody Woodward,
1999,"Kreuter, Chad",c,34,Type B,ANA,KCA,1,725000,1999,,,725000,Boras Corp.,Gtr KC Foundation,Herk Robinson,
1999,"Phillips, Tony",of,40,Type B,NYN,OAK,1,700000,1999,,,700000,Tony Attanasio,Schott / Hofmann,Billy Beane,
1999,"Magadan, Dave",3b,36,Type B,OAK,SDN,1,675000,1999,,,675000,,John Moores,Kevin Towers,
1999,"Abbott, Jim",lhp-s,31,,CHA,MIL,1,600000,1999,,,600000,Boras Corp.,Wendy Selig-Prieb,Sal Bando,
1999,"Macfarlane, Mike",c,35,Type B,OAK,OAK,1,600000,1999,,,600000,Jeff Moorad,Schott / Hofmann,Billy Beane,
1999,"Magnante, Mike",lhp,34,Type B,HOU,ANA,1,600000,1999,,,600000,,Jackie Autry,Bill Bavasi,
1999,"Morgan, Mike",rhp,39,Type C,CHN,TEX,1,600000,1999,,,600000,,Tom Hicks,Doug Melvin,
1999,"Raines, Tim",of,39,Type B,NYA,OAK,1,600000,1999,,,600000,Reich Katz Landis,Schott / Hofmann,Billy Beane,
1999,"Prince, Tom",c,34,,LAN,PHI,2,600000,1999-2000,,,300000,,Bill Giles,Ed Wade,
1999,"Berroa, Geronimo",of,34,,DET,TOR,1,500000,1999,,,500000,Reich Katz Landis,Interbrew SA,Gord Ash,
1999,"Cora, Joey",2b,34,Type A,CLE,TOR,1,500000,1999,,,500000,,Interbrew SA,Gord Ash,
1999,"Cordero, Wilfredo",of,27,Type B,CHA,CLE,1,500000,1999,,,500000,Jeff Moorad,Richard Jacobs,John Hart,
1999,"Dunston, Shawon",ss,36,Type B,SFN,SLN,1,500000,1999,,,500000,Eric Goldschmidt,Bill DeWitt Jr.,Walt Jocketty,
1999,"Lewis, Mark",3b,29,Type B,PHI,CIN,1,500000,1999,,,500000,Boras Corp.,Marge Schott,Jim Bowden,
1999,"McDowell, Jack",rhp-s,33,,ANA,ANA,1,500000,1999,,,500000,Boras Corp.,Jackie Autry,Bill Bavasi,
1999,"Poole, Jim",lhp,33,,CLE,PHI,1,500000,1999,,,500000,,Bill Giles,Ed Wade,
1999,"Munoz, Mike",lhp,33,,COL,TEX,1,450000,1999,,,450000,Dennis Gilbert,Tom Hicks,Doug Melvin,
1999,"Whiten, Mark",of,32,,CLE,CLE,1,450000,1999,,,450000,Ed Keating,Richard Jacobs,John Hart,
1999,"Jones, Doug",rhp,42,Type A,CLE,OAK,1,400000,1999,,,400000,,Schott / Hofmann,Billy Beane,
1999,"Morris, Hal",1b,34,,KCA,CIN,1,400000,1999,,,400000,,Marge Schott,Jim Bowden,
1999,"Cadaret, Greg",lhp,37,,TEX,LAN,1,375000,1999,,,375000,,Fox Ent Group,Kevin Malone,
1999,"Wilson, Trevor",lhp,33,,ANA,SFN,1,350000,1999,,,350000,,Peter Magowan,Brian Sabean,
1999,"Hernandez, Xavier",rhp,33,Type B,TEX,HOU,1,250000,1999,,,250000,,Drayton McLane,Gerry Hunsicker,
1999,"Blowers, Mike",3b,34,,OAK,SEA,0,1,1999,,,,Larry O'Brien,Nintendo/America,Woody Woodward,
1999,"Branson, Jeff",3b,32,,CLE,CIN,0,1,1999,,,,,Marge Schott,Jim Bowden,"$325,000 in majors"
1999,"Castillo, Frank",rhp,30,,DET,ARI,0,1,1999,,,,,Jerry Colangelo,Joe Garagiola Jr.,"$500,000 in majors"
1999,"Charlton, Norm",lhp,36,,ATL,TBA,0,1,1999,,,,Hendricks Sports,Vince Naimoli,Chuck LaMar,"$300,000 in majors"
1999,"Fetters, Mike",rhp,34,Type A,ANA,BAL,0,1,1999,,,,Dennis Gilbert,Peter Angelos,Frank Wren,"$750,000 in majors"
1999,"Haney, Chris",lhp,30,,CHN,LAN,0,1,1999,,,,,Fox Ent Group,Kevin Malone,"$775,000 in majors"
1999,"Jackson, Darrin",of,35,,MIL,CHA,0,1,1999,,,,Alan Meersand,Jerry Reinsdorf,Ron Schueler,"$400,000 in majors"
1999,"Jaha, John",1b,33,,MIL,OAK,0,1,1999,,,,,Schott / Hofmann,Billy Beane,
1999,"Kelly, Pat",2b,31,,SLN,SLN,0,1,1999,,,,,Bill DeWitt Jr.,Walt Jocketty,"$550,000 in majors"
1999,"Langston, Mark",lhp-s,38,,SDN,SDN,0,1,1999,,,,Arn Tellem,John Moores,Kevin Towers,"$750,000 in majors"
1999,"Leius, Scott",3b,33,,KCA,KCA,0,1,1999,,,,,Gtr KC Foundation,Herk Robinson,"$250,000 in majors"
1999,"Mack, Shane",of,35,Type C,KCA,SDN,0,1,1999,,,,Eric Goldschmidt,John Moores,Kevin Towers,"$500,000 in majors"
1999,"Marzano, John",c,36,,SEA,TEX,0,1,1999,,,,,Tom Hicks,Doug Melvin,"$400,000 in majors"
1999,"Merced, Orlando",of,32,,CHN,MON,0,1,1999,,,,,Claude Brochu,Jim Beattle,
1999,"Naehring, Tim",3b,32,Type B,BOS,CIN,0,1,1999,,,,Gregg Clifton,Marge Schott,Jim Bowden,
1999,"Oliver, Joe",c,33,Type B,SEA,TBA,0,1,1999,,,,,Vince Naimoli,Chuck LaMar,"$350,000 in majors"
1999,"Servais, Scott",c,32,Type B,CHN,SFN,0,1,1999,,,,,Peter Magowan,Brian Sabean,"$500,000 in majors"
1999,"Shipley, Craig",ss,36,,ANA,ANA,0,1,1999,,,,Boras Corp.,Jackie Autry,Bill Bavasi,"$400,000 in majors"
1999,"Smith, Pete",rhp,33,,BAL,KCA,0,1,1999,,,,,Gtr KC Foundation,Herk Robinson,
1999,"Stankiewicz, Andy",ss,34,,ARI,ANA,0,1,1999,,,,,Jackie Autry,Bill Bavasi,"$280,000 in majors"
1999,"Steib, Dave",rhp-s,41,,TOR,TOR,0,1,1999,,,,Bob LaMonte,,,"$400,000 in majors"
1999,"Swift, Bill",rhp,37,,SEA,SEA,0,1,1999,,,,Craig French,Nintendo/America,Woody Woodward,"$850,000 in majors"
1999,"Witt, Bobby",rhp,35,Type C,SLN,TBA,0,1,1999,,,,Alan Nero,Vince Naimoli,Chuck LaMar,"$350,000 in majors"
1999,"Bailes, Scott",lhp,37,,TEX,dnp,,,,,,,,,,
1999,"Belliard, Rafael",ss,37,,ATL,dnp,,,,,,,,,,
1999,"Borders, Pat",c,37,,CLE,dnp,,,,,,,Joe Maenza,,,
1999,"Carter, Joe",of,39,,SFN,dnp,,,,,,,,,,
1999,"Darwin, Danny",rhp,43,,SFN,dnp,,,,,,,,,,
1999,"Drabek, Doug",rhp-s,36,,BAL,dnp,,,,,,,Hendricks Sports,,,
1999,"Eckersley, Dennis",rhp,44,Type A,BOS,dnp,,,,,,,Ed Keating,,,
1999,"Eisenreich, Jim",of,40,,LAN,dnp,,,,,,,,,,
1999,"Key, Jimmy",lhp-s,38,Type A,BAL,dnp,,,,,,,Hendricks Sports,,,
1999,"Martinez, Dennis",rhp-s,45,,ATL,dnp,,,,,,,Ron Shapiro,,,
1999,"Molitor, Paul",1b,42,,MIN,dnp,,,,,,,Ron Simon,,,
1999,"Parent, Mark",c,37,,PHI,dnp,,,,,,,,,,
1999,"Pavlik, Roger",rhp,31,,TEX,dnp,,,,,,,,,,
1999,"Pendleton, Terry",3b,38,,KCA,dnp,,,,,,,Bronner/Gilhooley,,,
1999,"Roberts, Bip",of,35,Type C,OAK,dnp,,,,,,,Boras Corp.,,,
1999,"Samuel, Juan",2b,38,,TOR,dnp,,,,,,,,,,
1999,"Tewksbury, Bob",rhp,38,Type B,MIN,dnp,,,,,,,Joe Bick,,,
1999,"Tomko, Mark",of,,,BOS,dnp,,,,,,,,,,
1998,"Alvarez, Wilson",lhp-s,28,Type A,SFN,TBA,5,35000000,1998-2002,,,7000000,Boras Corp.,Vince Naimoli,Chuck LaMar,
1998,"Bell, Jay",ss,32,Type A,KCA,ARI,5,34000000,1998-2002,,,6800000,Boras Corp.,Jerry Colangelo,Joe Garagiola Jr.,
1998,"Anderson, Brady",of,34,Type A,BAL,BAL,5,31000000,1998-2002,,,6200000,Dennis Gilbert,Peter Angelos,Pat Gillick,
1998,"Galarraga, Andres",1b,37,Type A,COL,ATL,3,24750000,1998-2000,,,8250000,Bronner/Gilhooley,Time Warner,John Schuerholz,
1998,"Kile, Darryl",rhp-s,29,Type A,HOU,COL,3,24000000,1998-2000,,,8000000,Barry Axelrod,Jerry McMorris,Bob Gebhard,
1998,"Lofton, Kenny",of,31,Type A,ATL,CLE,3,24000000,1998-2000,,,8000000,Casey Close,Richard Jacobs,John Hart,
1998,"Hernandez, Roberto",rhp,33,Type A,SFN,TBA,4,22500000,1998-2001,,,5625000,Hendricks Sports,Vince Naimoli,Chuck LaMar,
1998,"Benes, Andy",rhp-s,30,Type A,SLN,ARI,3,18000000,1998-2000,,,6000000,Boras Corp.,Jerry Colangelo,Joe Garagiola Jr.,
1998,"Myers, Randy",lhp,35,Type A,BAL,TOR,3,18000000,1998-2000,,,6000000,David Fishof,Interbrew SA,Gord Ash,
1998,"Hill, Ken",rhp-s,32,Type A,ANA,ANA,3,16050000,1998-2000,,,5350000,Reynolds Sports,Jackie Autry,Bill Bavasi,
1998,"Blair, Willie",rhp,32,Type A,DET,ARI,3,11500000,1998-2000,,,3833333,,Jerry Colangelo,Joe Garagiola Jr.,
1998,"Vizcaino, Jose",ss,30,Type A,SFN,LAN,3,10500000,1998-2000,,,3500000,Reich Katz Landis,Fox Ent Group,Fred Claire,
1998,"Davis, Chili",of,38,Type B,KCA,NYA,2,9800000,1998-99,,,4900000,Reich Katz Landis,Geo Steinbrenner,Watson / Cashman,
1998,"Weiss, Walt",ss,34,Type A,COL,ATL,3,9000000,1998-2000,,,3000000,Bronner/Gilhooley,Time Warner,John Schuerholz,
1998,"Blauser, Jeff",ss,32,Type A,ATL,CHN,2,8400000,1998-99,,,4200000,Boras Corp.,Tribune Co.,Ed Lynch,
1998,"Olerud, John",1b,29,Type B,NYN,NYN,2,8000000,1998-99,,,4000000,,Wilpon/Doubleday,Steve Phillips,
1998,"Candiotti, Tom",rhp-s,40,Type B,LAN,OAK,2,6350000,1998-99,,,3175000,Rocky Luccia,Schott / Hofmann,Billy Beane,
1998,"Stanley, Mike",c,35,Type A,NYA,TOR,2,6150000,1998-99,,,3075000,Bronner/Gilhooley,Interbrew SA,Gord Ash,
1998,"Kamieniecki, Scott",rhp-s,34,Type C,BAL,BAL,2,6100000,1998-99,,,3050000,Hendricks Sports,Peter Angelos,Pat Gillick,
1998,"Palmer, Dean",3b,29,Type A,KCA,KCA,1,5750000,1998,,,5750000,,Gtr KC Foundation,Herk Robinson,
1998,"Gooden, Dwight",rhp,33,Type B,NYA,CLE,2,5675000,1998-99,,,2837500,Reich Katz Landis,Richard Jacobs,John Hart,
1998,"Sorrento, Paul",1b,32,Type C,SEA,TBA,2,5250000,1998-99,,,2625000,,Vince Naimoli,Chuck LaMar,
1998,"Pichardo, Hipolito",rhp,28,Type C,KCA,KCA,2,4750000,1998-99,,,2375000,,Gtr KC Foundation,Herk Robinson,
1998,"Segui, David",1b,31,Type A,MON,SEA,2,4750000,1998-99,,,2375000,,Nintendo/America,Woody Woodward,
1998,"Holmes, Darren",rhp,32,Type B,COL,NYA,3,4650000,1998-2000,,,1550000,,Geo Steinbrenner,Watson / Cashman,
1998,"Fletcher, Darrin",c,31,Type A,MON,TOR,2,4350000,1998-99,,,2175000,,Interbrew SA,Gord Ash,
1998,"Molitor, Paul",1b,41,Type A,MIN,MIN,1,4150000,1998,,,4150000,Ron Simon,Carl Pohlad,Terry Ryan,
1998,"Beck, Rod",rhp,29,Type A,SFN,CHN,1,4000000,1998,,,4000000,Dennis Gilbert,Tribune Co.,Ed Lynch,
1998,"Gonzalez, Luis",of,30,Type A,HOU,DET,2,4000000,1998,,,2000000,Jeff Moorad,Mike Ilitch,Randy Smith,
1998,"Kelly, Roberto",of,33,Type A,SEA,TEX,2,3850000,1998-99,,,1925000,,TSchieffer / ERose,Doug Melvin,
1998,"Martinez, Dave",of,33,Type A,CHA,TBA,2,3750000,1998-99,,,1875000,Ron Shapiro,Vince Naimoli,Chuck LaMar,
1998,"Mercker, Kent",lhp,30,,CIN,SLN,2,3750000,1998-99,,,1875000,Casey Close,Bill DeWitt Jr.,Walt Jocketty,
1998,"Javier, Stan",of,34,Type B,SFN,SFN,2,3500000,1998-99,,,1750000,,Peter Magowan,Brian Sabean,
1998,"Hershiser, Orel",rhp-s,39,Type A,CLE,SFN,1,3450000,1998,,,3450000,Bronner/Gilhooley,Peter Magowan,Brian Sabean,
1998,"Carter, Joe",of,38,Type B,TOR,BAL,1,3300000,1998,,,3300000,Jim Turner,Peter Angelos,Pat Gillick,
1998,"Witt, Bobby",rhp,34,Type A,TEX,TEX,1,3250000,1998,,,3250000,Alan Nero,TSchieffer / ERose,Doug Melvin,
1998,"Jones, Doug",rhp,41,Type A,MIL,MIL,1,3000000,1998,,,3000000,,Bud Selig,Sal Bando,
1998,"Spiers, Bill",3b,32,Type C,HOU,HOU,2,2900000,1998-99,,,1450000,,Drayton McLane,Gerry Hunsicker,
1998,"Fielder, Cecil",1b,34,Type B,NYA,ANA,1,2800000,1998,,,2800000,Bronner/Gilhooley,Jackie Autry,Bill Bavasi,
1998,"Assenmacher, Paul",lhp,37,Type A,CLE,CLE,2,2750000,1998-99,,,1375000,Bronner/Gilhooley,Richard Jacobs,John Hart,
1998,"Reed, Jeff",c,35,Type A,COL,COL,2,2600000,1998-99,,,1300000,,Jerry McMorris,Bob Gebhard,
1998,"Fernandez, Tony",2b,36,Type B,CLE,TOR,1,2500000,1998,,,2500000,Joe Maenza,Interbrew SA,Gord Ash,
1998,"Roberts, Bip",of,34,Type B,CLE,DET,1,2300000,1998,,,2300000,Boras Corp.,Mike Ilitch,Randy Smith,
1998,"Nixon, Otis",of,39,Type B,LAN,MIN,1,2000000,1998,,,2000000,Joe Sroba,Carl Pohlad,Terry Ryan,
1998,"Drabek, Doug",rhp-s,35,Type B,CHA,BAL,1,1800000,1998,,,1800000,Hendricks Sports,Peter Angelos,Pat Gillick,
1998,"Howard, David",2b,31,,KCA,SLN,2,1800000,1998-99,,,900000,,Bill DeWitt Jr.,Walt Jocketty,
1998,"Castillo, Frank",rhp,29,Type B,COL,DET,1,1750000,1998,,,1750000,,Mike Ilitch,Randy Smith,
1998,"Cora, Joey",2b,33,Type A,SEA,SEA,1,1650000,1998,,,1650000,,Nintendo/America,Woody Woodward,
1998,"Elster, Kevin",ss,33,Type A,PIT,TEX,1,1650000,1998,,,1650000,,TSchieffer / ERose,Doug Melvin,
1998,"Myers, Greg",c,32,Type B,ATL,SDN,2,1600000,1998-99,,,800000,,John Moores,Kevin Towers,
1998,"Sojo, Luis",2b,33,,NYA,NYA,2,1600000,1998-99,,,800000,,Geo Steinbrenner,Watson / Cashman,
1998,"Sveum, Dale",3b,34,,PIT,NYA,2,1600000,1998-99,,,800000,,Geo Steinbrenner,Watson / Cashman,
1998,"Alicea, Luis",2b,32,Type B,ANA,TEX,2,1575000,1998-99,,,787500,,TSchieffer / ERose,Doug Melvin,
1998,"Eckersley, Dennis",rhp,43,Type A,SLN,BOS,1,1500000,1998,,,1500000,Ed Keating,JRY Trust,Dan Duquette,
1998,"Saberhagen, Bret",rhp-s,34,,BOS,BOS,1,1500000,1998,,,1500000,Dennis Gilbert,JRY Trust,Dan Duquette,
1998,"Morgan, Mike",rhp-s,38,,CIN,MIN,1,1450000,1998,,,1450000,,Carl Pohlad,Terry Ryan,
1998,"Mayne, Brent",c,30,Type C,OAK,SFN,2,1450000,1998-99,,,725000,Meister Sports,Peter Magowan,Brian Sabean,
1998,"Rodriguez, Rich",lhp,35,,SFN,SFN,2,1420000,1998-99,,,710000,Dennis Gilbert,Peter Magowan,Brian Sabean,
1998,"McGee, Willie",of,39,Type B,SLN,SLN,1,1400000,1998,,,1400000,Reich Katz Landis,Bill DeWitt Jr.,Walt Jocketty,
1998,"Clark, Dave",of,35,Type B,CHN,HOU,2,1400000,1998-99,,,700000,,Drayton McLane,Gerry Hunsicker,
1998,"O'Brien, Charlie",c,38,Type B,TOR,CHA,2,1400000,1998-99,,,700000,Dennis Gilbert,Jerry Reinsdorf,Ron Schueler,
1998,"Henry, Doug",rhp,34,Type B,SFN,HOU,2,1375000,1998-99,,,687500,,Drayton McLane,Gerry Hunsicker,
1998,"Olivares, Omar",rhp,30,Type C,SEA,ANA,1,1350000,1998,,,1350000,Meister Sports,Jackie Autry,Bill Bavasi,
1998,"Baines, Harold",of,39,Type B,BAL,BAL,1,1150000,1998,,,1150000,Jack Sands,Peter Angelos,Pat Gillick,
1998,"Henderson, Rickey",of,39,Type B,ANA,OAK,1,1100000,1998,,,1100000,Dennis Gilbert,Schott / Hofmann,Billy Beane,
1998,"Strange, Doug",3b,34,,MON,PIT,2,1100000,1998,,,550000,Steve Comte,Kevin McClatchy,Cam Bonifay,
1998,"Howell, Jack",3b,36,,ANA,HOU,2,1050000,1998-99,,,525000,Bronner/Gilhooley,Drayton McLane,Gerry Hunsicker,
1998,"Gaetti, Gary",3b,39,Type B,SLN,SLN,1,1000000,1998,,,1000000,Bronner/Gilhooley,Bill DeWitt Jr.,Walt Jocketty,
1998,"McDowell, Jack",rhp-s,32,Type B,CLE,ANA,1,1000000,1998,,,1000000,Boras Corp.,Jackie Autry,Bill Bavasi,
1998,"Morris, Hal",1b,33,Type B,CIN,KCA,1,1000000,1998,,,1000000,,Gtr KC Foundation,Herk Robinson,
1998,"Raines, Tim",of,38,Type A,NYA,NYA,1,900000,1998,,,900000,Reich Katz Landis,Geo Steinbrenner,Watson / Cashman,
1998,"Strawberry, Darryl",of,36,,NYA,NYA,1,850000,1998,,,850000,Eric Grossman,Geo Steinbrenner,Watson / Cashman,
1998,"Smith, Pete",rhp,32,,SDN,SDN,1,800000,1998,,,800000,,John Moores,Kevin Towers,
1998,"Boggs, Wade",3b,40,Type B,NYA,TBA,1,750000,1998,,,750000,Alan Nero,Vince Naimoli,Chuck LaMar,
1998,"Webster, Lenny",c,33,Type B,BAL,BAL,1,740000,1998,,,740000,Ron Shapiro,Peter Angelos,Pat Gillick,
1998,"Fossas, Tony",lhp,40,Type A,SLN,SEA,1,700000,1998,,,700000,,Nintendo/America,Woody Woodward,
1998,"Lewis, Darren",of,30,,LAN,BOS,1,700000,1998,,,700000,Bronner/Gilhooley,JRY Trust,Dan Duquette,
1998,"Macfarlane, Mike",c,34,Type A,KCA,KCA,1,700000,1998,,,700000,Jeff Moorad,Gtr KC Foundation,Herk Robinson,
1998,"Kreuter, Chad",c,33,,ANA,CHA,1,675000,1998,,,675000,Boras Corp.,Jerry Reinsdorf,Ron Schueler,
1998,"Corsi, Jim",rhp,36,Type B,BOS,BOS,1,650000,1998,,,650000,,JRY Trust,Dan Duquette,
1998,"Hernandez, Carlos",c,31,Type C,SDN,SDN,1,650000,1998,,,650000,,John Moores,Kevin Towers,
1998,"Sanchez, Rey",ss,30,,NYA,SFN,1,600000,1998,,,600000,Boras Corp.,Peter Magowan,Brian Sabean,
1998,"Munoz, Mike",lhp,32,Type C,COL,COL,1,585000,1998,,,585000,Dennis Gilbert,Jerry McMorris,Bob Gebhard,accepted salary arbitration
1998,"Darwin, Danny",rhp,42,Type C,SFN,SFN,1,550000,1998,,,550000,Hendricks Sports,Peter Magowan,Brian Sabean,
1998,"Canseco, Jose",of,33,Type B,OAK,TOR,1,500000,1998,,,500000,,Interbrew SA,Gord Ash,
1998,"Magadan, Dave",3b,35,Type B,OAK,OAK,1,475000,1998,,,475000,,Schott / Hofmann,Billy Beane,
1998,"Blowers, Mike",1b-3b,33,Type C,SEA,OAK,1,450000,1998,,,450000,Larry O'Brien,Schott / Hofmann,Billy Beane,
1998,"Mack, Shane",of,34,,BOS,OAK,1,450000,1998,,,450000,Eric Goldschmidt,Schott / Hofmann,Billy Beane,
1998,"Wilkins, Rick",c,31,Type B,SEA,SEA,1,425000,1998,,,425000,Boras Corp.,Nintendo/America,Woody Woodward,
1998,"DeLucia, Rich",rhp,33,Type B,ANA,ANA,1,400000,1998,,,400000,,Jackie Autry,Bill Bavasi,
1998,"Dunston, Shawon",ss,35,Type A,PIT,CLE,1,400000,1998,,,400000,Eric Goldschmidt,Richard Jacobs,John Hart,$1M on Opening Day roster
1998,"Berryhill, Damon",c,34,,SFN,OAK,1,375000,1998,,,375000,Alan Meersand,Schott / Hofmann,Billy Beane,
1998,"Charlton, Norm",lhp,35,Type B,SEA,BAL,1,350000,1998,,,350000,Hendricks Sports,Peter Angelos,Pat Gillick,
1998,"Harnish, Pete",rhp-s,31,Type C,MIL,CIN,1,300000,1998,,,300000,Gregg Clifton,Marge Schott,Jim Bowden,
1998,"Benjamin, Mike",ss,32,,BOS,BOS,1,242500,1998,,,242500,,JRY Trust,Dan Duquette,
1998,"Bailes, Scott",lhp,36,,TEX,TEX,1,200000,1998,,,200000,,TSchieffer / ERose,Doug Melvin,
1998,"Belliard, Rafael",ss,36,,ATL,ATL,0,1,1998,,,,,Time Warner,John Schuerholz,"$250,000 in majors"
1998,"Bones, Ricky",rhp,29,,KCA,MIN,0,1,1998,,,,,Carl Pohlad,Terry Ryan,"$400,000 in majors"
1998,"Borders, Pat",c,35,,CLE,CLE,0,1,1998,,,,Joe Maenza,Richard Jacobs,John Hart,"$500,000 in majors"
1998,"Boskie, Shawn",rhp-s,31,Type C,BAL,MON,0,1,1998,,,,,Claude Brochu,Jim Beattie,"$225,000 in majors"
1998,"Cormier, Rheal",lhp,31,,MON,CLE,0,1,1998,,,,Meister Sports,Richard Jacobs,John Hart,"$550,000i in majors"
1998,"Davis, Mark",lhp,38,,MIL,ARI,0,1,1998,,,,,Jerry Colangelo,Joe Garagiola Jr.,"$325,000 in majors"
1998,"Gubicza, Mark",rhp-s,35,,ANA,ANA,0,1,1998,,,,Ron Shapiro,Jackie Autry,Bill Bavasi,"$750,000 in majors"
1998,"Guillen, Ozzie",ss,34,Type C,CHA,BAL,0,1,1998,,,,Joe Maenza,Peter Angelos,Pat Gillick,"$450,000 in majors"
1998,"Hammond, Chris",lhp,32,,BOS,KCA,0,1,1998,,,,Bo McKinnis,Gtr KC Foundation,Herk Robinson,"$600,000 in majors"
1998,"Hill, Glenallen",of,33,Type B,SFN,SEA,0,1,1998,,,,Reich Katz Landis,Nintendo/America,Woody Woodward,"$300,000 in majors"
1998,"Howard, Thomas",of,33,,HOU,LAN,0,1,1998,,,,,Fox Ent Group,Fred Claire,"$425,000 in majors"
1998,"Huson, Jeff",2b,33,,MIL,COL,0,1,1998,,,,,Jerry McMorris,Bob Gebhard,"$225,000 in majors"
1998,"Jackson, Darrin",of,34,,MIL,MIL,0,1,1998,,,,Alan Meersand,Bud Selig,Sal Bando,"$550,000 in majors"
1998,"Karkovice, Ron",c,34,,CHA,CLE,0,1,1998,,,,,Richard Jacobs,John Hart,"$350,000 in majors"
1998,"Kelly, Pat",inf,30,,NYA,TOR,0,1,1998,,,,,Interbrew SA,Gord Ash,"$500,000 in majors"
1998,"Langston, Mark",lhp,37,,ANA,SDN,0,1,1998,,,,Arn Tellem,John Moores,Kevin Towers,"$500,000 in majors"
1998,"Livingstone, Scott",3b,32,,SLN,MON,0,1,1998,,,,,Claude Brochu,Jim Beattie,"$250,000 in majors"
1998,"Marzano, John",c,35,,SEA,SEA,0,1,1998,,,,,Nintendo/America,Woody Woodward,"$300,000 in majors"
1998,"Merced, Orlando",of,31,Type A,TOR,MIN,0,1,1998,,,,,Carl Pohlad,Terry Ryan,
1998,"Mulholland, Terry",lhp,35,Type B,SFN,CHN,0,1,1998,,,,Joe Bick,Tribune Co.,Ed Lynch,"$550,000 in majors"
1998,"Oliver, Joe",c,32,,CIN,DET,0,1,1998,,,,,Mike Ilitch,Randy Smith,"$650,000 in majors"
1998,"Olson, Gregg",rhp,31,,KCA,ARI,0,1,1998,,,,Jeff Moorad,Jerry Colangelo,Joe Garagiola Jr.,"$650,000 in majors"
1998,"Plantier, Phil",of,29,,SLN,TOR,0,1,1998,,,,,Interbrew SA,Gord Ash,"$340,000 in majors"
1998,"Rijo, Jose",rhp-s,33,,CIN,CIN,0,1,1998,,,,Reich Katz Landis,Marge Schott,Jim Bowden,"$700,000 in majors"
1998,"Ripken, Bill",2b,33,,DET,DET,0,1,1998,,,,Ron Shapiro,Mike Ilitch,Randy Smith,"$400,000 in majors"
1998,"Rivera, Luis",2b,34,,HOU,HOU,0,1,1998,,,,,Drayton McLane,Gerry Hunsicker,
1998,"Ruffin, Bruce",lhp,34,,COL,COL,0,1,1998,,,,,Jerry McMorris,Bob Gebhard,"$400,000 in majors"
1998,"Samuel, Juan",2b,37,,TOR,TOR,0,1,1998,,,,,Interbrew SA,Gord Ash,"$420,000 in majors"
1998,"Sanders, Deion",of,30,,CIN,CIN,0,1,1998,,,,Barry Axelrod,Marge Schott,Jim Bowden,
1998,"Shipley, Craig",ss,35,,SDN,SLN,0,1,1998,,,,Boras Corp.,Bill DeWitt Jr.,Walt Jocketty,"$350,000 in majors"
1998,"Walton, Jerome",of,32,Type C,BAL,TBA,0,1,1998,,,,Hendricks Sports,Vince Naimoli,Chuck LaMar,"$250,000 in majors"
1998,"Butler, Brett",of,41,,LAN,dnp,,,,,,,Richard Moss,,,
1998,"Daulton, Darren",1b,36,Type B,FLA,dnp,,,,,,,Arn Tellem,,,
1998,"Hansen, Dave",3b,29,,CHN,dnp,,,,,,,,,,
1998,"Honeycutt, Rick",lhp,44,,SLN,dnp,,,,,,,,,,
1998,"Lemke, Mark",2b,32,,ATL,dnp,,,,,,,Lonnie Cooper,,,
1998,"Murray, Eddie",1b,42,,LAN,dnp,,,,,,,Ron Shapiro,,,
1998,"Pena, Tony",c,41,,HOU,dnp,,,,,,,,,,
1998,"Seitzer, Kevin",3b-1b,36,,CLE,dnp,,,,,,,Bronner/Gilhooley,,,
1998,"Worrell, Todd",rhp,38,Type A,LAN,dnp,,,,,,,,,,
1997,"Belle, Albert",of,30,Type A,CLE,CHA,5,55000000,1997-2001,,1,11000000,Arn Tellem,Jerry Reinsdorf,Ron Schueler,
1997,"Fernandez, Alex",rhp-s,27,Type A,CHA,FLA,5,35000000,1997-2001,,,7000000,Boras Corp.,Wayne Huizenga,Dave Dombrowski,
1997,"Smoltz, John",rhp-s,30,Type A,ATL,ATL,4,31000000,1997-2000,,,7750000,Lonnie Cooper,Time Warner,John Schuerholz,
1997,"Alou, Moises",of,30,Type A,MON,FLA,5,25000000,1997-2001,,,5000000,Bronner/Gilhooley,Wayne Huizenga,Dave Dombrowski,
1997,"Clemens, Roger",rhp-s,34,Type A,BOS,TOR,3,24750000,1997-99,,,8250000,Hendricks Sports,Interbrew SA,Gord Ash,
1997,"Bonilla, Bobby",of,34,Type A,BAL,FLA,4,23300000,1997-2000,,,5825000,Dennis Gilbert,Wayne Huizenga,Dave Dombrowski,
1997,"Wetteland, John",rhp,30,Type A,NYA,TEX,4,23000000,1997-99,,,5750000,Reich Katz Landis,TSchieffer / ERose,Doug Melvin,
1997,"Navarro, Jaime",rhp-s,30,Type A,CHN,CHA,4,20000000,1997-2000,,,5000000,,Jerry Reinsdorf,Ron Schueler,
1997,"Vaughn, Greg",of,31,Type B,MIL,SDN,3,15000000,1997-99,,,5000000,Eric Goldschmidt,John Moores,Kevin Towers,
1997,"Rojas, Mel",rhp,30,Type A,MON,CHN,3,13750000,1997-99,,,4583333,,Tribune Co.,Ed Lynch,
1997,"Wells, David",lhp-s,34,Type A,BAL,NYA,3,13500000,1997-99,,,4500000,Gregg Clifton,Geo Steinbrenner,Bob Watson,
1997,"Tapani, Kevin",rhp-s,33,Type A,CHA,CHN,3,11000000,1997-99,,,3666666,Bronner/Gilhooley,Tribune Co.,Ed Lynch,
1997,"Zeile, Todd",3b,31,Type A,BAL,LAN,3,9500000,1997-99,,,3166666,ACES,Peter O'Malley,Fred Claire,
1997,"Bordick, Mike",ss,31,Type A,OAK,BAL,3,9000000,1997-99,,,3000000,,Peter Angelos,Pat Gillick,
1997,"Key, Jimmy",lhp-s,36,Type C,NYA,BAL,2,7880000,1997-98,,,3940000,Hendricks Sports,Peter Angelos,Pat Gillick,
1997,"McLemore, Mark",2b,32,Type A,TEX,TEX,3,6500000,1997-99,,,3250000,Mark Attanasio,TSchieffer / ERose,Doug Melvin,
1997,"Santiago, Benito",c,32,Type A,PHI,TOR,2,6500000,1997-98,,,3250000,,Interbrew SA,Gord Ash,
1997,"Steinbach, Terry",c,35,Type A,OAK,MIN,2,6200000,1997-98,,,3100000,Charlie Sutton,Carl Pohlad,Terry Ryan,
1997,"Stanton, Mike",lhp,30,Type A,TEX,NYA,3,5550000,1997-99,,,1833333,ACES,Geo Steinbrenner,Bob Watson,
1997,"Girardi, Joe",c,32,Type A,NYA,NYA,2,5500000,1997-98,,,2750000,Alan Nero,Geo Steinbrenner,Bob Watson,
1997,"Naehring, Tim",3b,30,Type A,BOS,BOS,2,5500000,1997-98,,,2750000,Gregg Clifton,JRY Trust,Dan Duquette,
1997,"Plunk, Eric",rhp,33,Type A,CLE,CLE,3,5500000,1997,,,1833333,,Richard Jacobs,John Hart,
1997,"Portugal, Mark",rhp,34,Type B,CIN,PHI,2,5000000,1997-98,,,2500000,,Bill Giles,Lee Thomas,
1997,"Avery, Steve",lhp-s,27,Type B,ATL,BOS,1,4850000,1997,,,4850000,Boras Corp.,JRY Trust,Dan Duquette,
1997,"Hamilton, Darryl",of,32,Type B,TEX,SFN,2,4500000,1997,,,2250000,,Peter Magowan,Brian Sabean,
1997,"Leiter, Mark",rhp,34,Type B,MON,PHI,2,4300000,1997-98,,,2150000,,Bill Giles,Lee Thomas,
1997,"Manwaring, Kirt",c,31,Type B,HOU,COL,2,4300000,1997-98,,,2150000,,Jerry McMorris,Bob Gebhard,
1997,"Jackson, Mike",rhp,32,Type A,SEA,CLE,2,4200000,1997,,,2100000,,Richard Jacobs,John Hart,
1997,"Pagnozzi, Tom",c,34,Type B,SLN,SLN,2,4000000,1997-98,,,2000000,Meister Sports,Bill DeWitt Jr.,Walt Jocketty,
1997,"Hollins, Dave",3b,31,Type B,SEA,ANA,2,3800000,1997-98,,,1900000,Tommy Tanzer,Gene Autry,Bill Bavasi,
1997,"Moyer, Jamie",lhp-s,34,Type B,SEA,SEA,2,3700000,1997-98,,,1850000,Bronner/Gilhooley,Nintendo/America,Woody Woodward,
1997,"Sandberg, Ryne",2b,37,Type B,CHN,CHN,1,3500000,1997,,,3500000,Jim Turner,Tribune Co.,Ed Lynch,
1997,"Eisenreich, Jim",of,38,Type A,PHI,FLA,2,3000000,1997-98,,,1500000,Ron Simon,Wayne Huizenga,Dave Dombrowski,
1997,"Hudler, Rex",of,36,Type C,ANA,PHI,2,2600000,1997-98,,,1300000,Rex Hudler,Bill Giles,Lee Thomas,
1997,"Castillo, Tony",lhp,34,Type A,CHA,CHA,2,2350000,1997-98,,,1175000,,Jerry Reinsdorf,Ron Schueler,
1997,"Mulholland, Terry",lhp,34,Type B,SEA,CHN,1,2300000,1997,,,2300000,Joe Bick,Tribune Co.,Ed Lynch,
1997,"Tartabull, Danny",rf,34,Type B,CHA,PHI,1,2300000,1997,,,2300000,Dennis Gilbert,Bill Giles,Lee Thomas,
1997,"Davis, Eric",of,35,Type B,CIN,BAL,1,2200000,1997,,,2200000,Eric Goldschmidt,Peter Angelos,Pat Gillick,
1997,"Tewksbury, Bob",rhp-s,36,Type B,SDN,MIN,1,2100000,1997,,,2100000,Joe Bick,Carl Pohlad,Terry Ryan,
1997,"Dunston, Shawon",ss,34,Type A,SFN,CHN,1,2000000,1997,,,2000000,Eric Goldschmidt,Tribune Co.,Ed Lynch,
1997,"Lemke, Mark",2b,31,Type A,ATL,ATL,1,2000000,1997,,,2000000,Lonnie Cooper,Time Warner,John Schuerholz,
1997,"DeShields, Delino",2b,28,Type C,LAN,SLN,1,1900000,1997,,,1900000,Reich Katz Landis,Bill DeWitt Jr.,Walt Jocketty,
1997,"Cook, Dennis",lhp,34,Type B,TEX,FLA,2,1700000,1997-98,,,850000,,Wayne Huizenga,Dave Dombrowski,
1997,"Elster, Kevin",ss,32,Type B,TEX,PIT,1,1650000,1997,,,1650000,,Kevin McClatchy,Cam Bonifay,
1997,"Valenzuela, Fernando",lhp-s,36,Type B,SDN,SDN,1,1650000,1997,,,1650000,Richard Moss,John Moores,Kevin Towers,
1997,"Hernandez, Xavier",rhp,31,Type B,HOU,TEX,2,1600000,1997,,,800000,,TSchieffer / ERose,Doug Melvin,
1997,"Fernandez, Tony",ss,35,,NYA,CLE,1,1350000,1997,,,1350000,,Richard Jacobs,John Hart,
1997,"Mercker, Kent",lhp,29,,CLE,CIN,1,1350000,1997,,,1350000,Casey Close,Marge Schott,Jim Bowden,
1997,"Drabek, Doug",rhp-s,34,Type A,HOU,CHA,1,1300000,1997,,,1300000,Hendricks Sports,Jerry Reinsdorf,Ron Schueler,
1997,"Baines, Harold",dh,38,Type B,CHA,CHA,1,1150000,1997,,,1150000,Jack Sands,Jerry Reinsdorf,Ron Schueler,
1997,"Cangelosi, John",of,34,Type C,HOU,FLA,2,1075000,1997-98,,,537500,,Wayne Huizenga,Dave Dombrowski,
1997,"Gonzalez, Luis",of,29,Type B,CHN,HOU,1,1000000,1997,,,1000000,,Drayton McLane,Gerry Hunsicker,
1997,"McGee, Willie",cf,38,Type C,SLN,SLN,1,1000000,1997,,,1000000,Reich Katz Landis,Bill DeWitt Jr.,Walt Jocketty,
1997,"Whiten, Mark",of,30,Type B,SEA,NYA,1,1000000,1997,,,1000000,Ed Keating,Geo Steinbrenner,Bob Watson,
1997,"Parent, Mark",c,35,Type C,BAL,PHI,2,800000,1997-98,,,400000,,Bill Giles,Lee Thomas,
1997,"Boskie, Shawn",rhp,30,Type B,ANA,BAL,1,760000,1997,,,760000,,Peter Angelos,Pat Gillick,
1997,"Murray, Eddie",1b,41,Type B,BAL,ANA,1,750000,1997,,,750000,Ron Shapiro,Gene Autry,Bill Bavasi,
1997,"Bielecki, Mike",rhp,37,Type B,ATL,ATL,1,697500,1997,,,697500,,Time Warner,John Schuerholz,
1997,"Incaviglia, Pete",of,33,,BAL,BAL,1,650000,1997,,,650000,Tony Attanasio,Peter Angelos,Pat Gillick,
1997,"Maddux, Mike",rhp-s,35,Type A,BOS,BOS,1,600000,1997,,,600000,,JRY Trust,Dan Duquette,
1997,"Spiers, Bill",ss,31,,HOU,HOU,1,600000,1997,,,600000,,Drayton McLane,Gerry Hunsicker,
1997,"Butler, Brett",of,40,Type B,LAN,LAN,1,500000,1997,,,500000,Richard Moss,Peter O'Malley,Fred Claire,
1997,"Shipley, Craig",inf,34,Type C,SDN,SDN,1,500000,1997,,,500000,Boras Corp.,John Moores,Kevin Towers,
1997,"Grebeck, Craig",inf,32,,FLA,ANA,1,400000,1997,,,400000,,Gene Autry,Bill Bavasi,
1997,"Fernandez, Sid",lhp,34,Type C,PHI,HOU,1,375000,1997,,,375000,Tom Selakovich,Drayton McLane,Gerry Hunsicker,
1997,"Pena, Tony",c,40,,CLE,CHA,1,375000,1997,,,375000,,Jerry Reinsdorf,Ron Schueler,
1997,"Alicea, Luis",2b,31,Type B,SLN,ANA,1,350000,1997,,,350000,,Gene Autry,Bill Bavasi,
1997,"Pendleton, Terry",3b,36,Type A,ATL,CIN,1,350000,1997,,,350000,Bronner/Gilhooley,Marge Schott,Jim Bowden,
1997,"Jones, Doug",rhp,40,Type A,MIL,MIL,1,300000,1997,,,300000,,Bud Selig,Sal Bando,
1997,"Ripken, Bill",inf,32,,BAL,TEX,1,275000,1997,,,275000,Ron Shapiro,TSchieffer / ERose,Doug Melvin,
1997,"Belliard, Rafael",ss,35,,ATL,ATL,1,250000,1997,,,250000,,Time Warner,John Schuerholz,
1997,"Devereaux, Mike",of,34,Type B,BAL,TEX,1,250000,1997,,,250000,,TSchieffer / ERose,Doug Melvin,
1997,"Aldrete, Mike",of,36,,NYA,TOR,0,1,1997,,,,,Interbrew SA,Gord Ash,"$275,000 in majors"
1997,"Anthony, Eric",of,29,Type C,CIN,MIN,0,1,1997,,,,,Carl Pohlad,Terry Ryan,"$525,000 in majors"
1997,"Borders, Pat",c,34,,CHA,CLE,0,1,1997,,,,Joe Maenza,Richard Jacobs,John Hart,"$400,000 in majors"
1997,"Clark, Dave",of,34,Type B,LAN,CHN,0,1,1997,,,,,Tribune Co.,Ed Lynch,"$300,000 in majors"
1997,"Corsi, Jim",rhp,35,Type A,OAK,BOS,0,1,1997,,,,,JRY Trust,Dan Duquette,"$350,000 in majors"
1997,"Darwin, Danny",rhp,41,,HOU,CHA,0,1,1997,,,,Hendricks Sports,Jerry Reinsdorf,Ron Schueler,"$275,000 in majors"
1997,"Freeman, Marvin",rhp,34,,CHA,TOR,0,1,1997,,,,,,,"$275,000 in majors"
1997,"Gallego, Mike",ss,36,,SLN,SLN,0,1,1997,,,,Bronner/Gilhooley,Bill DeWitt Jr.,Walt Jocketty,
1997,"Gonzales, Rene",3b,36,,TEX,SDN,0,1,1997,,,,Dennis Gilbert,John Moores,Kevin Towers,"$225,000 in majors"
1997,"Howell, Jack",3b,35,,ANA,ANA,0,1,1997,,,,Bronner/Gilhooley,Gene Autry,Bill Bavasi,"$400,000 in majors"
1997,"Magadan, Dave",inf,34,Type B,CHN,OAK,0,1,1997,,,,,Schott / Hofmann,Sandy Alderson,"$250,000 in majors"
1997,"Martinez, Dennis",rhp,43,Type A,CLE,SEA,0,1,1997,,,,Ron Shapiro,Nintendo/America,Woody Woodward,"$250,000 im majors"
1997,"Mayne, Brent",c,29,Type C,NYN,SEA,0,1,1997,,,,Meister Sports,Nintendo/America,Woody Woodward,"$425,000 in majors"
1997,"McDowell, Roger",rhp,36,,BAL,CHA,0,1,1997,,,,Ron Shapiro,Jerry Reinsdorf,Ron Schueler,"$500,000 in majors"
1997,"Mitchell, Kevin",of,35,Type B,CIN,CLE,0,1,1997,,,,Joe Sroba,Richard Jacobs,John Hart,"$500,000 in majors"
1997,"Oliver, Joe",c,31,Type A,CIN,CIN,0,1,1997,,,,Boras Corp.,Marge Schott,Jim Bowden,"$300,000 in majors"
1997,"Olson, Gregg",rhp,30,,HOU,MIN,0,1,1997,,,,Jeff Moorad,Carl Pohlad,Terry Ryan,"$400,000 in majors"
1997,"Saberhagen, Bret",rhp-s,33,,COL,BOS,0,1,1997,,,,Dennis Gilbert,JRY Trust,Dan Duquette,"$500,000 in majors"
1997,"Sabo, Chris",3b,35,,CIN,SEA,0,1,1997,,,,Bronner/Gilhooley,Nintendo/America,Woody Woodward,"$150,000 in majors"
1997,"Samuel, Juan",inf,36,,TOR,TOR,0,1,1997,,,350000,,Interbrew SA,Gord Ash,
1997,"Slaught, Don",c,38,Type B,CHA,SDN,0,1,1997,,,,Bronner/Gilhooley,John Moores,Kevin Towers,"$450,000 in majors"
1997,"Smith, Lee",rhp,39,Type B,CIN,MON,0,1,1997,,,,Brian David,Claude Brochu,Jim Beattie,"$400,000 in majors"
1997,"Thompson, Robby",2b,35,Type C,SFN,CLE,0,1,1997,,,,,Richard Jacobs,John Hart,"$600,000 in majors"
1997,"Valle, Dave",c,36,Type C,TEX,OAK,0,1,1997,,,,,Schott / Hofmann,Sandy Alderson,"$355,000 in majors"
1997,"Walton, Jerome",of,31,Type B,ATL,BAL,0,1,1997,,,,Hendricks Sports,Peter Angelos,Pat Gillick,"$400,000 in majors"
1997,"Bosio, Chris",rhp-s,34,Type C,SEA,dnp,,,,,,,,,,
1997,"Carreon, Mark",of,33,Type B,CLE,dnp,,,,,,,,,,
1997,"Dawson, Andre",of,42,,FLA,dnp,,,,,,,Richard Moss,,,
1997,"Gross, Kevin",rhp,36,Type B,TEX,dnp,,,,,,,,,,
1997,"Gwynn, Chris",of,32,,SDN,dnp,,,,,,,,,,
1997,"Henneman, Mike",rhp,35,Type A,TEX,dnp,,,,,,,,,,
1997,"Parrett, Jeff",rhp,35,Type B,PHI,dnp,,,,,,,Boras Corp.,,,
1997,"Pena, Alejandro",rhp,38,,FLA,dnp,,,,,,,Reich Katz Landis,,,
1997,"Perez, Melido",rhp,31,,NYA,dnp,,,,,,,Jaime Torres,,,
1997,"Polonia, Luis",of,33,,ATL,dnp,,,,,,,,,,
1997,"Russell, Jeff",rhp,35,Type B,TEX,dnp,,,,,,,,,,
1997,"Smith, Dwight",of,33,,ATL,dnp,,,,,,,,,,
1997,"Smith, Ozzie",ss,42,Type C,SLN,dnp,,,,,,,Dennis Gilbert,,,
1997,"Stillwell, Kurt",ss,32,,TEX,dnp,,,,,,,Boras Corp.,,,
1997,"West, David",lhp,32,,PHI,dnp,,,,,,,,,,
1996,"Gant, Ron",of,31,Type A,CIN,SLN,5,25000000,1996-2000,,,5000000,Bean Stringfellow,Anheuser-Busch,Walt Jocketty,
1996,"Biggio, Craig",2b,30,Type A,HOU,HOU,4,22360000,1996-99,club,,5590000,Barry Axelrod,Drayton McLane,Gerry Hunsicker,
1996,"McGriff, Fred",1b,32,Type A,ATL,ATL,4,20500000,1996-99,,,5125000,Jim Krivacs,Ted Turner,John Schuerholz,
1996,"Rogers, Kenny",lhp-s,31,Type A,TEX,NYA,4,20000000,1996-99,club/vest,,5000000,Boras Corp.,Geo Steinbrenner,Bob Watson,
1996,"Cone, David",rhp-s,33,Type A,NYA,NYA,3,19500000,1996-98,club (2),,6500000,Steve Fehr,Geo Steinbrenner,Bob Watson,
1996,"Alomar, Roberto",2b,28,Type A,TOR,BAL,3,18000000,1996-98,,,6000000,Jaime Torres,Peter Angelos,Pat Gillick,
1996,"Martinez, Ramon",rhp-s,28,Type A,LAN,LAN,4,15000000,1996-99,,,3750000,Bronner/Gilhooley,Peter O'Malley,Fred Claire,
1996,"Brown, Kevin",rhp-s,31,Type A,BAL,FLA,3,12900000,1996-98,,,4300000,Boras Corp.,Wayne Huizenga,Dave Dombrowski,
1996,"Finley, Chuck",lhp-s,33,Type A,CAL,CAL,3,12000000,1996-98,club,,4000000,Hendricks Sports,Gene Autry,Bill Bavasi,
1996,"Hanson, Erik",rhp,31,Type A,BOS,TOR,3,10400000,1996-98,,,3466666,Craig Fenech,Interbrew SA,Gord Ash,
1996,"McDowell, Jack",rhp-s,30,Type A,NYA,CLE,2,10150000,1996-97,club,,5075000,Boras Corp.,Richard Jacobs,John Hart,
1996,"White, Devon",cf,33,Type B,TOR,FLA,3,9900000,1996-98,,,3300000,Eric Goldschmidt,Wayne Huizenga,Dave Dombrowski,
1996,"Grace, Mark",1b,32,Type A,CHN,CHN,2,9050000,1996-97,,,4525000,Barry Axelrod,Tribune Co.,Ed Lynch,
1996,"Canseco, Jose",rf,31,Type A,BOS,BOS,2,9000000,1996-97,club,,4500000,,JRY Trust,Dan Duquette,
1996,"Aguilera, Rick",rhp,34,Type A,BOS,MIN,3,9000000,1996-98,,,3000000,Tom Selakovich,Carl Pohlad,Terry Ryan,
1996,"Leiter, Al",lhp-s,30,Type B,TOR,FLA,3,8600000,1996-98,-,,2866666,Hendricks Sports,Wayne Huizenga,Dave Dombrowski,
1996,"Hill, Ken",rhp,30,Type A,CLE,TEX,2,8150000,1996-97,mutual,,4075000,Reynolds Sports,TSchieffer / ERose,Doug Melvin,
1996,"Benes, Andy",rhp-s,28,Type A,SEA,SLN,2,8100000,1996-97,club,,4050000,Boras Corp.,Anheuser-Busch,Walt Jocketty,
1996,"Abbott, Jim",lhp-s,28,Type A,CAL,CAL,3,7800000,1996-98,,,2600000,Boras Corp.,Gene Autry,Bill Bavasi,
1996,"Myers, Randy",lhp,33,Type A,CHN,BAL,2,6300000,1996-97,-,,3150000,David Fishof,Peter Angelos,Pat Gillick,
1996,"Candiotti, Tom",rhp-s,38,Type B,LAN,LAN,2,6000000,1996-97,,,3000000,Rocky Luccia,Peter O'Malley,Fred Claire,
1996,"Gordon, Tom",rhp,28,Type A,KCA,BOS,2,5800000,1996-97,club,,2900000,,JRY Trust,Dan Duquette,
1996,"Johnson, Lance",of,32,Type A,CHA,NYN,2,5700000,1996-97,-,,2850000,,Wilpon/Doubleday,Joe McIlvaine,
1996,"Morris, Hal",1b,31,Type A,CIN,CIN,2,5000000,1996-97,,,2500000,,Marge Schott,Jim Bowden,
1996,"Tettleton, Mickey",c,35,Type A,TEX,TEX,2,5000000,1996-97,,,2500000,Tony Attanasio,TSchieffer / ERose,Doug Melvin,
1996,"Montgomery, Jeff",rhp-c,34,Type A,KCA,KCA,2,4750000,1996-97,club,,2375000,Meister Sports,Gtr KC Foundation,Herk Robinson,
1996,"Nixon, Otis",of,37,Type B,TEX,TOR,2,4400000,1996-97,-,,2200000,Joe Sroba,Interbrew SA,Gord Ash,
1996,"Boggs, Wade",3b,38,Type A,NYA,NYA,2,4100000,1996-97,,,2050000,Alan Nero,Geo Steinbrenner,Bob Watson,
1996,"Weiss, Walt",ss,32,Type A,COL,COL,2,4100000,1996-97,,,2050000,Bronner/Gilhooley,Jerry McMorris,Bob Gebhard,
1996,"Henderson, Rickey",of,37,Type A,OAK,SDN,2,4000000,1996-97,,,2000000,Dennis Gilbert,John Moores,Kevin Towers,
1996,"Surhoff, B.J.",of,31,Type B,MIL,BAL,3,3700000,1996-98,,,1233333,Gregg Clifton,Peter Angelos,Pat Gillick,
1996,"Phillips, Tony",of,37,Type A,CAL,CHA,2,3600000,1996-97,,,1800000,Tony Attanasio,Jerry Reinsdorf,Ron Schueler,
1996,"Navarro, Jaime",rhp,29,Type B,CHN,CHN,1,3400000,1996,,,3400000,Dennis Gilbert,Tribune Co.,Ed Lynch,
1996,"Gubicza, Mark",rhp-s,33,Type B,KCA,KCA,2,3200000,1996-97,-,,1600000,Ron Shapiro,Gtr KC Foundation,Herk Robinson,
1996,"Gagne, Greg",ss,34,Type A,KCA,LAN,1,2600000,1996,,,2600000,Michael Moye,Peter O'Malley,Fred Claire,
1996,"Velarde, Randy",inf,33,Type B,NYA,CAL,3,2450000,1996-98,,,816667,Reich Katz Landis,Gene Autry,Bill Bavasi,
1996,"Stanley, Mike",c,33,Type A,NYA,BOS,1,2300000,1996,mutual,,2300000,Bronner/Gilhooley,JRY Trust,Dan Duquette,
1996,"Javier, Stan",of,32,Type A,OAK,SFN,2,2100000,1996-97,,,1050000,,Peter Magowan,Bob Quinn Sr.,
1996,"Gaetti, Gary",3b,37,Type A,KCA,SLN,1,2000000,1996,,,2000000,Bronner/Gilhooley,Anheuser-Busch,Walt Jocketty,
1996,"Henneman, Mike",rhp,34,Type B,HOU,TEX,1,2000000,1996,,,2000000,Bronner/Gilhooley,TSchieffer / ERose,Doug Melvin,
1996,"Molitor, Paul",dh,39,Type A,TOR,MIN,1,2000000,1996,,,2000000,Ron Simon,Carl Pohlad,Terry Ryan,
1996,"Murray, Eddie",1b,40,Type A,CLE,CLE,1,2000000,1996,,,2000000,Ron Shapiro,Richard Jacobs,John Hart,
1996,"Hayes, Charlie",3b,31,Type A,PIT,PIT,1,1850000,1996,,,1850000,Tommy Tanzer,Kevin McClatchy,Cam Bonifay,
1996,"Tewksbury, Bob",rhp-s,35,Type B,TEX,SDN,1,1625000,1996,,,1625000,Joe Bick,John Moores,Kevin Towers,
1996,"Macfarlane, Mike",c,32,Type A,BOS,KCA,2,1600000,1996-97,,,800000,Jeff Moorad,Gtr KC Foundation,Herk Robinson,
1996,"Baines, Harold",dh,37,Type B,BAL,CHA,1,1500000,1996,,,1500000,Jack Sands,Jerry Reinsdorf,Ron Schueler,
1996,"Dunston, Shawon",ss,33,Type A,CHN,SFN,1,1500000,1996,,,1500000,Eric Goldschmidt,Peter Magowan,Bob Quinn Sr.,
1996,"Witt, Bobby",rhp-s,32,Type C,TEX,TEX,1,1500000,1996,,,1500000,Alan Nero,TSchieffer / ERose,Doug Melvin,
1996,"Kingery, Mike",of,35,Type A,COL,PIT,2,1500000,1996-97,-,,750000,Bronner/Gilhooley,Kevin McClatchy,Cam Bonifay,
1996,"Duncan, Mariano",2b,33,Type C,CIN,NYA,2,1475000,1996-97,,,737500,Tony Attanasio,Geo Steinbrenner,Bob Watson,
1996,"Martinez, Dave",of,31,Type B,CHA,CHA,2,1425000,1996-97,,,712500,,Jerry Reinsdorf,Ron Schueler,
1996,"Reed, Jody",2b,33,Type A,SDN,SDN,2,1400000,1996-97,,,700000,,John Moores,Kevin Towers,
1996,"Orsulak, Joe",of,34,Type C,NYN,FLA,2,1275000,1996-97,,,637500,Ron Shapiro,Wayne Huizenga,Dave Dombrowski,
1996,"Morgan, Mike",rhp-s,36,,SLN,SLN,1,1250000,1996,-,,1250000,,Anheuser-Busch,Walt Jocketty,
1996,"Eisenreich, Jim",of,37,Type A,PHI,PHI,1,1200000,1996,-,,1200000,Ron Simon,Bill Giles,Lee Thomas,
1996,"O'Brien, Charlie",c,36,Type B,ATL,TOR,1,1125000,1996,,,1125000,Dennis Gilbert,Interbrew SA,Gord Ash,
1996,"Santiago, Benito",c,31,Type A,CIN,PHI,1,1100000,1996,,,1100000,Career Sports,Bill Giles,Lee Thomas,
1996,"Hamilton, Darryl",of,31,Type B,MIL,TEX,1,1050000,1996,-,,1050000,,TSchieffer / ERose,Doug Melvin,
1996,"Seitzer, Kevin",3b,34,Type A,MIL,MIL,1,1000000,1996,,,1000000,Bronner/Gilhooley,Bud Selig,Sal Bando,
1996,"Belcher, Tim",rhp-s,34,Type C,SEA,KCA,1,975000,1996,,,975000,Boras Corp.,Gtr KC Foundation,Herk Robinson,
1996,"Jones, Doug",rhp,39,Type A,BAL,CHN,1,825000,1996,,,825000,,Tribune Co.,Ed Lynch,
1996,"Jackson, Mike",rhp,31,Type A,CIN,SEA,1,800000,1996,,,800000,,Nintendo/America,Woody Woodward,
1996,"McDowell, Roger",rhp,35,Type B,TEX,BAL,1,750000,1996,,,750000,Ron Shapiro,Peter Angelos,Pat Gillick,
1996,"Devereaux, Mike",of,33,Type B,ATL,BAL,1,700000,1996,,,700000,Reynolds Sports,Peter Angelos,Pat Gillick,
1996,"Parrett, Jeff",rhp,34,,SLN,SLN,1,675000,1996,,,675000,Boras Corp.,Anheuser-Busch,Walt Jocketty,
1996,"Maddux, Mike",rhp,34,Type A,BOS,BOS,1,600000,1996,,,600000,,JRY Trust,Dan Duquette,
1996,"Moyer, Jamie",lhp,33,Type C,BAL,BOS,1,600000,1996,,,600000,Bronner/Gilhooley,JRY Trust,Dan Duquette,
1996,"Patterson, Bob",lhp,37,Type A,CAL,CHN,1,550000,1996,,,550000,,Tribune Co.,Ed Lynch,
1996,"Pena, Tony",c,39,Type B,CLE,CLE,1,525000,1996,,,525000,Reich Katz Landis,Richard Jacobs,John Hart,
1996,"Harvey, Bryan",rhp,33,,FLA,CAL,1,500000,1996,,,500000,Steve Greenberg,Gene Autry,Bill Bavasi,
1996,"Magadan, Dave",3b,33,Type B,HOU,CHN,1,500000,1996,,,500000,David Fishof,Tribune Co.,Ed Lynch,
1996,"Oliver, Joe",c,30,Type B,MIL,CIN,1,500000,1996,,,500000,,Marge Schott,Jim Bowden,
1996,"Parent, Mark",c,34,Type B,CHN,DET,1,500000,1996,,,500000,John Boggs,Mike Ilitch,Randy Smith,
1996,"Valenzuela, Fernando",lhp-s,35,,,SDN,1,500000,1996,-,,500000,Richard Moss,John Moores,Kevin Towers,
1996,"Cox, Danny",rhp-s,36,,TOR,TOR,1,490000,1996,,,490000,Eric Goldschmidt,Interbrew SA,Gord Ash,
1996,"Myers, Greg",c,30,Type B,CAL,MIN,1,475000,1996,,,475000,,Carl Pohlad,Terry Ryan,
1996,"Reed, Jeff",c,33,,SFN,COL,1,425000,1996,,,425000,,Jerry McMorris,Bob Gebhard,
1996,"Honeycutt, Rick",lhp,42,Type B,NYA,SLN,1,400000,1996,,,400000,,Anheuser-Busch,Walt Jocketty,
1996,"Smith, Dwight",of,32,,ATL,ATL,1,350000,1996,,,350000,,Ted Turner,John Schuerholz,
1996,"Gallego, Mike",inf,35,,OAK,SLN,1,300000,1996,,,300000,Bronner/Gilhooley,Anheuser-Busch,Walt Jocketty,
1996,"Fernandez, Sid",lhp-s,33,Type B,PHI,PHI,1,250000,1996,,,250000,Tom Selakovich,Bill Giles,Lee Thomas,
1996,"Ontiveros, Steve",rhp,35,Type B,OAK,CAL,1,225000,1996,,,225000,,Gene Autry,Bill Bavasi,
1996,"Aldrete, Mike",1b,35,,CAL,CAL,0,1,1996,,,,,Gene Autry,Bill Bavasi,"$200,000 in majors"
1996,"Borders, Pat",c,33,Type C,HOU,SLN,0,1,1996,,,,Joe Maenza,Anheuser-Busch,Walt Jocketty,"$350,000 in majors"
1996,"Browne, Jerry",of,30,Type B,FLA,NYN,0,1,1996,,,,,Wilpon/Doubleday,Joe McIlvaine,"$250,000 in majors"
1996,"Browning, Tom",lhp-s,36,,KCA,KCA,0,1,1996,,,,Bronner/Gilhooley,Gtr KC Foundation,Herk Robinson,"$300,000 in majors"
1996,"Cangelosi, John",of,33,Type B,HOU,HOU,0,1,1996,,,,,Drayton McLane,Gerry Hunsicker,"$280,000 in majors"
1996,"Coleman, Vince",of,34,Type C,SEA,CIN,0,1,1996,,,,Richie Bry,Marge Schott,Jim Bowden,"$500,000 in majors"
1996,"Darwin, Danny",rhp,40,,TEX,PIT,0,1,1996,,,,Hendricks Sports,Kevin McClatchy,Cam Bonifay,"$250,000 in majors"
1996,"Dawson, Andre",of,41,Type C,FLA,FLA,0,1,1996,,,,Richard Moss,Wayne Huizenga,Dave Dombrowski,"$500,000 in majors"
1996,"Dibble, Rob",rhp,32,,MIL,CHN,0,1,1996,,,,,Tribune Co.,Ed Lynch,"$250,000 in majors"
1996,"Eichhorn, Mark",rhp,36,Type A,BAL,CAL,0,1,1996,,,,,Gene Autry,Bill Bavasi,"$160,000 in majors"
1996,"Espinoza, Alvaro",ss,34,,CLE,CLE,0,1,1996,,,,,Richard Jacobs,John Hart,"$400,000 in majors"
1996,"Farrell, John",rhp,33,,CLE,SEA,0,1,1996,,,,,Nintendo/America,Woody Woodward,"$225,000 in majors"
1996,"Gallagher, Dave",of,35,,CAL,CLE,0,1,1996,,,,,Richard Jacobs,John Hart,"$250,000 in majors"
1996,"Gonzales, Rene",3b,35,,CAL,TEX,0,1,1996,,,,,TSchieffer / ERose,Doug Melvin,"$175,000 in majors"
1996,"Guetterman, Lee",lhp,37,,SEA,SEA,0,1,1996,,,,,Nintendo/America,Woody Woodward,"$275,000 in majors"
1996,"Habyan, John",rhp,32,Type A,CAL,COL,0,1,1996,,,,,Jerry McMorris,Bob Gebhard,"$300,000 in majors"
1996,"Howe, Steve",lhp,38,Type A,NYA,NYA,0,1,1996,,,,,Geo Steinbrenner,Bob Watson,"$500,000 in majors"
1996,"James, Dion",of,33,,NYA,MON,0,1,1996,,,,,Claude Brochu,Jim Beattie,
1996,"Kelly, Roberto",of,31,Type B,LAN,MIN,0,1,1996,,,,,Carl Pohlad,Terry Ryan,"$525,000 in majors"
1996,"McGee, Willie",cf,37,Type C,BOS,SLN,0,1,1996,,,,Reich Katz Landis,Anheuser-Busch,Walt Jocketty,"$500,000 in majors"
1996,"Mulholland, Terry",lhp,33,Type C,SFN,PHI,0,1,1996,,,,Joe Bick,Bill Giles,Lee Thomas,"$350,000 in majors"
1996,"Olson, Gregg",rhp,29,,KCA,SLN,0,1,1996,,,,,Anheuser-Busch,Walt Jocketty,"$600,000 in majors"
1996,"Oquendo, Jose",2b,32,,SLN,SLN,0,1,1996,,,,,Anheuser-Busch,Walt Jocketty,"$250,000 in majors"
1996,"Owen, Spike",inf,35,Type C,CAL,TEX,0,1,1996,,,,,TSchieffer / ERose,Doug Melvin,
1996,"Pagliarulo, Mike",3b,36,,TEX,TEX,0,1,1996,,,,,TSchieffer / ERose,Doug Melvin,"$250,000 in majors"
1996,"Parrish, Lance",c,40,Type C,TOR,PIT,0,1,1996,,,,Reich Katz Landis,Kevin McClatchy,Cam Bonifay,"$250,000 in majors"
1996,"Pena, Alejandro",rhp,37,Type B,ATL,FLA,0,1,1996,,,,,Wayne Huizenga,Dave Dombrowski,"$800,000 in majors"
1996,"Polonia, Luis",of,32,,ATL,SEA,0,1,1996,,,,,Nintendo/America,Woody Woodward,"$700,000 in majors"
1996,"Ripken, Bill",2b,31,,CLE,BAL,0,1,1996,,,,,Peter Angelos,Pat Gillick,"$250,000 in majors"
1996,"Samuel, Juan",2b,35,Type B,KCA,TOR,0,1,1996,,,,,Interbrew SA,Gord Ash,"$325,000 in majors"
1996,"Sanderson, Scott",rhp-s,39,,CAL,CAL,0,1,1996,,,,,Gene Autry,Bill Bavasi,"$200,000 in majors"
1996,"Schofield, Dick",ss,33,,CAL,CAL,0,1,1996,,,,,Gene Autry,Bill Bavasi,"$250,000 in majors"
1996,"Slaught, Don",c,37,Type A,PIT,CIN,0,1,1996,,,,,Marge Schott,Jim Bowden,"$250,000 in majors"
1996,"Smith, Zane",lhp-s,35,Type B,BOS,PIT,0,1,1996,,,,,Kevin McClatchy,Cam Bonifay,"$400,000 in majors"
1996,"Spiers, Bill",2b,30,,NYN,HOU,0,1,1996,,,,,Drayton McLane,Gerry Hunsicker,"$325,000 in majors"
1996,"Thompson, Milt",of,37,,HOU,LAN,0,1,1996,,,,,Peter O'Malley,Fred Claire,"$300,000 in majors"
1996,"Viola, Frank",lhp-s,36,,CIN,TOR,0,1,1996,,,,Craig Fenech,Interbrew SA,Gord Ash,"$500,000 in majors"
1996,"Wallach, Tim",3b,38,Type A,LAN,CAL,0,1,1996,,,,,Gene Autry,Bill Bavasi,"$500,000 in majors"
1996,"Ward, Duane",rhp,32,,CHN,CHN,0,1,1996,,,,,Tribune Co.,Ed Lynch,"$500,000 in majors"
1996,"Wilson, Trevor",lhp,30,,,CIN,0,1,1996,,,,,Marge Schott,Jim Bowden,"$375,000 in majors"
1996,"Bass, Kevin",of,37,Type C,BAL,dnp,,,,,,,,,,
1996,"Bielecki, Mike",rhp,36,Type C,CAL,dnp,,,,,,,,,,
1996,"Fletcher, Scott",2b,37,,DET,dnp,,,,,,,,,,
1996,"Harper, Brian",inf,36,,OAK,dnp,,,,,,,,,,
1996,"Henke, Tom",rhp,38,Type A,SLN,dnp,,,,,,,,,,
1996,"Johnson, Howard",of,35,,CHN,dnp,,,,,,,,,,
1996,"Maldonado, Candy",of,35,,TEX,dnp,,,,,,,,,,
1996,"Mattingly, Don",1b,35,Type B,NYA,dnp,,,,,,,,,,
1996,"Righetti, Dave",lhp,37,,CHA,dnp,,,,,,,,,,
1996,"Russell, Jeff",rhp,34,Type B,TEX,dnp,,,,,,,,,,
1996,"Stubbs, Franklin",1b,35,,DET,dnp,,,,,,,,,,
1996,"Van Slyke, Andy",of,35,Type C,PHI,dnp,,,,,,,,,,
1996,"Wegman, Bill",rhp,33,Type B,MIL,dnp,,,,,,,,,,
1996,"Whitaker, Lou",2b,39,Type A,DET,dnp,,,,,,,,,,
1996,"Winfield, Dave",of,44,,CLE,dnp,,,,,,,,,,
1995,"Walker, Larry",of,28,Type A,MON,COL,4,22494382,1995-98,club,,5623595,SFX,Jerry McMorris,Bob Gebhard,
1995,"Jefferies, Gregg",lf,27,Type A,SLN,PHI,4,20000000,1995-98,club,,5000000,ACES,Bill Giles,Lee Thomas,
1995,"Buhner, Jay",of,30,Type A,SEA,SEA,3,15500000,1995-97,-,,5166667,Hendricks Sports,Nintendo/America,Woody Woodward,
1995,"Swift, Bill",rhp,33,Type A,SFN,COL,3,13100000,1995-97,-,,4366666,Craig Fenech,Jerry McMorris,Bob Gebhard,
1995,"Jackson, Danny",lhp-s,33,Type A,PHI,SLN,3,10800000,1995-97,-,,3600000,Ron Shapiro,Anheuser-Busch,Walt Jocketty,
1995,"Blauser, Jeff",ss,29,Type A,ATL,ATL,3,10000000,1995-97,-,,3333333,Boras Corp.,Ted Turner,John Schuerholz,
1995,"Gross, Kevin",rhp-s,34,Type A,LAN,TEX,2,6000000,1995-96,-,,3000000,Tony Attanasio,TSchieffer / ERose,Doug Melvin,
1995,"Franco, John",lhp,34,Type B,NYN,NYN,2,5000000,1995-96,-,,2500000,Dennis Gilbert,Wilpon/Doubleday,Joe McIlvaine,
1995,"Roberts, Bip",inf,31,Type B,SDN,SDN,2,4800000,1995-96,-,,2400000,Boras Corp.,Tom Werner,Randy Smith,
1995,"Brown, Kevin",rhp-s,30,Type A,TEX,BAL,1,4225000,1995,-,,4225000,Boras Corp.,Peter Angelos,Roland Hemond,
1995,"Grace, Mark",1b,31,Type A,CHN,CHN,1,4050000,1995,-,,4050000,Barry Axelrod,Tribune Co.,Ed Lynch,
1995,"Smith, Lee",rhp,37,Type A,BAL,CAL,2,4000000,1995-96,-,,2000000,Bronner/Gilhooley,Gene Autry,Bill Bavasi,
1995,"Eckersley, Dennis",rhp-c,40,Type A,OAK,OAK,1,2450000,1995,vesting,,2450000,Ed Keating,Walter Haas Jr.,Sandy Alderson,
1995,"Butler, Brett",of,38,Type A,LAN,NYN,1,2000000,1995,-,,2000000,Richard Moss,Wilpon/Doubleday,Joe McIlvaine,
1995,"Macfarlane, Mike",c,31,Type A,KCA,BOS,1,1875000,1995,-,,1875000,Jeff Moorad,JRY Trust,Dan Duquette,
1995,"Plesac, Dan",lhp,33,,CHN,PIT,1,1800000,1995,,,1800000,Tom Selakovich,Pittsburgh Assocs.,Cam Bonifay,
1995,"Stottlemyre, Todd",rhp-s,30,Type B,TOR,OAK,1,1800000,1995,,,1800000,Tony Attanasio,Walter Haas Jr.,Sandy Alderson,
1995,"McLemore, Mark",2b,30,Type B,BAL,TEX,2,1700000,1995-96,,,1700000,Tony Attanasio,TSchieffer / ERose,Doug Melvin,
1995,"Femin, Felix",ss,31,Type B,SEA,SEA,2,1700000,1995-96,,,850000,,Nintendo/America,Woody Woodward,
1995,"Baines, Harold",of-dh,36,Type A,BAL,BAL,1,1600000,1995,,,1600000,Jack Sands,Peter Angelos,Roland Hemond,
1995,"Witt, Bobby",rhp-s,31,Type B,OAK,FLA,1,1600000,1995,,,1600000,Alan Nero,Wayne Huizenga,Dave Dombrowski,
1995,"Henke, Tom",rhp,37,Type A,TEX,SLN,1,1500000,1995,,,1500000,Craig Fenech,Anheuser-Busch,Walt Jocketty,
1995,"Pendleton, Terry",3b,34,Type A,ATL,FLA,1,1500000,1995,club,,1500000,Bronner/Gilhooley,Wayne Huizenga,Dave Dombrowski,
1995,"Tewksbury, Bob",rhp-s,34,Type A,SLN,TEX,1,1500000,1995,,,1500000,Joe Bick,TSchieffer / ERose,Doug Melvin,
1995,"Wallach, Tim",3b,37,Type B,LAN,LAN,1,1500000,1995,,,1500000,Alan Meersand,Peter O'Malley,Fred Claire,
1995,"McCaskill, Kirk",rhp-s,34,Type C,CHA,CHA,2,1500000,1995-96,,,750000,Marvin Demoff,Jerry Reinsdorf,Ron Schueler,
1995,"Hershiser, Orel",rhp-s,36,Type B,LAN,CLE,1,1450000,1995,,,1450000,Robert Fraley,Richard Jacobs,John Hart,
1995,"Gibson, Kirk",dh,38,,DET,DET,1,1300000,1995,,,1300000,Doug Baldwin,Mike Ilitch,Joe Klein,
1995,"Trammell, Alan",ss,37,Type A,DET,DET,1,1300000,1995,,,1300000,John Boggs,Mike Ilitch,Joe Klein,
1995,"Mulholland, Terry",lhp-s,32,Type C,NYA,SFN,1,1200000,1995,,,1200000,Joe Bick,Peter Magowan,Bob Quinn Sr.,
1995,"Boever, Joe",rhp,34,Type A,DET,DET,2,1150000,1995-96,,,575000,,Mike Ilitch,Joe Klein,
1995,"Valle, Dave",c,34,Type B,MIL,TEX,2,1100000,1995-96,,,550000,,TSchieffer / ERose,Doug Melvin,
1995,"Jones, Doug",rhp,38,Type A,PHI,BAL,1,1000000,1995,club,,1000000,,Peter Angelos,Roland Hemond,
1995,"Stewart, Dave",rhp-s,38,Type B,TOR,OAK,1,1000000,1995,,,1000000,Tony Attanasio,Walter Haas Jr.,Sandy Alderson,
1995,"Berryhill, Damon",c,31,Type B,BOS,CIN,2,1000000,1995-96,,,500000,Alan Meersand,Marge Schott,Jim Bowden,
1995,"Ontiveros, Steve",rhp-s,34,Type A,OAK,OAK,1,900000,1995,,,900000,,Walter Haas Jr.,Sandy Alderson,agreed to salary arbitration
1995,"Browne, Jerry",2b,29,Type B,FLA,FLA,1,850000,1995,,,850000,Boras Corp.,Wayne Huizenga,Dave Dombrowski,
1995,"Devereaux, Mike",of,32,Type B,BAL,CHA,1,800000,1995,,,800000,Reynolds Sports,Jerry Reinsdorf,Ron Schueler,
1995,"Assenmacher, Paul",lhp,34,Type A,CHA,CLE,1,787000,1995,,,787000,Bronner/Gilhooley,Richard Jacobs,John Hart,
1995,"Jackson, Mike",rhp,30,Type A,SFN,CIN,1,750000,1995,,,750000,,Marge Schott,Jim Bowden,
1995,"Nokes, Matt",c,31,Type C,NYA,BAL,1,750000,1995,,,750000,,Peter Angelos,Roland Hemond,
1995,"Smith, Pete",rhp,29,,NYN,CIN,1,750000,1995,,,750000,,Marge Schott,Jim Bowden,
1995,"Gubicza, Mark",rhp-s,32,Type B,KCA,KCA,1,650000,1995,,,650000,Ron Shapiro,Gtr KC Foundation,Herk Robinson,
1995,"DeLeon, Jose",rhp,34,Type A,CHA,CHA,1,600000,1995,,,600000,Reich Katz Landis,Jerry Reinsdorf,Ron Schueler,
1995,"Winfield, Dave",of,43,,CLE,CLE,1,600000,1995,,,600000,Jeff Klein,Richard Jacobs,John Hart,
1995,"Hudler, Rex",inf-of,34,,CAL,CAL,2,600000,1995-96,,,300000,Arn Tellem,Gene Autry,Bill Bavasi,
1995,"Bankhead, Scott",rhp,31,Type B,NYA,NYA,1,550000,1995,,,550000,Ron Shapiro,Geo Steinbrenner,Gene Michael,
1995,"Dawson, Andre",rf,40,,BOS,FLA,1,550000,1995,,,550000,Richard Moss,Wayne Huizenga,Dave Dombrowski,
1995,"Tettleton, Mickey",of,34,Type A,DET,TEX,1,550000,1995,,,550000,Tony Attanasio,TSchieffer / ERose,Doug Melvin,
1995,"Thompson, Milt",of,36,Type C,HOU,HOU,1,525000,1995,,,525000,,Drayton McLane,Bob Watson,
1995,"Russell, Jeff",rhp,33,Type A,CLE,TEX,1,500000,1995,,,500000,Hendricks Sports,TSchieffer / ERose,Doug Melvin,
1995,"Orosco, Jesse",lhp,38,Type A,MIL,BAL,1,400000,1995,club,,400000,Alan Meersand,Peter Angelos,Roland Hemond,
1995,"Borders, Pat",c,32,Type B,TOR,KCA,1,310000,1995,,,310000,Joe Maenza,Gtr KC Foundation,Herk Robinson,
1995,"James, Chris",of,32,Type C,TEX,KCA,1,310000,1995,,,310000,Hendricks Sports,Gtr KC Foundation,Herk Robinson,
1995,"Darwin, Danny",rhp,39,Type A,BOS,TOR,1,300000,1995,,,300000,Hendricks Sports,Labatt Brewing,Gord Ash,
1995,"Perry, Gerald",1b,34,Type C,SLN,SLN,1,295000,1995,,,295000,,Anheuser-Busch,Walt Jocketty,
1995,"Krueger, Bill",lhp,37,,SDN,SDN,1,230000,1995,,,230000,Doug Baldwin,Tom Werner,Randy Smith,
1995,"Valenzuela, Fernando",lhp-s,34,,PHI,SDN,1,200000,1995,,,200000,Richard Moss,Tom Werner,Randy Smith,
1995,"Andersen, Larry",rhp,42,Type A,PHI,PHI,0,1,1995,,,,Hendricks Sports,Bill Giles,Lee Thomas,"$200,000 in majors"
1995,"Cadaret, Greg",lhp,33,,DET,OAK,0,1,1995,,,,,Walter Haas Jr.,Sandy Alderson,"$175,000 in majors"
1995,"Charlton, Norm",lhp,32,Type A,PHI,PHI,0,1,1995,,,,Hendricks Sports,Bill Giles,Lee Thomas,"$400,000 in majors"
1995,"Cox, Danny",rhp-s,35,Type A,TOR,TOR,0,1,1995,,,,Eric Goldschmidt,Labatt Brewing,Gord Ash,"$600,000 in majors"
1995,"Deshaies, Jim",lhp,35,,MIN,PHI,0,1,1995,,,,,Bill Giles,Lee Thomas,
1995,"Gaetti, Gary",3b,36,Type A,KCA,KCA,0,1,1995,,,,Bronner/Gilhooley,Gtr KC Foundation,Herk Robinson,"$700,000 in majors"
1995,"Gallagher, Dave",of,34,,ATL,PHI,0,1,1995,,,,,Bill Giles,Lee Thomas,
1995,"Gallego, Mike",inf,34,Type A,NYA,OAK,0,1,1995,,,,Bronner/Gilhooley,Walter Haas Jr.,Sandy Alderson,"$300,000 in majors"
1995,"Gonzales, Rene",inf,34,,CLE,CAL,0,1,1995,,,,Dennis Gilbert,Gene Autry,Bill Bavasi,"$225,000 in majors"
1995,"Hesketh, Joe",lhp,36,Type B,BOS,NYA,0,1,1995,,,,Bronner/Gilhooley,Geo Steinbrenner,Gene Michael,"$300,000 in majors"
1995,"Higuera, Teddy",lhp-s,37,,MIL,SDN,0,1,1995,,,,,Tom Werner,Randy Smith,"$275,000 in majors"
1995,"Honeycutt, Rick",lhp,41,,TEX,OAK,0,1,1995,,,,,Walter Haas Jr.,Sandy Alderson,"$200,000 in majors"
1995,"Maddux, Mike",rhp,33,Type B,NYN,PIT,0,1,1995,,,,,Pittsburgh Assocs.,Cam Bonifay,"$200,000 in majors"
1995,"Murphy, Rob",lhp,35,Type B,NYA,LAN,0,1,1995,,,,,Peter O'Malley,Fred Claire,"$250,000 in majors"
1995,"Pall, Donn",rhp,33,Type C,CHN,CHA,0,1,1995,,,,,Jerry Reinsdorf,Ron Schueler,"$400,000 in majors"
1995,"Parrish, Lance",c,39,,PIT,KCA,0,1,1995,,,,Reich Katz Landis,Gtr KC Foundation,Herk Robinson,"$250,000 in majors"
1995,"Pena, Tony",c,38,,CLE,CLE,0,1,1995,,,,Reich Katz Landis,Richard Jacobs,John Hart,"$450,000 in majors"
1995,"Samuel, Juan",inf-of,34,,DET,DET,0,1,1995,,,,,Mike Ilitch,Joe Klein,"$325,000 in majors"
1995,"Sanderson, Scott",rhp-s,38,,CHA,CAL,0,1,1995,,,,Richard Moss,Gene Autry,Bill Bavasi,
1995,"Surhoff, B.J.",c,30,Type B,MIL,MIL,0,1,1995,,,,Octagon,Bud Selig,Sal Bando,
1995,"Webster, Mitch",of,36,,LAN,LAN,0,1,1995,,,,,Peter O'Malley,Fred Claire,"$250,000 in majors"
1995,"Welch, Bob",rhp-s,38,,OAK,OAK,0,1,1995,,,,Bob Teaff,Walter Haas Jr.,Sandy Alderson,"$225,000 in majors"
1995,"Williamson, Mark",rhp,35,Type C,BAL,TEX,0,1,1995,,,,,TSchieffer / ERose,Doug Melvin,"$215,000 in majors"
1995,"Franco, Julio",dh,36,Type A,CHA,NPB,1,3500000,1995,,,,,,,signed by Lotte Marines
1995,"Incaviglia, Pete",of,31,Type B,PHI,NBP,1,2000000,1995,,,,Tony Attanasio,,,signed by Lotte Marines
1995,"Jackson, Darrin",of,31,Type B,CHA,NPB,1,3500000,1995,,,,Alan Meersand,,,signed by Seibu Lions
1995,"Mack, Shane",of,31,,MIN,NPB,2,8100000,1995-96,,,,Eric Goldschmidt,,,signed by Tokyo Giants of Japan
1995,"Mitchell, Kevin",of,33,Type A,CIN,NPB,1,4500000,1995,,,,Joe Sroba,,,signed by Daiei Hawks
1995,"Aquino, Luis",rhp,31,Type B,FLA,dnp,,,,,,,,,,
1995,"Bass, Kevin",of,36,Type B,HOU,dnp,,,,,,,,,,
1995,"Belcher, Tim",rhp-s,33,Type B,DET,dnp,,,,,,,,,,
1995,"Boston, Daryl",of,32,,NYA,dnp,,,,,,,,,,
1995,"Bream, Sid",1b,34,,HOU,dnp,,,,,,,,,,
1995,"Brunansky, Tom",of,34,,BOS,dnp,,,,,,,,,,
1995,"Coleman, Vince",of,33,,KCA,dnp,,,,,,,,,,
1995,"Crim, Chuck",rhp,33,,CHN,dnp,,,,,,,,,,
1995,"Davis, Eric",of,33,,DET,dnp,,,,,,,,,,
1995,"Davis, Storm",rhp,33,Type B,DET,dnp,,,,,,,,,,
1995,"Duncan, Mariano",2b,32,Type B,PHI,dnp,,,,,,,,,,
1995,"Farr, Steve",rhp,38,,BOS,dnp,,,,,,,,,,
1995,"Felder, Mike",of,33,,HOU,dnp,,,,,,,,,,
1995,"Foley, Tom",inf,35,,PIT,dnp,,,,,,,,,,
1995,"Gibson, Paul",lhp,35,,MIL,dnp,,,,,,,,,,
1995,"Gooden, Dwight",rhp-s,30,Type B,NYN,dnp,,,,,,,,,,
1995,"Gullickson, Bill",rhp-s,36,,DET,dnp,,,,,,,,,,
1995,"Harper, Brian",c,35,Type A,MIL,dnp,,,,,,,,,,
1995,"Hough, Charlie",rhp-s,47,Type B,FLA,dnp,,,,,,,,,,
1995,"Howell, Jay",rhp,39,Type B,TEX,dnp,,,,,,,,,,
1995,"Hulett, Tim",inf,35,,BAL,dnp,,,,,,,,,,
1995,"Jackson, Bo",of-dh,32,Type C,CAL,dnp,,,,,,,,,,
1995,"Johnson, Howard",of,34,,COL,dnp,,,,,,,,,,
1995,"Jordan, Ricky",1b,30,,PHI,dnp,,,,,,,,,,
1995,"Kruk, John",1b,34,Type A,PHI,dnp,,,,,,,,,,
1995,"Lee, Manuel",ss,30,,TEX,dnp,,,,,,,,,,
1995,"Magadan, Dave",3b,32,Type B,FLA,dnp,,,,,,,,,,
1995,"Maldonado, Candy",of,34,,CLE,dnp,,,,,,,,,,
1995,"McClendon, Lloyd",of,36,,PIT,dnp,,,,,,,,,,
1995,"McDowell, Oddibe",of,32,,TEX,dnp,,,,,,,,,,
1995,"McReynolds, Kevin",of,35,Type C,NYN,dnp,,,,,,,,,,
1995,"Melvin, Bob",c,33,,CHA,dnp,,,,,,,,,,
1995,"Pasqua, Dan",of,33,,CHA,dnp,,,,,,,,,,
1995,"Ready, Randy",inf,35,,PHI,dnp,,,,,,,,,,
1995,"Redus, Gary",of,38,Type C,TEX,dnp,,,,,,,,,,
1995,"Reed, Jody",2b,32,,MIL,dnp,,,,,,,,,,
1995,"Rivera, Luis",ss,31,,NYN,dnp,,,,,,,,,,
1995,"Santiago, Benito",c,30,Type A,FLA,dnp,,,,,,,,,,
1995,"Schofield, Dick",ss,32,,TOR,dnp,,,,,,,,,,
1995,"Smith, Lonnie",of,39,,BAL,dnp,,,,,,,,,,
1995,"Smith, Zane",lhp-s,34,Type B,DET,dnp,,,,,,,,,,
1995,"Sutcliffe, Rick",rhp-s,39,Type C,SLN,dnp,,,,,,,,,,
1995,"Van Slyke, Andy",of,34,Type B,PIT,dnp,,,,,,,,,,
1995,"Viola, Frank",lhp-s,35,Type C,BOS,dnp,,,,,,,,,,
1994,"Palmeiro, Rafael",1b,29,Type A,TEX,BAL,5,30350000,1994-98,,,6070000,Bronner/Gilhooley,Peter Angelos,Roland Hemond,$8 million deferred without interest
1994,"Clark, Will",1b,30,Type A,SFN,TEX,5,30000000,1994-98,,,6000000,Jeff Moorad,GWBush / ERose,Tom Grieve,
1994,"Galarraga, Andres",1b,33,Type A,COL,COL,4,12000000,1994-97,,,3000000,Bronner/Gilhooley,Jerry McMorris,Bob Gebhard,
1994,"Thompson, Robby",2b,32,Type A,SFN,SFN,3,12000000,1994-96,,,3000000,Jim Hammond,Peter Magowan,Bob Quinn Sr.,
1994,"Portugal, Mark",rhp,31,Type A,HOU,SFN,3,11000000,1994-96,,,3666667,Meister Sports,Peter Magowan,Bob Quinn Sr.,
1994,"Raines, Tim",of,34,Type A,CHA,CHA,3,11000000,1994-96,,,3666667,Reich Katz Landis,Jerry Reinsdorf,Ron Schueler,
1994,"Martinez, Dennis",rhp-s,40,Type A,MON,CLE,2,9000000,1994-95,,,4500000,Ron Shapiro,Richard Jacobs,John Hart,
1994,"Burks, Ellis",of,29,Type A,CHA,COL,3,9000000,1994-96,,,3000000,Jim Turner,Jerry McMorris,Bob Gebhard,
1994,"Fernandez, Sid",lhp-s,31,Type A,NYN,BAL,3,9000000,1994-96,,,3000000,Tom Selakovich,Peter Angelos,Roland Hemond,
1994,"Henderson, Rickey",of,35,Type A,TOR,OAK,2,8600000,1994-95,,,4300000,Dennis Gilbert,Walter Haas Jr.,Sandy Alderson,
1994,"Wells, David",lhp,31,Type C,DET,DET,3,7500000,1994-96,,,2500000,Gregg Clifton,Mike Ilitch,Joe Klein,
1994,"Nixon, Otis",cf,35,Type B,ATL,BOS,2,7000000,1994-95,,,3500000,Joe Sroba,JRY Trust,Gorman/Duquette,
1994,"Belcher, Tim",rhp,32,Type A,CHA,DET,1,3400000,1994,,,3400000,Boras Corp.,Mike Ilitch,Joe Klein,
1994,"Murray, Eddie",1b,38,Type A,NYN,CLE,1,3000000,1994,,,3000000,Ron Shapiro,Richard Jacobs,John Hart,
1994,"Polonia, Luis",of,30,Type C,CAL,NYA,2,3000000,1994-95,,,1500000,Elliott Vallin,Geo Steinbrenner,Gene Michael,
1994,"Weiss, Walt",ss,30,Type B,FLA,COL,2,2200000,1994-95,,,1100000,Bronner/Gilhooley,Jerry McMorris,Bob Gebhard,
1994,"Johnson, Howard",3b,33,Type B,NYN,COL,1,2100000,1994,,,2100000,Jim Krivacs,Jerry McMorris,Bob Gebhard,
1994,"Sabo, Chris",3b,32,Type B,CIN,BAL,1,2000000,1994,,,2000000,Bronner/Gilhooley,Peter Angelos,Roland Hemond,
1994,"Baines, Harold",of,35,Type A,BAL,BAL,1,1800000,1994,,,1800000,Jack Sands,Peter Angelos,Roland Hemond,
1994,"Gibson, Kirk",of,37,,DET,DET,1,1500000,1994,,,1500000,Doug Baldwin,Mike Ilitch,Joe Klein,
1994,"Roberts, Bip",2b,30,Type A,CIN,SDN,1,1500000,1994,,,1500000,Boras Corp.,Tom Werner,Randy Smith,
1994,"Smith, Lee",rhp-c,36,Type A,NYA,BAL,1,1500000,1994,,,1500000,Bronner/Gilhooley,Peter Angelos,Roland Hemond,
1994,"Eisenreich, Jim",of,35,Type B,PHI,PHI,1,1400000,1994,,,1400000,Ron Simon,Bill Giles,Lee Thomas,
1994,"Valle, Dave",cf,33,Type A,SEA,BOS,1,1200000,1994,,,1200000,,JRY Trust,Gorman/Duquette,
1994,"Javier, Stan",of,30,,CAL,OAK,2,1200000,1994-95,,,600000,,Walter Haas Jr.,Sandy Alderson,
1994,"Seitzer, Kevin",3b,32,Type A,MIL,MIL,2,1200000,1994,,,600000,Bronner/Gilhooley,Bud Selig,Sal Bando,
1994,"O'Brien, Charlie",c,34,Type C,NYN,ATL,2,1100000,1994-95,,,550000,Dennis Gilbert,Ted Turner,John Schuerholz,
1994,"Franco, Julio",inf,35,Type B,TEX,CHA,1,1000000,1994,,,1000000,Chuck Berry,Jerry Reinsdorf,Ron Schueler,
1994,"Jackson, Bo",of,31,,CHA,CAL,1,1000000,1994,,,1000000,Arn Tellem,Gene Autry,WHerzog/BBavasi,
1994,"Honeycutt, Rick",lhp,40,Type B,OAK,TEX,1,900000,1994,,,900000,George Kalafatis,GWBush / ERose,Tom Grieve,
1994,"Aldrete, Mike",of,33,,OAK,OAK,2,860000,1994-95,,,430000,Ray Anderson,Walter Haas Jr.,Sandy Alderson,
1994,"Howell, Jay",rhp,38,Type A,ATL,TEX,1,805000,1994,,,805000,Richard Moss,GWBush / ERose,Tom Grieve,
1994,"Cox, Danny",rhp-s,34,Type B,TOR,TOR,1,800000,1994,,,800000,Eric Goldschmidt,Labatt Brewing,Pat Gillick,
1994,"Davis, Storm",rhp,32,Type B,DET,DET,1,800000,1994,,,800000,Ron Shapiro,Mike Ilitch,Joe Klein,
1994,"Hough, Charlie",rhp,46,Type C,FLA,FLA,1,800000,1994,,,800000,Tony Attanasio,Wayne Huizenga,Dave Dombrowski,
1994,"Henderson, Dave",of,35,,OAK,KCA,1,750000,1994,,,750000,Richie Bry,Gtr KC Foundation,Herk Robinson,
1994,"Browne, Jerry",2b,28,Type B,OAK,FLA,1,650000,1994,,,650000,Boras Corp.,Wayne Huizenga,Dave Dombrowski,
1994,"Perry, Gerald",1b,33,,SLN,SLN,1,650000,1994,,,650000,Jim Turner,Anheuser-Busch,Dal Maxvill,
1994,"Deshaies, Jim",lhp,34,,SFN,MIN,1,575000,1994,,,575000,,Carl Pohlad,Andy MacPhail,
1994,"Gubicza, Mark",rhp-s,31,Type B,KCA,KCA,1,550000,1994,,,550000,Ron Shapiro,Gtr KC Foundation,Herk Robinson,
1994,"Hulett, Tim",2b,34,Type C,BAL,BAL,1,550000,1994,,,550000,,Peter Angelos,Roland Hemond,
1994,"Eichhorn, Mark",rhp,33,Type A,TOR,BAL,1,500000,1994,,,500000,Jim Neader,Peter Angelos,Roland Hemond,
1994,"Power, Ted",rhp,39,Type A,SEA,SEA,1,500000,1994,,,500000,Jim Turner,Nintendo/America,Woody Woodward,
1994,"Thigpen, Bobby",rhp,30,,PHI,SEA,1,450000,1994,,,450000,Alan Nero,Nintendo/America,Woody Woodward,
1994,"Nunez, Ed",rhp,31,Type C,OAK,OAK,0,430000,1994,,,430000,,Walter Haas Jr.,Sandy Alderson,
1994,"Rivera, Luis",ss,30,,BOS,NYN,1,425000,1994,,,425000,,Wilpon/Doubleday,Joe McIlvaine,
1994,"Bass, Kevin",of,35,Type B,HOU,HOU,1,400000,1994,,,400000,Reich Katz Landis,Drayton McLane,Bob Watson,
1994,"Lefferts, Craig",lhp,36,Type B,TEX,CAL,1,400000,1994,,,400000,Steve Comte,Gene Autry,WHerzog/BBavasi,
1994,"Bream, Sid",1b,33,Type C,ATL,HOU,1,300000,1994,,,300000,Michael Moye,Drayton McLane,Bob Watson,
1994,"Anderson, Larry",rhp,41,Type A,PHI,PHI,0,1,1994,,,,,Bill Giles,Lee Thomas,"$350,000 in majors"
1994,"Boston, Daryl",of,31,Type B,COL,NYA,0,1,1994,,,,Stephen Zucker,Geo Steinbrenner,Gene Michael,"$400,000 in majors"
1994,"Brooks, Hubie",of,37,,KCA,KCA,0,1,1994,,,,Jim Turner,Gtr KC Foundation,Herk Robinson,"$350,000 in majors"
1994,"Cadaret, Greg",lhp,32,,KCA,TOR,0,1,1994,,,,,Labatt Brewing,Pat Gillick,"$550,000 in majors"
1994,"Cotto, Henry",of,33,,FLA,BAL,0,1,1994,,,,,Peter Angelos,Roland Hemond,"$400,000 in majors"
1994,"Dopson, John",rhp,30,,BOS,CAL,0,1,1994,,,,Ron Shapiro,Gene Autry,WHerzog/BBavasi,"$400,000 in majors"
1994,"Farr, Steve",rhp,37,Type A,NYA,CLE,0,1,1994,,,,Richard Moss,Richard Jacobs,John Hart,"$900,000 in majors"
1994,"Gaetti, Gary",3b,35,Type C,KCA,KCA,0,1,1994,,,,Bronner/Gilhooley,Gtr KC Foundation,Herk Robinson,"$109,000 in majors"
1994,"Gonzales, Rene",3b,33,Type B,CAL,BAL,0,1,1994,,,,Dennis Gilbert,Peter Angelos,Roland Hemond,"$350,000 in majors"
1994,"Harper, Brian",c,34,Type A,MIN,MIL,0,1,1994,,,,Nick Lampros,Bud Selig,Sal Bando,$1 million in majors
1994,"Hurst, Bruce",lhp,36,Type C,COL,TEX,0,1,1994,,,,Nick Lampros,GWBush / ERose,Tom Grieve,"$600,000 in majors"
1994,"Ojeda, Bob",lhp,36,,CLE,NYA,0,1,1994,,,,Ron Shapiro,Geo Steinbrenner,Gene Michael,"$350,000 in majors"
1994,"Ortiz, Junior",cf,34,,CLE,CLE,0,1,1994,,,,Ray Negron,Richard Jacobs,John Hart,"$350,000 in majors"
1994,"Pena, Tony",c,37,Type B,BOS,CLE,0,1,1994,,,,Reich Katz Landis,Richard Jacobs,John Hart,"$400,000 in majors"
1994,"Rasmussen, Dennis",lhp,35,,KCA,SFN,0,1,1994,,,,Jerry Kapstein,Peter Magowan,Bob Quinn Sr.,"$125,000 in majors"
1994,"Ready, Randy",2b,34,,MON,MON,0,1,1994,,,,Brian David,Claude Brochu,Duquette/Malone,"$350,000 in majors"
1994,"Reed, Jody",2b,31,Type A,LAN,MIL,0,1,1994,,,,J.D. Dowell,Bud Selig,Sal Bando,"$350,000 in majors"
1994,"Reynolds, Harold",2b,33,Type A,BAL,SDN,0,1,1994,,,,Jim Krivacs,Tom Werner,Randy Smith,"$230,000 in majors"
1994,"Samuel, Juan",2b,33,,CIN,DET,0,1,1994,,,,Jim Turner,Mike Ilitch,Joe Klein,"$300,000 in majors"
1994,"Smith, Lonnie",lf,38,Type B,BAL,BAL,0,1,1994,,,,Richard Moss,Peter Angelos,Roland Hemond,"$750,000 in majors"
1994,"Sutcliffe, Rick",rhp-s,38,Type B,BAL,SLN,0,1,1994,,,,Barry Axelrod,Anheuser-Busch,Dal Maxvill,"$250,000 in majors"
1994,"Treadway, Jeff",2b,31,,CLE,LAN,0,1,1994,,,,,Peter O'Malley,Fred Claire,"$500,000 in majors"
1994,"Calderon, Ivan",of,32,,CHA,dnp,,,1994,,,,Jaime Torres,,,
1994,"DeLeon, Jose",rhp,33,Type B,CHA,dnp,,,1994,,,,Reich Katz Landis,,,
1994,"Fernandez, Tony",ss,32,Type A,TOR,dnp,,,1994,,,,Reich Katz Landis,,,
1994,"Gossage, Rich",rhp,42,,OAK,dnp,,,1994,,,,Tony Attanasio,,,
1994,"Griffin, Alfredo",ss,36,,TOR,dnp,,,1994,,,,Hendricks Sports,,,
1994,"Guetterman, Lee",lhp,35,,SLN,dnp,,,1994,,,,,,,
1994,"Lancaster, Les",rhp,32,,SLN,dnp,,,1994,,,,Tommy Tanzer,,,
1994,"Leary, Tim",rhp-s,35,,SEA,dnp,,,1994,,,,Dennis Gilbert,,,
1994,"Leibrandt, Charlie",lhp-s,37,Type A,TEX,dnp,,,1994,,,,Steve Fehr,,,
1994,"Lyons, Steve",inf,34,,BOS,dnp,,,1994,,,,,,,
1994,"Petralli, Geno",c,34,,TEX,dnp,,,1994,,,,,,,
1994,"Reardon, Jeff",rhp,38,Type A,CIN,dnp,,,1994,,,,Hendricks Sports,,,
1994,"Riles, Ernest",3b,33,,BOS,dnp,,,1994,,,,,,,
1994,"Sanderson, Scott",rhp,37,Type B,SFN,dnp,,,1994,,,,Richard Moss,,,
1994,"Tanana, Frank",lhp,40,,NYA,dnp,,,1994,,,,Tony Attanasio,,,
1994,"Teufel, Tim",2b,35,Type C,SDN,dnp,,,1994,,,,Tony Attanasio,,,
1994,"Thon, Dickie",ss,36,Type C,MIL,dnp,,,1994,,,,Reich Katz Landis,,,
1994,"Uribe, Jose",ss,35,,HOU,dnp,,,1994,,,,Ray Negron,,,
1994,"Valenzuela, Fernando",lhp-s,33,,BAL,dnp,,,1994,,,,Richard Moss,,,
1994,"Walk, Bob",rhp-s,37,Type B,PIT,dnp,,,1994,,,,Gary Walker,,,
1994,"Witt, Mike",rhp,33,,NYA,dnp,,,1994,,,,Nick Lampros,,,
1994,"Yount, Robin",of,38,Type B,MIL,dnp,,,1994,,,,Larry Yount,,,
1993,"Bonds, Barry",lf,28,Type A,PIT,SFN,6,43750000,1993-98,,,7291667,Dennis Gilbert,Lurie / Magowan,Bob Quinn Sr.,
1993,"Puckett, Kirby",cf-rf,33,Type A,MIN,MIN,5,30000000,1993-97,,,6000000,Ron Shapiro,Carl Pohlad,Andy MacPhail,
1993,"Maddux, Greg",rhp-s,27,Type A,CHN,ATL,5,28000000,1993-97,,,5600000,Boras Corp.,Ted Turner,John Schuerholz,
1993,"McGwire, Mark",1b,29,Type A,OAK,OAK,5,28000000,1993-97,,,5600000,Robert Cohen,Walter Haas Jr.,Sandy Alderson,
1993,"Sierra, Ruben",rf,27,Type A,OAK,OAK,5,28000000,1993-97,,,5600000,Bob Wolff,Walter Haas Jr.,Sandy Alderson,
1993,"Carter, Joe",lf-rf,33,Type A,TOR,TOR,3,19500000,1993-95,,,6500000,Jim Turner,Labatt Brewing,Pat Gillick,
1993,"Drabek, Doug",rhp-s,30,Type A,PIT,HOU,4,19500000,1993-96,,,4875000,Hendricks Sports,Drayton McLane,Bill Wood,
1993,"Smiley, John",lhp,28,Type A,MIN,CIN,4,18400000,1993-96,,,4600000,Hendricks Sports,Marge Schott,Jim Bowden,
1993,"Key, Jimmy",lhp-s,32,Type A,TOR,NYA,4,17000000,1993-96,,,4250000,Hendricks Sports,Geo Steinbrenner,Gene Michael,
1993,"Swindell, Greg",lhp-s,28,Type A,CIN,HOU,4,17000000,1993-96,,,4250000,Hendricks Sports,Drayton McLane,Bill Wood,
1993,"Bosio, Chris",rhp-s,30,Type A,MIL,SEA,4,15250000,1993-96,,,3812500,,Nintendo/America,Woody Woodward,
1993,"Guzman, Jose",rhp-s,30,Type A,TEX,CHN,4,14350000,1993-96,,,3587500,Meister Sports,Tribune Co.,Larry Himes,
1993,"Steinbach, Terry",c,31,Type A,OAK,OAK,4,14000000,1993-96,,,3500000,Charlie Sutton,Walter Haas Jr.,Sandy Alderson,
1993,"Molitor, Paul",dh-1b,36,Type A,MIL,TOR,3,13000000,1993-95,,,4333333,Ron Simon,Labatt Brewing,Pat Gillick,
1993,"Boggs, Wade",3b,35,Type A,BOS,NYA,3,11000000,1993-95,,,3666667,Alan Nero,Geo Steinbrenner,Gene Michael,
1993,"Moore, Mike",rhp-s,33,Type A,OAK,DET,3,10000000,1993-95,,,3333333,Ron Shapiro,Mike Ilitch,Jerry Walker,
1993,"Whitaker, Lou",2b,36,Type A,DET,DET,3,10000000,1993-95,,,3333333,Rick Brode,Mike Ilitch,Jerry Walker,
1993,"Worrell, Todd",rhp,33,Type B,SLN,LAN,3,9500000,1993-95,,,3166667,Richie Bry,Peter O'Malley,Fred Claire,
1993,"Dawson, Andre",rf,38,Type A,CHN,BOS,2,9300000,1993-94,,,4650000,Richard Moss,JRY Trust,Lou Gorman,
1993,"Henke, Tom",rhp,35,Type A,TOR,TEX,2,8505250,1993-94,,,4252625,Craig Fenech,GWBush / ERose,Tom Grieve,
1993,"Stewart, Dave",rhp-s,36,Type A,OAK,TOR,2,8500000,1993-94,,,4250000,Tony Attanasio,Labatt Brewing,Pat Gillick,
1993,"Cone, David",rhp-s,30,Type A,TOR,KCA,3,8000000,1993-95,,,2666667,Steve Fehr,Ewing Kauffman,Herk Robinson,
1993,"Darling, Ron",rhp-s,32,Type B,OAK,OAK,3,7500000,1993-95,,,2500000,Steve Kaufman,Walter Haas Jr.,Sandy Alderson,
1993,"Santiago, Benito",c,28,Type A,SDN,FLA,2,7200000,1993-94,,,3600000,Boras Corp.,Wayne Huizenga,Dave Dombrowski,
1993,"Gagne, Greg",ss,31,Type A,MIN,KCA,3,7000000,1993-95,,,2333333,Michael Moye,Ewing Kauffman,Herk Robinson,
1993,"Owen, Spike",ss,32,Type A,MON,NYA,3,7000000,1993-95,,,2333333,,Geo Steinbrenner,Gene Michael,
1993,"Myers, Randy",lhp,30,Type B,SDN,CHN,3,6000000,1993-95,,,200000,David Fishof,Tribune Co.,Larry Himes,
1993,"Winfield, Dave",rf,41,Type A,TOR,MIN,2,5200000,1993-94,,,2600000,Jeff Klein,Carl Pohlad,Andy MacPhail,
1993,"Gullickson, Bill",rhp-s,34,Type A,DET,DET,2,4600000,1993-94,,,2300000,Doug Baldwin,Mike Ilitch,Jerry Walker,
1993,"Smith, Ozzie",ss,38,Type A,SLN,SLN,1,4200000,1993,,,4200000,Dennis Gilbert,Anheuser-Busch,Dal Maxvill,
1993,"Howe, Steve",lhp,35,Type A,NYA,NYA,2,4200000,1993-94,,,2100000,Richard Moss,Geo Steinbrenner,Gene Michael,
1993,"Yount, Robin",cf,37,Type A,MIL,MIL,1,3530000,1993,,,3530000,Larry Yount,Bud Selig,Sal Bando,
1993,"Lee, Manuel",ss,28,Type B,TOR,TEX,2,3400000,1993-94,,,1700000,John Davimos,GWBush / ERose,Tom Grieve,
1993,"Maldonado, Candy",of,32,Type A,TOR,CHN,2,3400000,1993-94,,,1700000,Reich Katz Landis,Tribune Co.,Larry Himes,
1993,"Plesac, Dan",lhp,31,Type A,MIL,CHN,2,3200000,1993-94,,,1600000,Tom Selakovich,Tribune Co.,Larry Himes,
1993,"McDowell, Roger",rhp,32,Type B,LAN,LAN,2,3000000,1993-94,,,1500000,Ron Shapiro,Peter O'Malley,Fred Claire,
1993,"Snyder, Cory",rf,30,,SFN,LAN,2,3000000,1993-94,,,1500000,Jeff Moorad,Peter O'Malley,Fred Claire,
1993,"Thompson, Milt",of,34,Type B,SLN,PHI,2,2750000,1993-94,,,1375000,David Sloane,Bill Giles,Lee Thomas,
1993,"Bankhead, Scott",rhp-s,29,,CIN,BOS,2,2600000,1993-94,,,1300000,Ron Shapiro,JRY Trust,Lou Gorman,
1993,"Krueger, Bill",lhp,36,Type B,MON,DET,2,2500000,1993-94,,,1250000,Doug Baldwin,Mike Ilitch,Jerry Walker,
1993,"Incaviglia, Pete",of,30,Type B,HOU,PHI,2,2300000,1993-94,,,1150000,Tony Attanasio,Bill Giles,Lee Thomas,
1993,"Davis, Chili",of,34,Type A,MIN,CAL,1,2250000,1993,,,2250000,Reich Katz Landis,Gene Autry,Dan O'Brien,
1993,"Martinez, Dave",of,28,Type B,CIN,SFN,2,2200000,1993-94,,,1100000,Ron Shapiro,Lurie / Magowan,Bob Quinn Sr.,
1993,"Sutcliffe, Rick",rhp-s,37,Type B,BAL,BAL,1,2000000,1993,,,2000000,Barry Axelrod,Eli Jacobs,Roland Hemond,
1993,"Davis, Storm",rhp-s,31,Type C,BAL,OAK,2,1800000,1993-94,,,900000,Ron Shapiro,Walter Haas Jr.,Sandy Alderson,
1993,"Ojeda, Bob",lhp-s,35,Type C,LAN,CLE,1,1700000,1993,,,1700000,Ron Shapiro,Richard Jacobs,John Hart,
1993,"Felder, Mike",of,31,Type C,SFN,SEA,2,1700000,1993-94,,,850000,Eric Goldschmidt,Nintendo/America,Woody Woodward,
1993,"Reynolds, Harold",2b,32,Type B,SEA,BAL,1,1650000,1993,,,1650000,Jim Krivacs,Eli Jacobs,Roland Hemond,
1993,"Trammell, Alan",ss,35,Type A,DET,DET,1,1600000,1993,,,1600000,John Boggs,Mike Ilitch,Jerry Walker,
1993,"Magadan, Dave",1b,30,Type B,NYN,FLA,2,1600000,1993-94,,,800000,David Fishof,Wayne Huizenga,Dave Dombrowski,
1993,"Tanana, Frank",lhp-s,39,Type B,DET,NYN,1,1500000,1993,,,1500000,Tony Attanasio,Wilpon/Doubleday,Al Harazin,
1993,"Hatcher, Billy",of,32,,BOS,BOS,2,1400000,1993-94,,,700000,Jim Turner,JRY Trust,Lou Gorman,
1993,"Wilson, Willie",of,37,,OAK,CHN,2,1400000,1993-94,,,700000,Jack Sands,Tribune Co.,Larry Himes,
1993,"Pena, Alejandro",rhp,34,Type A,ATL,PIT,1,1350000,1993,,,1350000,Reich Katz Landis,Pittsburgh Assocs.,Ted Simmons,
1993,"Melvin, Bob",c,31,Type B,KCA,BOS,2,1350000,1993-94,,,675000,Doug Baldwin,JRY Trust,Lou Gorman,
1993,"Downs, Kelly",rhp,32,Type B,OAK,OAK,2,1300000,1993-94,,,650000,,Walter Haas Jr.,Sandy Alderson,
1993,"Gubicza, Mark",rhp-s,30,Type C,KCA,KCA,1,1290000,1993,,,1290000,Ron Shapiro,Ewing Kauffman,Herk Robinson,
1993,"Plunk, Eric",rhp,29,Type C,CLE,CLE,2,1250000,1993-94,,,625000,,Richard Jacobs,John Hart,
1993,"Lefferts, Craig",lhp,35,Type A,BAL,TEX,1,1200000,1993,,,1200000,Steve Comte,GWBush / ERose,Tom Grieve,
1993,"Fletcher, Scott",2b,34,Type C,MIL,BOS,2,1200000,1993-94,,,600000,Richie Bry,JRY Trust,Lou Gorman,
1993,"Webster, Mitch",of,34,,LAN,LAN,2,1200000,1993-94,,,600000,,Peter O'Malley,Fred Claire,
1993,"Baines, Harold",of,34,Type A,OAK,OAK,1,1100000,1993,,,1100000,Jack Sands,Walter Haas Jr.,Sandy Alderson,
1993,"Brunansky, Tom",rf,32,Type B,BOS,MIL,1,1100000,1993,,,1100000,Nick Lampros,Bud Selig,Sal Bando,
1993,"Davis, Eric",of,31,Type A,LAN,LAN,1,1000000,1993,,,1000000,Eric Goldschmidt,Peter O'Malley,Fred Claire,
1993,"Deshaires, Jim",lhp,33,,SDN,MIN,1,1000000,1993,,,1000000,,Carl Pohlad,Andy MacPhail,
1993,"Smith, Lonnie",of,37,Type A,ATL,PIT,1,1000000,1993,,,1000000,Richard Moss,Pittsburgh Assocs.,Ted Simmons,
1993,"Coles, Darnell",3b,31,,CIN,TOR,2,1000000,1993-94,,,500000,Jim Turner,Labatt Brewing,Pat Gillick,
1993,"Redus, Gary",1b,36,,PIT,TEX,2,1000000,1993-94,,,500000,Bronner/Gilhooley,GWBush / ERose,Tom Grieve,
1993,"Cotto, Henry",of,32,Type B,SEA,SEA,1,900000,1993,,,900000,,Nintendo/America,Woody Woodward,
1993,"Orosco, Jesse",lhp,36,Type B,MIL,MIL,1,900000,1993,,,900000,Alan Meersand,Bud Selig,Sal Bando,
1993,"Candelaria, John",lhp,39,Type C,PIT,PIT,1,760000,1993,,,760000,Reich Katz Landis,Pittsburgh Assocs.,Ted Simmons,
1993,"Honeycutt, Rick",lhp,39,Type B,OAK,OAK,1,725000,1993,,,725000,George Kalafatis,Walter Haas Jr.,Sandy Alderson,
1993,"Eichhorn, Mark",rhp,32,Type A,TOR,TOR,1,700000,1993,,,700000,Jim Neader,Labatt Brewing,Pat Gillick,
1993,"Murphy, Rob",lhp,33,,HOU,SLN,1,650000,1993,,,650000,Kim Stratos,Anheuser-Busch,Dal Maxvill,
1993,"Orsulak, Joe",of,31,Type B,BAL,NYN,1,650000,1993,,,650000,Ron Shapiro,Wilpon/Doubleday,Al Harazin,
1993,"Eisenreich, Jim",of,34,Type B,KCA,PHI,1,600000,1993,,,600000,Ron Simon,Bill Giles,Lee Thomas,
1993,"Galarraga, Andres",1b,32,,SLN,COL,1,600000,1993,,,600000,Bronner/Gilhooley,Jerry McMorris,Bob Gebhard,
1993,"Boston, Daryl",of,30,Type B,NYN,COL,1,550000,1993,,,550000,Stephen Zucker,Jerry McMorris,Bob Gebhard,
1993,"Bass, Kevin",of,34,Type B,NYN,HOU,1,500000,1993,,,500000,Reich Katz Landis,Drayton McLane,Bill Wood,
1993,"James, Chris",of,30,Type C,SFN,HOU,1,500000,1993,,,500000,Hendricks Sports,Drayton McLane,Bill Wood,
1993,"Russell, Jeff",rhp,31,Type A,OAK,BOS,1,500000,1993,,,500000,Hendricks Sports,JRY Trust,Lou Gorman,
1993,"Sanderson, Scott",rhp,36,Type B,NYA,CAL,1,500000,1993,,,500000,Richard Moss,Gene Autry,Dan O'Brien,
1993,"Uribe, Jose",ss,34,Type B,SFN,HOU,1,400000,1993,,,400000,Ray Negron,Drayton McLane,Bill Wood,
1993,"Scioscia, Mike",c,34,Type A,LAN,SDN,1,300000,1993,,,300000,Richie Phillips,Tom Werner,Joe McIlvaine,
1993,"Stieb, Dave",rhp-s,35,,TOR,CHA,1,300000,1993,,,300000,Bob LaMonte,Jerry Reinsdorf,Ron Schueler,
1993,"Lake, Steve",c,36,,PHI,CHN,1,275000,1993,,,275000,John Woods,Tribune Co.,Larry Himes,
1993,"Anderson, Dave",ss,32,Type C,LAN,SFN,1,250000,1993,,,250000,,Lurie / Magowan,Bob Quinn Sr.,
1993,"Ruffin, Bruce",rhp,29,,MIL,COL,1,225000,1993,,,225000,,Jerry McMorris,Bob Gebhard,
1993,"Seitzer, Kevin",3b,31,Type A,MIL,OAK,1,109000,1993,,,109000,Bronner/Gilhooley,Walter Haas Jr.,Sandy Alderson,
1993,"Andersen, Larry",rhp,40,Type A,SDN,PHI,0,1,1993,,,,Hendricks Sports,Bill Giles,Lee Thomas,"$700,000 in majors"
1993,"Backman, Wally",2b,33,,PHI,ATL,0,1,1993,,,,,Ted Turner,John Schuerholz,
1993,"Bielecki, Mike",rhp,33,,ATL,CLE,0,1,1993,,,,,Richard Jacobs,John Hart,$350000 in majors
1993,"Blyleven, Bert",rhp-s,42,,CAL,MIN,0,1,1993,,,,Richard Moss,Carl Pohlad,Andy MacPhail,"$350,000 in majors"
1993,"Brooks, Hubie",of,36,Type C,CAL,KCA,0,1,1993,,,,Jim Turner,Ewing Kauffman,Herk Robinson,"$250,000 in majors"
1993,"Burke, Tim",rhp,34,Type A,NYA,CIN,0,1,1993,,,,Reich Katz Landis,Marge Schott,Jim Bowden,"$400,000 in majors"
1993,"Bush, Randy",of,34,Type C,MIN,MIN,0,1,1993,,,,Bronner/Gilhooley,Carl Pohlad,Andy MacPhail,"$250,000 in majors"
1993,"Cox, Danny",rhp-s,33,,PIT,TOR,0,1,1993,,,,Eric Goldschmidt,Labatt Brewing,Pat Gillick,"$625,000 in majors"
1993,"DiPino, Frank",lhp,36,Type C,SLN,KCA,0,1,1993,,,,Bronner/Gilhooley,Ewing Kauffman,Herk Robinson,
1993,"Gedman, Rich",c,33,,SLN,OAK,0,1,1993,,,,Jack Sands,Walter Haas Jr.,Sandy Alderson,
1993,"Gonzales, Rene",3b,32,,CAL,CAL,0,1,1993,,,,Dennis Gilbert,Gene Autry,Dan O'Brien,"$750,000 in majors"
1993,"Gossage, Rich",rhp,41,Type B,OAK,OAK,0,1,1993,,,,Tony Attanasio,Walter Haas Jr.,Sandy Alderson,"$325,000 in majors"
1993,"Griffin, Alfredo",ss,35,,TOR,TOR,0,1,1993,,,,Hendricks Sports,Labatt Brewing,Pat Gillick,"$500,000 in majors"
1993,"Guetterman, Lee",lhp,34,,NYN,LAN,0,1,1993,,,,,Peter O'Malley,Fred Claire,"$600,000 in majors"
1993,"Hough, Charlie",rhp-s,45,,CHA,FLA,0,1,1993,,,,Tony Attanasio,Wayne Huizenga,Dave Dombrowski,"$800,000 in majors"
1993,"Howell, Jay",rhp,37,Type A,LAN,ATL,0,1,1993,,,,Richard Moss,Ted Turner,John Schuerholz,$1M in majors
1993,"Howell, Ken",rhp,32,,PHI,PHI,0,1,1993,,,,,Bill Giles,Lee Thomas,"$275,000 in majors"
1993,"Javier, Stan",of,29,,PHI,CAL,0,1,1993,,,,,Gene Autry,Dan O'Brien,"$600,000 in majors"
1993,"McClure, Bob",lhp,41,,SLN,FLA,0,1,1993,,,,Alan Meersand,Wayne Huizenga,Dave Dombrowski,"$200,000 in majors"
1993,"Murphy, Dale",of,37,Type B,PHI,PHI,0,1,1993,,,,Bruce Church,Bill Giles,Lee Thomas,"$275,000 in majors"
1993,"Ortiz, Junior",c,33,,CLE,CLE,0,1,1993,,,,Ray Negron,Richard Jacobs,John Hart,"$335,000 in majors"
1993,"Parrish, Lance",c,37,Type A,SEA,LAN,0,1,1993,,,,Reich Katz Landis,Peter O'Malley,Fred Claire,"$600,000 in majors"
1993,"Pettis, Gary",cf,35,,DET,OAK,0,1,1993,,,,Reynolds Sports,Walter Haas Jr.,Sandy Alderson,"$300,000 in majors"
1993,"Quirk, Jamie",c,38,,OAK,CIN,0,1,1993,,,,,Marge Schott,Jim Bowden,
1993,"Reardon, Jeff",rhp,37,Type B,ATL,CIN,0,1,1993,,,,Hendricks Sports,Marge Schott,Jim Bowden,"$500,000 in majors"
1993,"Reed, Jeff",c,30,Type B,CIN,SFN,0,1,1993,,,,,Lurie / Magowan,Bob Quinn Sr.,"$325,000 in majors"
1993,"Robinson, Jeff D.",rhp,32,,CHN,CHN,0,1,1993,,,,,Tribune Co.,Larry Himes,
1993,"Russell, John",c,32,,TEX,TEX,0,1,1993,,,,,GWBush / ERose,Tom Grieve,"$170,000 in majors"
1993,"Schofield, Dick",ss,30,Type A,NYN,TOR,0,1,1993,,,,Dan Grigsby,Labatt Brewing,Pat Gillick,
1993,"Smith, Bryn",rhp,37,Type C,SLN,COL,0,1,1993,,,,Bronner/Gilhooley,Jerry McMorris,Bob Gebhard,"$250,000 in majors"
1993,"Smith, Dave",rhp,38,,CHN,CHN,0,1,1993,,,,Hendricks Sports,Tribune Co.,Larry Himes,"$250,000 in majors"
1993,"Sveum, Dale",ss,29,,CHA,OAK,0,1,1993,,,,,Walter Haas Jr.,Sandy Alderson,"$175,000 in majors"
1993,"Terry, Scott",rhp,33,,SLN,PHI,0,1,1993,,,,,Bill Giles,Lee Thomas,"$250,000 in majors"
1993,"Wilkerson, Curtis",ss,32,,KCA,KCA,0,1,1993,,,,,Ewing Kauffman,Herk Robinson,"$400,000 in majors"
1993,"Young, Curt",rhp,33,,NYA,OAK,0,1,1993,,,,,Walter Haas Jr.,Sandy Alderson,"$325,000 in majors"
1993,"Barfield, Jesse",of,33,,NYA,NPB,1,,,,,,,,,signed by Yomiuri Giants
1993,"Braggs, Glenn",of,30,,CIN,NPB,2,,,,,,,,,signed by Taijo Whales
1993,"Hall, Mell",of,32,Type A,NYA,NPB,2,,,,,,Dennis Gilbert,,,signed by Lotte Marines
1993,"Jacoby, Brook",3b,33,Type C,CLE,NPB,1,,,,,,,,,signed by Chunichi Dragons of Japan
1993,"Bergman, Dave",1b,40,,DET,dnp,,,1993,,,,,,,
1993,"Carter, Gary",c,39,Type B,MON,dnp,,,1993,,,,Richard Moss,,,
1993,"Clements, Pat",lhp,31,,BAL,dnp,,,1993,,,,Nick Lampros,,,
1993,"Downing, Brian",of,42,,TEX,dnp,,,1993,,,,Reich Katz Landis,,,
1993,"Fitzgerald, Mike",c,32,Type C,CAL,dnp,,,1993,,,,Reich Katz Landis,,,
1993,"Flanagan, Mike",lhp,41,,BAL,dnp,,,1993,,,,Jerry Kapstein,,,
1993,"Gantner, Jim",2b,40,,MIL,dnp,,,1993,,,,Ron Simon,,,
1993,"Garrelts, Scott",rhp,31,,SFN,dnp,,,1993,,,,,,,
1993,"Grant, Mark",rhp,29,,SEA,dnp,,,1993,,,,Tom Selakovich,,,
1993,"Guerrero, Pedro",of,37,,SLN,dnp,,,1993,,,,Tony Attanasio,,,
1993,"Jones, Barry",rhp,30,,NYN,dnp,,,1993,,,,,,,
1993,"King, Eric",rhp,29,,DET,dnp,,,1993,,,,Hendricks Sports,,,
1993,"Lyons, Steve",of,33,,BOS,dnp,,,1993,,,,,,,
1993,"Mulliniks, Rance",3b,37,,TOR,dnp,,,1993,,,,Hendricks Sports,,,
1993,"Newman, Al",2b,33,,TEX,dnp,,,1993,,,,,,,
1993,"Nunez, Ed",rhp,30,,TEX,dnp,,,1993,,,,,,,
1993,"Oberkfell, Ken",3b,37,,CAL,dnp,,,1993,,,,,,,
1993,"Pagliarulo, Mike",3b,33,Type C,MIN,dnp,,,1993,,,,Alan Nero,,,
1993,"Perez, Pascual",rhp,36,,NYA,dnp,,,1993,,,,Reich Katz Landis,,,
1993,"Randolph, Willie",2b,38,Type A,NYN,dnp,,,1993,,,,Ron Shapiro,,,
1993,"Ready, Randy",2b,33,,OAK,dnp,,,1993,,,,Brian David,,,
1993,"Salazar, Luis",3b,37,,CHN,dnp,,,1993,,,,Reich Katz Landis,,,
1993,"Tabler, Pat",of,35,,TOR,dnp,,,1993,,,,,,,
1993,"Terrell, Walt",rhp,35,Type C,DET,dnp,,,1993,,,,Alan Meersand,,,
1993,"Winningham, Herm",of,31,,BOS,dnp,,,1993,,,,Steve Freyer,,,
1992,"Bonilla, Bobby",of,29,Type A,PIT,NYN,5,29000000,1992-96,,,5800000,Dennis Gilbert,Wilpon/Doubleday,Al Harazin,
1992,"Tartabull, Danny",rf,29,Type A,KCA,NYA,5,25500000,1992-96,,,5100000,Dennis Gilbert,Geo Steinbrenner,Gene Michael,
1992,"Candiotti, Tom",rhp,34,Type A,TOR,LAN,4,15500000,1992-95,,,3875000,Rocky Luccia,Peter O'Malley,Fred Claire,
1992,"Viola, Frank",lhp-s,32,Type A,NYN,BOS,3,13900000,1992-94,,,4633333,Craig French,JYawkey/JRY Trust,Lou Gorman,
1992,"Morgan, Mike",rhp,32,Type A,LAN,CHN,4,12500000,1992-95,,,3125000,Joe Garagiola Jr.,Tribune Co.,Larry Himes,
1992,"Pagliarulo, Mike",3b,32,Type B,MIN,MIN,1,12000000,1992,,,12000000,Alan Nero,Carl Pohlad,Andy MacPhail,
1992,"Buechele, Steve",3b,30,Type A,PIT,PIT,4,11000000,1992-95,,,2750000,Alan Meersand,Pittsburgh Assocs.,Doughty/Simmons,
1992,"Morris, Jack",rhp-s,37,Type A,MIN,TOR,2,10850000,1992-93,club,,5425000,Richard Moss,Labatt Brewing,Pat Gillick,
1992,"Hershiser, Orel",rhp-s,33,Type C,LAN,LAN,3,10000000,1992-94,,,3333333,Bronner/Gilhooley,Peter O'Malley,Fred Claire,
1992,"Williams, Mitch",lhp,27,Type A,PHI,PHI,3,9200000,1992-94,,,3066667,Hendricks Sports,Bill Giles,Lee Thomas,
1992,"Murray, Eddie",1b,36,Type A,LAN,NYN,2,7500000,1992-93,,,3750000,Ron Shapiro,Wilpon/Doubleday,Al Harazin,
1992,"McCaskill, Kirk",rhp-s,31,Type C,CAL,CHA,3,7000000,1992,,,2333333,Marvin Demoff,Jerry Reinsdorf,Ron Schueler,
1992,"LaValliere, Mike",c,31,Type A,PIT,PIT,3,6300000,1992-94,,,2100000,Hendricks Sports,Pittsburgh Assocs.,Doughty/Simmons,
1992,"Pasqua, Dan",of,30,Type A,CHA,CHA,3,6000000,1992-94,,,2000000,Bill Moore,Jerry Reinsdorf,Ron Schueler,
1992,"Gallego, Mike",2b,31,Type B,OAK,NYA,3,5100000,1992-94,,,1700000,Bronner/Gilhooley,Geo Steinbrenner,Gene Michael,
1992,"Harper, Brian",c,32,Type A,MIN,MIN,2,5000000,1992-93,,,2500000,Nick Lampros,Carl Pohlad,Andy MacPhail,
1992,"Duncan, Mariano",2b,29,Type B,CIN,PHI,2,4500000,1992-93,club,,2250000,Tony Attanasio,Bill Giles,Lee Thomas,
1992,"Joyner, Wally",1b,30,Type A,CAL,KCA,1,4200000,1992,,,4200000,Steve Freyer,Ewing Kauffman,Herk Robinson,
1992,"Hesketh, Joe",lhp,33,Type B,BOS,BOS,2,3550000,1992-93,,,1775000,Bronner/Gilhooley,JYawkey/JRY Trust,Lou Gorman,
1992,"Nixon, Otis",cf,33,Type B,ATL,ATL,2,3550000,1992-93,,,1775000,Joe Sroba,Ted Turner,John Schuerholz,
1992,"Walk, Bob",rhp-s,35,,PIT,PIT,2,2800000,1992-93,,,1400000,Gary Walker,Pittsburgh Assocs.,Doughty/Simmons,
1992,"Pena, Alejandro",rhp,33,Type A,ATL,ATL,1,2650000,1992,,,2650000,Reich Katz Landis,Ted Turner,John Schuerholz,accepted arbitration
1992,"Howell, Jay",rhp,36,Type A,LAN,LAN,1,2575000,1992,,,2575000,Richard Moss,Peter O'Malley,Fred Claire,
1992,"Guerrero, Pedro",1b,36,Type A,SLN,SLN,1,2425000,1992,,,2425000,Tony Attanasio,Anheuser-Busch,Dal Maxvill,
1992,"Samuel, Juan",2b,31,Type A,LAN,LAN,1,2335000,1992,,,2325000,Jim Turner,Peter O'Malley,Fred Claire,accepted arbitration
1992,"Winfield, Dave",of,40,Type A,CAL,TOR,1,2300000,1992,-,,2300000,Jeff Klein,Labatt Brewing,Pat Gillick,
1992,"Gladden, Dan",of,34,Type C,MIN,DET,2,2200000,1992-93,,,1100000,Ron Simon,Tom Monaghan,Joe McDonald,
1992,"Darling, Ron",rhp-s,31,,OAK,OAK,1,2100000,1992,,,2100000,Steve Kaufman,Walter Haas Jr.,Sandy Alderson,
1992,"Eisenreich, Jim",of,33,Type B,KCA,KCA,1,1650000,1992,,,1650000,Ron Simon,Ewing Kauffman,Herk Robinson,accepted arbitration
1992,"Schofield, Dick",ss,29,Type B,CAL,CAL,1,1500000,1992,,,1500000,Dan Grigsby,Gene Autry,Dan O'Brien,
1992,"Tuefel, Tim",2b,33,,SDN,SDN,2,1450000,1992,,,725000,Tony Attanasio,Tom Werner,Joe McIlvaine,
1992,"Petralli, Geno",c,32,Type B,TEX,TEX,2,1300000,1992-93,,,650000,,GWBush / ERose,Tom Grieve,
1992,"Sutcliffe, Rick",rhp-s,36,,CHN,BAL,1,1200000,1992,-,,1200000,Barry Axelrod,Eli Jacobs,Roland Hemond,
1992,"Fisk, Carlton",c,44,Type A,CHA,CHA,1,1000000,1992,,,1000000,Jack Sands,Jerry Reinsdorf,Ron Schueler,
1992,"Gantner, Jim",2b,39,,MIL,MIL,1,1000000,1992,,,1000000,Ron Simon,Bud Selig,Sal Bando,
1992,"Kipper, Bob",lhp,27,Type C,PIT,MIN,1,1000000,1992,,,1000000,Tom Selakovich,Carl Pohlad,Andy MacPhail,
1992,"Boston, Daryl",of,29,Type B,NYN,NYN,1,935000,1992,,,935000,Stephen Zucker,Wilpon/Doubleday,Al Harazin,accepted arbitration
1992,"Evans, Dwight",of,40,,BAL,BAL,1,900000,1992,,,900000,Jack Sands,Eli Jacobs,Roland Hemond,
1992,"Robinson, Don",rhp,35,Type C,SFN,CAL,1,900000,1992,,,900000,Hendricks Sports,Gene Autry,Dan O'Brien,
1992,"Randolph, Willie",2b,37,Type B,MIL,NYN,1,850000,1992,,,850000,Ron Shapiro,Wilpon/Doubleday,Al Harazin,
1992,"Downing, Brian",of,41,Type C,TEX,TEX,1,800000,1992,,,800000,Reich Katz Landis,GWBush / ERose,Tom Grieve,
1992,"Thon, Dickie",ss,34,,PHI,TEX,1,700000,1992,,,700000,Reich Katz Landis,GWBush / ERose,Tom Grieve,
1992,"Lyons, Steve",c,32,,BOS,ATL,1,650000,1992,,,650000,,Ted Turner,John Schuerholz,
1992,"Lansford, Carney",3b,35,Type C,OAK,OAK,1,600000,1992,,,600000,Jerry Kapstein,Walter Haas Jr.,Sandy Alderson,
1992,"Ready, Randy",2b,32,Type C,PHI,OAK,1,500000,1992,,,500000,Brian David,Walter Haas Jr.,Sandy Alderson,
1992,"Winningham, Herm",of,30,,CIN,BOS,1,450000,1992,,,450000,Steve Freyer,JYawkey/JRY Trust,Lou Gorman,
1992,"Bergman, Dave",1b,39,Type B,DET,DET,1,375000,1992,,,375000,,Tom Monaghan,Joe McDonald,
1992,"Anderson, Dave",ss,31,Type C,SFN,LAN,0,1,1992,,,,,Peter O'Malley,Fred Claire,
1992,"Blyleven, Bert",rhp-s,41,,CAL,CAL,0,1,1992,,,,Richard Moss,Gene Autry,Dan O'Brien,
1992,"Clancy, Jim",rhp,36,,ATL,ATL,0,1,1992,,,,Hendricks Sports,Ted Turner,John Schuerholz,
1992,"Cox, Danny",rhp-s,32,,PHI,PHI,0,1,1992,,,,Eric Goldschmidt,Bill Giles,Lee Thomas,
1992,"Deshaies, Jim",rhp,32,,HOU,OAK,0,1,1992,,,,,Walter Haas Jr.,Sandy Alderson,
1992,"Gleaton, Jerry Don",lhp,34,Type A,DET,KCA,0,1,1992,,,,,Ewing Kauffman,Herk Robinson,
1992,"Gossage, Rich",rhp-c,40,,TEX,OAK,0,1,1992,,,,Tony Attanasio,Walter Haas Jr.,Sandy Alderson,
1992,"Hill, Donnie",2b,32,Type C,CAL,MIN,0,1,1992,,,,,Carl Pohlad,Andy MacPhail,
1992,"Incaviglia, Pete",of,28,Type C,DET,HOU,0,1,1992,,,,Tony Attanasio,John McMullen,Bill Wood,
1992,"Jacoby, Brook",3b,32,Type A,OAK,CLE,0,1,1992,,,,,Richard Jacobs,John Hart,
1992,"Krueger, Bill",lhp,34,Type B,SEA,MIN,0,1,1992,,,,,Carl Pohlad,Andy MacPhail,
1992,"Lake, Steve",c,35,,PHI,SFN,0,1,1992,,,,,Bob Lurie,Al Rosen,
1992,"Leach, Terry",rhp,38,Type B,MIN,MON,0,1,1992,,,,,Claude Brochu,Dan Duquette,
1992,"Newman, Al",2b,32,,MIN,CIN,0,1,1992,,,,,Marge Schott,Bob Quinn Sr.,
1992,"Ortiz, Junior",c,32,Type B,MIN,CLE,0,1,1992,,,,,Richard Jacobs,John Hart,
1992,"Ramirez, Rafael",ss,34,,HOU,HOU,0,1,1992,,,,,John McMullen,Bill Wood,
1992,"Rasmussen, Dennis",lhp,33,Type B,SDN,BAL,0,1,1992,,,,Jerry Kapstein,Eli Jacobs,Roland Hemond,
1992,"Riles, Ernest",3b,31,,OAK,HOU,0,1,1992,,,,,John McMullen,Bill Wood,
1992,"Robinson, Jeff D.",rhp,31,,CAL,CHN,0,1,1992,,,,,Tribune Co.,Larry Himes,
1992,"Schu, Rick",3b,30,,PHI,PHI,0,1,1992,,,,,Bill Giles,Lee Thomas,
1992,"Webster, Mitch",of,33,,LAN,LAN,0,1,1992,,,,,Peter O'Malley,Fred Claire,
1992,"Wilkerson, Curtis",ss,31,,PIT,KCA,0,1,1992,,,,,Ewing Kauffman,Herk Robinson,
1992,"Howell, Jack",3b,30,Type B,SDN,NPB,2,,1992-93,,,,,,,signed by Yakult Swallows of Japan
1992,"Venable, Max",of,35,,CAL,NPB,1,,1992,,,,,,,signed by Chiba Lotte Marines of Japan
1992,"Acker, Jim",rhp,33,Type C,TOR,dnp,,,1992,,,,,,,
1992,"Bedrosian, Steve",rhp,34,Type B,MIN,dnp,,,1992,,,,Bruce Church,,,
1992,"Boyd, Oil Can",rhp,32,Type B,TEX,dnp,,,1992,,,,George Kalafatis,,,
1992,"Cerutti, John",lhp,32,,DET,dnp,,,1992,,,,Craig Fenech,,,
1992,"Crawford, Steve",rhp,34,Type C,KCA,dnp,,,1992,,,,,,,
1992,"Davis, Alvin",1b,31,Type C,SEA,dnp,,,1992,,,,,,,
1992,"Fitzgerald, Mike",c,31,Type A,MON,dnp,,,1992,,,,,,,
1992,"Fletcher, Scott",2b,33,Type C,CHA,dnp,,,1992,,,,Richie Bry,,,
1992,"Griffin, Alfredo",ss,34,,LAN,dnp,,,1992,,,,Hendricks Sports,,,
1992,"Hammaker, Atlee",lhp,34,,SDN,dnp,,,1992,,,,Hendricks Sports,,,
1992,"Hassey, Ron",c,39,,MON,dnp,,,1992,,,,,,,
1992,"Jones, Tracy",of,31,,SEA,dnp,,,1992,,,,,,,
1992,"Kennedy, Terry",c,36,,SFN,dnp,,,1992,,,,,,,
1992,"Lamp, Dennis",rhp,39,,BOS,dnp,,,1992,,,,Bronner/Gilhooley,,,
1992,"Martinez, Carmelo",of,31,Type B,CIN,dnp,,,1992,,,,,,,
1992,"Moseby, Lloyd",of,32,Type C,DET,dnp,,,1992,,,,Jim Neader,,,
1992,"Ontiveros, Steve",rhp,31,,PHI,dnp,,,1992,,,,,,,
1992,"Parker, Dave",rf,41,Type B,TOR,dnp,,,1992,,,,Reich Katz Landis,,,
1992,"Petry, Dan",rhp,33,,BOS,dnp,,,1992,,,,,,,
1992,"Power, Ted",rhp,37,Type B,CIN,dnp,,,1992,,,,,,,
1992,"Russell, John",c,31,,TEX,dnp,,,1992,,,,,,,
1992,"Salas, Mark",c,31,,DET,dnp,,,1992,,,,,,,
1992,"Sisk, Doug",rhp,34,,ATL,dnp,,,1992,,,,,,,
1992,"Stillwell, Kurt",ss,27,Type A,KCA,dnp,,,1992,,,,Boras Corp.,,,
1992,"Templeton, Garry",ss,36,Type C,NYN,dnp,,,1992,,,,Richie Bry,,,
1992,"Wilson, Mookie",of,36,,TOR,dnp,,,1992,,,,Richie Bry,,,
1992,"Young, Curt",lhp,32,,OAK,dnp,,,1992,,,,,,,
1991,"Strawberry, Darryl",rf,29,Type A,NYN,LAN,5,20250000,1991-96,,,4050000,Eric Goldschmidt,Peter O'Malley,Fred Claire,
1991,"Higuera, Ted",lhp-s,33,Type B,MIL,MIL,4,13000000,1991-94,,,3250000,Bronner/Gilhooley,Bud Selig,Harry Dalton,
1991,"McGee, Willie",cf,32,Type A,OAK,SFN,4,13000000,1991-94,,,3250000,Reich Katz Landis,Bob Lurie,Al Rosen,
1991,"Welch, Bob",rhp-s,34,Type A,OAK,OAK,4,13000000,1991-94,,,3250000,Bob Teaff,Walter Haas Jr.,Sandy Alderson,
1991,"Browning, Tom",lhp-s,31,Type A,CIN,CIN,4,12483333,1991-94,club,,3120833,Bronner/Gilhooley,Marge Schott,Bob Quinn Sr.,
1991,"Coleman, Vince",lf,29,Type B,SLN,NYN,4,11950000,1991-94,,,2987500,Richie Bry,Wilpon/Doubleday,Frank Cashen,
1991,"Smith, Zane",lhp-s,30,Type B,PIT,PIT,4,10600000,1991-94,,,2650000,Joe Sroba,Pittsburgh Assocs.,Larry Doughty,
1991,"Jackson, Danny",lhp-s,29,,CIN,CHN,4,10500000,1991-94,,,2625000,Ron Shapiro,Tribune Co.,Jim Frey,
1991,"Pendleton, Terry",3b,30,Type A,SLN,ATL,4,10200000,1991-94,,,2550000,Bronner/Gilhooley,Ted Turner,John Schuerholz,
1991,"Black, Bud",lhp-s,34,Type A,TOR,SFN,4,10000000,1991-94,,,2500000,Bronner/Gilhooley,Bob Lurie,Al Rosen,
1991,"Righetti, Dave",lhp-s,32,Type B,NYA,SFN,4,10000000,1991-94,,,2500000,Bill Goodstein,Bob Lurie,Al Rosen,
1991,"Bell, George",of,31,,TOR,CHN,3,9800000,1991-93,club,,3266666,Hendricks Sports,Tribune Co.,Jim Frey,
1991,"Boddicker, Mike",rhp-s,33,Type A,BOS,KCA,3,9250000,1991-93,,,3083333,Ron Shapiro,Ewing Kauffman,Herk Robinson,
1991,"Doran, Bill",2b,33,Type A,CIN,CIN,3,7300000,1991-93,club,,2433333,Jim Turner,Marge Schott,Bob Quinn Sr.,
1991,"Daulton, Darren",c,29,Type A,PHI,PHI,3,6750000,1991-93,,,2250000,Arn Tellum,Bill Giles,Lee Thomas,
1991,"Gross, Kevin",rhp-s,30,Type B,MON,LAN,3,6400000,1991-93,,,2133333,Tony Attanasio,Peter O'Malley,Fred Claire,
1991,"Young, Matt",lhp,32,,SEA,BOS,3,6400000,1991-93,,,2133333,Ron Shapiro,Jean Yawkey,Lou Gorman,
1991,"Dayley, Ken",lhp,32,Type A,SLN,TOR,3,6300000,1991-93,club,,2100000,Doug Baldwin,Labatt Brewing,Pat Gillick,
1991,"Farr, Steve",rhp,34,Type A,KCA,NYA,3,6300000,1991-93,,,2100000,Richard Moss,Geo Steinbrenner,Gene Michael,
1991,"Deer, Rob",of,30,Type B,MIL,DET,3,6050000,1991-93,,,2016666,Joe Bick,Tom Monaghan,Joe McDonald,
1991,"Stubbs, Franklin",1b-of,30,Type A,HOU,MIL,3,6000000,1991-93,,,2000000,Jim Turner,Bud Selig,Harry Dalton,
1991,"Leary, Tim",rhp-s,32,Type B,NYA,NYA,3,5950000,1991-93,,,1983333,Dennis Gilbert,Geo Steinbrenner,Gene Michael,
1991,"Bream, Sid",1b-of,30,Type C,PIT,ATL,3,5600000,1991-93,,,1866666,Michael Moye,Ted Turner,John Schuerholz,
1991,"Brunansky, Tom",of,30,Type A,BOS,BOS,2,5550000,1991-92,,,2775000,Nick Lampros,Jean Yawkey,Lou Gorman,
1991,"Sanderson, Scott",rhp,34,,,NYA,2,4750000,1991-92,,,2375000,Richard Moss,Geo Steinbrenner,Gene Michael,
1991,"Agusto, Juan",lhp,33,Type B,HOU,SLN,3,4600000,1991-93,,,1533333,,Anheuser-Busch,Dal Maxvill,
1991,"Gibson, Kirk",of,34,Type B,LAN,KCA,2,3650000,1991-92,,,1825000,Doug Baldwin,Ewing Kauffman,Herk Robinson,
1991,"Perry, Gerald",1b,30,,ATL,SLN,3,3300000,1991-93,,,1100000,Jim Turner,Anheuser-Busch,Dal Maxvill,
1991,"Slaught, Don",c,32,Type A,PIT,PIT,3,3000000,1991-93,,,1000000,Bronner/Gilhooley,Pittsburgh Assocs.,Larry Doughty,
1991,"Valenzuela, Fernando",lhp-s,30,,LAN,LAN,1,2550000,1991,,,2550000,Tony DeMarco,Peter O'Malley,Fred Claire,"accepted arbitration, settled for $2.55M ($2.7M-$2.4M)"
1991,"Wilson, Willie",cf,35,,KCA,OAK,2,2000000,1991-92,,,1000000,Jack Sands,Walter Haas Jr.,Sandy Alderson,
1991,"Nunez, Edwin",rhp,28,Type B,DET,MIL,2,1900000,1991-92,,,950000,,Bud Selig,Harry Dalton,
1991,"Tettleton, Mickey",c,30,Type A,,DET,1,1600000,1991,,,1600000,Tony Attanasio,Tom Monaghan,Joe McDonald,
1991,"Tabler, Pat",of-inf,33,Type C,NYN,TOR,2,1600000,1991-92,,,800000,Jim Turner,Labatt Brewing,Pat Gillick,
1991,"Samuel, Juan",2b-of,30,Type B,LAN,LAN,1,1575000,1991,,,1575000,Jim Turner,Peter O'Malley,Fred Claire,accepted arbitration
1991,"Mulliniks, Rance",3b,35,,TOR,TOR,2,1500000,1991-92,,,750000,Hendricks Sports,,,
1991,"Show, Eric",rhp,35,,SFN,OAK,2,1500000,1991-92,,,750000,Alan Meersand,Walter Haas Jr.,Sandy Alderson,
1991,"Redus, Gary",1b-of,34,Type C,PIT,PIT,2,1400000,1991-92,,,700000,Bronner/Gilhooley,Pittsburgh Assocs.,Larry Doughty,
1991,"Backman, Wally",2b,31,Type C,PIT,PHI,2,1300000,1991-92,,,650000,Richard Moss,Bill Giles,Lee Thomas,
1991,"Robinson, Jeff",rhp,30,,NYA,CAL,1,1100000,1991,,,1100000,,Gene Autry,Mike Port,
1991,"Quirk, Jamie",c,37,,OAK,OAK,2,1000000,1991-92,,,500000,,Walter Haas Jr.,Sandy Alderson,
1991,"Hough, Charlie",rhp-s,43,Type B,TEX,CHA,1,900000,1991,,,900000,Tony Attanasio,Jerry Reinsdorf,Ron Schueler,
1991,"Belliard, Rafael",inf,29,,PIT,ATL,2,900000,1991-92,,,450000,,Ted Turner,John Schuerholz,
1991,"Bush, Randy",of-1b,32,Type B,MIN,MIN,2,900000,1991-92,,,450000,,Carl Pohlad,Andy MacPhail,
1991,"Candelaria, John",lhp-s,37,,TOR,LAN,1,830000,1991,,,830000,Reich Katz Landis,Peter O'Malley,Fred Claire,
1991,"Maldonado, Candy",of,30,Type B,CLE,MIL,1,825000,1991,,,825000,Chuck Berry,Bud Selig,Harry Dalton,"4/2/91, earned additional $50,000 bonus"
1991,"Rasmussen, Dennis",lhp,32,Type C,SDN,SDN,1,805000,1991,,,805000,Bob Teaff,Tom Werner,Joe McIlvaine,
1991,"Griffey Sr., Ken",of,41,,SEA,SEA,1,700000,1991,,,700000,Reich Katz Landis,Jeff Smulyan,Woody Woodward,
1991,"Schatzeder, Dan",lhp,36,Type C,NYN,KCA,1,700000,1991,,,700000,,Ewing Kauffman,Herk Robinson,
1991,"Petry, Dan",rhp-s,32,,DET,DET,1,650000,1991,,,650000,Richard Moss,Tom Monaghan,Joe McDonald,"accepted arbitration, lost at hearing ($1.35M-$650,000)"
1991,"Pagliarulo, Mike",3b,31,,SDN,MIN,1,605000,1991,,,605000,Bill Moore,Carl Pohlad,Andy MacPhail,
1991,"Hatcher, Mickey",of-inf,36,,LAN,LAN,1,550000,1991,,,550000,Willie Sanchez,Peter O'Malley,Fred Claire,"accepted arbitration, settled for $550,000 ($600,000-$450,000)"
1991,"Shelby, John",of,33,,DET,DET,1,525000,1991,,,525000,Ron Shapiro,Tom Monaghan,Joe McDonald,
1991,"Carter, Gary",c,37,Type C,SFN,LAN,1,500000,1991,,,500000,"J Petrie, D Moss",Peter O'Malley,Fred Claire,
1991,"Hill, Donnie",inf,30,,CAL,CAL,1,500000,1991,,,500000,Dan Grigsby,Gene Autry,Mike Port,
1991,"Kennedy, Terry",c,35,,SFN,SFN,1,500000,1991,,,500000,,Bob Lurie,Al Rosen,
1991,"Power, Ted",rhp,36,,PIT,CIN,1,500000,1991,,,500000,Jim Turner,Marge Schott,Bob Quinn Sr.,
1991,"Presley, Jim",3b,29,Type C,ATL,SDN,1,500000,1991,,,500000,Jim Krivacs,Tom Werner,Joe McIlvaine,
1991,"Randolph, Willie",2b,36,,OAK,MIL,1,500000,1991,,,500000,Ron Shapiro,Bud Selig,Harry Dalton,
1991,"Wilson, Glenn",of,32,Type B,HOU,ATL,1,500000,1991,,,500000,Hendricks Sports,Ted Turner,John Schuerholz,
1991,"Carman, Don",lhp,31,Type B,PHI,HOU,1,450000,1991,,,450000,Boras Corp.,John McMullen,Bill Wood,
1991,"Wilkerson, Curtis",inf,30,,CHN,PIT,1,450000,1991,,,450000,Joe Sroba,Pittsburgh Assocs.,Larry Doughty,
1991,"Venable, Max",of,34,,CAL,CAL,1,425000,1991,,,425000,,Gene Autry,Mike Port,
1991,"Krueger, Bill",lhp,33,,,SEA,1,400000,1991,,,400000,Tony Attanasio,Jeff Smulyan,Woody Woodward,
1991,"Moses, John",of,33,,MIN,BOS,1,350000,1991,,,350000,,Jean Yawkey,Lou Gorman,
1991,"Puhl, Terry",of,34,Type C,HOU,NYN,1,350000,1991,,,350000,Dan Grigsby,Wilpon/Doubleday,Frank Cashen,
1991,"Dempsey, Rick",c,41,,LAN,MIL,1,150000,1991,,,150000,Ron Shapiro,Bud Selig,Harry Dalton,
1991,"Coles, Darnell",1b-3b,29,,DET,SFN,0,1,1991,,,,,Bob Lurie,Al Rosen,
1991,"Crawford, Steve",rhp,33,,KCA,KCA,0,1,1991,,,,,Ewing Kauffman,Herk Robinson,
1991,"Downing, Brian",of,40,,CAL,TEX,0,1,1991,,,,Reich Katz Landis,GWBush / ERose,Tom Grieve,
1991,"Gedman, Rich",c,31,,HOU,SLN,0,1,1991,,,,Jack Sands,Anheuser-Busch,Dal Maxvill,
1991,"Hassey, Ron",c,38,,OAK,MON,0,1,1991,,,,,Charles Bronfman,Dave Dombrowski,
1991,"Heep, Danny",of-1b,33,,BOS,CHA,0,1,1991,,,,Hendricks Sports,Jerry Reinsdorf,Ron Schueler,
1991,"Kittle, Ron",1b-of,33,,BAL,CLE,0,1,1991,,,,Bronner/Gilhooley,Richard Jacobs,Hank Peters,
1991,"Mahler, Rick",rhp,37,Type C,ATL,MON,0,1,1991,,,,Steve Comte,Charles Bronfman,Dave Dombrowski,
1991,"McGaffigan, Andy",rhp,34,,KCA,KCA,0,1,1991,,,,,Ewing Kauffman,Herk Robinson,
1991,"McMurtry, Craig",rhp,31,,,TEX,0,1,1991,,,,Richard Moss,GWBush / ERose,Tom Grieve,
1991,"Schmidt, Dave",rhp,34,Type C,MON,MON,0,1,1991,,,,Craig Fenech,Charles Bronfman,Dave Dombrowski,
1991,"Walling, Denny",inf-of,37,,SLN,TEX,0,1,1991,,,,Hendricks Sports,GWBush / ERose,Tom Grieve,
1991,"Bradley, Phil",3b,32,,CHA,NPB,1,,,,,,,,,
1991,"Reynolds, R.J.",of,32,,PIT,NPB,,,,,,,,,,
1991,"Bair, Doug",rhp,41,,PIT,dnp,,,1991,,,,Bronner/Gilhooley,,,
1991,"Boone, Bob",c,43,,KCA,dnp,,,1991,,,,Arthur Rosenberg,,,
1991,"Brookens, Tom",inf,37,,CLE,dnp,,,1991,,,,,,,
1991,"Jeltz, Steve",inf,32,,KCA,dnp,,,1991,,,,,,,
1991,"Lynn, Fred",of,39,,SDN,dnp,,,1991,,,,Bob Teaff,,,
1991,"Minton, Greg",rhp,39,,CAL,dnp,,,1991,,,,,,,
1991,"Mirabella, Paul",lhp,37,,MIL,dnp,,,1991,,,,,,,
1991,"Niedenfuer, Tom",rhp,31,,SLN,dnp,,,1991,,,,Reich Katz Landis,,,
1991,"Oester, Ron",2b,35,,ATL,dnp,,,1991,,,,Miles Shoda,,,
1991,"Phelps, Ken",1b,36,,CLE,dnp,,,1991,,,,,,,
1991,"Price, Joe",lhp,34,,BAL,dnp,,,1991,,,,Steve Comte,,,
1991,"Reuss, Jerry",lhp,42,,PIT,dnp,,,1991,,,,Jack Sands,,,
1991,"Sheets, Larry",of,31,,DET,dnp,,,1991,,,,Ron Shapiro,,,
1991,"Thurmond, Mark",lhp,34,,SFN,dnp,,,1991,,,,Hendricks Sports,,,
1991,"Tudor, John",lhp-s,37,Type B,SLN,dnp,,,1991,,,,Steve Freyer,,,
1991,"Ward, Gary",of-1b,37,,DET,dnp,,,1991,,,,Reich Katz Landis,,,
1991,"White, Frank",2b,40,,KCA,dnp,,,1991,,,,Steve Fehr,,,
