year,player,position,mls,salary
2026,"Soto, Juan",lf,7.134,61875000
2026,"Bellinger, Cody",cf,8.16,42500000
2026,"Bichette, Bo",3b,6.063,42000000
2026,"Wheeler, Zack",rhp-s,12.098,42000000
2026,"Guerrero Jr., Vladimir",1b,6.157,40214286
2026,"Judge, Aaron",rf-dh,9.051,40000000
2026,"deGrom, Jacob",rhp-s,11.139,38000000
2026,"Trout, Mike",cf,14.07,37116667
2026,"Cole, Gerrit",rhp-s,12.111,36000000
2026,"Rendon, Anthony*",3b,12.13,34693677
2026,"Altuve, Jose",2b-lf,14.072,33000000
2026,"Tucker, Kyle*",rf,6.079,33000000
2026,"Correa, Carlos",3b,10.119,32833333
2026,"Glasnow, Tyler",rhp-s,8.158,32500000
2026,"Lindor, Francisco*",ss,10.113,32477821
2026,"Skubal, Tarik",lhp-s,5.114,32000000
2026,"Seager, Corey",ss,10.032,31500000
2026,"Gray, Sonny*",rhp-s,12.061,31000000
2026,"Burnes, Corbin*",rhp-s,7.049,30962673
2026,"Eovaldi, Nathan",rhp-s,14.013,29000000
2026,"Stanton, Giancarlo",dh-rf,15.118,29000000
2026,"Ohtani, Shohei*",dh-rhp,8,28216994
2026,"Swanson, Dansby",ss,9.047,28000000
2026,"Snell, Blake*",lhp-s,9.072,27869485
2026,"Rodón, Carlos",lhp-s,10.168,27833333
2026,"Harper, Bryce",rf-1b,13.159,27538462
2026,"Turner, Trea",ss,9.135,27272727
2026,"Bryant, Kris",rf,10.171,27000000
2026,"Alvarez, Yordan",dh-lf,6.113,26833333
2026,"Bregman, Alex*",3b,9.07,26287079
2026,"Semien, Marcus",2b,11.118,26000000
2026,"Bogaerts, Xander",ss,12.042,25454545
2026,"Betts, Mookie*",ss,11.07,25167520
2026,"Chapman, Matt",3b,8.109,25166667
2026,"Machado, Manny",3b,13.056,25090909
2026,"Ray, Robbie",lhp-s,11.007,25000000
2026,"Severino, Luis",rhp-s,9.17,25000000
2026,"Story, Trevor",ss,10,25000000
2026,"Crochet, Garrett",lhp-s,5.028,24800000
2026,"Nola, Aaron",rhp-s,10.076,24571429
2026,"Arenado, Nolan*",3b,12.155,24398219
2026,"Springer, George",rf,11.166,24166667
2026,"Castillo, Luis",rhp-s,8.101,24150000
2026,"Yelich, Christian*",lf,12.069,24032605
2026,"Báez, Javier",ss-cf,10.089,24000000
2026,"Devers, Rafael*",dh-3b,8.07,23812620
2026,"Lee, Jung Hoo",rf,2,23250000
2026,"Gausman, Kevin",rhp-s,11.151,23000000
2026,"Webb, Logan",rhp-s,6.044,23000000
2026,"Freeman, Freddie*",1b,15.033,22874920
2026,"Valdez, Framber*",lhp-s,6.163,22826679
2026,"Grisham, Trent",cf,6.06,22025000
2026,"Imanaga, Shota",lhp-s,2,22025000
2026,"Torres, Gleyber",2b,7.162,22025000
2026,"Woodruff, Brandon",rhp-s,7.161,22025000
2026,"Olson, Matt",1b,8.103,22000000
2026,"Riley, Austin",3b,6.138,22000000
2026,"López, Pablo",rhp-s,7.093,21750000
2026,"Lugo, Seth",rhp-s,9.082,21500000
2026,"Javier, Cristian",rhp-s,6,21400000
2026,"Kikuchi, Yusei",lhp-s,7,21225000
2026,"Alonso, Pete",1b,7,21000000
2026,"Rodriguez, Eduardo",lhp-s,10.07,21000000
2026,"Cease, Dylan*",rhp-s,6.089,20759455
2026,"Tatis Jr., Fernando",rf,6.12,20714286
2026,"Nimmo, Brandon",rf,9.042,20500000
2026,"Pivetta, Nick",rhp-s,7.166,20500000
2026,"Rodríguez, Julio",cf,4,20185714
2026,"Castellanos, Nick",dh-of,12.029,20000000
2026,"Flaherty, Jack",rhp-s,8.006,20000000
2026,"Kim, Ha-Seong",ss,5,20000000
2026,"Musgrove, Joe",rhp-s,9.063,20000000
2026,"Robert Jr., Luis",cf,6,20000000
2026,"Strider, Spencer",rhp-s,4.003,20000000
2026,"Walker, Christian",1b,7.124,20000000
2026,"Manaea, Sean*",lhp,9.157,19680726
2026,"Berríos, José O.",rhp-s,9.044,19000000
2026,"Hader, Josh",lhp-c,8.115,19000000
2026,"Happ, Ian",lf,8.036,19000000
2026,"Suzuki, Seiya",dh-rf,4,19000000
2026,"Yoshida, Masataka",lf,3,18600000
2026,"Bassitt, Chris",rhp-s,9.13,18500000
2026,"Pederson, Joc",dh-lf,11.028,18500000
2026,"Ramírez, José*",3b,11.074,18356711
2026,"Contreras, Willson",1b-dh,9.108,18000000
2026,"Imai, Tatsuya",rhp-s,0,18000000
2026,"Kelly, Merrill",rhp-s,7,18000000
2026,"Sale, Chris",lhp-s,15.061,18000000
2026,"Schwarber, Kyle",dh,10.086,18000000
2026,"Taillon, Jameson",rhp-s,9.11,18000000
2026,"Wacha, Michael",rhp-s,12.062,18000000
2026,"Walker, Taijuan",rhp-s,11.142,18000000
2026,"McCullers Jr., Lance",rhp-s,10.14,17700000
2026,"Alcantara, Sandy",rhp-s,7.1,17300000
2026,"Benintendi, Andrew",lf,9.062,17100000
2026,"Acuña Jr., Ronald",rf,7.159,17000000
2026,"Boyd, Matt",lhp-s,9.057,17000000
2026,"King, Michael",rhp-s,6.004,17000000
2026,"Polanco, Jorge",1b-3b,9.024,17000000
2026,"Keller, Mitch",rhp-s,6.026,16911500
2026,"Murakami, Munetaka",1b,0,16500000
2026,"O'Neill, Tyler",lf,7.059,16500000
2026,"Gallen, Zac*",rhp-s,6.1,16199618
2026,"Yamamoto, Yoshinobu",rhp-s,2,16166667
2026,"Bieber, Shane",rhp-s,7.097,16000000
2026,"Darvish, Yu",rhp-s,13.146,16000000
2026,"Freeland, Kyle",lhp-s,8.144,16000000
2026,"Iglesias, Raisel",rhp-c,10.154,16000000
2026,"McMahon, Ryan",3b,8.006,16000000
2026,"Soler, Jorge",dh-rf,10.143,16000000
2026,"McNeil, Jeff",2b,7.069,15750000
2026,"Arozarena, Randy",lf,5.129,15650000
2026,"Giménez, Andrés",2b,5.106,15571429
2026,"Hernández, Teoscar*",lf,8.097,15558798
2026,"Buxton, Byron",cf,9.16,15142857
2026,"Murphy, Sean",c,6.029,15000000
2026,"Realmuto, J.T.",c,11.038,15000000
2026,"Suárez, Eugenio",3b,11.061,15000000
2026,"Fried, Max",lhp-s,7.148,14500000
2026,"Reynolds, Bryan",lf,6.163,14250000
2026,"Williams, Devin",rhp-c,6.056,14117634
2026,"Witt Jr., Bobby",ss,4,14111111
2026,"Díaz, Edwin*",rhp-c,9.121,14010520
2026,"Helsley, Ryan",rhp-c,6.105,14000000
2026,"López, Reynaldo",rhp-s,8.004,14000000
2026,"O'Hearn, Ryan",rf,7.002,14000000
2026,"Senga, Kodai",rhp-s,3,14000000
2026,"Treinen, Blake",rhp,11.065,13500000
2026,"Santander, Anthony*",rf,7.162,13496154
2026,"Adames, Willy",ss,7.105,13142857
2026,"Candelario, Jeimer",3b,7.038,13000000
2026,"Chapman, Aroldis",lhp-c,15.009,13000000
2026,"Fairbanks, Pete",rhp-c,6.057,13000000
2026,"Gurriel Jr., Lourdes",dh,7.094,13000000
2026,"Holmes, Clay",rhp-s,7.031,13000000
2026,"Suarez, Robert",rhp-c,4,13000000
2026,"Smith, Will*",c,6.09,12927716
2026,"Sandoval, Patrick",lhp-s,5.149,12750000
2026,"Singer, Brady",rhp-s,5.156,12750000
2026,"Hoffman, Jeff",rhp-s,7.084,12666667
2026,"Raleigh, Cal",c,4.085,12666667
2026,"Marte, Ketel*",2b,9.162,12534465
2026,"Hicks, Jordan",rhp,8,12500000
2026,"Scott, Tanner*",lhp-c,7.059,12466680
2026,"Cronenworth, Jake",1b,6,12285714
2026,"Ward, Taylor",lf,5.164,12175000
2026,"Edman, Tommy*",2b-cf,6.114,12091513
2026,"Arraez, Luis",2b,6.121,12000000
2026,"Crawford, J.P.",ss,7.163,12000000
2026,"Díaz, Yandy",1b,7.122,12000000
2026,"Hoerner, Nico",2b,6.014,12000000
2026,"May, Dustin",rhp-s,6.059,12000000
2026,"Senzatela, Antonio",rhp-s,8.106,12000000
2026,"Lowe, Brandon",2b,7.058,11500000
2026,"Naylor, Josh",1b,6.127,11300000
2026,"Lúzardo, Jesus",lhp-s,5.165,11000000
2026,"Minter, A.J.",lhp,7.154,11000000
2026,"Stephenson, Robert",rhp,8.049,11000000
2026,"Gilbert, Logan",rhp-s,4.144,10927000
2026,"Varsho, Daulton",lf,5.128,10750000
2026,"Carroll, Corbin",lf,3.038,10625000
2026,"Ozuna, Marcell",dh,12.124,10500000
2026,"Springs, Jeffrey",lhp-s,7.055,10500000
2026,"Perez, Salvador*",c,14.05,10449377
2026,"Bohm, Alec",3b,5.106,10200000
2026,"Chisholm Jr., Jazz",2b,5.075,10200000
2026,"Estévez, Carlos",rhp-c,9.022,10100000
2026,"García, Adolis",rf,5.095,10000000
2026,"Muncy, Max",3b,9.027,10000000
2026,"Pagán, Emilio",rhp-c,8.091,10000000
2026,"Mahle, Tyler*",rhp-s,8.018,9777778
2026,"Bummer, Aaron",lhp,7.15,9500000
2026,"Weaver, Luke",rhp,8.112,9500000
2026,"Peña, Jeremy",ss,4,9475000
2026,"Contreras, William",c,4.112,9400000
2026,"Paredes, Isaac",3b,4.16,9350000
2026,"Alvarado, José",lhp,8.009,9000000
2026,"Bednar, David",rhp,5.073,9000000
2026,"Jansen, Kenley",rhp-c,15.073,9000000
2026,"Jiménez, Joe",rhp,8.061,9000000
2026,"Keller, Brad",rhp,7.062,9000000
2026,"Kittredge, Andrew",rhp,7.07,9000000
2026,"Martinez, Nick",rhp-s,7.002,9000000
2026,"Yastrzemski, Mike",rf,6.128,9000000
2026,"Finnegan, Kyle",rhp,6,8750000
2026,"Kirk, Alejandro",c,5.047,8700000
2026,"Rogers, Tyler",rhp,6.034,8666666
2026,"Henderson, Gunnar",ss,3.036,8500000
2026,"Greene, Hunter",rhp-s,4,8333333
2026,"Okamoto, Kazuma",3b-of,0,8250000
2026,"Peterson, David",lhp-s,5.089,8100000
2026,"Eflin, Zach",rhp-s,9.018,8000000
2026,"Harris II, Michael",cf,4,8000000
2026,"India, Jonathan",2b,5,8000000
2026,"Peralta, Freddy",rhp-s,7.09,8000000
2026,"Rooker, Brent",dh-lf,4.059,8000000
2026,"Verlander, Justin*",rhp-s,20.002,7859347
2026,"Lorenzen, Michael",rhp-s,10.159,7750000
2026,"Soto, Gregory",lhp,6.102,7750000
2026,"Kwan, Steven",lf,4,7725000
2026,"Duran, Jarren",lf,3.155,7700000
2026,"Vaughn, Andrew",1b,4.142,7650000
2026,"Suárez, Ranger",lhp-s,6.112,7600000
2026,"Bader, Harrison",cf,8.03,7500000
2026,"Domínguez, Seranthony",rhp,7.131,7500000
2026,"Duran, Jhoan",rhp-c,4,7500000
2026,"García, Yimi",rhp,10.149,7500000
2026,"Matz, Steven",lhp-s,10.099,7500000
2026,"Strahm, Matt",lhp,9.064,7500000
2026,"Whitlock, Garrett",rhp,5,7500000
2026,"Straw, Myles",cf,5.125,7400000
2026,"Chourio, Jackson",of,2,7250000
2026,"Rutschman, Adley",c,4,7250000
2026,"Albies, Ozzie",2b,8.062,7000000
2026,"Anderson, Drew",rhp,0.114,7000000
2026,"Hayes, Ke'Bryan",3b,5.075,7000000
2026,"Houser, Adrian",rhp-s,6.095,7000000
2026,"Muñoz, Andrés",rhp-c,6.08,7000000
2026,"Rodriguez, Yariel",,,7000000
2026,"Williams, Trevor",rhp-s,9.027,7000000
2026,"García Jr., Luis",2b,4.142,6875000
2026,"Sánchez, Jesús",of,4.118,6800000
2026,"Stephenson, Tyler",c,5.056,6800000
2026,"Mountcastle, Ryan",1b,5.105,6787000
2026,"Steele, Justin",lhp-s,4.143,6775000
2026,"Higashioka, Kyle",c,7.005,6750000
2026,"Jeffers, Ryan",c,5.089,6700000
2026,"Adam, Jason",rhp,5.132,6675000
2026,"Kirby, George",rhp-s,3.151,6550000
2026,"Laureano, Ramón",rf,6.159,6500000
2026,"Mullins, Cedric",cf,6.078,6500000
2026,"Phillips, Evan",rhp,5.136,6500000
2026,"Soroka, Michael",rhp-s,7.009,6500000
2026,"Clase, Emmanuel",rhp-c,5.01,6400000
2026,"Perdomo, Geraldo",ss,4.015,6250000
2026,"Refsnyder, Rob",2b-of,7.048,6250000
2026,"Rogers, Trevor",lhp-s,5.047,6200000
2026,"Bello, Brayan",rhp-s,3.082,6166667
2026,"Bubic, Kris",lhp-s,5.135,6150000
2026,"Mize, Casey",rhp-s,5.111,6150000
2026,"Doval, Camilo",rhp,4.071,6100000
2026,"Dubón, Mauricio",2b,5.162,6100000
2026,"Ryan, Joe",rhp-s,4.033,6100000
2026,"Civale, Aaron",rhp-s,6.058,6000000
2026,"d'Arnaud, Travis",c,12.044,6000000
2026,"Kiner-Falefa, Isiah",2b,8,6000000
2026,"Ponce, Cody",rhp-s,0.126,6000000
2026,"Quintana, José",lhp-s,13.132,6000000
2026,"Matsui, Yuki",lhp,2,5900000
2026,"Stott, Bryson",2b,4,5900000
2026,"Abreu, Bryan",rhp-c,5.022,5850000
2026,"Donovan, Brendan",2b-lf,4,5800000
2026,"Bell, Josh",dh-1b,9.053,5750000
2026,"Kremer, Dean",rhp-s,4.112,5750000
2026,"Rasmussen, Drew",rhp-s,5.111,5750000
2026,"Brown, Hunter",rhp-s,3.035,5710000
2026,"Ashby, Aaron",lhp,3.088,5700000
2026,"Gore, MacKenzie",lhp-s,4,5600000
2026,"Lux, Gavin",2b,5.114,5525000
2026,"Castro, Willi",2b-of,6.017,5500000
2026,"Griffin, Foster",lhp-s,1.034,5500000
2026,"Johnson, Pierce",rhp,6.137,5500000
2026,"Maton, Phil",rhp,8.047,5500000
2026,"Rea, Colin",rhp,6.057,5500000
2026,"Rojas, Miguel",ss,11.043,5500000
2026,"Ruiz, Keibert",c,4.064,5375000
2026,"Nootbaar, Lars",lf,4.076,5350000
2026,"Langeliers, Shea",c,3.051,5250000
2026,"Thomas, Lane",rf,6.014,5250000
2026,"Trevino, Jose",c,6.063,5250000
2026,"Tovar, Ezequiel",ss,3.014,5214286
2026,"Adell, Jo",of,4.085,5200000
2026,"Marsh, Brandon",cf,4.078,5200000
2026,"Ober, Bailey",rhp-s,4.093,5200000
2026,"Robles, Victor",cf,7.033,5125000
2026,"Sugano, Tomoyuki",rhp-s,1,5100000
2026,"Greene, Riley",lf,3.11,5000000
2026,"Harvey, Hunter",rhp,6.047,5000000
2026,"Hays, Austin",lf,6.057,5000000
2026,"Kay, Anthony",lhp-s,2.006,5000000
2026,"Kelly, Carson",c,7.161,5000000
2026,"Yates, Kirby",rhp,11.021,5000000
2026,"Raley, Brooks",lhp,6.026,4750000
2026,"Lodolo, Nick",lhp-s,4,4725000
2026,"Megill, Trevor",rhp,4.002,4700000
2026,"Clement, Ernie",ss,3.168,4600000
2026,"Ragans, Cole",lhp-s,3.029,4583333
2026,"Diaz, Yainer",c,3.035,4500000
2026,"Ferguson, Caleb",lhp,7.093,4500000
2026,"Hernández, Kiké",ss-cf,11.054,4500000
2026,"Newcomb, Sean",lhp,6.041,4500000
2026,"Schmidt, Clarke",rhp-s,4.148,4500000
2026,"Sheets, Gavin",1b,4.076,4500000
2026,"Larnach, Trevor",lf,4.014,4475000
2026,"Cabrera, Edward",rhp-s,3.147,4450000
2026,"Peralta, Wandy",lhp,8.168,4450000
2026,"Bibee, Tanner",rhp-s,3,4400000
2026,"Lauer, Eric",lhp-s,5.091,4400000
2026,"Sosa, Edmundo",ss,5.14,4400000
2026,"Keith, Colt",1b-dh,2,4333333
2026,"Romero, JoJo",lhp,5.045,4260000
2026,"Jansen, Danny",c,7.05,4250000
2026,"Abrams, CJ",ss,3.13,4200000
2026,"Garcia, Maikel",3b,2.168,4200000
2026,"McKinstry, Zach",2b,4.099,4200000
2026,"Pasquantino, Vinnie",1b,3.101,4200000
2026,"Houck, Tanner",rhp,4.1,4150000
2026,"Neto, Zach",ss,2.17,4150000
2026,"Turang, Brice",2b,2.165,4150000
2026,"Kim, Hyeseong",2b,0.149,4083000
2026,"Torkelson, Spencer",1b,3.076,4075000
2026,"Armstrong, Shawn",rhp,7.113,4000000
2026,"Caratini, Victor",c-dh,8.051,4000000
2026,"Goldschmidt, Paul",1b,14.059,4000000
2026,"Hedges, Austin",c,9.166,4000000
2026,"Martin, Chris",rhp,8.133,4000000
2026,"Miller, Mason",rhp-c,2.166,4000000
2026,"Moncada, Yoán",3b,8.106,4000000
2026,"Moniak, Mickey",of,4.027,4000000
2026,"Paddack, Chris",rhp-s,7,4000000
2026,"Pallante, Andre",rhp-s,3.145,4000000
2026,"Pomeranz, Drew",lhp,12.008,4000000
2026,"Steer, Spencer",3b-of,3.035,4000000
2026,"Thielbar, Caleb",lhp,7.131,4000000
2026,"Thompson, Ryan",rhp,5.095,3950000
2026,"Vest, Will",rhp,4.1,3950000
2026,"Morejon, Adrian",lhp,5.14,3900000
2026,"Friedl, TJ",cf,3.112,3800000
2026,"Taylor, Tyrone",of,5.093,3800000
2026,"Milner, Hoby",lhp,6.068,3750000
2026,"Schreiber, John",rhp,5.027,3715000
2026,"Butler, Lawrence",rf,2.032,3678571
2026,"Vesia, Alex",lhp,5.078,3650000
2026,"Falter, Bailey",lhp-s,3.138,3600000
2026,"McClanahan, Shane",lhp-s,4.158,3600000
2026,"Jax, Griffin",rhp-c,4.091,3565000
2026,"Bradish, Kyle",rhp-s,3.16,3550000
2026,"Meyers, Jake",cf,4.044,3550000
2026,"Baz, Shane",rhp-s,3.158,3500000
2026,"Sánchez, Cristopher*",lhp-s,3.083,3500000
2026,"Santana, Dennis",rhp,5.126,3500000
2026,"Volpe, Anthony",ss,3,3475000
2026,"Pfaadt, Brandon",rhp-s,2.097,3400000
2026,"Burleson, Alec",1b,3.029,3300000
2026,"Cruz, Oneil",cf,3.11,3300000
2026,"Carpenter, Kerry",rf,3.057,3275000
2026,"Vierling, Matt",rf,4.026,3255000
2026,"Smith, Josh H.",2b,3.129,3225000
2026,"Burger, Jake",1b,3.127,3200000
2026,"Doyle, Brenton",cf,2.161,3100000
2026,"Puk, A.J.",lhp-s,5.124,3100000
2026,"Rogers, Jake",c,5.04,3050000
2026,"Pepiot, Ryan",rhp-s,3.005,3025000
2026,"Fraley, Jake",dh,5.097,3000000
2026,"Hill, Tim",lhp,7.112,3000000
2026,"Kinley, Tyler",rhp,7.014,3000000
2026,"Littell, Zack",rhp-s,6.043,3000000
2026,"Nelson, Ryne",rhp-s,3.02,3000000
2026,"Scherzer, Max",rhp-s,17.079,3000000
2026,"Akin, Keegan",lhp,5.083,2975000
2026,"Jung, Josh",3b,3.023,2900000
2026,"Soriano, José",rhp-s,3.121,2900000
2026,"Leiter Jr., Mark",rhp,5.031,2850000
2026,"Lewis, Royce",3b-dh,3.142,2850000
2026,"Song, Sung Mun",3b-2b,0,2833333
2026,"Bender, Anthony",rhp,4.153,2810000
2026,"Graterol, Brusdar",rhp-c,5.167,2800000
2026,"Irvin, Jake",rhp-s,2.152,2800000
2026,"Crawford, Kutter",rhp-s,3.136,2750000
2026,"Junis, Jakob",rhp,8.002,2750000
2026,"McCann, James",c,10.028,2750000
2026,"Sears, JP",lhp-s,3.065,2750000
2026,"Ginkel, Kevin",rhp,5.033,2725000
2026,"Bauers, Jake",1b,5.084,2700000
2026,"Isbel, Kyle",cf,4.043,2700000
2026,"Gorman, Nolan",3b,3.114,2655000
2026,"Anthony, Roman",of,0.112,2650000
2026,"Detmers, Reid",lhp-s,3.159,2625000
2026,"O'Hoppe, Logan",c,3.008,2625000
2026,"Lowe, Josh",rf-3b,3.093,2600000
2026,"Fortes, Nick",c,3.149,2535000
2026,"Bart, Joey",c,4.02,2530000
2026,"Moreno, Gabriel",c,3.061,2525000
2026,"Enns, Dietrich",lhp,0.162,2500000
2026,"Espinal, Santiago",2b,5.149,2500000
2026,"Grichuk, Randal",rf,11.033,2500000
2026,"Megill, Tylor",rhp,4.031,2500000
2026,"Rosario, Amed",2b,8.062,2500000
2026,"Stanek, Ryne",rhp,8.038,2500000
2026,"Yarbrough, Ryan",lhp-s,7.117,2500000
2026,"Wells, Tyler",rhp-s,4.132,2455000
2026,"Feltner, Ryan",rhp-s,3.071,2450000
2026,"Walls, Taylor",ss,4.092,2450000
2026,"Miller, Bryce",rhp,2.153,2437500
2026,"Álvarez, Francisco",c,2.164,2400000
2026,"Cleavinger, Garrett",lhp,4.06,2400000
2026,"Martinez, Justin",rhp-c,2.024,2400000
2026,"Burke, Brock",lhp,5.045,2325000
2026,"Okert, Steven",lhp,5.089,2325000
2026,"McLain, Matt",2b,2.14,2300000
2026,"Torrens, Luis",c,5.105,2275000
2026,"Liberatore, Matthew",lhp-s,2.144,2262500
2026,"Bautista, Felix",rhp-c,4,2250000
2026,"Campbell, Kristian",2b,0.086,2250000
2026,"Garver, Mitch",c-dh,8.045,2250000
2026,"Mikolas, Miles",rhp-s,9.037,2250000
2026,"Payamps, Joel",rhp,4.117,2250000
2026,"Rafaela, Ceddanne",cf-inf,2.035,2250000
2026,"Smith, Pavin",1b,4.015,2250000
2026,"Lee, Dylan",lhp,3.15,2200000
2026,"Gil, Luis",rhp-s,3.073,2162500
2026,"Speier, Gabe",lhp,4,2125000
2026,"Merrill, Jackson",cf,2,2111111
2026,"Fermin, Freddy",c,2.165,2100000
2026,"Taveras, Leody",cf,3.124,2100000
2026,"Weiss, Ryan",rhp-s,0,2100000
2026,"Raley, Luke",rf,3.106,2050000
2026,"Barlow, Scott",rhp,7.026,2000000
2026,"Blackburn, Paul",rhp-s,6.018,2000000
2026,"Caballero, Jose",2b-ss,2.17,2000000
2026,"Carlson, Dylan",cf,5.067,2000000
2026,"Conforto, Michael",dh-rf,9.043,2000000
2026,"Foley, Jason",rhp,3.15,2000000
2026,"Morel, Christopher",1b-3b,3.117,2000000
2026,"Rengifo, Luis",2b,6.043,2000000
2026,"Rogers, Taylor",lhp,9.145,2000000
2026,"Romano, Jordan",rhp-c,6.051,2000000
2026,"Thomas, Alek",cf,3.103,1962500
2026,"Manoah, Alek",rhp-s,4.063,1950000
2026,"Mears, Nick",rhp,4.022,1900000
2026,"Pérez, Cionel",lhp,4.085,1900000
2026,"Brubaker, JT",rhp,5.162,1820000
2026,"Assad, Javier",rhp,3.027,1800000
2026,"Faucher, Calvin",rhp,2.156,1800000
2026,"Santillan, Tony",rhp,3.099,1800000
2026,"Ashcraft, Graham",rhp,3.13,1750000
2026,"Frazier, Adam",2b-of,9.075,1750000
2026,"García, Luis",rhp,10.007,1750000
2026,"Lowe, Nathaniel",1b,5.145,1750000
2026,"Mayza, Tim",lhp,6.129,1750000
2026,"Benson, Will",cf,3.003,1725000
2026,"Banda, Anthony",lhp,4.135,1625000
2026,"Basallo, Samuel",c,0.043,1625000
2026,"Casas, Triston",1b,3.032,1610000
2026,"Beeks, Jalen",lhp,7.003,1600000
2026,"Call, Alex",cf,2.161,1600000
2026,"Cano, Yennier",rhp,3.065,1600000
2026,"De Los Santos, Enyel",rhp,5.015,1600000
2026,"González, Romy",2b,3.083,1600000
2026,"Holton, Tyler",lhp,3.047,1575000
2026,"Massey, Michael",2b-lf,3.068,1570000
2026,"Brash, Matt",rhp,3.121,1550000
2026,"Clarke, Taylor",rhp,5.148,1550000
2026,"Herget, Jimmy",rhp,4.069,1550000
2026,"Oviedo, Johan",rhp-s,4.078,1550000
2026,"Garrett, Braxton",lhp,3.168,1530000
2026,"Freeman, Tyler",2b,3.046,1525000
2026,"McCarthy, Jake",rf,3.124,1525000
2026,"Uceta, Edwin",rhp,2.15,1525000
2026,"Wilson, Steven",rhp,3.166,1520000
2026,"Andujar, Miguel",lf,6.053,1500000
2026,"Borucki, Ryan",lhp,6.006,1500000
2026,"Buehler, Walker",rhp-s,7.168,1500000
2026,"Fedde, Erick",rhp-s,5.099,1500000
2026,"Holderman, Colin",rhp,3.12,1500000
2026,"Hoskins, Rhys",1b,8.053,1500000
2026,"King, John",lhp,4.148,1500000
2026,"Loáisiga, Jonathan",rhp,7.022,1500000
2026,"Lucchesi, Joey",lhp-s,5.047,1500000
2026,"McCutchen, Andrew",dh-of,16.123,1500000
2026,"Ross, Joe",rhp-s,7.018,1500000
2026,"Sánchez, Gary",c,9.05,1500000
2026,"Santana, Carlos",1b-dh,15.115,1500000
2026,"Sewald, Paul",rhp,7.072,1500000
2026,"Urías, Ramón",3b-2b,5.025,1500000
2026,"Urquidy, José",rhp,6.049,1500000
2026,"Webb, Jacob",rhp,5.046,1500000
2026,"Cruz, Fernando",rhp,3.035,1450000
2026,"Moore, Dylan",3b,7,1450000
2026,"Soderstrom, Tyler",lf,2.053,1428571
2026,"Wilson, Jacob",ss,1.073,1428571
2026,"Allen, Nick",ss,2.164,1400000
2026,"Bleday, JJ",cf,3.029,1400000
2026,"Hentges, Sam",lhp,4.157,1400000
2026,"Vargas, Ildemaro",2b,5.129,1400000
2026,"Duran, Ezequiel",2b,3.05,1375000
2026,"Fry, David",c-inf,2.154,1375000
2026,"Wong, Connor",c,3.079,1375000
2026,"France, Ty",1b,6.089,1350000
2026,"Gray, Josiah",rhp-s,4.075,1350000
2026,"Pearson, Nate",rhp,4.005,1350000
2026,"Weathers, Ryan",lhp-s,3.066,1350000
2026,"De Jesus, Enmanuel",lhp,0.024,1300000
2026,"Garrett, Reed",rhp,2.143,1300000
2026,"Stewart, Brock",rhp,4.093,1300000
2026,"Baker, Bryan",rhp,3.049,1275000
2026,"Baddoo, Akil",of,2.169,1250000
2026,"Farmer, Kyle",2b,7.129,1250000
2026,"Haggerty, Sam",2b,5.007,1250000
2026,"Heim, Jonah",c,5.097,1250000
2026,"Kingery, Scott",2b,3.051,1250000
2026,"Montgomery, Jordan",lhp-s,8.145,1250000
2026,"Smith, Dominic",1b,6.151,1250000
2026,"Suter, Brent",lhp,8.161,1250000
2026,"Heineman, Tyler",c,3.066,1237500
2026,"Lawrence, Justin",rhp,3.167,1225000
2026,"Austin, Tyler",1b-of,2.151,1200000
2026,"Banks, Tanner",lhp,3.092,1200000
2026,"Cabrera, Oswaldo",3b,3.05,1200000
2026,"Ibáñez, Andy",3b,3.133,1200000
2026,"McGuire, Reese",c,5.11,1200000
2026,"Brieske, Beau",rhp,3.056,1157500
2026,"Young, Jared",1b-of,0.133,1150000
2026,"Alexander, Tyler",lhp,6.011,1125000
2026,"Sands, Cole",rhp,3.017,1100000
2026,"Wynns, Austin",c,5.017,1100000
2026,"Zerpa, Angel",lhp,3.082,1095000
2026,"Skenes, Paul",rhp-s,2,1085000
2026,"Brazoban, Huascar",rhp,2.17,1050000
2026,"Sulser, Cole",rhp,4.096,1050000
2026,"Lynch IV, Daniel",lhp,3.136,1025000
2026,"Canning, Griffin",rhp-s,6.075,1000000
2026,"Coulombe, Daniel",lhp,7.008,1000000
2026,"Festa, Matt",rhp,2.153,1000000
2026,"Hart, Kyle",lhp-s,1.022,1000000
2026,"Knizner, Andrew",,,1000000
2026,"Lovelady, Richard",lhp,3.008,1000000
2026,"Márquez, Germán",rhp-s,9.027,1000000
2026,"Marte, Starling",dh-rf,12.162,1000000
2026,"Mateo, Jorge",ss,6,1000000
2026,"Miller, Shelby",rhp,10.016,1000000
2026,"Slater, Austin",of,7.147,1000000
2026,"Topa, Justin",rhp,5.044,1000000
2026,"Vázquez, Christian",c,11.031,1000000
2026,"Woodford, Jake",rhp-s,3.096,1000000
2026,"Meyer, Max",rhp-s,2.166,980000
2026,"Wesneski, Hayden",rhp-s,2.17,975000
2026,"Cousins, Jake",rhp,3.091,950000
2026,"Mitchell, Garrett",cf,3.04,950000
2026,"Vilade, Ryan",lf,0.076,950000
2026,"Palacios, Richie",of-2b,2.156,945000
2026,"Bernardino, Brennan",lhp,2.15,925000
2026,"Kelly, Kevin",rhp,2.156,925000
2026,"Stubbs, Garrett",,,925000
2026,"Young, Danny",lhp,1.16,925000
2026,"Bazardo, Eduard",rhp,2.118,923000
2026,"Bird, Jake",rhp,3.051,915000
2026,"Sousa, Bennett",lhp,2.156,910000
2026,"Zastryzny, Rob",lhp,2.121,902500
2026,"Brogdon, Connor",rhp,4.09,900000
2026,"Campusano, Luis",c,3.003,900000
2026,"Garcia, Rico",rhp,1.127,900000
2026,"Gilbert, Tyler",lhp,2.075,900000
2026,"Hill, Derek",cf,3.04,900000
2026,"Lange, Alex",rhp,3.145,900000
2026,"Pop, Zach",rhp,2.171,900000
2026,"Suarez, José",lhp,4.064,900000
2026,"Wentz, Joey",lhp,2.166,900000
2026,"White, Eli",2b,3.14,900000
2026,"Crow-Armstrong, Pete",cf,1.17,894000
2026,"Laweryson, Cody",rhp,0.017,875000
2026,"Moll, Sam",lhp,4.023,875000
2026,"Roa, Christian",rhp,0.065,875000
2026,"Wells, Austin",c,2.031,866200
2026,"Cavalli, Cade",rhp-s,2.141,862500
2026,"Busch, Michael",3b,2.045,860000
2026,"Marchán, Rafael",c,3.006,860000
2026,"Bruihl, Justin",lhp,1.112,850000
2026,"Gage, Matt",lhp,0.155,850000
2026,"Hagenman, Justin",rhp,0.046,850000
2026,"Kilian, Caleb",rhp,0.153,850000
2026,"Muñoz, Roddery",rhp,0.123,850000
2026,"Oliva, Jared",of,0.05,850000
2026,"Walter, Brandon",lhp,0.168,850000
2026,"Rice, Ben",c-1b,1.076,845800
2026,"Medina, Luis",rhp,2.146,835000
2026,"Dingler, Dillon",c,1.063,834900
2026,"Jones, Jahmai",2b,1.148,832200
2026,"Woo, Bryan",rhp-s,2.121,831600
2026,"Warren, Will",rhp,1.016,826625
2026,"Smith, Shane",rhp-s,1,825900
2026,"Ramírez, Yohan",rhp,3.135,825000
2026,"Waldichuk, Ken",lhp-s,2.15,825000
2026,"Naylor, Bo",c,2.113,824900
2026,"Smith, Cade",rhp,2,824600
2026,"Chaparro, Andrés",3b,1.002,822600
2026,"Williams, Gavin",rhp-s,2.103,822200
2026,"Varland, Louie",rhp,1.163,821500
2026,"Triolo, Jared",ss,2.071,818900
2026,"Olson, Reese",rhp-s,2.123,818100
2026,"Horton, Cade",rhp-s,0.142,817500
2026,"Vientos, Mark",3b,2.102,813750
2026,"Schneider, Davis",inf,2.029,813500
2026,"Little, Brendon",lhp,1.135,811900
2026,"Baty, Brett",3b-dh,2.088,811500
2026,"Barger, Addison",ss-3b,1.098,811000
2026,"Lopez, Otto",2b,2.109,810500
2026,"Abreu, Wilyer",of,2.041,810000
2026,"Bailey, Patrick",c,2.136,810000
2026,"Dreyer, Jack",lhp,1,810000
2026,"Elder, Bryce",rhp-s,2.069,810000
2026,"Goodman, Hunter",c,2.01,810000
2026,"Joyce, Ben",rhp,2.075,810000
2026,"McArthur, James",rhp,2.15,810000
2026,"Miller, Erik",lhp,2,810000
2026,"Peraza, Oswald",ss,2.014,810000
2026,"Ramos, Heliot",lf,2.103,810000
2026,"Rodriguez, Grayson",rhp-s,2.129,810000
2026,"Schanuel, Nolan",1b-of,2.045,810000
2026,"Schmitt, Casey",3b,2.035,810000
2026,"Sheehan, Emmet",rhp-s,2.08,810000
2026,"Stone, Gavin",rhp,2.034,810000
2026,"Walker, Ryan",rhp-c,2.136,810000
2026,"Smith, Cam",rf,1,809900
2026,"Francis, Bowden",rhp,2.098,809800
2026,"Nance, Tommy",rhp,2.165,809700
2026,"Estrada, Jeremiah",rhp,2.069,809500
2026,"Gaddis, Hunter",rhp,2.073,809500
2026,"Henriquez, Ronny",rhp,1.115,809000
2026,"Vásquez, Randy",rhp-s,1.129,808800
2026,"Amaya, Miguel",c,2.13,808500
2026,"Lukes, Nathan",of,1.145,808500
2026,"Palencia, Daniel",rhp,1.154,808000
2026,"Bido, Osvaldo",rhp-s,1.161,807925
2026,"Marinaccio, Ron",rhp,2.064,807650
2026,"Monasterio, Andruw",3b,2.099,807500
2026,"Weissert, Greg",rhp,2.079,807500
2026,"Hoeing, Bryan",rhp,2.133,807000
2026,"Wood, James",dh-lf,1.091,806900
2026,"Mlodzinski, Carmen",rhp-s,2.081,806800
2026,"Myers, Tobias",rhp,1.109,806300
2026,"Vargas, Miguel",3b,2.101,805700
2026,"Kerkering, Orion",rhp,2.01,805500
2026,"Meadows, Parker",cf,1.169,805300
2026,"Johnson, Bryce",cf,1.097,805000
2026,"Langford, Wyatt",lf,2,805000
2026,"Shaw, Matt",3b,0.162,804500
2026,"Stowers, Kyle",dh-of,2.012,804200
2026,"Edwards, Xavier",2b,2.034,804000
2026,"Clemens, Kody",2b,2.134,803900
2026,"Sosa, Lenyn",2b-ss,2.044,803550
2026,"Erceg, Lucas",rhp,2.136,803500
2026,"Priester, Quinn",rhp-s,1.134,803200
2026,"Westburg, Jordan",ss,2.098,802800
2026,"Blanco, Ronel",rhp-s,2.101,802700
2026,"Holliday, Jackson",2b,1.078,802200
2026,"Bradley, Taj",rhp-s,2.097,802050
2026,"Cameron, Noah",lhp-s,0.137,802000
2026,"Horwitz, Spencer",1b,1.152,802000
2026,"Gonzales, Nick",3b,2.018,801600
2026,"Jones, Jared",rhp-s,2,801600
2026,"Cowser, Colton",of,2.043,801500
2026,"Schlittler, Cam",rhp,0.082,801425
2026,"Herrin, Tim",lhp,2.058,801200
2026,"Arias, Gabriel",ss,2.124,801100
2026,"Brown, Ben",rhp-s,1.169,801000
2026,"Schneemann, Daniel",3b,1.12,800700
2026,"Frelick, Sal",of,2.072,800600
2026,"Garcia, Robert",lhp-c,2.086,800500
2026,"Davis, Henry",c,2.037,800400
2026,"Mangum, Jake",of,1,800200
2026,"Burrows, Michael",rhp-s,0.135,800100
2026,"Perkins, Blake",cf,2.133,800001
2026,"Abbott, Andrew",lhp-s,2.119,800000
2026,"Bachman, Sam",rhp,1.149,800000
2026,"Baldwin, Drake",c,1,800000
2026,"Birdsong, Hayden",rhp,1.041,800000
2026,"Buttó, José",rhp,1.168,800000
2026,"Casparius, Ben",rhp,1.016,800000
2026,"Criswell, Cooper",rhp,1.143,800000
2026,"De La Cruz, Elly",ss,2.118,800000
2026,"Encarnación, Jerar",rf,1.112,800000
2026,"Gray, Tristan",3b,0.123,800000
2026,"Grissom, Vaughn",2b,1.086,800000
2026,"Hernández, Daysbel",rhp,1.095,800000
2026,"Hodge, Porter",rhp,1.117,800000
2026,"Holmes, Grant",rhp-s,1.106,800000
2026,"Kochanowicz, Jack",rhp-s,1.012,800000
2026,"Koss, Christian",ss,1,800000
2026,"Miller, Bobby",rhp,1.119,800000
2026,"Myers, Dane",of,2.037,800000
2026,"Nardi, Andrew",lhp,3.053,800000
2026,"Narváez, Carlos",c,1.038,800000
2026,"Pages, Andy",cf,1.155,800000
2026,"Pozo, Yohel",c-1b,1.052,800000
2026,"Rodríguez, Randy",rhp,1.148,800000
2026,"Roupp, Landen",rhp-s,1.085,800000
2026,"Sanmartin, Reiver",lhp,1.148,800000
2026,"Sasaki, Rōki",rhp-s,1,800000
2026,"Schwellenbach, Spencer",rhp,1.124,800000
2026,"Seabold, Connor",rhp,1.013,800000
2026,"Silseth, Chase",rhp-s,1.105,800000
2026,"Smith-Shawver, AJ",rhp,1.097,800000
2026,"Sullivan, Brett",c-of,0.11,800000
2026,"Williamson, Brandon",lhp-s,2.139,800000
2026,"Winn, Keaton",rhp,1.09,800000
2026,"Wolfram, Grant",lhp,0.084,800000
2026,"King, Bryan",lhp,1.1,799900
2026,"Escarra, J.C.",c,0.139,799800
2026,"Collins, Isaac",lf,1.022,799750
2026,"Pérez, Eury",rhp,2.113,799500
2026,"Winn, Masyn",ss,2.045,799450
2026,"Walker, Jordan",rf,2.044,799400
2026,"Wallner, Matt",rf,2.043,799350
2026,"Herrera, Iván",c-dh,2.034,798900
2026,"Martin, Davis",rhp-s,1.117,798900
2026,"Montgomery, Colson",ss,0.087,798500
2026,"Manzardo, Kyle",1b,1.073,798300
2026,"Uribe, Abner",rhp,1.121,798300
2026,"Waldrep, Hurston",rhp,0.103,798300
2026,"Junk, Janson",rhp,1.045,798000
2026,"Rocchio, Brayan",ss,2.001,797600
2026,"Leasure, Jordan",rhp,1.162,797550
2026,"Outman, James",cf,2.007,797550
2026,"Marsh, Alec",rhp,2.078,797500
2026,"Murphy, Chris",lhp,2.071,797250
2026,"Fluharty, Mason",lhp,0.139,797000
2026,"Pagés, Pedro",c,1.166,796900
2026,"Waldron, Matt",rhp,1.107,796800
2026,"Cantillo, Joey",lhp-s,0.162,796600
2026,"Canzone, Dominic",of,2.014,796600
2026,"Ferrer, Jose",lhp,2.094,796600
2026,"Fisher, Braydon",rhp,0.13,796600
2026,"Aranda, Jonathan",2b,2.03,796400
2026,"Patrick, Chad",rhp,0.125,796400
2026,"Woods-Richardson, Simeon",rhp-s,1.153,796250
2026,"Hurter, Brant",lhp,1.042,796200
2026,"Durbin, Caleb",3b,0.164,796000
2026,"Cecconi, Slade",rhp-s,1.155,795600
2026,"Koenig, Jared",lhp,2.043,795600
2026,"Leahy, Kyle",rhp-s,1.14,795600
2026,"Ashcraft, Braxton",rhp-s,0.126,795100
2026,"O'Brien, Riley",rhp,1.129,795050
2026,"Vasil, Mike",rhp,1,795050
2026,"Caminero, Junior",3b,1.058,794800
2026,"Funderburk, Kody",lhp,1.122,794700
2026,"Mattson, Isaac",rhp,0.15,794200
2026,"Young, Jacob",cf,2.037,794200
2026,"Leiter, Jack",rhp-s,1.033,794000
2026,"Norby, Connor",2b,1.057,794000
2026,"Phillips, Tyler",rhp,1.048,794000
2026,"Rodríguez, Manuel",rhp,2.139,793600
2026,"Latz, Jake",lhp,1.17,793500
2026,"Soriano, George",rhp,1.095,793350
2026,"Hancock, Emerson",rhp-s,1.059,793300
2026,"Kolek, Stephen",rhp-s,1.099,793250
2026,"Burke, Sean",rhp-s,1.011,793200
2026,"Lee, Brooks",ss,1.089,793050
2026,"Bradford, Cody",lhp,2.086,793000
2026,"Montgomery, Mason",lhp,1.021,793000
2026,"Anderson, Grant",rhp,2.007,792900
2026,"Alexander, Blaze",ss,1.053,792800
2026,"Julien, Edouard",2b,2.009,792750
2026,"Scott II, Victor",cf,1.083,792750
2026,"Headrick, Brent",lhp,0.171,792675
2026,"Petersen, Michael",rhp,0.086,792500
2026,"Fermín, José",ss,1.075,792350
2026,"Mastrobuoni, Miles",2b,2.043,792300
2026,"Núñez, Dedniel",rhp,2.074,792000
2026,"Ramirez, Agustin",c,0.161,792000
2026,"Loperfido, Joey",lf-1b,1.021,791900
2026,"Sabrowski, Erik",lhp,1.033,791600
2026,"Bachar, Lake",rhp,1.021,791500
2026,"Brito, Jhony",rhp,2.048,791500
2026,"Carter, Evan",cf,1.17,791500
2026,"McLean, Nolan",rhp-s,0.044,791500
2026,"Ruiz, Esteury",cf,2.064,791500
2026,"Sanoja, Javier",ss-cf,1.023,791500
2026,"Slaten, Justin",rhp,2,791500
2026,"Festa, David",rhp,1.052,791200
2026,"Mayo, Coby",3b,0.17,790800
2026,"Blubaugh, A.J.",rhp,0.038,790700
2026,"Dezenzo, Zach",3b,1.055,790700
2026,"Martin, Austin",2b-of,1.041,790650
2026,"Vivas, Jorbit",2b,0.056,790600
2026,"Ortiz, Joey",ss,2.03,790400
2026,"Vargas, Carlos",rhp,1.14,790100
2026,"Fuentes, Didier",rhp,0.019,790000
2026,"Henriquez, Edgardo",rhp,0.164,790000
2026,"Hicks, Liam",c,1,790000
2026,"Johnson, Ryan",rhp-s,0.043,790000
2026,"Klein, Will",rhp,0.081,790000
2026,"Knack, Landon",rhp,0.119,790000
2026,"Lowder, Rhett",rhp-s,1.031,790000
2026,"Marte, Noelvi",rf,1.139,790000
2026,"Moran, Jovani",lhp,1.1,790000
2026,"Rushing, Dalton",c,0.138,790000
2026,"Teodosio, Bryce",cf,0.081,790000
2026,"Vodnik, Victor",rhp,2.024,790000
2026,"Wrobleski, Justin",lhp-s,0.15,790000
2026,"Early, Connelly",lhp-s,0.02,789500
2026,"Kjerstad, Heston",of,1.041,789500
2026,"DeLuca, Jonny",lf,2.085,789300
2026,"Baldwin, Brooks",2b-3b,1.047,789250
2026,"Meidroth, Chase",2b,0.171,789100
2026,"Rocker, Kumar",rhp-s,0.137,789000
2026,"Yesavage, Trey",rhp-s,0.014,788800
2026,"Jackson, Jeremiah",2b,0.061,788700
2026,"Sweeney, Trey",ss,1.042,788700
2026,"Thorpe, Drew",rhp,1.111,788600
2026,"Pauley, Graham",3b,1.005,788500
2026,"Messick, Parker",lhp-s,0.04,788400
2026,"Misiorowski, Jacob",rhp-s,0.109,788300
2026,"Keaschall, Luke",2b,0.164,788200
2026,"Englert, Mason",rhp,1.168,788100
2026,"Teel, Kyle",c,0.115,788050
2026,"Hall, DL",lhp-s,2.074,788000
2026,"Hernandez, Heriberto",lf,0.122,788000
2026,"Martínez, Angel",ss,1.118,788000
2026,"Morgan, David",rhp,0.134,788000
2026,"Winn, Cole",rhp,1.09,788000
2026,"Legumina, Casey",rhp,1.111,787900
2026,"Taylor, Grant",rhp,0.111,787900
2026,"Tawa, Tim",2b,0.112,787700
2026,"Dobbins, Hunter",rhp-s,0.152,787600
2026,"Ballesteros, Moises",c,0.03,787500
2026,"Del Castillo, Adrian",c,0.128,787500
2026,"Roycroft, Chris",rhp,0.15,787500
2026,"Quero, Edgar",c,0.165,787450
2026,"Beavers, Dylan",of,0.044,787400
2026,"Hamilton, David",ss-2b,2.011,787300
2026,"Chander, Bubba",rhp-s,0.038,787200
2026,"Saggese, Thomas",ss-2b,0.144,787200
2026,"Saalfrank, Andrew",rhp,0.118,786900
2026,"Loftin, Nick",2b,1.081,786750
2026,"Wicks, Jordan",lhp,1.07,786750
2026,"Teng, Kai-Wei",rhp,0.072,786700
2026,"Rivas, Leo",ss,1.008,786200
2026,"Harrison, Kyle",lhp,1.102,786100
2026,"Young, Cole",ss,0.121,786100
2026,"Conine, Griffin",of,1.035,786000
2026,"Lile, Daylen",lf,0.12,786000
2026,"Marsee, Jakob",of,0.059,786000
2026,"Mazur, Adam",rhp,0.067,786000
2026,"Acuña, Luisangel",cf,0.156,785950
2026,"Evans, Logan",rhp,0.124,785800
2026,"Hiraldo, Yaramil",rhp,0.053,785800
2026,"Orze, Eric",rhp,0.116,785800
2026,"Svanson, Matt",rhp,0.116,785800
2026,"Locklear, Tyler",3b,0.084,785700
2026,"Williamson, Ben",3b,0.11,785700
2026,"Kemp, Otto",3b,0.092,785500
2026,"Melton, Troy",rhp,0.068,785500
2026,"Varland, Gus",rhp,0.169,785450
2026,"Beeter, Clayton",rhp,0.129,785225
2026,"Berroa, Prelander",rhp,1.045,785200
2026,"Bush, Ky",lhp,1.056,785200
2026,"Lord, Brad",rhp,1,785200
2026,"Selby, Colin",rhp,0.161,785200
2026,"Wiemer, Joey",of,1.089,785200
2026,"Morillo, Juan",rhp,0.111,785100
2026,"Simpson, Chandler",of,0.14,785100
2026,"Backhus, Kyle",lhp,0.113,785000
2026,"Beck, Jordan",of,1.153,785000
2026,"Bowlan, Jonathan",rhp,0.116,785000
2026,"Burns, Chase",rhp-s,0.097,785000
2026,"Criswell, Jeff",rhp,1.04,785000
2026,"Freeman, Cody",3b,0.051,785000
2026,"Ginn, J.T.",rhp,1.039,785000
2026,"Harris, Hogan",lhp,1.146,785000
2026,"Hernaiz, Darell",ss,1.04,785000
2026,"Kelly, Michael",rhp,1.124,785000
2026,"Kurtz, Nick",1b,1,785000
2026,"Lazar, Max",rhp,0.17,785000
2026,"Peguero, Joel",rhp,0.039,785000
2026,"McGreevy, Michael",rhp-s,0.091,784550
2026,"Yorke, Nick",2b-of,0.042,784500
2026,"Tena, José",ss,1.031,784400
2026,"Jobe, Jackson",rhp-s,1.006,784300
2026,"Boyle, Joe",rhp-s,1.005,784200
2026,"Herz, D.J.",lhp,1.104,784200
2026,"Horn, Bailey",lhp,0.102,784100
2026,"Caglianone, Jac",rf-1b,0.118,784000
2026,"Seymour, Ian",lhp,0.085,783800
2026,"Henry, Cole",rhp,0.169,783700
2026,"Walston, Blake",lhp,1.096,783700
2026,"Barrosa, Jorge",lf,0.07,783600
2026,"Gipson-Long, Sawyer",rhp,2.017,783600
2026,"Lawlar, Jordan",ss,0.073,783600
2026,"Mayer, Marcelo",2b,0.128,783500
2026,"Wagner, Will",2b,0.151,783500
2026,"Kayfus, C.J.",1b,0.058,783400
2026,"Adams, Travis",rhp,0.066,783300
2026,"Pereira, Everson",cf,0.09,783300
2026,"House, Brady",ss,0.105,783200
2026,"Lockridge, Brandon",of,0.147,783100
2026,"Nuñez, Nasim",ss,1.086,783100
2026,"Bliss, Ryan",ss,1.061,783000
2026,"Gómez, Yoendrys",rhp,0.135,783000
2026,"Sproat, Brandon",rhp,0.022,783000
2026,"Tolbert, Tyler",2b-of,0.144,783000
2026,"Barco, Hunter",lhp,0.006,782900
2026,"Cook, Billy",1b-of,0.025,782800
2026,"Rodriguez, Bradgley",rhp,0.02,782800
2026,"Millas, Drew",c,1.038,782700
2026,"Abel, Mick",rhp-s,0.05,782500
2026,"Acosta, Max",ss,0.035,782500
2026,"Freeland, Alex",ss,0.038,782500
2026,"Matthews, Brice",ss,0.03,782400
2026,"Church, Nathan",lf,0.043,782150
2026,"Agnos, Zach",rhp,0.145,782000
2026,"Brown, McCade",rhp,0.036,782000
2026,"Crim, Blaine",1b,0.031,782000
2026,"Dollander, Chase",rhp-s,0.141,782000
2026,"Feduccia, Hunter",c,0.095,782000
2026,"Hill, Jaden",rhp,0.097,782000
2026,"Johnston, Troy",of-1b,0.062,782000
2026,"Karros, Kyle",3b,0.052,782000
2026,"Mejia, Juan",rhp,0.144,782000
2026,"Mena, Cristian",rhp,0.125,782000
2026,"Ohl, Pierson",rhp,0.05,782000
2026,"Ritter, Ryan",ss,0.115,782000
2026,"Seigler, Anthony",2b,0.09,782000
2026,"Veen, Zac",of,0.015,782000
2026,"Poulin, PJ",lhp,0.055,781900
2026,"Kent, Zak",rhp,0.037,781850
2026,"Hoffmann, Andrew",rhp,0.033,781800
2026,"Valera, George",rf,0.028,781700
2026,"Walters, Andrew",rhp,0.142,781700
2026,"Schultz, Paxton",rhp,0.078,781600
2026,"Yoho, Craig",rhp,0.042,781600
2026,"Caissie, Owen",rf,0.034,781500
2026,"Granillo, Andre",rhp,0.076,781500
2026,"Phillips, Connor",rhp,0.081,781500
2026,"Stewart, Sal",1b,0.028,781500
2026,"Berroa, Steward",cf,0.077,781300
2026,"Jensen, Carter",c,0.028,781150
2026,"Williams, Carson",ss,0.039,780800
2026,"Peters, Tristan",of,0.007,780350
2026,"Alvarado, Elvis",rhp,0.101,780000
2026,"Baumier, Carter",rhp,0,780000
2026,"Benge, Carson",rf,0,780000
2026,"Clarke, Denzel",of,0.129,780000
2026,"Cortes, Carlos",of,0.069,780000
2026,"Crawford, Justin",cf,0,780000
2026,"DeLauter, Chase",rf,0,780000
2026,"Franco, Jose",rhp,0,780000
2026,"Hoglund, Gunnar",rhp,0.15,780000
2026,"Lopez, Jacob",lhp-s,0.16,780000
2026,"McGonigle, Kevin",ss-3b,0,780000
2026,"Miles, Spencer",rhp,0,780000
2026,"Morales, Luis",rhp-s,0.059,780000
2026,"Muncy, Max",ss,0.144,780000
2026,"Nunez, Anthony",rhp,0,780000
2026,"Paez, Jedixson",rhp,0,780000
2026,"Painter, Andrew",rhp-s,0,780000
2026,"Pallette, Peyton",rhp,0,780000
2026,"Petit, RJ",rhp,0,780000
2026,"Pushard, Matt",rhp,0,780000
2026,"Rumfield, T.J.",1b,0,780000
2026,"Sterner, Justin",rhp,0.169,780000
2026,"Susac, Daniel",c,0,780000
2026,"Urena, Walbert",rhp,0,780000
2026,"Watson, Ryan",rhp,0,780000
2026,"Wetherholt, JJ",2b,0,780000
2026,"Wick, Rowan",rhp,3.114,780000
2026,"Winquest, Cade",rhp,0,780000
2026,"Zeferjahn, Ryan",rhp,1.038,780000
2026,"Ortiz, Luis L.",rhp,2.047,0
2026,"Abner, Philip",lhp,0.011,
2026,"Acosta, Daison",rhp,0,
2026,"Acton, Garrett",rhp,0.031,
2026,"Adcock, Ty",rhp,0.048,
2026,"Aguiar, Julian",rhp,1.042,
2026,"Alcántara, Kevin",of,0.033,
2026,"Aldegheri, Samuel",lhp,0.047,
2026,"Aleman, Franco",rhp,0,
2026,"Alexander, Jason",rhp,1.134,
2026,"Allen, Logan",lhp-s,2.093,
2026,"Alvarez Jr., Nacho",ss-3b,0.16,
2026,"Alvarez, Andrew",lhp,0.028,
2026,"Amador, Adael",2b-ss,0.085,
2026,"Areinamo, Jadher",2b,0,
2026,"Arrighetti, Spencer",rhp,2,
2026,"Arroyo, Edwin",ss,0,
2026,"Avila, Luinder",rhp,0.033,
2026,"Baez, Henry",rhp,0,
2026,"Baez, Joshua",of,0,
2026,"Balcazar, Leo",ss,0,
2026,"Barnett, Mason",rhp,0.034,
2026,"Basso, Brady",lhp,1.029,
2026,"Beck, Tristan",rhp,2.067,
2026,"Bellozo, Valente",rhp,1.05,
2026,"Bennett, Jake",lhp,0,
2026,"Bergert, Ryan",rhp-s,0.113,
2026,"Bernal, Leonardo",c,0,
2026,"Bidois, Brandon",rhp,0,
2026,"Bigge, Hunter",rhp,1.049,
2026,"Bivens, Spencer",rhp,1.077,
2026,"Black, Mason",rhp,0.051,
2026,"Black, Tyler",2b,0.04,
2026,"Blalock, Bradley",rhp,0.134,
2026,"Bloss, Jake",rhp,0.039,
2026,"Booser, Cam",lhp,1.105,
2026,"Brannigan, Jack",ss,0,
2026,"Bratt, Mitch",lhp,0,
2026,"Brennan, Will",of,2.155,
2026,"Brito, Juan",ss,0,
2026,"Burgos, Juan",rhp,0.074,
2026,"Cabrera, Jean",rhp,0,
2026,"Cairo, Christian",ss,0,
2026,"Callihan, Tyler",2b,0.152,
2026,"Cannon, Jonathan",rhp-s,1.114,
2026,"Carrillo, Alex",rhp,0.017,
2026,"Castaño, Blas",rhp,0.007,
2026,"Castro, Kervin",rhp,0.057,
2026,"Cerantola, Eric",rhp,0,
2026,"Chace, Moises",rhp,0,
2026,"Cheng, Tsung-Che",ss,0.01,
2026,"Chivilli, Angel",rhp,1.036,
2026,"Church, Marc",rhp,0.024,
2026,"Clase, Jonatan",of,0.109,
2026,"Cole, Zach",of,0.017,
2026,"Cook, Alex",rhp,0,
2026,"Cornelio, Riley",rhp,0,
2026,"Corniell, Jose",rhp,0.003,
2026,"Cowles, Ben",ss-3b,0,
2026,"Crews, Dylan",rf,1.035,
2026,"Crooks, Jimmy",c,0.031,
2026,"Crow, Coleman",rhp-s,0,
2026,"Cruz, Steven",rhp,1.057,
2026,"Cruz, Trei",cf,0,
2026,"Curet, Yoniel",rhp,0,
2026,"Curvelo, Luis",rhp,0.061,
2026,"Dana, Caden",rhp,0.06,
2026,"Davalillo, David",rhp,0,
2026,"Davitt, Duncan",rhp,0,
2026,"De Los Santos, Deyvison",3b,0,
2026,"De Los Santos, Yerry",rhp,1.127,
2026,"Dean, Justin",cf,0.052,
2026,"Diaz, Yilber",rhp,0.041,
2026,"Dodd, Dylan",lhp-s,0.131,
2026,"Domínguez, Jasson",lf,1.13,
2026,"Dotel, Wilber",rhp,0,
2026,"Drake, Kohl",lhp,0,
2026,"Drohan, Shane",lhp,0,
2026,"Dunn, Blake",of,0.089,
2026,"Eaton, Nate",of,1.02,
2026,"Eder, Jake",lhp,0.042,
2026,"Eisert, Brandon",lhp,1.034,
2026,"Eldridge, Bryce",1b,0.014,
2026,"Encarnacion-Strand, Christian",1b-3b,2.012,
2026,"Espada, Jose",rhp,0.02,
2026,"Espino, Daniel",rhp,0,
2026,"Estes, Joey",rhp-s,1.031,
2026,"Estrada, Lazaro",rhp,0.004,
2026,"Farris, Mitch",lhp,0.028,
2026,"Ferguson, Tyler",rhp,1.089,
2026,"Fermin, Jose",rhp,0.117,
2026,"Fernandez, Jose",ss,0,
2026,"Fernández, Julian",rhp,2.042,
2026,"Fernandez, Ryan",rhp,1.09,
2026,"Fitts, Richard",rhp-s,0.164,
2026,"Fitzgerald, Tyler",2b-ss,1.108,
2026,"Flores, Rafael",c-1b,0.013,
2026,"Ford, Harry",c,0.028,
2026,"Foscue, Justin",2b,0.146,
2026,"Foster, Cameron",rhp,0,
2026,"Franklin, Christian",lf,0,
2026,"Fulford, Braxton",c,0.097,
2026,"Fulton, Dax",lhp,0,
2026,"Garcia, Brandyn",lhp,0.041,
2026,"Garcia, Jhostynxon",of,0.009,
2026,"Gasper, Mickey",1b,0.149,
2026,"Gasser, Robert",lhp,1.136,
2026,"Gelof, Zack",2b,2.051,
2026,"Genao, Angel",ss,0,
2026,"Gerber, Joey",rhp,0.171,
2026,"Gervase, Paul",rhp,0.021,
2026,"Gibson, Cade",lhp,0.135,
2026,"Gilbert, Drew",cf,0.052,
2026,"Gómez, Yorman",rhp,0,
2026,"Gonzalez, Domingo",rhp,0,
2026,"Gonzalez, Gabriel",of,0,
2026,"Gonzalez, Wikelman",rhp,0.055,
2026,"Gordon, Colton",lhp,0.112,
2026,"Gordon, Tanner",rhp-s,0.156,
2026,"Graceffo, Gordon",rhp,0.091,
2026,"Gusto, Ryan",rhp,0.167,
2026,"Guzman, Denzer",ss,0.016,
2026,"Halpin, Petey",cf,0.009,
2026,"Halvorsen, Seth",rhp,1.031,
2026,"Hampton, Chase",rhp,0,
2026,"Hanifee, Brenan",rhp,1.069,
2026,"Harbin, Ryan",rhp,0,
2026,"Harrington, Thomas",rhp,0.01,
2026,"Harris, Brett",3b,0.105,
2026,"Harris, Hayden",lhp,0.027,
2026,"Hassell III, Robert",of,0.085,
2026,"Hawkins, Garrett",rhp,0,
2026,"Helman, Michael",2b,0.095,
2026,"Hence, Tink",rhp,0,
2026,"Henderson, Logan",rhp,0.075,
2026,"Herrera, Welinton",lhp,0,
2026,"Heuer, Codi",rhp,4,
2026,"Hinds, Rece",of,0.089,
2026,"Hjerpe, Cooper",lhp,0,
2026,"Hoffman, Nolan",rhp,0.002,
2026,"Hollowell, Gavin",rhp,0.11,
2026,"Hoppe, Alex",rhp,0,
2026,"Hughes, Gabriel",rhp,0,
2026,"Hurt, Kyle",rhp,1.099,
2026,"Jacob, Alek",rhp,1.059,
2026,"Jameson, Drey",rhp,2.012,
2026,"Johnson, Seth",rhp,0.061,
2026,"Jones, Spencer",rf,0,
2026,"Jung, Jace",2b,0.079,
2026,"Keegan, Dominic",c,0,
2026,"Kelly, Antwone",rhp,0,
2026,"Kelly, Zack",rhp,2.134,
2026,"Kempner, William",rhp,0,
2026,"Klein, John",rhp,0,
2026,"Kopp, Ronan",lhp,0,
2026,"Kreidler, Ryan",ss,1.006,
2026,"Kudrna, Ben",rhp,0,
2026,"Lara, Jhancarlos",rhp,0.01,
2026,"Lee, Chase",rhp,0.095,
2026,"Lee, Hao-Yu",2b,0,
2026,"Leon, Pedro",of-ss,1.021,
2026,"Liranzo, Thayron",c,0,
2026,"Little, Luke",lhp,1.024,
2026,"Lopez, Leandro",rhp,0,
2026,"Loutos, Ryan",rhp,0.057,
2026,"Lugo, Matthew",lf,0.066,
2026,"MacIver, Willie",c,0.094,
2026,"Mack, Joe",c,0,
2026,"Macko, Adam",lhp,0,
2026,"Madden, Ty",rhp,1.035,
2026,"Malloy, Justyn-Henry",1b-of,1.04,
2026,"Martin, Riley",lhp,0,
2026,"Matthews, Zebby",rhp-s,1.01,
2026,"Mauricio, Ronny",ss,2.028,
2026,"Mautz, Brycen",lhp,0,
2026,"Maxwell, Zach",rhp,0.038,
2026,"McCoy, Mason",2b-ss,0.144,
2026,"McCray, Grant",cf,0.096,
2026,"McDermott, Chayce",rhp,0.056,
2026,"McDonald, Trevor",rhp,0.014,
2026,"McDougal, Tanner",rhp,0,
2026,"McFarlane, Alex",rhp,0,
2026,"McGee, Easton",rhp,1.024,
2026,"Mederos, Victor",rhp,0.101,
2026,"Melendez, MJ",rf-lf,3.015,
2026,"Melton, Jacob",of,0.111,
2026,"Mendez, Hendry",of,0,
2026,"Mendez, Miguel",rhp,0,
2026,"Mesa, Victor Jr.",of,0.034,
2026,"Mey, Luis",rhp,0.057,
2026,"Miller, Jake",lhp,0,
2026,"Misner, Kameron",of,0.117,
2026,"Montero, Keider",rhp,1.011,
2026,"Moore, Christian",2b,0.096,
2026,"Morabito, Nick",of,0,
2026,"Morgan, Eli",rhp,4.091,
2026,"Morris, Andrew",rhp,0,
2026,"Muñoz, Rolddy",rhp,0.028,
2026,"Murray, Jayden",rhp,0.026,
2026,"Murray, Tanner",2b,0,
2026,"Nett, Braden",rhp,0,
2026,"Nicolas, Kyle",rhp,1.09,
2026,"Nikhazy, Doug",lhp,0.004,
2026,"Núñez, Eduarniel",rhp,0.025,
2026,"Ortiz, Abimelec",1b,0,
2026,"Ortiz, Robinson",lhp,0,
2026,"Osuna, Alejandro",of,0.107,
2026,"Otañez, Michel",rhp,0.149,
2026,"Palmquist, Carson",lhp,0.039,
2026,"Paris, Kyren",ss,0.124,
2026,"Parker, Mitchell",lhp-s,2,
2026,"Perales, Luis",rhp,0,
2026,"Peralta, Luis",lhp,0.106,
2026,"Peralta, Sammy",lhp,0.097,
2026,"Pereda, Jhonny",c-1b,0.14,
2026,"Perez, Junior",cf,0,
2026,"Pérez, Wenceel",cf,2,
2026,"Perkins, Jack",rhp,0.099,
2026,"Peterson, Austin",rhp,0,
2026,"Petty, Chase",rhp,0.014,
2026,"Pintaro, Jonathan",rhp,0.001,
2026,"Povich, Cade",lhp-s,1.08,
2026,"Prielipp, Connor",lhp,0,
2026,"Prieto, César",2b,0.031,
2026,"Profar, Jurickson",lf,11.086,
2026,"Quero, Jeferson",c,0,
2026,"Ramirez, Pedro",2b,0,
2026,"Rangel, Alan",rhp,0.039,
2026,"Raquet, Nick",lhp,0.021,
2026,"Rave, John",rf,0.102,
2026,"Ray, Dylan",rhp,0,
2026,"Raya, Marco",rhp,0,
2026,"Ribalta, Orlando",rhp,1.013,
2026,"Rincones, Gabriel",of,0,
2026,"Roberts, Ethan",rhp,2.131,
2026,"Roby, Tekoah",rhp,0,
2026,"Rock, Joe",lhp,0.033,
2026,"Roden, Alan",of,0.134,
2026,"Rodriguez, Carlos F",rhp,0.045,
2026,"Rodríguez, Elmer",rhp,0,
2026,"Rodriguez, Emmanuel",of,0,
2026,"Rodríguez, Endy",1b-c,2.077,
2026,"Rodríguez, Héctor",lf,0,
2026,"Rodriguez, Jesús",c,0,
2026,"Rojas, Kendry",lhp,0,
2026,"Rolison, Ryan",lhp,2.114,
2026,"Ross, Dylan",rhp,0.002,
2026,"Rutledge, Jackson",rhp,1.025,
2026,"Ryan, River",rhp,1.07,
2026,"Samaniego, Tyler",lhp,0,
2026,"Sanders, Cam",rhp,0.037,
2026,"Sandlin, David",rhp-s,0,
2026,"Sandridge, Jayvien",lhp,0.005,
2026,"Santos, Winston",rhp,0,
2026,"Scholtens, Jesse",rhp,2.091,
2026,"Schuemann, Max",2b,2,
2026,"Scott, Christian",rhp,1.116,
2026,"Senger, Hayden",c,0.102,
2026,"Serna, Jared",ss,0,
2026,"Seymour, Carson",rhp,0.074,
2026,"Shugart, Chase",rhp,1.001,
2026,"Siani, Michael",of,1.063,
2026,"Simpson, Josh",lhp,1.099,
2026,"Sisk, Evan",lhp,0.06,
2026,"Sogard, Nick",inf-of,0.119,
2026,"Sommers, Drew",lhp,0.032,
2026,"Spence, Mitch",rhp,1.124,
2026,"Stratton, Hunter",rhp,1.071,
2026,"Strowd, Kade",rhp,0.074,
2026,"Taylor, Troy",rhp,0.094,
2026,"Teodo, Emiliano",rhp,0,
2026,"Thomas, Colby",of,0.079,
2026,"Thomas, Rhylan",of,0.008,
2026,"Thompson, Sterlin",2b-of,0,
2026,"Tidwell, Blade",rhp,0.008,
2026,"Tiedemann, Ricky",lhp,0,
2026,"Tolle, Payton",lhp-s,0.031,
2026,"Tong, Jonah",rhp-s,0.031,
2026,"Torres, Bryan",inf-of,0,
2026,"Triantos, James",2b,0,
2026,"Trimble, Reed",lf,0,
2026,"Uberstine, Tyler",rhp,0,
2026,"Ullola, Miguel",rhp,0,
2026,"Valdez, Enmanuel",3b,2.018,
2026,"Valdez, Esmerlyn",of,0,
2026,"Valencia, Eduardo",c-1b,0,
2026,"Valenzuela, Brandon",c,0,
2026,"Wagaman, Eric",1b,1.02,
2026,"Ward, Ryan",lf,0,
2026,"Warren, Austin",rhp,2.148,
2026,"Watson, Kahlil",lf,0,
2026,"Whisenhunt, Carson",lhp,0.054,
2026,"Whitcomb, Shay",ss,0.085,
2026,"White, Josh",rhp,0,
2026,"Wilcox, Cole",rhp,0.012,
2026,"Young, Brandon",rhp,0.095,
2026,"Zhuang, Chen Zhong-Ao",rhp,0,
2026,"Zobac, Steven",rhp,0,
2026,"Zulueta, Yosver",rhp,0.071,
2025,"Soto, Juan",rf,6.134,61875000
2025,"Wheeler, Zack",rhp-s,11.098,42000000
2025,"deGrom, Jacob",rhp-s,10.139,40000000
2025,"Judge, Aaron",rf-dh,8.051,40000000
2025,"Rendon, Anthony",3b,11.13,38571429
2025,"Correa, Carlos",ss,9.119,37333333
2025,"Trout, Mike",cf,13.07,37116667
2025,"Cole, Gerrit",rhp-s,11.111,36000000
2025,"Altuve, Jose",2b-lf,13.072,33000000
2025,"Seager, Corey",ss,9.032,32500000
2025,"Glasnow, Tyler",rhp-s,7.158,32500000
2025,"Lindor, Francisco*",ss,9.113,32477821
2025,"Stanton, Giancarlo",dh-rf,14.118,32000000
2025,"Burnes, Corbin*",rhp-s,6.049,30962673
2025,"Alonso, Pete",1b,6,30000000
2025,"Arenado, Nolan*",3b,11.155,29534148
2025,"Guerrero Jr., Vladimir",1b,5.157,28500000
2025,"Ohtani, Shohei*",dh-rhp,7,28216944
2025,"Swanson, Dansby",ss,8.047,28000000
2025,"Rodón, Carlos",lhp-s,9.168,27833333
2025,"Bellinger, Cody",cf,7.16,27500000
2025,"Turner, Trea",ss,8.135,27272727
2025,"Devers, Rafael*",dh-3b,7.07,27066581
2025,"Bryant, Kris",rf,9.171,27000000
2025,"Snell, Blake*",lhp-s,8.072,26825953
2025,"Harper, Bryce",rf-1b,12.159,26538462
2025,"Betts, Mookie*",ss,10.07,26173581
2025,"Semien, Marcus",2b,10.118,26000000
2025,"Bregman, Alex*",3b,8.07,25944644
2025,"Bogaerts, Xander",ss,11.042,25454545
2025,"Chapman, Matt",3b,7.109,25166667
2025,"Gray, Sonny*",rhp-s,11.061,25000000
2025,"Ray, Robbie",lhp-s,10.007,25000000
2025,"Báez, Javier",ss,9.089,25000000
2025,"Flaherty, Jack",rhp-s,7.006,25000000
2025,"Nola, Aaron",rhp-s,9.076,24571429
2025,"Springer, George",rf,10.166,24166667
2025,"Castillo, Luis",rhp-s,7.101,24150000
2025,"Yelich, Christian*",lf,11.069,24093136
2025,"Realmuto, J.T.",c,10.038,23875000
2025,"Gausman, Kevin",rhp-s,10.151,23000000
2025,"Freeman, Freddie*",1b,14.033,22704674
2025,"Story, Trevor",2b,9,22500000
2025,"Montgomery, Jordan",lhp-s,7.145,22500000
2025,"Sale, Chris",lhp-s,14.061,22000000
2025,"Eovaldi, Nathan",rhp-s,13.013,22000000
2025,"Bassitt, Chris",rhp-s,8.13,22000000
2025,"Olson, Matt",1b,7.103,22000000
2025,"Riley, Austin",3b,5.138,22000000
2025,"Perez, Salvador",c,13.05,21849112
2025,"López, Pablo",rhp-s,6.093,21750000
2025,"Kikuchi, Yusei",lhp-s,6,21225000
2025,"Martinez, Nick",rhp-s,6.002,21050000
2025,"Darvish, Yu",rhp-s,12.146,21000000
2025,"Happ, Ian",lf,7.036,21000000
2025,"Marte, Starling",dh-rf,11.162,20750000
2025,"Tatis Jr., Fernando",rf,5.12,20714286
2025,"Nimmo, Brandon",lf,8.042,20500000
2025,"Manaea, Sean*",lhp-s,8.157,20212526
2025,"Rodríguez, Julio",cf,3,20185714
2025,"Castellanos, Nick",dh-of,11.029,20000000
2025,"Schwarber, Kyle",lf-dh,9.086,20000000
2025,"Rodriguez, Eduardo",lhp-s,9.07,20000000
2025,"Severino, Luis",rhp-s,8.17,20000000
2025,"Musgrove, Joe",rhp-s,8.063,20000000
2025,"Walker, Christian",1b,6.124,20000000
2025,"Ramírez, José",3b,10.074,19000000
2025,"Berríos, José O.",rhp-s,8.044,19000000
2025,"Hader, Josh",lhp-c,7.115,19000000
2025,"Giolito, Lucas",rhp-s,7.08,19000000
2025,"Suzuki, Seiya",dh-rf,3,19000000
2025,"Yoshida, Masataka",lf,2,18600000
2025,"Pederson, Joc",lf,10.028,18500000
2025,"Stroman, Marcus",rhp-s,10.026,18500000
2025,"Díaz, Edwin*",rhp-c,8.121,18331373
2025,"Buehler, Walker",rhp-s,6.168,18050000
2025,"Wacha, Michael",rhp-s,11.062,18000000
2025,"Walker, Taijuan",rhp-s,10.142,18000000
2025,"Taillon, Jameson",rhp-s,8.11,18000000
2025,"Contreras, Willson",1b-dh,8.108,18000000
2025,"Eflin, Zach",rhp-s,8.018,18000000
2025,"Hoskins, Rhys",1b,7.053,18000000
2025,"Valdez, Framber",lhp-s,5.163,18000000
2025,"McCullers Jr., Lance",rhp-s,9.14,17700000
2025,"Mikolas, Miles",rhp-s,8.037,17666667
2025,"Bichette, Bo",ss,5.063,17583333
2025,"Alcantara, Sandy",rhp-s,6.1,17300000
2025,"Lee, Jung Hoo",cf,1,17250000
2025,"Benintendi, Andrew",lf,8.062,17100000
2025,"Machado, Manny",3b,12.056,17090909
2025,"Conforto, Michael",dh-rf,8.043,17000000
2025,"Montas, Frankie",rhp-s,7.015,17000000
2025,"Acuña Jr., Ronald",rf,6.159,17000000
2025,"Marte, Ketel",2b,8.162,16600000
2025,"Mahle, Tyler",rhp-s,7.018,16500000
2025,"O'Neill, Tyler",lf,6.059,16500000
2025,"Tucker, Kyle",rf,5.079,16500000
2025,"Ozuna, Marcell",dh,11.124,16000000
2025,"Iglesias, Raisel",rhp-c,9.154,16000000
2025,"Soler, Jorge",dh-rf,9.143,16000000
2025,"Freeland, Kyle",lhp-s,7.144,16000000
2025,"Candelario, Jeimer",3b,7.038,16000000
2025,"Alvarez, Yordan",lf-dh,5.113,15833333
2025,"McNeil, Jeff",2b,6.069,15750000
2025,"Senga, Kodai",rhp-s,2,15666667
2025,"Scherzer, Max",rhp-s,16.079,15500000
2025,"Keller, Mitch",rhp-s,5.026,15411500
2025,"Buxton, Byron",cf,8.16,15142857
2025,"Verlander, Justin",rhp-s,19.002,15000000
2025,"Morton, Charlie",rhp-s,16.01,15000000
2025,"Cobb, Alex",rhp-s,13.061,15000000
2025,"LeMahieu, DJ",3b,12.128,15000000
2025,"Suárez, Eugenio",3b,10.061,15000000
2025,"Lugo, Seth",rhp-s,8.082,15000000
2025,"Torres, Gleyber",2b,6.162,15000000
2025,"Murphy, Sean",c,5.029,15000000
2025,"Robert Jr., Luis",cf,5,15000000
2025,"Pressly, Ryan",rhp,11.039,14700000
2025,"Hernández, Teoscar*",lf,7.097,14606604
2025,"Muncy, Max",3b,8.027,14500000
2025,"Fried, Max",lhp-s,6.148,14500000
2025,"Yamamoto, Yoshinobu",rhp-s,1,14166667
2025,"Gurriel Jr., Lourdes",dh,6.094,14000000
2025,"Arraez, Luis",2b,5.121,14000000
2025,"Cease, Dylan",rhp-s,5.089,13750000
2025,"Imanaga, Shota",lhp-s,1,13750000
2025,"Gallen, Zac",rhp-s,5.1,13500000
2025,"Smith, Will*",c,5.09,13477716
2025,"Adames, Willy",ss,6.105,13142857
2025,"Yates, Kirby",rhp,10.021,13000000
2025,"Anderson, Tyler",lhp-s,9.065,13000000
2025,"Gray, Jon",rhp-s,9.062,13000000
2025,"Taylor, Chris",lf-rf,9.037,13000000
2025,"Holmes, Clay",rhp-s,6.031,13000000
2025,"Kim, Ha-Seong",ss,4,13000000
2025,"Sugano, Tomoyuki",rhp-s,0,13000000
2025,"Scott, Tanner*",lhp-c,6.059,12789587
2025,"Goldschmidt, Paul",1b,13.059,12500000
2025,"Matz, Steven",lhp-s,9.099,12500000
2025,"Garver, Mitch",c-dh,7.045,12500000
2025,"Hicks, Jordan",rhp-s,7,12500000
2025,"Reynolds, Bryan",rf,5.163,12250000
2025,"Santana, Carlos",1b-dh,14.115,12000000
2025,"Profar, Jurickson",lf,10.165,12000000
2025,"Rogers, Taylor",lhp,8.145,12000000
2025,"Senzatela, Antonio",rhp-s,7.106,12000000
2025,"McMahon, Ryan",3b,7.006,12000000
2025,"Webb, Logan",rhp-s,5.044,12000000
2025,"Montero, Rafael",rhp,7.138,11500000
2025,"Hoerner, Nico",2b,5.014,11500000
2025,"Arozarena, Randy",lf,4.129,11300000
2025,"Cronenworth, Jake",1b,5,11285714
2025,"Stephenson, Robert",rhp,7.049,11000000
2025,"Crawford, J.P.",ss,6.163,11000000
2025,"Minter, A.J.",lhp,6.154,11000000
2025,"Naylor, Josh",1b,5.127,10900000
2025,"Chapman, Aroldis",lhp,14.009,10750000
2025,"Giménez, Andrés",2b,4.106,10571429
2025,"Green, Chad",rhp,8.05,10500000
2025,"Lowe, Brandon",2b,6.058,10500000
2025,"Springs, Jeffrey",lhp-s,6.055,10500000
2025,"García, Adolis",rf,4.095,10500000
2025,"Santander, Anthony*",rf,6.162,10471465
2025,"Javier, Cristian",rhp-s,5,10400000
2025,"Lowe, Nathaniel",1b,4.145,10300000
2025,"Skubal, Tarik",lhp-s,4.114,10150000
2025,"Jansen, Kenley",rhp-c,14.073,10000000
2025,"Vázquez, Christian",c,10.031,10000000
2025,"Maeda, Kenta",rhp,9,10000000
2025,"Kepler, Max",lf,8.152,10000000
2025,"Boyd, Matt",lhp-s,8.057,10000000
2025,"Leclerc, José",rhp,8.041,10000000
2025,"Márquez, Germán",rhp-s,8.027,10000000
2025,"Estévez, Carlos",rhp-c,8.022,10000000
2025,"Díaz, Yandy",1b,6.122,10000000
2025,"Bieber, Shane",rhp-s,6.097,10000000
2025,"Suarez, Robert",rhp,3,10000000
2025,"Yastrzemski, Mike",cf,5.128,9250000
2025,"Alvarado, José",lhp,7.088,9166667
2025,"Jiménez, Joe",rhp,7.061,9000000
2025,"Kittredge, Andrew",rhp,6.07,9000000
2025,"Soroka, Michael",rhp-s,6.009,9000000
2025,"Suárez, Ranger",lhp-s,5.112,8800000
2025,"Singer, Brady",rhp-s,4.156,8750000
2025,"Mullins, Cedric",cf,5.078,8725000
2025,"Williams, Devin",rhp-c,5.056,8600000
2025,"Treinen, Blake",rhp,10.065,8500000
2025,"Sánchez, Gary",c,8.05,8500000
2025,"Romano, Jordan",rhp-c,5.051,8500000
2025,"Edman, Tommy*",2b-cf,5.114,8400000
2025,"Helsley, Ryan",rhp-c,5.105,8200000
2025,"Varsho, Daulton",lf,4.128,8200000
2025,"Witt Jr., Bobby",ss,3,8111111
2025,"Pagán, Emilio",rhp,7.091,8000000
2025,"López, Reynaldo",rhp,7.004,8000000
2025,"Domínguez, Seranthony",rhp,6.131,8000000
2025,"Peralta, Freddy",rhp-s,6.09,8000000
2025,"Jansen, Danny",c,6.05,8000000
2025,"O'Hearn, Ryan",1b-of,6.002,8000000
2025,"Civale, Aaron",rhp-s,5.058,8000000
2025,"Harris II, Michael",cf,3,8000000
2025,"Thomas, Lane",rf,5.014,7825000
2025,"Ward, Taylor",lf,4.164,7825000
2025,"Kahnle, Tommy",rhp,9.131,7750000
2025,"Bohm, Alec",3b,4.106,7700000
2025,"Hoffman, Jeff",rhp-s,6.084,7666667
2025,"Gilbert, Logan",rhp-s,3.144,7625000
2025,"Cortes, Nestor",lhp-s,5.094,7600000
2025,"Renfroe, Hunter",rf,7.165,7570000
2025,"Kershaw, Clayton",lhp-s,16.105,7500000
2025,"García, Yimi",rhp,9.149,7500000
2025,"Strahm, Matt",lhp,8.064,7500000
2025,"Winker, Jesse",dh-lf,7.08,7500000
2025,"Kiner-Falefa, Isiah",ss,7,7500000
2025,"Paddack, Chris",rhp-s,6,7500000
2025,"Fedde, Erick",rhp-s,5.099,7500000
2025,"India, Jonathan",2b,4,7050000
2025,"Williams, Trevor",rhp-s,8.027,7000000
2025,"Polanco, Jorge",3b,8.024,7000000
2025,"Albies, Ozzie",2b,7.062,7000000
2025,"Kelly, Merrill",rhp-s,6,7000000
2025,"Johnson, Pierce",rhp,5.137,7000000
2025,"Hayes, Ke'Bryan",3b,4.075,7000000
2025,"Rodriguez, Yariel",rhp-s,0.17,7000000
2025,"Mountcastle, Ryan",1b,4.105,6787000
2025,"Lúzardo, Jesus",lhp-s,4.165,6625000
2025,"Paredes, Isaac",3b,3.16,6625000
2025,"Steele, Justin",lhp-s,3.143,6550000
2025,"Hernández, Kiké",ss-cf,10.054,6500000
2025,"Castro, Willi",2b-of,5.017,6400000
2025,"Gomber, Austin",lhp-s,5.111,6350000
2025,"Greene, Hunter",rhp-s,3,6333333
2025,"Phillips, Evan",rhp,4.136,6100000
2025,"d'Arnaud, Travis",c,11.044,6000000
2025,"Hendriks, Liam",rhp-c,10.164,6000000
2025,"Bell, Josh",dh-1b,8.053,6000000
2025,"Caratini, Victor",c,7.051,6000000
2025,"Sewald, Paul",rhp,6.072,6000000
2025,"Straw, Myles",cf,4.125,6000000
2025,"Contreras, William",c,3.112,6000000
2025,"Rengifo, Luis",2b,5.043,5950000
2025,"Bednar, David",rhp-c,4.076,5900000
2025,"Chisholm Jr., Jazz",2b,4.075,5850000
2025,"Vaughn, Andrew",1b,4,5850000
2025,"Higashioka, Kyle",c,6.005,5750000
2025,"Littell, Zack",rhp-s,5.043,5720000
2025,"Carroll, Corbin",lf,2.038,5625000
2025,"Lorenzen, Michael",rhp-of,9.159,5500000
2025,"Martin, Chris",rhp,7.133,5500000
2025,"Sandoval, Patrick",lhp-s,4.149,5500000
2025,"Whitlock, Garrett",rhp,4,5500000
2025,"Rutschman, Adley",c,3,5500000
2025,"Matsui, Yuki",lhp,1,5500000
2025,"Gonsolin, Tony",rhp-s,4.152,5400000
2025,"Ruiz, Keibert",c,3.064,5375000
2025,"Soto, Gregory",lhp,5.102,5350000
2025,"Gibson, Kyle",rhp-s,11.039,5250000
2025,"Heaney, Andrew",lhp-s,9.15,5250000
2025,"Rogers, Tyler",rhp,5.034,5250000
2025,"Finnegan, Kyle*",rhp-c,5,5227727
2025,"Kopech, Michael",rhp,5.041,5200000
2025,"McCutchen, Andrew",dh-of,15.123,5000000
2025,"Rojas, Miguel",ss,10.043,5000000
2025,"Moncada, Yoán",3b,7.106,5000000
2025,"Kelly, Carson",c,6.161,5000000
2025,"Woodruff, Brandon",rhp-s,6.161,5000000
2025,"Loáisiga, Jonathan",rhp,6.022,5000000
2025,"Grisham, Trent",cf,5.06,5000000
2025,"Wade Jr., LaMonte",1b,5.035,5000000
2025,"Dubón, Mauricio",2b,4.162,5000000
2025,"Stephenson, Tyler",c,4.056,4925000
2025,"Clase, Emmanuel",rhp-c,4.059,4900000
2025,"Adam, Jason",rhp,4.132,4800000
2025,"Bader, Harrison",cf,7.03,4750000
2025,"Taveras, Leody",cf,3.124,4750000
2025,"Peterson, David",lhp-s,4.089,4625000
2025,"Kirk, Alejandro",c,4.047,4600000
2025,"Heim, Jonah",c,4.097,4575000
2025,"Jeffers, Ryan",c,4.089,4550000
2025,"Doval, Camilo",rhp-c,3.071,4525000
2025,"Stratton, Chris",rhp,7.1,4500000
2025,"Brasier, Ryan",rhp,7.094,4500000
2025,"Stanek, Ryne",rhp,7.038,4500000
2025,"Junis, Jakob",rhp-s,7.002,4500000
2025,"García Jr., Luis",2b,3.142,4500000
2025,"Sánchez, Jesús",of,3.118,4500000
2025,"Díaz, Alexis",rhp-c,3,4500000
2025,"Kirby, George",rhp-s,2.151,4300000
2025,"Peralta, Wandy",lhp,7.168,4250000
2025,"Canning, Griffin",rhp-s,5.075,4250000
2025,"Rea, Colin",rhp,5.057,4250000
2025,"Chourio, Jackson",of,1,4250000
2025,"Tovar, Ezequiel",ss,2.014,4214286
2025,"Kwan, Steven",lf,3,4175000
2025,"Robles, Victor",cf,6.033,4125000
2025,"Duran, Jhoan",rhp-c,3,4125000
2025,"Peña, Jeremy",ss,3,4100000
2025,"Blackburn, Paul",rhp-s,5.018,4050000
2025,"Pham, Tommy",lf,9.092,4025000
2025,"Turner, Justin",1b-3b,14.045,4000000
2025,"Hedges, Austin",c,8.166,4000000
2025,"Murphy, Tom",c,7.092,4000000
2025,"Ross, Joe",rhp-s,7.018,4000000
2025,"Kinley, Tyler",rhp,6.014,4000000
2025,"Laureano, Ramón",rf,5.159,4000000
2025,"Hays, Austin",lf,5.057,4000000
2025,"King, Michael",rhp-s,5.004,4000000
2025,"Rooker, Brent",dh-lf,3.059,4000000
2025,"Strider, Spencer",rhp-s,3.003,4000000
2025,"Houck, Tanner",rhp,3.1,3950000
2025,"Moore, Dylan",3b,6,3908333
2025,"Keith, Colt",1b,1,3833333
2025,"Fairbanks, Pete",rhp-c,5.057,3816667
2025,"Crochet, Garrett",lhp-s,4.028,3800000
2025,"Duran, Jarren",cf,2.155,3750000
2025,"Harvey, Hunter",rhp,5.047,3700000
2025,"McClanahan, Shane",lhp-s,3.158,3600000
2025,"Schmidt, Clarke",rhp-s,3.148,3600000
2025,"Mateo, Jorge",ss,5,3550000
2025,"Ober, Bailey",rhp-s,3.093,3550000
2025,"Pérez, Martín",lhp-s,12.038,3500000
2025,"Flores, Wilmer",2b-3b,11.003,3500000
2025,"Solano, Donovan",2b-3b,9.057,3500000
2025,"Barnes, Austin",c,8.098,3500000
2025,"Bummer, Aaron",lhp,6.15,3500000
2025,"Quantrill, Cal",rhp-s,5.132,3500000
2025,"Rojas, Josh",2b,4.126,3500000
2025,"Abreu, Bryan",rhp,4.022,3450000
2025,"Ashby, Aaron",lhp,2.088,3450000
2025,"Trevino, Jose",c,5.063,3425000
2025,"McCormick, Chas",cf,4,3400000
2025,"Bibee, Tanner",rhp-s,2,3400000
2025,"Lux, Gavin",2b,4.114,3325000
2025,"Estrada, Thairo",2b,4.153,3250000
2025,"Stott, Bryson",2b,3,3200000
2025,"Urías, Ramón",2b,4.025,3150000
2025,"Foley, Jason",rhp-c,3.033,3150000
2025,"Fraley, Jake",dh,4.097,3125000
2025,"Taylor, Tyrone",of,4.093,3025000
2025,"Vierling, Matt",rf,3.026,3005000
2025,"Iglesias, José",ss,10.158,3000000
2025,"López, Jorge",rhp,6.094,3000000
2025,"Ferguson, Caleb",lhp,6.093,3000000
2025,"Sims, Lucas",rhp,6.014,3000000
2025,"Coulombe, Daniel",lhp,6.008,3000000
2025,"Swanson, Erik",rhp,5.059,3000000
2025,"Andujar, Miguel",lf,5.053,3000000
2025,"Sosa, Edmundo",ss,4.14,3000000
2025,"Bubic, Kris",lhp-s,4.135,3000000
2025,"Marsh, Brandon",cf,3.078,3000000
2025,"Dobnak, Randy",rhp,3.052,3000000
2025,"Ryan, Joe",rhp-s,3.033,3000000
2025,"Payamps, Joel",rhp,4.027,2995000
2025,"Thompson, Ryan",rhp,4.095,2965000
2025,"Puk, A.J.",lhp-s,4.124,2950000
2025,"Kremer, Dean",rhp-s,3.112,2950000
2025,"Nootbaar, Lars",lf,3.076,2950000
2025,"Gore, MacKenzie",lhp-s,3,2890000
2025,"Donovan, Brendan",2b,3,2850000
2025,"Kim, Hyeseong",2b,0,2833333
2025,"Graterol, Brusdar",rhp-c,4.167,2800000
2025,"Thielbar, Caleb",lhp,6.131,2750000
2025,"Law, Derek",rhp,5.081,2750000
2025,"Crawford, Kutter",rhp-s,2.136,2750000
2025,"Brown, Seth",1b-of,4.096,2700000
2025,"Muñoz, Andrés",rhp,5.08,2687500
2025,"Butler, Lawrence",rf,1.032,2678571
2025,"Raleigh, Cal",c,3.085,2666667
2025,"Bello, Brayan",rhp-s,2.082,2666667
2025,"Melendez, MJ",rf-lf,2.153,2650000
2025,"Rogers, Jake",c,4.04,2640000
2025,"Rogers, Trevor",lhp-s,4.069,2600000
2025,"Perdomo, Geraldo",ss,3.015,2550000
2025,"Hendricks, Kyle",rhp-s,10.081,2500000
2025,"Weaver, Luke",rhp,7.112,2500000
2025,"Pivetta, Nick",rhp-s,6.166,2500000
2025,"Farmer, Kyle",2b,6.129,2500000
2025,"Hill, Tim",lhp,6.112,2500000
2025,"Newman, Kevin",ss,6.046,2500000
2025,"Milner, Hoby",lhp,5.068,2500000
2025,"Ginkel, Kevin",rhp,4.033,2425000
2025,"Espinal, Santiago",2b,4.149,2400000
2025,"Siri, Jose",cf,3.015,2400000
2025,"Jax, Griffin",rhp,3.091,2365000
2025,"Bradish, Kyle",rhp-s,2.16,2350000
2025,"Mize, Casey",rhp-s,4.111,2340000
2025,"Schreiber, John",rhp,4.027,2300000
2025,"Stephan, Trevor",rhp,4,2300000
2025,"Meyers, Jake",lf,3.044,2300000
2025,"Kelenic, Jarred",lf,2.169,2300000
2025,"Feltner, Ryan",rhp-s,2.143,2275000
2025,"Romero, JoJo",lhp,4.045,2260000
2025,"Wilson, Justin",lhp,12.035,2250000
2025,"Suter, Brent",lhp,7.161,2250000
2025,"Brebbia, John",rhp,7.078,2250000
2025,"Rasmussen, Drew",rhp-s,4.111,2250000
2025,"Vesia, Alex",lhp,4.078,2250000
2025,"Lively, Ben",rhp-s,2.133,2250000
2025,"Falter, Bailey",lhp-s,2.138,2222000
2025,"Pérez, Cionel",lhp,4.085,2200000
2025,"Manoah, Alek",rhp-s,3.063,2200000
2025,"Urshela, Gio",3b,7.127,2150000
2025,"May, Dustin",rhp-s,5.059,2135000
2025,"Refsnyder, Rob",2b-of,6.048,2100000
2025,"Adell, Jo",of,3.085,2100000
2025,"Larnach, Trevor",lf,3.009,2100000
2025,"Pallante, Andre",rhp,2.145,2100000
2025,"Wells, Tyler",rhp-s,3.132,2075000
2025,"Leiter Jr., Mark",rhp,4.031,2050000
2025,"Quintana, José",lhp-s,12.133,2000000
2025,"Grichuk, Randal",cf,10.033,2000000
2025,"Neris, Hector",rhp,9.068,2000000
2025,"Arcia, Orlando",ss,7.114,2000000
2025,"Alexander, Scott",lhp,7.08,2000000
2025,"Rosario, Amed",ss,7.062,2000000
2025,"Maton, Phil",rhp,7.047,2000000
2025,"Stallings, Jacob",c,6.149,2000000
2025,"Yarbrough, Ryan",lhp-s,6.117,2000000
2025,"Berti, Jon",lf-3b,5.168,2000000
2025,"Biggio, Cavan",2b,5.11,2000000
2025,"Rodgers, Brendan",ss,5.075,2000000
2025,"Thornton, Trent",rhp-s,4.148,2000000
2025,"Morejon, Adrian",lhp,4.14,2000000
2025,"Sánchez, Cristopher",lhp-s,2.083,2000000
2025,"Megill, Tylor",rhp,3.031,1975000
2025,"Lodolo, Nick",lhp-s,3,1975000
2025,"Clement, Ernie",ss,2.168,1970000
2025,"Taylor, Michael A.",cf,9.129,1950000
2025,"Tauchman, Mike",cf,4.143,1950000
2025,"McKenzie, Triston",rhp,3.168,1950000
2025,"Cabrera, Edward",rhp-s,2.147,1950000
2025,"Megill, Trevor",rhp,3.002,1940000
2025,"Martinez, Justin",rhp-c,1.024,1900000
2025,"Garcia, Luis",rhp-s,4.083,1875000
2025,"Fortes, Nick",c,2.149,1860000
2025,"Detmers, Reid",lhp,2.159,1825000
2025,"Brubaker, JT",rhp,5,1820000
2025,"McFarland, T.J.",lhp,9.05,1800000
2025,"Wright, Kyle",rhp-s,4.062,1800000
2025,"Slater, Austin",of,6.147,1750000
2025,"Isbel, Kyle",cf,3.043,1750000
2025,"Bart, Joey",c,3.02,1750000
2025,"Mantiply, Joe",lhp,4.029,1700000
2025,"McKinstry, Zach",2b,3.099,1650000
2025,"Sandlin, Nick",rhp,3.157,1630000
2025,"Lewis, Royce",3b-dh,2.142,1625000
2025,"King, John",lhp,3.145,1605000
2025,"Sheets, Gavin",1b,3.076,1600000
2025,"Mayza, Tim",lhp,5.129,1550000
2025,"Garrett, Braxton",lhp,2.168,1530000
2025,"Frazier, Adam",2b-of,8.075,1525000
2025,"Carrasco, Carlos",rhp-s,13.147,1500000
2025,"García, Luis",rhp,9.007,1500000
2025,"Díaz, Elias",c,8.087,1500000
2025,"Clevinger, Mike",rhp-s,8.033,1500000
2025,"Jackson, Luke",rhp,8.019,1500000
2025,"Trivino, Lou",rhp,6.163,1500000
2025,"Verdugo, Alex",lf,6.078,1500000
2025,"Keller, Brad",rhp,6.062,1500000
2025,"Barlow, Scott",rhp,6.026,1500000
2025,"Hampson, Garrett",2b-of,6.01,1500000
2025,"Tellez, Rowdy",1b,6.004,1500000
2025,"Alcala, Jorge",rhp,4.165,1500000
2025,"Torrens, Luis",c,4.105,1500000
2025,"Smith, Pavin",1b,3.015,1500000
2025,"Holderman, Colin",rhp,2.144,1500000
2025,"Ogasawara, Shinnosuke",lhp,0,1500000
2025,"Akin, Keegan",lhp,4.083,1475000
2025,"Baz, Shane",rhp-s,2.158,1450000
2025,"Bender, Anthony",rhp,3.153,1420000
2025,"Canha, Mark",lf,9.092,1400000
2025,"Barnes, Jacob",rhp,6.1,1400000
2025,"Poche, Colin",lhp,5.114,1400000
2025,"Santana, Dennis",rhp,4.126,1400000
2025,"Bauers, Jake",1b,4.084,1400000
2025,"De Los Santos, Enyel",rhp,4.015,1400000
2025,"Vest, Will",rhp,3.1,1400000
2025,"Ibáñez, Andy",3b,2.17,1400000
2025,"Gurriel, Yuli",1b,7.073,1350000
2025,"Madrigal, Nick",2b,4.087,1350000
2025,"Pearson, Nate",rhp,4.005,1350000
2025,"Haase, Eric",c,3.159,1350000
2025,"Walls, Taylor",ss,3.092,1350000
2025,"Gray, Josiah",rhp-s,3.075,1350000
2025,"Hentges, Sam",lhp,3.157,1337500
2025,"Margot, Manuel",rf,8.012,1300000
2025,"Gibaut, Ian",rhp,3.077,1300000
2025,"Waguespack, Jacob",rhp,2.096,1300000
2025,"Graveman, Kendall",rhp,9.078,1250000
2025,"Anderson, Tim",ss,8.043,1250000
2025,"Armstrong, Shawn",rhp,6.113,1250000
2025,"Beeks, Jalen",lhp,6.003,1250000
2025,"Webb, Jacob",rhp,4.046,1250000
2025,"Moniak, Mickey",of,3.027,1250000
2025,"Rafaela, Ceddanne",cf-inf,1.035,1250000
2025,"Ruiz, José",rhp,4.148,1225000
2025,"Merryweather, Julian",rhp,4.109,1225000
2025,"Okert, Steven",lhp,4.089,1200000
2025,"Cleavinger, Garrett",lhp,3.06,1200000
2025,"Hernández, Carlos",rhp,3.099,1160000
2025,"Borucki, Ryan",lhp,6.006,1150000
2025,"Burke, Brock",lhp,4.065,1150000
2025,"Rortvedt, Ben",c,3.043,1125000
2025,"Corbin, Patrick",lhp-s,12.105,1100000
2025,"Urías, Luis",3b,5.014,1100000
2025,"Wynns, Austin",c,4.087,1100000
2025,"Sborz, Josh",rhp,4.055,1100000
2025,"Suarez, José",lhp-s,4.022,1100000
2025,"Ragans, Cole",lhp-s,2.029,1083333
2025,"Wilson, Bryse",rhp-s,4.036,1050000
2025,"Lee, Dylan",lhp,2.15,1025000
2025,"Brieske, Beau",rhp,2.134,1025000
2025,"Moll, Sam",lhp,3.075,1007500
2025,"Heyward, Jason",rf,15,1000000
2025,"Maldonado, Martín",c,12.1,1000000
2025,"Pillar, Kevin",cf,10.072,1000000
2025,"Miller, Shelby",rhp,9.016,1000000
2025,"Jankowski, Travis",cf,7.153,1000000
2025,"DeJong, Paul",3b,7.057,1000000
2025,"Smith, Drew",rhp,6.034,1000000
2025,"Means, John",lhp-s,6.007,1000000
2025,"France, Ty",1b,5.089,1000000
2025,"Urquidy, José",rhp-s,5.049,1000000
2025,"Newcomb, Sean",lhp-s,5.041,1000000
2025,"Alexander, Tyler",lhp-s,5.011,1000000
2025,"Tonkin, Michael",rhp,4.074,1000000
2025,"Topa, Justin",rhp,4.044,1000000
2025,"Joe, Connor",1b-of,3.136,1000000
2025,"Banda, Anthony",lhp,3.135,1000000
2025,"Thaiss, Matt",c,3.038,1000000
2025,"Lovelady, Richard",lhp,3.008,1000000
2025,"Bautista, Felix",rhp-c,3,1000000
2025,"Campusano, Luis",c,2.144,1000000
2025,"Santillan, Tony",rhp,2.099,1000000
2025,"Criswell, Cooper",rhp,1.117,1000000
2025,"Hart, Kyle",lhp-s,0.128,1000000
2025,"Carlson, Dylan",cf,4.104,975000
2025,"Lawrence, Justin",rhp,2.167,975000
2025,"Mears, Nick",rhp,3.022,963000
2025,"Morgan, Eli",rhp,3.091,950000
2025,"Long, Sam",lhp,2.121,950000
2025,"Garrett, Reed",rhp,1.143,950000
2025,"Hamilton, Ian",rhp,2.126,941050
2025,"Saucedo, Tayler",lhp,3.112,937500
2025,"Stubbs, Garrett",c,4.12,925000
2025,"Sulser, Cole",rhp,4.031,900000
2025,"Anderson, Justin",rhp,3.122,900000
2025,"Reyes, Pablo",2b-of,2.096,900000
2025,"Maton, Nick",3b,2.017,900000
2025,"Gilbert, Tyler",lhp,1.06,900000
2025,"Rodríguez, Elvin",rhp,0.031,900000
2025,"Bazardo, Eduard",rhp,1.118,892700
2025,"Volpe, Anthony",ss,2,879100
2025,"Skenes, Paul",rhp-s,1,875000
2025,"Stewart, Brock",rhp,3.093,870000
2025,"Brown, Hunter",rhp-s,2.035,870000
2025,"De La Cruz, Bryan",lf,3.056,860000
2025,"Lopez, Nicky",2b,5.139,850000
2025,"Oviedo, Johan",rhp-s,3.079,850000
2025,"Herget, Jimmy",rhp,3.069,850000
2025,"Adams, Riley",c,2.171,850000
2025,"Martini, Nick",1b-lf,2.118,850000
2025,"Speier, Gabe",lhp,3,845000
2025,"Cousins, Jake",rhp,2.091,841050
2025,"Hill, Derek",cf,2.04,831000
2025,"Tinoco, Jesus",rhp,1.112,831000
2025,"Cabrera, Oswaldo",3b,2.05,825600
2025,"Nelson, Kyle",lhp,3.076,825000
2025,"Nelson, Ryne",rhp-s,2.02,825000
2025,"Suarez, Albert",rhp,2.019,825000
2025,"Young, Danny",lhp,0.16,825000
2025,"Chaparro, Andrés",3b,0.048,821800
2025,"Gillispie, Connor",rhp,0.007,820000
2025,"Uceta, Edwin",rhp,1.15,815000
2025,"Greene, Riley",lf,2.11,812400
2025,"Merrill, Jackson",cf-ss,1,809500
2025,"Diaz, Yainer",c,2.035,805600
2025,"Gil, Luis",rhp-s,2.073,804125
2025,"McCarthy, Jake",rf,2.124,803900
2025,"Blanco, Ronel",rhp-s,1.101,802700
2025,"Perkins, Blake",cf,1.133,802500
2025,"Wells, Austin",c,1.031,801400
2025,"Effross, Scott",rhp,2.154,800000
2025,"Miller, Bryce",rhp,1.153,800000
2025,"Pfaadt, Brandon",rhp-s,1.097,799400
2025,"Holton, Tyler",lhp,2.047,797700
2025,"Carpenter, Kerry",rf,2.057,796800
2025,"Álvarez, Francisco",c,2.006,795000
2025,"Arrighetti, Spencer",rhp,0.168,794200
2025,"Pasquantino, Vinnie",1b,2.101,793250
2025,"Assad, Javier",rhp,2.027,793250
2025,"Thomas, Alek",cf,2.103,793000
2025,"Moreno, Gabriel",c,2.061,793000
2025,"Naylor, Bo",c,1.113,790300
2025,"Massey, Michael",2b,2.068,790250
2025,"White, Eli",2b,2.14,790000
2025,"Burger, Jake",3b,2.127,790000
2025,"Soriano, José",rhp-s,2.121,790000
2025,"Wong, Connor",c,2.079,790000
2025,"Tromp, Chadwick",c,2.066,790000
2025,"Anderson, Ian",rhp,2.046,790000
2025,"Grove, Michael",rhp,2.031,790000
2025,"Scott, Tayler",rhp,2.015,790000
2025,"O'Hoppe, Logan",c,2.008,790000
2025,"Raley, Luke",rf,2.106,787400
2025,"Olson, Reese",rhp-s,1.123,787100
2025,"Burr, Ryan",rhp,2.109,786000
2025,"Torkelson, Spencer",1b,2.076,785700
2025,"Banks, Tanner",lhp,2.092,785500
2025,"Smith, Cade",rhp,1,785100
2025,"Gilbreath, Lucas",lhp,3.148,785000
2025,"Cruz, Oneil",cf,2.11,785000
2025,"Moreta, Dauri",rhp,2.104,785000
2025,"Suwinski, Jack",cf,2.058,785000
2025,"Cruz, Fernando",rhp,2.035,785000
2025,"Butto, José",rhp,0.168,784250
2025,"Hoeing, Bryan",rhp,2.015,784000
2025,"Bruján, Vidal",2b,2.014,783500
2025,"Woo, Bryan",rhp,1.121,783300
2025,"Miranda, Jose",3b,2.118,783100
2025,"Nardi, Andrew",lhp,2.053,783000
2025,"Gorman, Nolan",inf-dh,2.114,782900
2025,"Rice, Ben",c-1b,0.076,782800
2025,"Ortiz, Luis",rhp,1.121,782600
2025,"Lynch IV, Daniel",lhp-s,2.136,782500
2025,"Amaya, Miguel",c,1.13,782500
2025,"Henderson, Gunnar",ss,2.036,782300
2025,"Lange, Alex",rhp,2.169,782200
2025,"Fry, David",c-inf,1.154,781900
2025,"Myers, Tobias",rhp,0.147,781800
2025,"Fermin, Freddy",c,1.165,781750
2025,"Meadows, Parker",cf,0.169,781600
2025,"Francis, Bowden",rhp,1.097,781500
2025,"Abrams, CJ",ss,2.13,780600
2025,"Smith, Josh H.",ss-2b,2.129,780500
2025,"Jung, Josh",3b,2.027,780500
2025,"Marchán, Rafael",c,2.006,780500
2025,"Busch, Michael",2b,1.045,780500
2025,"Heineman, Tyler",c,2.066,780300
2025,"Williams, Gavin",rhp-s,1.103,780300
2025,"Murfee, Penn",rhp,2.169,780000
2025,"Ashcraft, Graham",rhp,2.13,780000
2025,"Friedl, TJ",lf,2.112,780000
2025,"Steer, Spencer",3b,2.035,780000
2025,"Neto, Zach",ss,1.17,780000
2025,"Allen, Nick",ss,1.164,780000
2025,"Huff, Sam",c,1.156,780000
2025,"Bailey, Patrick",c,1.136,780000
2025,"Walker, Ryan",rhp,1.136,780000
2025,"Ramos, Heliot",of,1.103,780000
2025,"Sheehan, Emmet",rhp,1.08,780000
2025,"Joyce, Ben",rhp,1.075,780000
2025,"Schneider, Davis",inf,1.059,780000
2025,"Schanuel, Nolan",1b-of,1.045,780000
2025,"Abreu, Wilyer",of,1.041,780000
2025,"Bachman, Sam",rhp,1.036,780000
2025,"Schmitt, Casey",3b,1.035,780000
2025,"Stone, Gavin",rhp,1.034,780000
2025,"Hamilton, David",ss-2b,1.02,780000
2025,"Matos, Luis",of,1.014,780000
2025,"Fitzgerald, Tyler",2b-ss,1,780000
2025,"Miller, Erik",lhp,1,780000
2025,"Wesneski, Hayden",rhp-s,1.17,779800
2025,"Weathers, Ryan",lhp-s,2.066,779100
2025,"Zerpa, Angel",lhp,2.077,779000
2025,"Gaddis, Hunter",rhp,1.073,778900
2025,"Vientos, Mark",3b,1.102,778750
2025,"Burleson, Alec",of,2.029,778650
2025,"Lopez, Otto",2b,1.105,778500
2025,"Sands, Cole",rhp,2.017,778050
2025,"Brazoban, Huascar",rhp,2.023,778000
2025,"Miller, Tyson",rhp,1.085,778000
2025,"Henriquez, Ronny",rhp,0.115,778000
2025,"Brash, Matt",rhp-s,2.121,777600
2025,"Herrin, Tim",lhp,1.077,777300
2025,"Allen, Logan",lhp-s,1.093,777200
2025,"Turang, Brice",2b,1.165,777100
2025,"Caballero, Jose",2b-ss,1.17,776800
2025,"Hudson, Bryan",lhp,1.005,776800
2025,"Erceg, Lucas",rhp,1.136,776750
2025,"Duran, Ezequiel",2b,2.053,776500
2025,"Estrada, Jeremiah",rhp,1.069,776500
2025,"Koenig, Jared",lhp,1.034,776300
2025,"Kelly, Kevin",rhp,1.17,776100
2025,"Ortiz, Joey",ss,1.03,776000
2025,"Slaten, Justin",rhp,1,776000
2025,"Liberatore, Matthew",lhp,1.144,775800
2025,"Waldron, Matt",rhp,1.039,775800
2025,"Freeman, Tyler",2b,2.046,775700
2025,"Palacios, Richie",of-2b,1.156,775700
2025,"Faucher, Calvin",rhp,1.154,775500
2025,"Lowe, Josh",rf-3b,2.093,775100
2025,"Wentz, Joey",lhp,1.166,775000
2025,"Bae, Ji Hwan",2b,1.099,775000
2025,"Mlodzinski, Carmen",rhp-s,1.088,775000
2025,"Triolo, Jared",2b,1.078,775000
2025,"Rodríguez, Endy",c,1.077,775000
2025,"Gonzales, Nick",ss,1.018,775000
2025,"Jones, Jared",rhp-s,1,775000
2025,"Garcia, Maikel",3b,1.168,774750
2025,"Pepiot, Ryan",rhp-s,2.005,774600
2025,"Irvin, Jake",rhp-s,1.152,774600
2025,"Cowser, Colton",of,1.043,774500
2025,"Bradley, Taj",rhp,1.114,774200
2025,"Domínguez, Jasson",lf,0.13,774200
2025,"González, Romy",2b,2.083,774000
2025,"Casas, Triston",1b,2.032,774000
2025,"Bernardino, Brennan",lhp,1.153,774000
2025,"Baty, Brett",3b,1.088,774000
2025,"Bradford, Cody",lhp,1.086,774000
2025,"Weissert, Greg",rhp,1.079,774000
2025,"Peguero, Elvis",rhp,2.072,773800
2025,"McArthur, James",rhp,1.15,773750
2025,"Rojas, Johan",of,1.08,773500
2025,"Langford, Wyatt",of,1,773500
2025,"Snider, Collin",rhp,1.128,773000
2025,"Kerkering, Orion",rhp,1.01,773000
2025,"Cano, Yennier",rhp,2.065,772900
2025,"Vásquez, Randy",rhp-s,0.147,772800
2025,"Julien, Edouard",2b,1.083,772750
2025,"Westburg, Jordan",ss,1.098,772700
2025,"Peraza, Oswald",ss,1.014,772700
2025,"Garcia, Robert",lhp,1.086,772500
2025,"Jarvis, Bryce",rhp,1.05,772300
2025,"Herrera, Jose",c,2.021,772200
2025,"Thompson, Zack",lhp-s,1.072,772200
2025,"Mitchell, Garrett",cf,2.04,772000
2025,"Bride, Jonah",1b,1.137,772000
2025,"Blanco, Dairon",lf-cf,1.132,772000
2025,"Edwards, Xavier",ss,1.034,772000
2025,"Morel, Christopher",3b,2.117,771800
2025,"Frelick, Sal",of,1.072,771800
2025,"Little, Brendon",lhp,0.135,771800
2025,"Kelly, Zack",rhp,2.017,771500
2025,"Santos, Gregory",rhp,2.055,771100
2025,"Kranick, Max",rhp,2.011,771000
2025,"Clemens, Kody",2b,1.134,771000
2025,"Lee, Korey",c,1.071,771000
2025,"Cronin, Declan",rhp,1.063,771000
2025,"Rocchio, Brayan",ss,1.037,771000
2025,"Crow-Armstrong, Pete",of,0.17,771000
2025,"Winn, Masyn",ss,1.045,770850
2025,"Rodriguez, Grayson",rhp,1.129,770800
2025,"Walker, Jordan",rf,1.044,770800
2025,"Wallner, Matt",rf,1.043,770750
2025,"Pérez, Wenceel",cf,1,770700
2025,"Vargas, Miguel",3b,1.101,770400
2025,"Herrera, Iván",c,1.034,770300
2025,"Siani, Michael",of,1.033,770250
2025,"Arias, Gabriel",ss,1.124,770200
2025,"DeLuca, Jonny",lf,1.085,770100
2025,"Thompson, Mason",rhp,3.046,770000
2025,"Bird, Jake",rhp,2.092,770000
2025,"Sears, JP",lhp-s,2.081,770000
2025,"Bleday, JJ",cf,2.055,770000
2025,"Langeliers, Shea",c,2.051,770000
2025,"Waldichuk, Ken",lhp-s,2.035,770000
2025,"Jones, Nolan",3b,2.007,770000
2025,"McLain, Matt",ss,1.14,770000
2025,"Williamson, Brandon",lhp,1.139,770000
2025,"Abbott, Andrew",lhp,1.119,770000
2025,"De La Cruz, Elly",ss-3b,1.118,770000
2025,"Ort, Kaleb",rhp,1.108,770000
2025,"Encarnacion-Strand, Christian",1b-3b,1.077,770000
2025,"Sosa, Lenyn",2b-ss,1.044,770000
2025,"Soriano, George",rhp,1.019,770000
2025,"Dubin, Shawn",rhp,0.156,770000
2025,"Pages, Andy",of,0.155,770000
2025,"Rodríguez, Randy",rhp,0.148,770000
2025,"Schwellenbach, Spencer",rhp,0.124,770000
2025,"Encarnación, Jerar",rf,0.112,770000
2025,"Hernandez, Daysbel",rhp,0.111,770000
2025,"Holmes, Grant",rhp,0.106,770000
2025,"Hurt, Kyle",rhp,0.099,770000
2025,"Smith-Shawver, AJ",rhp,0.099,770000
2025,"Ryan, River",rhp,0.07,770000
2025,"Kochanowicz, Jack",rhp-s,0.063,770000
2025,"Paris, Kyren",ss,0.061,770000
2025,"Zeferjahn, Ryan",rhp,0.038,770000
2025,"Wagaman, Eric",inf,0.02,770000
2025,"Alvarez Jr., Nacho",ss-3b,0.009,770000
2025,"Faedo, Alex",rhp,1.169,769900
2025,"France, J.P.",rhp-s,1.047,769900
2025,"Pérez, Eury",rhp,1.113,769500
2025,"Brito, Jhony",rhp,1.048,769500
2025,"Rodríguez, Manuel",rhp,1.139,769400
2025,"Call, Alex",cf,1.161,769100
2025,"Cannon, Jonathan",rhp-s,0.127,769100
2025,"Marsh, Alec",rhp,1.078,769000
2025,"Myers, Dane",of,1.037,769000
2025,"Baker, Bryan",rhp,2.049,768700
2025,"Young, Jacob",cf,1.037,768700
2025,"Scholtens, Jesse",rhp,1.125,768600
2025,"Fernandez, Ryan",rhp,1,768600
2025,"Pagés, Pedro",c,0.166,768300
2025,"Woods-Richardson, Simeon",rhp-s,0.165,768250
2025,"Stowers, Kyle",dh-of,1.012,768200
2025,"Booser, Cam",lhp,0.15,768200
2025,"Varland, Louie",rhp,0.163,768150
2025,"Meyer, Max",rhp-s,1.166,768000
2025,"Mastrobuoni, Miles",2b,1.077,768000
2025,"Warren, Will",rhp,0.016,767600
2025,"Horwitz, Spencer",1b,0.152,767500
2025,"Parker, Mitchell",lhp-s,0.168,767200
2025,"Hurter, Brant",lhp,0.057,767100
2025,"Leahy, Kyle",rhp,0.14,767000
2025,"Hodge, Porter",rhp,0.125,767000
2025,"Noel, Jhonkensy",1b-3b,0.096,766900
2025,"Lukes, Nathan",of,0.145,766800
2025,"Aranda, Jonathan",2b,1.03,766500
2025,"King, Bryan",lhp,0.087,766400
2025,"Alexander, Blaze",ss,0.104,766300
2025,"Hall, DL",lhp-s,1.069,766100
2025,"Baker, Luken",1b,0.122,766100
2025,"Povich, Cade",lhp-s,0.08,766100
2025,"Mauricio, Ronny",ss,1.031,766000
2025,"Schneemann, Daniel",3b,0.12,766000
2025,"Hancock, Emerson",rhp,0.116,766000
2025,"Hanifee, Brenan",rhp,0.072,766000
2025,"Fitts, Richard",rhp-s,0.022,766000
2025,"Acuña, Luisangel",ss,0.016,766000
2025,"Leasure, Jordan",rhp,0.162,765800
2025,"Cecconi, Slade",rhp,0.155,765500
2025,"Martin, Davis",rhp-s,0.117,765450
2025,"Ferrer, Jose",lhp,1.094,765400
2025,"Gasser, Robert",lhp,0.143,765400
2025,"Trammell, Taylor",of,1.144,765200
2025,"Gómez, Yoendrys",rhp,0.029,765050
2025,"Miller, Mason",rhp-c,1.166,765000
2025,"Doyle, Brenton",cf,1.161,765000
2025,"Bouchard, Sean",1b,1.147,765000
2025,"Medina, Luis",rhp,1.146,765000
2025,"Gelof, Zack",2b,1.08,765000
2025,"Toglia, Michael",1b,1.077,765000
2025,"Soderstrom, Tyler",c-1b,1.053,765000
2025,"Vodnik, Victor",rhp,1.024,765000
2025,"Goodman, Hunter",c,1.01,765000
2025,"Bido, Osvaldo",rhp-s,1.009,765000
2025,"Schuemann, Max",2b,1,765000
2025,"Spence, Mitch",rhp,1,765000
2025,"Spiers, Carson",rhp,0.157,765000
2025,"Roupp, Landen",rhp-s,0.085,765000
2025,"Birdsong, Hayden",rhp,0.083,765000
2025,"Bivens, Spencer",rhp,0.077,765000
2025,"Bellozo, Valente",rhp,0.066,765000
2025,"Norby, Connor",2b,0.057,765000
2025,"Kreidler, Ryan",ss,0.122,764900
2025,"Holliday, Jackson",2b,0.078,764800
2025,"Thorpe, Drew",rhp,0.111,764750
2025,"Sabrowski, Erik",lhp,0.033,764700
2025,"Wood, James",lf,0.091,764600
2025,"Jacob, Alek",rhp,0.13,764500
2025,"Scott, Christian",rhp,0.116,764500
2025,"Garabito, Gerson",rhp,0.068,764500
2025,"Lee, Brooks",3b-ss,0.089,764450
2025,"Herz, D.J.",lhp,0.104,764200
2025,"Roycroft, Chris",rhp,0.083,764150
2025,"Scott II, Victor",cf,0.083,764150
2025,"Caminero, Junior",3b,0.058,764100
2025,"Kjerstad, Heston",of,0.137,764000
2025,"Wilson, Weston",3b-of,0.113,764000
2025,"Phillips, Tyler",rhp,0.048,764000
2025,"Sweeney, Trey",ss,0.045,764000
2025,"Dunn, Oliver",2b-lf,1,763700
2025,"Gipson-Long, Sawyer",rhp,1.022,763600
2025,"Narvaez, Carlos",c,0.038,763500
2025,"Penrod, Zach",lhp,0.016,763500
2025,"Englert, Mason",rhp,1.035,763400
2025,"Ellard, Fraser",lhp,0.062,763375
2025,"Beeter, Clayton",rhp,0.011,763325
2025,"Manzardo, Kyle",1b,0.073,763200
2025,"Dezenzo, Zach",3b,0.055,763200
2025,"Headrick, Brent",lhp,0.075,763125
2025,"Reynolds, Sean",rhp,0.039,763100
2025,"Kowar, Jackson",rhp,1.163,763000
2025,"Mervis, Matt",1b,0.053,763000
2025,"Wagner, Will",2b,0.049,763000
2025,"Veneziano, Anthony",lhp,0.045,762925
2025,"Cantillo, Joey",lhp,0.031,762800
2025,"Walston, Blake",lhp,0.096,762700
2025,"Bigge, Hunter",rhp,0.049,762700
2025,"Baldwin, Brooks",2b-3b,0.073,762625
2025,"Ramos, Bryan",3b,0.053,762625
2025,"Berroa, Prelander",rhp,0.045,762625
2025,"Dingler, Dillon",c,0.063,762600
2025,"Brown, Ben",rhp-s,1,762500
2025,"Conine, Griffin",of,0.035,762500
2025,"Leiter, Jack",rhp-s,0.033,762500
2025,"Bachar, Lake",rhp,0.024,762500
2025,"Casparius, Ben",rhp,0.016,762500
2025,"Henriquez, Edgardo",rhp,0.006,762500
2025,"Gasper, Mickey",1b,0.049,762450
2025,"Tena, José",ss,0.1,762400
2025,"Uribe, Abner",rhp,0.121,762200
2025,"Mead, Curtis",3b-1b,0.103,762200
2025,"Salazar, Eduardo",rhp,0.103,762200
2025,"McDermott, Chayce",rhp,0.001,762200
2025,"Amaya, Jacob",2b-ss,0.054,762125
2025,"Bliss, Ryan",ss,0.061,762100
2025,"Murphy, Chris",lhp,1.081,762000
2025,"Beck, Jordan",of,0.145,762000
2025,"Chivilli, Angel",rhp,0.082,762000
2025,"Blalock, Bradley",rhp,0.057,762000
2025,"Criswell, Jeff",rhp,0.04,762000
2025,"Peralta, Luis",lhp,0.038,762000
2025,"Halvorsen, Seth",rhp,0.031,762000
2025,"Crews, Dylan",rf,0.035,761800
2025,"Montgomery, Mason",lhp,0.025,761800
2025,"Taylor, Troy",rhp,0.051,761700
2025,"Dunn, Blake",of,0.045,761500
2025,"Aguiar, Julian",rhp,0.042,761500
2025,"Hurtubise, Jacob",rhp,0.04,761500
2025,"Pauley, Graham",3b,0.036,761500
2025,"Lowder, Rhett",rhp-s,0.031,761500
2025,"Sanoja, Javier",ss-cf,0.023,761500
2025,"Rocker, Kumar",rhp-s,0.018,761500
2025,"Madden, Ty",rhp,0.035,761400
2025,"Contreras, Luis",rhp,0.019,761300
2025,"Keirsey Jr., DaShawn",cf,0.025,761250
2025,"Vargas, Carlos",rhp,0.14,761200
2025,"Capra, Vinny",3b-lf,0.084,761100
2025,"Collins, Isaac",lf,0.022,761100
2025,"Rodriguez, Johnathan",of,0.024,760900
2025,"Jobe, Jackson",rhp-s,0.006,760900
2025,"Bush, Ky",lhp,0.038,760800
2025,"Eisert, Brandon",lhp,0.034,760800
2025,"Misner, Kameron",of,0.029,760700
2025,"Church, Marc",rhp,0.003,760500
2025,"Brzykcy, Zach",rhp,0.029,760400
2025,"Leon, Pedro",of-ss,0.021,760400
2025,"Burke, Sean",rhp-s,0.02,760350
2025,"Lockridge, Brandon",of,0.019,760300
2025,"Ribalta, Orlando",rhp,0.013,760300
2025,"Cavalli, Cade",rhp,2.041,760200
2025,"Harris, Hogan",lhp,0.17,760000
2025,"Estes, Joey",rhp-s,0.154,760000
2025,"Ferguson, Tyler",rhp,0.111,760000
2025,"Otanez, Michel",rhp,0.087,760000
2025,"Wilson, Jacob",ss,0.073,760000
2025,"Harris, Brett",3b,0.052,760000
2025,"Pereda, Jhonny",c-1b,0.052,760000
2025,"Basso, Brady",lhp,0.03,760000
2025,"Sterner, Justin",rhp,0.007,760000
2025,"Whitley, Forrest",rhp,0.006,760000
2025,"Gusto, Ryan",rhp,0.001,760000
2025,"Baldwin, Drake",c,0,760000
2025,"Bastardo, Angel",rhp,0,760000
2025,"Campbell, Kristian",2b,0,760000
2025,"Cruz, Omar",lhp,0,760000
2025,"Dreyer, Jack",lhp,0,760000
2025,"Escarra, J.C.",c,0,760000
2025,"Hicks, Liam",c,0,760000
2025,"Johnson, Ryan",rhp,0,760000
2025,"Koss, Christian",ss,0,760000
2025,"Lavender, Nate",lhp,0,760000
2025,"Lord, Brad",rhp,0,760000
2025,"McDaniels, Garrett",lhp,0,760000
2025,"Muncy, Max",ss,0,760000
2025,"Murdock, Noah",rhp,0,760000
2025,"Patrick, Chad",rhp,0,760000
2025,"Roden, Alan",of,0,760000
2025,"Sasaki, Rōki",rhp-s,0,760000
2025,"Senger, Hayden",c,0,760000
2025,"Shaw, Matt",3b,0,760000
2025,"Smith, Cam",rf,0,760000
2025,"Smith, Shane",rhp,0,760000
2025,"Thomas, Connor",lhp,0,760000
2025,"Vasil, Mike",rhp,0,760000
2025,"Workman, Gage",ss,0,760000
2025,"Tate, Dillon",rhp,4.144,
2025,"Warren, Austin",rhp,2.135,
2025,"Manning, Matt",rhp-s,2.112,
2025,"Zuber, Tyler",rhp,2.104,
2025,"Roberts, Ethan",rhp,2.075,
2025,"Winckowski, Josh",rhp,2.045,
2025,"Benson, Will",cf,2.042,
2025,"Ruiz, Esteury",cf,2.029,
2025,"Marinaccio, Ron",rhp,2.027,
2025,"Brennan, Will",of,2.015,
2025,"Delay, Jason",c,2.005,
2025,"Jameson, Drey",rhp,2.003,
2025,"Sousa, Bennett",lhp,1.156,
2025,"Núñez, Dedniel",rhp,1.131,
2025,"Beck, Tristan",rhp,1.129,
2025,"Monasterio, Andruw",3b,1.127,
2025,"Miller, Bobby",rhp,1.116,
2025,"Guenther, Sean",lhp,1.106,
2025,"Yepez, Juan",1b,1.105,
2025,"Outman, James",cf,1.095,
2025,"Henry, Tommy",lhp,1.094,
2025,"Cosgrove, Tom",lhp,1.085,
2025,"Elder, Bryce",rhp,1.075,
2025,"Hjelle, Sean",rhp,1.072,
2025,"Silseth, Chase",rhp-s,1.071,
2025,"Canzone, Dominic",of,1.068,
2025,"Grissom, Vaughn",2b,1.066,
2025,"Shuster, Jared",lhp-s,1.066,
2025,"Waters, Drew",of,1.062,
2025,"Noda, Ryan",1b,1.055,
2025,"Kessinger, Grae",ss,1.054,
2025,"Winn, Keaton",rhp,1.053,
2025,"de Geus, Brett",rhp,1.05,
2025,"Wiemer, Joey",of,1.046,
2025,"Harrison, Kyle",lhp,1.041,
2025,"Davis, Henry",c,1.039,
2025,"Wicks, Jordan",lhp,1.037,
2025,"Wisely, Brett",ss,1.035,
2025,"Daniel, Davis",rhp,1.029,
2025,"Stratton, Hunter",rhp,1.028,
2025,"Carter, Evan",of,1.024,
2025,"Funderburk, Kody",lhp,1.023,
2025,"Sabol, Blake",of,1.023,
2025,"Latz, Jake",lhp,1.022,
2025,"Little, Luke",lhp,1.02,
2025,"De Los Santos, Yerry",rhp,1.019,
2025,"Valdez, Enmanuel",3b,1.018,
2025,"O'Brien, Riley",rhp,1.008,
2025,"Anderson, Grant",rhp,1.007,
2025,"Crouse, Hans",rhp,1.002,
2025,"Kolek, Stephen",rhp-s,1,
2025,"Molina, Anthony",rhp,1,
2025,"Nunez, Nasim",ss,1,
2025,"Nicolas, Kyle",rhp,0.17,
2025,"Varland, Gus",rhp,0.169,
2025,"Fermín, José",ss,0.166,
2025,"Palencia, Daniel",rhp,0.159,
2025,"Martin, Austin",2b-of,0.154,
2025,"Kilian, Caleb",rhp,0.153,
2025,"Hernaiz, Darell",ss,0.15,
2025,"Bolton, Cody",rhp,0.148,
2025,"Winn, Cole",rhp,0.145,
2025,"Legumina, Casey",rhp,0.139,
2025,"Marte, Noelvi",ss,0.139,
2025,"Salazar, César",c-1b,0.139,
2025,"Priester, Quinn",rhp-s,0.134,
2025,"Loperfido, Joey",1b-of,0.131,
2025,"Davis, Noah",rhp,0.129,
2025,"Robinson, Chuckie",c,0.129,
2025,"Foscue, Justin",2b,0.126,
2025,"Loftin, Nick",2b,0.121,
2025,"Martínez, Angel",ss,0.118,
2025,"Millas, Drew",c,0.116,
2025,"Boyle, Joe",rhp-s,0.115,
2025,"Walker, Josh",lhp,0.108,
2025,"Malloy, Justyn-Henry",3b,0.106,
2025,"Barger, Addison",ss-3b,0.103,
2025,"Herget, Kevin",rhp,0.102,
2025,"Lipscomb, Trey",3b,0.099,
2025,"Rivas, Leo",ss,0.098,
2025,"Hollowell, Gavin",rhp,0.095,
2025,"Luciano, Marco",ss,0.092,
2025,"Ornelas, Jonathan",3b,0.092,
2025,"Montero, Keider",rhp,0.091,
2025,"Jimenez, Leo",ss,0.09,
2025,"Peguero, Liover",ss,0.089,
2025,"Tyler, Kyle",rhp,0.089,
2025,"Muñoz, Roddery",rhp,0.087,
2025,"Knack, Landon",rhp,0.079,
2025,"Willingham, Amos",rhp,0.079,
2025,"Stevenson, Cal",lf-cf,0.076,
2025,"Berroa, Steward",cf,0.075,
2025,"Shenton, Austin",3b,0.075,
2025,"Selby, Colin",rhp,0.066,
2025,"McCoy, Mason",2b-ss,0.065,
2025,"Shewmake, Braden",ss,0.065,
2025,"Hernandez, Nick",rhp,0.061,
2025,"Young, Jared",1b-of,0.061,
2025,"Horn, Bailey",lhp,0.06,
2025,"Sauer, Matt",rhp,0.06,
2025,"Cruz, Steven",rhp,0.058,
2025,"Nastrini, Nick",rhp,0.058,
2025,"Pennington, Walter",lhp,0.058,
2025,"Del Castillo, Adrian",c,0.055,
2025,"Hinds, Rece",of,0.053,
2025,"Petersen, Michael",rhp,0.053,
2025,"Clase, Jonatan",of,0.052,
2025,"Danner, Hagen",c,0.052,
2025,"Lazar, Max",rhp,0.051,
2025,"Waldrep, Hurston",rhp,0.051,
2025,"Basabe, Osleivis",ss,0.05,
2025,"Sogard, Nick",inf-of,0.05,
2025,"Wrobleski, Justin",lhp-s,0.05,
2025,"Mederos, Victor",rhp,0.049,
2025,"Black, Mason",rhp,0.048,
2025,"Matthews, Zebby",rhp-s,0.048,
2025,"Gordon, Tanner",rhp-s,0.047,
2025,"Lucas, Easton",lhp,0.047,
2025,"McCray, Grant",cf,0.047,
2025,"Sweet, Devin",rhp,0.047,
2025,"Jung, Jace",2b,0.045,
2025,"Kavadas, Niko",1b,0.045,
2025,"Romo, Drew",c,0.045,
2025,"Whitcomb, Shay",ss,0.045,
2025,"Holman, Grant",rhp,0.044,
2025,"Camargo, Jair",c,0.043,
2025,"Mayo, Coby",3b,0.043,
2025,"Justice, Evan",lhp,0.042,
2025,"White, Owen",rhp,0.042,
2025,"Ginn, J.T.",rhp,0.041,
2025,"Pereira, Everson",cf,0.041,
2025,"Bloss, Jake",rhp,0.039,
2025,"Diaz, Yilber",rhp,0.039,
2025,"Dodd, Dylan",lhp-s,0.039,
2025,"Hicklen, Brewer",lf-cf,0.038,
2025,"Richardson, Lyon",rhp,0.037,
2025,"Klein, Will",rhp,0.035,
2025,"Mazur, Adam",rhp,0.034,
2025,"Neely, Jack",rhp,0.034,
2025,"Shugart, Chase",rhp,0.034,
2025,"Zulueta, Yosver",rhp,0.032,
2025,"Aldegheri, Samuel",lhp,0.031,
2025,"Black, Tyler",2b,0.031,
2025,"Dana, Caden",rhp,0.031,
2025,"Mercado, Michael",rhp,0.031,
2025,"Jones, Greg",ss-of,0.03,
2025,"Montes, Coco",ss,0.03,
2025,"Baker, Darren",2b,0.029,
2025,"Driscoll, Logan",c,0.029,
2025,"Feduccia, Hunter",c,0.029,
2025,"Helman, Michael",2b,0.029,
2025,"Iriarte, Jairo",rhp,0.029,
2025,"Phillips, Connor",rhp,0.027,
2025,"Hill, Jaden",rhp,0.025,
2025,"Lawlar, Jordan",ss,0.025,
2025,"Rutledge, Jackson",rhp,0.025,
2025,"Amador, Adael",2b-ss,0.024,
2025,"Guerrero, Luis",rhp,0.024,
2025,"Meckler, Wade",ss-of,0.024,
2025,"Locklear, Tyler",3b,0.023,
2025,"Cook, Billy",3b,0.022,
2025,"Johnson, Seth",rhp,0.022,
2025,"Lopez, Jacob",lhp,0.021,
2025,"Loutos, Ryan",rhp,0.021,
2025,"Saggese, Thomas",ss-2b,0.02,
2025,"Walters, Andrew",rhp,0.018,
2025,"Bowlan, Jonathan",rhp,0.017,
2025,"Robert, Daniel",rhp,0.017,
2025,"Campero, Gustavo",of,0.015,
2025,"Rodriguez, Carlos F",rhp,0.015,
2025,"McGreevy, Michael",rhp,0.014,
2025,"Yorke, Nick",2b,0.014,
2025,"Alexander, CJ",3b,0.012,
2025,"Martinez, Orelvis",ss,0.012,
2025,"Rangel, Alan",rhp,0.012,
2025,"Orze, Eric",rhp,0.01,
2025,"Barrosa, Jorge",lf,0.008,
2025,"Gentry, Tyler",rf,0.007,
2025,"Harris, Dustin",1b-3b,0.006,
2025,"Alcántara, Kevin",of,0.005,
2025,"Graceffo, Gordon",rhp,0.004,
2025,"Vivas, Jorbit",2b,0.003,
2025,"Burrows, Michael",rhp,0.002,
2025,"Hunt, Blake",c,0.002,
2025,"McDonald, Trevor",rhp,0.001,
2025,"Mena, Cristian",rhp,0.001,
2025,"Abel, Mick",rhp,0,
2025,"Acosta, Max",ss,0,
2025,"Adams, Travis",rhp,0,
2025,"Aleman, Franco",rhp,0,
2025,"Alvarado, Elvis",rhp,0,
2025,"Arias, Luarbert",rhp,0,
2025,"Arias, Michael",rhp,0,
2025,"Ashcraft, Braxton",rhp,0,
2025,"Avila, Luinder",rhp,0,
2025,"Baez, Henry",rhp,0,
2025,"Bergert, Ryan",rhp,0,
2025,"Brito, Juan",ss,0,
2025,"Cabrera, Jean",rhp,0,
2025,"Caissie, Owen",of,0,
2025,"Callihan, Tyler",2b,0,
2025,"Cameron, Noah",lhp,0,
2025,"Canterino, Matt",rhp,0,
2025,"Carela, Juan",rhp,0,
2025,"Cartaya, Diego",c,0,
2025,"Castano, Blas",rhp,0,
2025,"Cerantola, Eric",rhp,0,
2025,"Chace, Moises",rhp,0,
2025,"Cheng, Tsung-Che",ss,0,
2025,"Clarke, Denzel",of,0,
2025,"Corniell, Jose",rhp,0,
2025,"Corona, Kenedy",of,0,
2025,"Cowles, Ben",ss-3b,0,
2025,"Curet, Yoniel",rhp,0,
2025,"Curvelo, Luis",rhp,0,
2025,"Cusick, Ryan",rhp,0,
2025,"Dashwood, Jack",lhp,0,
2025,"De Los Santos, Deyvison",3b,0,
2025,"Dobbins, Hunter",rhp,0,
2025,"Durbin, Caleb",2b-ss,0,
2025,"Elbis, Joe",rhp,0,
2025,"Enright, Nic",rhp,0,
2025,"Espino, Daniel",rhp,0,
2025,"Fernandez, Yanquiel",of,0,
2025,"Festa, David",rhp,0,
2025,"Frasso, Nick",rhp,0,
2025,"Fulton, Dax",lhp,0,
2025,"Garcia, Jhostynxon",of,0,
2025,"Gonzalez, Domingo",rhp,0,
2025,"Gonzalez, Luis",lhp,0,
2025,"Gonzalez, Wikelman",rhp,0,
2025,"Gordon, Colton",lhp,0,
2025,"Hagenman, Justin",rhp,0,
2025,"Halpin, Petey",cf,0,
2025,"Hassell III, Robert",of,0,
2025,"Hence, Tink",rhp,0,
2025,"Henderson, Logan",rhp,0,
2025,"Henry, Cole",rhp,0,
2025,"Hoglund, Gunnar",rhp,0,
2025,"Koperniak, Matt",of,0,
2025,"Lara, Andry",rhp,0,
2025,"Lee, Chase",rhp,0,
2025,"Lugo, Matthew",lf,0,
2025,"Macko, Adam",lhp,0,
2025,"Mangum, Jake",of,0,
2025,"Mattison, Tyler",rhp,0,
2025,"Mejia, Juan",rhp,0,
2025,"Mesa, Victor Jr.",of,0,
2025,"Mey, Luis",rhp,0,
2025,"Montgomery, Colson",3b,0,
2025,"Munoz, Rolddy",rhp,0,
2025,"Nikhazy, Doug",lhp,0,
2025,"Ornelas, Tirso",of,0,
2025,"Owens, Tyler",rhp,0,
2025,"Perales, Luis",rhp,0,
2025,"Quero, Jeferson",c,0,
2025,"Ragsdale, Carson",rhp,0,
2025,"Ramirez, Agustin",c,0,
2025,"Raya, Marco",rhp,0,
2025,"Robberse, Sem",rhp,0,
2025,"Roby, Tekoah",rhp,0,
2025,"Rock, Joe",lhp,0,
2025,"Rodriguez, Carlos D.",of,0,
2025,"Rodriguez, Emmanuel",of,0,
2025,"Rodriguez, Jesús",c,0,
2025,"Santos, Winston",rhp,0,
2025,"Serna, Jared",ss,0,
2025,"Seymour, Carson",rhp,0,
2025,"Seymour, Ian",lhp,0,
2025,"Sisk, Evan",lhp,0,
2025,"Strowd, Kade",rhp,0,
2025,"Svanson, Matt",rhp,0,
2025,"Tawa, Tim",2b,0,
2025,"Teodo, Emiliano",rhp,0,
2025,"Veen, Zac",of,0,
2025,"Wolfram, Grant",lhp,0,
2025,"Young, Brandon",rhp,0,
2024,"Ohtani, Shohei",dh-rhp,6,70000000
2024,"Verlander, Justin",rhp-s,18.002,43333333
2024,"Scherzer, Max",rhp-s,15.079,43333333
2024,"deGrom, Jacob",rhp-s,9.139,40000000
2024,"Judge, Aaron",rf-dh,7.051,40000000
2024,"Rendon, Anthony",3b,10.13,38571429
2024,"Trout, Mike",cf,12.07,37116667
2024,"Cole, Gerrit",rhp-s,10.111,36000000
2024,"Corbin, Patrick",lhp-s,11.105,35416667
2024,"Seager, Corey",ss,8.032,35000000
2024,"Lindor, Francisco",ss,8.113,34100000
2024,"Correa, Carlos",ss,8.119,33333333
2024,"Arenado, Nolan",3b,10.155,32675167
2024,"Strasburg, Stephen",rhp-s,13.118,32500000
2024,"Stanton, Giancarlo",dh-rf,13.118,32000000
2024,"Snell, Blake",lhp-s,7.072,32000000
2024,"Soto, Juan",lf,5.134,31000000
2024,"Bregman, Alex",3b,7.07,30500000
2024,"Betts, Mookie",ss,9.07,30416667
2024,"Devers, Rafael",3b,6.07,29500000
2024,"Altuve, Jose",2b,12.072,29200000
2024,"Bryant, Kris",rf,8.171,28000000
2024,"Rodón, Carlos",lhp-s,8.168,27833333
2024,"Harper, Bryce",rf-1b,11.159,27538462
2024,"Bellinger, Cody",cf,6.16,27500000
2024,"Turner, Trea",ss,7.135,27272727
2024,"Freeman, Freddie",1b,13.033,27000000
2024,"Semien, Marcus",2b,9.118,26000000
2024,"Swanson, Dansby",ss,7.047,26000000
2024,"Bogaerts, Xander",2b,10.042,25454545
2024,"Goldschmidt, Paul",1b,12.059,25333333
2024,"Báez, Javier",ss,8.089,25000000
2024,"Montgomery, Jordan",lhp-s,6.153,25000000
2024,"Moncada, Yoán",3b,6.106,24800000
2024,"Nola, Aaron",rhp-s,8.076,24571429
2024,"Yelich, Christian",lf,10.069,24250727
2024,"Springer, George",rf,9.166,24166667
2024,"Castillo, Luis",rhp-s,6.101,24150000
2024,"Gausman, Kevin",rhp-s,9.151,24000000
2024,"Realmuto, J.T.",c,9.038,23875000
2024,"Wheeler, Zack",rhp-s,10.098,23500000
2024,"Hernández, Teoscar",lf,6.097,23500000
2024,"Ray, Robbie",lhp-s,9.007,23000000
2024,"Story, Trevor",2b,8,22500000
2024,"Bassitt, Chris",rhp-s,7.13,22000000
2024,"Olson, Matt",1b,6.103,22000000
2024,"Díaz, Edwin",rhp-c,7.121,21250000
2024,"Happ, Ian",lf,6.036,21000000
2024,"Riley, Austin",3b,4.138,21000000
2024,"Suzuki, Seiya",rf,2,21000000
2024,"Marte, Starling",rf,10.162,20750000
2024,"Nimmo, Brandon",lf,7.042,20500000
2024,"Alonso, Pete",1b,5,20500000
2024,"Morton, Charlie",rhp-s,15.01,20000000
2024,"Perez, Salvador",c,12.05,20000000
2024,"Castellanos, Nick",dh-of,10.029,20000000
2024,"Schwarber, Kyle",lf-dh,8.086,20000000
2024,"Musgrove, Joe",rhp-s,7.063,20000000
2024,"Haniger, Mitch",rf,7.048,20000000
2024,"Guerrero Jr., Vladimir",1b,4.157,19900000
2024,"Abreu, José",1b,10,19500000
2024,"Hader, Josh",lhp-c,6.115,19000000
2024,"Chapman, Matt",3b,6.109,19000000
2024,"Yoshida, Masataka",lf,1,18600000
2024,"Stroman, Marcus",rhp-s,9.026,18500000
2024,"Ozuna, Marcell",dh,10.124,18000000
2024,"Walker, Taijuan",rhp-s,9.142,18000000
2024,"Taillon, Jameson",rhp-s,7.11,18000000
2024,"Contreras, Willson",c,7.108,18000000
2024,"Berríos, José O.",rhp-s,7.044,18000000
2024,"Conforto, Michael",dh-rf,7.043,18000000
2024,"Giolito, Lucas",rhp-s,6.08,18000000
2024,"McCullers Jr., Lance",rhp-s,8.14,17700000
2024,"Mikolas, Miles",rhp-s,7.037,17666667
2024,"Glasnow, Tyler",rhp-s,6.158,17500000
2024,"Benintendi, Andrew",lf,7.062,17100000
2024,"Machado, Manny",3b,11.056,17090909
2024,"Eovaldi, Nathan",rhp-s,12.013,17000000
2024,"Rizzo, Anthony",1b,11.168,17000000
2024,"Ramírez, José",3b,9.074,17000000
2024,"Acuña Jr., Ronald",rf,5.159,17000000
2024,"Smith, Will",c,4.09,16550000
2024,"Bell, Josh",dh-1b,7.053,16500000
2024,"Jansen, Kenley",rhp-c,13.073,16000000
2024,"Sale, Chris",lhp-s,13.061,16000000
2024,"Darvish, Yu",rhp-s,12,16000000
2024,"Wacha, Michael",rhp-s,10.062,16000000
2024,"Hendricks, Kyle",rhp-s,9.081,16000000
2024,"Iglesias, Raisel",rhp-c,8.154,16000000
2024,"Burnes, Corbin",rhp-s,5.049,15637500
2024,"Buxton, Byron",dh-cf,7.16,15142857
2024,"LeMahieu, DJ",3b,11.128,15000000
2024,"Lugo, Seth",rhp-s,7.082,15000000
2024,"Freeland, Kyle",lhp-s,6.144,15000000
2024,"Fried, Max",lhp-s,5.148,15000000
2024,"Senga, Kodai",rhp-s,1,15000000
2024,"Manaea, Sean",lhp-s,7.157,14500000
2024,"Torres, Gleyber",2b,5.162,14200000
2024,"Pressly, Ryan",rhp,10.039,14000000
2024,"Rodriguez, Eduardo",lhp-s,8.07,14000000
2024,"Maeda, Kenta",rhp-s,8,14000000
2024,"Montas, Frankie",rhp-s,6.015,14000000
2024,"Flaherty, Jack",rhp-s,6.006,14000000
2024,"Martinez, Nick",rhp-s,5.002,14000000
2024,"Jiménez, Eloy",dh-lf,5,13833333
2024,"Marte, Ketel",2b,7.162,13600000
2024,"Yamamoto, Yoshinobu",rhp-s,0,13333333
2024,"Bieber, Shane",rhp-s,5.097,13125000
2024,"Turner, Justin",dh-3b,13.045,13000000
2024,"Quintana, José",lhp-s,11.133,13000000
2024,"Blackmon, Charlie",dh-of,11.102,13000000
2024,"Heaney, Andrew",lhp-s,8.15,13000000
2024,"Anderson, Tyler",lhp-s,8.065,13000000
2024,"Gray, Jon",rhp-s,8.062,13000000
2024,"Taylor, Chris",lf-rf,8.037,13000000
2024,"Severino, Luis",rhp-s,7.17,13000000
2024,"Candelario, Jeimer",3b,6.038,13000000
2024,"Matz, Steven",lhp-s,8.099,12500000
2024,"Stripling, Ross",rhp-s,7.115,12500000
2024,"Robert Jr., Luis",cf,4,12500000
2024,"Gonzales, Marco",lhp-s,6.102,12250000
2024,"Adames, Willy",ss,5.105,12250000
2024,"Rodríguez, Julio",cf,2,12185714
2024,"McCann, James",c,9.028,12150000
2024,"Valdez, Framber",lhp-s,4.163,12100000
2024,"Bichette, Bo",ss,4.063,12083333
2024,"Kimbrel, Craig",rhp-c,12.161,12000000
2024,"Martinez, J.D.",dh-rf,12.036,12000000
2024,"García, Avisaíl",rf,10.167,12000000
2024,"Gibson, Kyle",rhp-s,10.039,12000000
2024,"DeSclafani, Anthony",rhp-s,9.062,12000000
2024,"Rogers, Taylor",lhp,7.145,12000000
2024,"Senzatela, Antonio",rhp-s,6.106,12000000
2024,"Hoskins, Rhys",1b,6.053,12000000
2024,"McMahon, Ryan",2b,6.006,12000000
2024,"Tucker, Kyle",rf,4.079,12000000
2024,"Tatis Jr., Fernando",rf,4.12,11714286
2024,"Santander, Anthony",rf,5.162,11700000
2024,"Canha, Mark",lf,8.092,11500000
2024,"Montero, Rafael",rhp,7.138,11500000
2024,"Hoerner, Nico",2b,4.014,11500000
2024,"Suárez, Eugenio",3b,9.061,11000000
2024,"Eflin, Zach",rhp-s,7.018,11000000
2024,"Stephenson, Robert",rhp,6.049,11000000
2024,"Crawford, J.P.",ss,5.163,11000000
2024,"Walker, Christian",1b,5.124,10900000
2024,"Alvarez, Yordan",lf-dh,4.113,10833333
2024,"Arraez, Luis",2b,4.121,10600000
2024,"Chapman, Aroldis",lhp,13.009,10500000
2024,"Kiermaier, Kevin",cf,9.131,10500000
2024,"Green, Chad",rhp,7.05,10500000
2024,"Polanco, Jorge",2b,7.024,10500000
2024,"Garver, Mitch",c-dh,6.045,10500000
2024,"Bader, Harrison",cf,6.03,10500000
2024,"McNeil, Jeff",2b,5.069,10250000
2024,"Reynolds, Bryan",lf,4.163,10250000
2024,"Gallen, Zac",rhp-s,4.1,10011000
2024,"Robertson, David",rhp-c,14.119,10000000
2024,"Lynn, Lance",rhp-s,12.119,10000000
2024,"Cobb, Alex",rhp-s,12.061,10000000
2024,"Gray, Sonny",rhp-s,10.061,10000000
2024,"Vázquez, Christian",c,9.031,10000000
2024,"Soler, Jorge",dh-rf,8.143,10000000
2024,"Kepler, Max",lf,7.152,10000000
2024,"Márquez, Germán",rhp-s,7.027,10000000
2024,"Margot, Manuel",rf,7.012,10000000
2024,"Gurriel Jr., Lourdes",dh,5.094,10000000
2024,"Kikuchi, Yusei",lhp-s,5,10000000
2024,"Suarez, Robert",rhp,2,10000000
2024,"Hicks, Aaron",lf,10.041,9785714
2024,"Pederson, Joc",lf,9.028,9500000
2024,"Bard, Daniel",rhp-c,7.103,9500000
2024,"Muncy, Max",3b,7.027,9500000
2024,"Martin, Chris",rhp,6.133,9500000
2024,"Alcantara, Sandy",rhp-s,5.1,9300000
2024,"Imanaga, Shota",lhp-s,0,9250000
2024,"Alvarado, José",lhp,6.088,9016667
2024,"Heyward, Jason",rf,14,9000000
2024,"Moore, Matt",lhp-s,11,9000000
2024,"Neris, Hector",rhp,8.068,9000000
2024,"Murphy, Sean",c,4.029,9000000
2024,"Lowe, Brandon",2b,5.058,8750000
2024,"Verdugo, Alex",rf,5.078,8700000
2024,"Lyles, Jordan",rhp-s,12.002,8500000
2024,"Smyly, Drew",lhp,11.143,8500000
2024,"Wood, Alex",lhp-s,10.123,8500000
2024,"Drury, Brandon",3b-dh,7.001,8500000
2024,"Kelly, Merrill",rhp-s,5,8500000
2024,"López, Pablo",rhp-s,5.093,8250000
2024,"Lee, Jung Hoo",cf,0,8250000
2024,"Arozarena, Randy",lf,3.129,8100000
2024,"Buehler, Walker",rhp-s,5.168,8025000
2024,"Pérez, Martín",lhp-s,11.038,8000000
2024,"Kelly, Joe",rhp,11.029,8000000
2024,"d'Arnaud, Travis",c,10.044,8000000
2024,"Graveman, Kendall",rhp,8.078,8000000
2024,"Díaz, Aledmys",ss,7.1,8000000
2024,"Pagán, Emilio",rhp,6.091,8000000
2024,"Jiménez, Joe",rhp,6.061,8000000
2024,"Díaz, Yandy",1b,5.122,8000000
2024,"Cease, Dylan",rhp-s,4.089,8000000
2024,"Webb, Logan",rhp-s,4.044,8000000
2024,"Kim, Ha-Seong",ss,3,8000000
2024,"Yastrzemski, Mike",cf,4.128,7900000
2024,"Romano, Jordan",rhp-c,4.051,7750000
2024,"Strahm, Matt",lhp-s,7.064,7500000
2024,"Kiner-Falefa, Isiah",ss,6,7500000
2024,"Pivetta, Nick",rhp-s,5.166,7500000
2024,"Fedde, Erick",rhp-s,4.099,7500000
2024,"Lowe, Nathaniel",1b,3.145,7500000
2024,"Javier, Cristian",rhp-s,4,7400000
2024,"Sewald, Paul",rhp-c,5.072,7350000
2024,"Cronenworth, Jake",1b,4,7286714
2024,"Miley, Wade",lhp-s,12.025,7000000
2024,"Paxton, James",lhp-s,9.151,7000000
2024,"Merrifield, Whit",2b,7.101,7000000
2024,"Narváez, Omar",c,7.089,7000000
2024,"Stassi, Max",c,7.033,7000000
2024,"Williams, Trevor",rhp-s,7.027,7000000
2024,"Albies, Ozzie",2b,6.062,7000000
2024,"Johnson, Pierce",rhp,4.137,7000000
2024,"Edman, Tommy",ss,4.114,7000000
2024,"Williams, Devin",rhp-c,4.056,7000000
2024,"Hayes, Ke'Bryan",3b,3.075,7000000
2024,"France, Ty",1b,4.089,6775000
2024,"Estévez, Carlos",rhp-c,7.022,6750000
2024,"Barlow, Scott",rhp,5.03,6700000
2024,"Quantrill, Cal",rhp-s,4.132,6550000
2024,"Flores, Wilmer",2b-3b,10.003,6500000
2024,"Jackson, Luke",rhp,7.019,6500000
2024,"Hicks, Jordan",rhp-s,6,6500000
2024,"Naylor, Josh",1b,4.127,6500000
2024,"Raley, Brooks",lhp,4.045,6500000
2024,"Ruiz, Keibert",c,2.064,6375000
2024,"Mullins, Cedric",cf,4.078,6325000
2024,"Farmer, Kyle",inf,5.129,6300000
2024,"Hays, Austin",lf,4.057,6300000
2024,"Leclerc, José",rhp-c,7.041,6250000
2024,"Maton, Phil",rhp,6.047,6250000
2024,"Minter, A.J.",lhp,5.154,6220000
2024,"Gomes, Yan",c,11.083,6000000
2024,"García, Yimi",rhp,8.149,6000000
2024,"Díaz, Elias",c,7.088,6000000
2024,"Caratini, Victor",c,6.051,6000000
2024,"Holmes, Clay",rhp-c,5.031,6000000
2024,"Keller, Mitch",rhp-s,4.026,5854000
2024,"O'Neill, Tyler",lf,5.059,5850000
2024,"Kahnle, Tommy",rhp,8.131,5750000
2024,"Gallegos, Giovanny",rhp,5.085,5750000
2024,"Peralta, Freddy",rhp-s,5.09,5735000
2024,"Scott, Tanner",lhp-c,5.059,5700000
2024,"Varsho, Daulton",lf,3.128,5650000
2024,"Giménez, Andrés",2b,3.106,5571429
2024,"Carpenter, Matt",dh-1b,11.145,5500000
2024,"Renfroe, Hunter",rf,6.165,5500000
2024,"Mahle, Tyler",rhp-s,6.018,5500000
2024,"Bummer, Aaron",lhp,5.15,5500000
2024,"Grisham, Trent",cf,4.06,5500000
2024,"Lúzardo, Jesus",lhp-s,3.165,5500000
2024,"Thomas, Lane",rf,4.014,5450000
2024,"Santana, Carlos",1b-dh,13.115,5250000
2024,"Springs, Jeffrey",lhp-s,5.055,5250000
2024,"Jansen, Danny",c,5.05,5200000
2024,"Laureano, Ramón",rf,4.165,5150000
2024,"Finnegan, Kyle",rhp-c,4,5100000
2024,"Houser, Adrian",rhp,5.01,5050000
2024,"Suárez, Ranger",lhp-s,4.112,5050000
2024,"Sandoval, Patrick",lhp-s,3.149,5025000
2024,"Kershaw, Clayton",lhp-s,15.105,5000000
2024,"McCutchen, Andrew",rf,14.123,5000000
2024,"Smith, Will",lhp-c,10.155,5000000
2024,"Rojas, Miguel",ss,9.043,5000000
2024,"Peterson, Jace",3b,7.142,5000000
2024,"Anderson, Tim",ss,7.115,5000000
2024,"Castro, Miguel",rhp,7.079,5000000
2024,"Middleton, Keynan",rhp,6.023,5000000
2024,"Soto, Gregory",lhp,4.102,5000000
2024,"Urías, Luis",3b,4.098,5000000
2024,"Harris II, Michael",cf,2,5000000
2024,"Civale, Aaron",rhp-s,4.058,4900000
2024,"Singer, Brady",rhp-s,3.156,4850000
2024,"Ward, Taylor",lf,3.164,4800000
2024,"García, Adolis",rf,3.095,4750000
2024,"Estrada, Thairo",2b,3.169,4700000
2024,"Bednar, David",rhp-c,3.076,4510000
2024,"Ottavino, Adam",rhp,12.087,4500000
2024,"Yates, Kirby",rhp,9.021,4500000
2024,"Lorenzen, Michael",rhp-s,8.159,4500000
2024,"Brasier, Ryan",rhp,6.094,4500000
2024,"Rengifo, Luis",2b,4.043,4400000
2024,"Lopez, Nicky",2b,4.139,4300000
2024,"Chafin, Andrew",lhp,9.02,4250000
2024,"García, Luis",rhp,8.007,4250000
2024,"Domínguez, Seranthony",rhp,5.131,4250000
2024,"Biggio, Cavan",2b,4.129,4210000
2024,"Mountcastle, Ryan",1b,3.105,4137500
2024,"Gilbert, Logan",rhp-s,2.144,4050000
2024,"Maldonado, Martín",c,11.156,4000000
2024,"Diekman, Jake",lhp,11.05,4000000
2024,"Hernández, Kiké",ss-cf,9.054,4000000
2024,"Taylor, Michael A.",cf,8.129,4000000
2024,"Hedges, Austin",c,7.166,4000000
2024,"Murphy, Tom",c,6.092,4000000
2024,"Brebbia, John",rhp,6.078,4000000
2024,"Stanek, Ryne",rhp,6.038,4000000
2024,"López, Reynaldo",rhp,6.004,4000000
2024,"Junis, Jakob",rhp-s,6.002,4000000
2024,"Slater, Austin",of,5.147,4000000
2024,"Phillips, Evan",rhp,3.136,4000000
2024,"Bohm, Alec",3b,3.106,4000000
2024,"Steele, Justin",lhp-s,2.143,4000000
2024,"Rodriguez, Yariel",rhp-s,0,4000000
2024,"Cortes, Nestor",lhp-s,4.094,3950000
2024,"Yarbrough, Ryan",lhp-s,5.117,3900000
2024,"Ramírez, Harold",dh-of,4.124,3800000
2024,"Helsley, Ryan",rhp-c,4.105,3800000
2024,"India, Jonathan",2b,3,3800000
2024,"Urquidy, José",rhp-s,4.049,3750000
2024,"Fairbanks, Pete",rhp-c,4.057,3666667
2024,"Berti, Jon",lf-3b,4.168,3625000
2024,"Carroll, Corbin",lf,1.038,3625000
2024,"McClanahan, Shane",lhp-s,2.158,3600000
2024,"Mayza, Tim",lhp,4.156,3590000
2024,"Barnes, Austin",c,7.098,3500000
2024,"Stratton, Chris",rhp,6.1,3500000
2024,"Kelly, Carson",c,5.161,3500000
2024,"O'Hearn, Ryan",1b-of,4.17,3500000
2024,"Rea, Colin",rhp,4.057,3500000
2024,"Wade Jr., LaMonte",1b,4.035,3500000
2024,"Dubón, Mauricio",2b,3.162,3500000
2024,"Whitlock, Garrett",rhp-s,3,3500000
2024,"Blackburn, Paul",rhp-s,4.018,3450000
2024,"Gonsolin, Tony",rhp-s,3.152,3400000
2024,"Paredes, Isaac",3b,2.16,3400000
2024,"Peralta, Wandy",lhp,6.168,3350000
2024,"Fujinami, Shintaro",rhp-s,1,3350000
2024,"Greene, Hunter",rhp-s,2,3333333
2024,"Means, John",lhp-s,5.007,3325000
2024,"Dunning, Dane",rhp,3.083,3325000
2024,"Castro, Willi",inf-of,4.017,3300000
2024,"Barnhart, Tucker",c,9.047,3250000
2024,"Vaughn, Andrew",1b,3,3250000
2024,"Matsui, Yuki",lhp,0,3250000
2024,"Thielbar, Caleb",lhp,5.131,3225000
2024,"Tellez, Rowdy",1b,5.004,3200000
2024,"Rodgers, Brendan",ss,4.075,3200000
2024,"Rogers, Tyler",rhp,4.034,3200000
2024,"Gomber, Austin",lhp,4.111,3150000
2024,"King, Michael",rhp,4.004,3150000
2024,"Moore, Dylan",3b,5,3133333
2024,"Witt Jr., Bobby",ss,2,3111111
2024,"Rojas, Josh",2b,3.126,3100000
2024,"Heim, Jonah",c,3.097,3050000
2024,"Miller, Shelby",rhp,8.016,3000000
2024,"Duvall, Adam",cf,7.151,3000000
2024,"Sánchez, Gary",c,7.05,3000000
2024,"Maile, Luke",c,6.148,3000000
2024,"Soroka, Michael",rhp-s,5.009,3000000
2024,"Kopech, Michael",rhp,4.041,3000000
2024,"McGough, Scott",rhp,1.046,3000000
2024,"Clase, Emmanuel",rhp-c,3.059,2900000
2024,"Sims, Lucas",rhp,5.014,2850000
2024,"McCormick, Chas",cf,3,2850000
2024,"Keith, Colt",2b,0,2833333
2024,"Kirk, Alejandro",c,3.047,2800000
2024,"Swanson, Erik",rhp,4.096,2750000
2024,"Trevino, Jose",c,4.063,2730000
2024,"Espinal, Santiago",2b,3.149,2725000
2024,"Wisdom, Patrick",3b-1b,3.058,2725000
2024,"Mateo, Jorge",ss,4,2700000
2024,"Graterol, Brusdar",rhp-c,3.167,2700000
2024,"Adam, Jason",rhp,3.132,2700000
2024,"Robles, Victor",cf,5.033,2650000
2024,"Skubal, Tarik",lhp-s,3.114,2650000
2024,"Chisholm Jr., Jazz",cf,3.075,2625000
2024,"Canning, Griffin",rhp-s,4.075,2600000
2024,"Brown, Seth",dh-1b,3.104,2600000
2024,"Taveras, Leody",cf,2.124,2550000
2024,"Paddack, Chris",rhp-s,5,2525000
2024,"Stephenson, Tyler",c,3.056,2525000
2024,"Grandal, Yasmani",c,11.115,2500000
2024,"Gallo, Joey",rf,7.103,2500000
2024,"Suter, Brent",lhp,6.161,2500000
2024,"Woodruff, Brandon",rhp-s,5.161,2500000
2024,"Davis, J.D.",3b,5.137,2500000
2024,"Loáisiga, Jonathan",rhp,5.022,2500000
2024,"Franco, Wander",ss,2.104,2454545
2024,"Jeffers, Ryan",c,3.089,2425000
2024,"Ferguson, Caleb",lhp,5.093,2400000
2024,"Poche, Colin",lhp,4.114,2375000
2024,"Harvey, Hunter",rhp,4.047,2350000
2024,"Bubic, Kris",lhp-s,3.135,2350000
2024,"Carlson, Dylan",cf,3.104,2350000
2024,"Coulombe, Daniel",lhp,5.008,2300000
2024,"Brubaker, JT",rhp,4,2275000
2024,"Kittredge, Andrew",rhp,5.07,2262500
2024,"Farmer, Buck",rhp,6.14,2250000
2024,"Alexander, Scott",lhp,6.08,2250000
2024,"Floro, Dylan",rhp,6.053,2250000
2024,"Chourio, Jackson",of,0,2250000
2024,"Smith, Drew",rhp,5.034,2225000
2024,"Hoffman, Jeff",rhp-s,5.084,2200000
2024,"Muñoz, Andrés",rhp,4.08,2187500
2024,"Higashioka, Kyle",c,5.005,2180000
2024,"Richards, Trevor",rhp-s,5.084,2150000
2024,"Fraley, Jake",dh,3.097,2150000
2024,"Peterson, David",lhp-s,3.089,2150000
2024,"May, Dustin",rhp-s,4.059,2135000
2024,"Joe, Connor",1b,2.136,2125000
2024,"Alzolay, Adbert",rhp-s,3.05,2110000
2024,"Urías, Ramón",2b,3.025,2100000
2024,"Sánchez, Jesús",of,2.118,2100000
2024,"Armstrong, Shawn",rhp,5.113,2050000
2024,"Milner, Hoby",lhp,4.068,2050000
2024,"Bethancourt, Christian",c,4.038,2050000
2024,"Taylor, Tyrone",of,3.093,2025000
2024,"Schmidt, Clarke",rhp-s,2.148,2025000
2024,"Hudson, Daniel",rhp,13.106,2000000
2024,"Carrasco, Carlos",rhp-s,12.147,2000000
2024,"Crawford, Brandon",ss,12.094,2000000
2024,"Hendriks, Liam",rhp-c,9.164,2000000
2024,"Rosario, Eddie",lf,8.12,2000000
2024,"Barnes, Matt",rhp,8.11,2000000
2024,"Frazier, Adam",2b-of,7.075,2000000
2024,"Arcia, Orlando",ss,6.114,2000000
2024,"Weaver, Luke",rhp,6.112,2000000
2024,"Wendle, Joey",ss,6.088,2000000
2024,"Winker, Jesse",dh-lf,6.08,2000000
2024,"Vogelbach, Daniel",dh-1b,5.138,2000000
2024,"López, Jorge",rhp,5.102,2000000
2024,"Turnbull, Spencer",rhp-s,5.02,2000000
2024,"Hampson, Garrett",2b-of,5.01,2000000
2024,"Senzel, Nick",3b,4.15,2000000
2024,"Rodríguez, Joely",lhp,4.096,2000000
2024,"Irvin, Cole",lhp-s,3.083,2000000
2024,"Wells, Tyler",rhp-s,2.132,1962500
2024,"Alexander, Tyler",lhp-s,4.058,1950000
2024,"Tauchman, Mike",cf,3.143,1950000
2024,"García Jr., Luis",2b,2.142,1950000
2024,"Matzek, Tyler",lhp,5.019,1900000
2024,"Almonte, Yency",rhp,4.143,1900000
2024,"Karinchak, James",rhp,3.099,1900000
2024,"Garcia, Luis",rhp-s,3.083,1875000
2024,"Rasmussen, Drew",rhp-s,3.111,1862500
2024,"Refsnyder, Rob",2b-of,5.048,1850000
2024,"Littell, Zack",rhp-s,4.043,1850000
2024,"Knizner, Andrew",c,4.021,1825000
2024,"Madrigal, Nick",2b,3.163,1810000
2024,"Hill, Tim",lhp,5.112,1800000
2024,"Puk, A.J.",lhp-s,3.124,1800000
2024,"Wright, Kyle",rhp-s,3.062,1800000
2024,"Ureña, José",rhp-s,7.045,1750000
2024,"DeJong, Paul",ss,6.057,1750000
2024,"Cooper, Garrett",1b,6.053,1750000
2024,"Cisnero, José",rhp,6.02,1750000
2024,"Flexen, Chris",rhp-s,3.096,1750000
2024,"Abreu, Bryan",rhp,3.022,1750000
2024,"Go, Woo Suk",rhp,0,1750000
2024,"Tovar, Ezequiel",ss,1.014,1714286
2024,"Jankowski, Travis",cf,6.153,1700000
2024,"Andujar, Miguel",3b,4.053,1700000
2024,"Sosa, Edmundo",ss,3.14,1700000
2024,"Rogers, Jake",c,3.04,1700000
2024,"Beeks, Jalen",lhp,5.003,1675000
2024,"Cimber, Adam",rhp,5.156,1650000
2024,"Lucchesi, Joey",lhp-s,4.112,1650000
2024,"Payamps, Joel",rhp,3.027,1650000
2024,"Borucki, Ryan",lhp,5.006,1600000
2024,"McKenzie, Triston",rhp-s,3.074,1600000
2024,"Stephan, Trevor",rhp,3,1600000
2024,"Anderson, Nick",rhp,4.153,1575000
2024,"Baddoo, Akil",of,2.119,1550000
2024,"Rogers, Trevor",lhp-s,3.094,1530000
2024,"Cabrera, Génesis",lhp,4.011,1512500
2024,"Wilson, Justin",lhp,11.035,1500000
2024,"Grichuk, Randal",cf,9.033,1500000
2024,"Leone, Dominic",rhp,7.133,1500000
2024,"Urshela, Gio",ss,6.127,1500000
2024,"Rosario, Amed",ss,6.062,1500000
2024,"Ross, Joe",rhp-s,6.018,1500000
2024,"Trivino, Lou",rhp,5.163,1500000
2024,"Stallings, Jacob",c,5.149,1500000
2024,"Gott, Trevor",rhp,5.057,1500000
2024,"Hudson, Dakota",rhp-s,4.156,1500000
2024,"Rainey, Tanner",rhp,4.127,1500000
2024,"Law, Derek",rhp,4.081,1500000
2024,"Tate, Dillon",rhp,4.048,1500000
2024,"McGuire, Reese",c,4.027,1500000
2024,"Leiter Jr., Mark",rhp,3.031,1500000
2024,"Ashby, Aaron",lhp,2.046,1450000
2024,"Stewart, DJ",of,2.168,1380000
2024,"Thompson, Ryan",rhp,3.095,1350000
2024,"Bauers, Jake",1b,3.084,1350000
2024,"Olivares, Edward",lf,3.049,1350000
2024,"Kirilloff, Alex",1b,2.141,1350000
2024,"Kinley, Tyler",rhp,5.014,1300000
2024,"Jackson, Jay",rhp,2.028,1300000
2024,"Chargois, JT",rhp,4.101,1285000
2024,"Toro, Abraham",3b,3.011,1275000
2024,"Anderson, Chase",rhp-s,8.141,1250000
2024,"Clarke, Taylor",rhp,4.12,1250000
2024,"Voth, Austin",rhp,4.115,1250000
2024,"Lambert, Peter",rhp,3.128,1250000
2024,"Walsh, Jared",1b,3.114,1250000
2024,"Hernández, Jonathan",rhp,3.131,1245000
2024,"Lux, Gavin",2b,3.114,1225000
2024,"Topa, Justin",rhp,3.044,1225000
2024,"Ginkel, Kevin",rhp,3.032,1225000
2024,"Thornton, Trent",rhp-s,3.148,1200000
2024,"Beede, Tyler",rhp,3.102,1200000
2024,"Pérez, Cionel",lhp,3.085,1200000
2024,"Waguespack, Jacob",rhp,1.105,1200000
2024,"Merryweather, Julian",rhp,3.109,1175000
2024,"Schreiber, John",rhp,3.027,1175000
2024,"Bello, Brayan",rhp-s,1.082,1166667
2024,"Hentges, Sam",lhp,2.157,1162500
2024,"Young, Alex",lhp,3.143,1160000
2024,"De Los Santos, Enyel",rhp,3.015,1160000
2024,"Guillorme, Luis",inf,4.159,1100000
2024,"Taylor, Josh",lhp,4.118,1100000
2024,"Vargas, Ildemaro",2b,4.007,1100000
2024,"Sandlin, Nick",rhp,2.157,1075000
2024,"Okert, Steven",lhp,3.109,1062500
2024,"Brentz, Jake",lhp,3,1050000
2024,"Burke, Brock",lhp,3.065,1035000
2024,"Sborz, Josh",rhp,3.055,1025000
2024,"Wilson, Bryse",rhp-s,3.036,1025000
2024,"Hernández, Carlos",rhp,2.145,1012500
2024,"King, John",lhp,2.148,1005000
2024,"Profar, Jurickson",lf,9.165,1000000
2024,"Pillar, Kevin",cf,9.072,1000000
2024,"Treinen, Blake",rhp,9.065,1000000
2024,"Devenski, Chris",rhp,7.02,1000000
2024,"Kemp, Tony",2b,6.098,1000000
2024,"Newcomb, Sean",lhp-s,4.113,1000000
2024,"Smith, Burch",rhp,4.092,1000000
2024,"Cave, Jake",rf,4.071,1000000
2024,"Plesac, Zach",rhp-s,3.121,1000000
2024,"Vesia, Alex",lhp,3.078,1000000
2024,"Tonkin, Michael",rhp,3.074,1000000
2024,"Webb, Jacob",rhp,3.046,1000000
2024,"Strider, Spencer",rhp-s,2.003,1000000
2024,"Bautista, Félix",rhp-c,2,1000000
2024,"Staumont, Josh",rhp,4.071,950000
2024,"Suarez, José",lhp-s,3.084,925000
2024,"Mantiply, Joe",lhp,3.029,925000
2024,"Hamilton, Ian",rhp,1.126,923050
2024,"Haggerty, Sam",2b,3.044,900000
2024,"Gordon, Nick",ss,2.136,900000
2024,"Stewart, Brock",rhp,2.093,900000
2024,"Sanó, Miguel",1b-dh,7.066,875000
2024,"Bazardo, Eduard",rhp,0.168,870600
2024,"González, Victor",lhp,3.058,860000
2024,"Romero, JoJo",lhp,3.045,860000
2024,"Ahmed, Nick",ss,9.046,850000
2024,"McFarland, T.J.",lhp,8.05,850000
2024,"Wade, Tyler",2b,4.058,850000
2024,"Morejon, Adrian",lhp,3.14,850000
2024,"Covey, Dylan",rhp,3.138,850000
2024,"Stubbs, Garrett",c,3.12,850000
2024,"Fleming, Josh",lhp-s,2.144,850000
2024,"Singleton, Jon",1b,1.069,850000
2024,"Quijada, José",lhp,3.046,840000
2024,"Antone, Tejay",rhp,4,830000
2024,"Mize, Casey",rhp-s,3.111,830000
2024,"Ryan, Ryder",rhp,0.01,830000
2024,"Akin, Keegan",lhp,3.079,825000
2024,"Ynoa, Huascar",rhp,3.011,825000
2024,"Volpe, Anthony",ss,1,810100
2024,"Shaw, Bryan",rhp,11.069,800000
2024,"Adams, Austin L.",rhp,4.15,800000
2024,"Burdi, Nick",rhp,3.14,800000
2024,"Crochet, Garrett",lhp,3.028,800000
2024,"Pearson, Nate",rhp,3.005,800000
2024,"Perkins, Blake",cf,0.133,800000
2024,"Stratton, Hunter",rhp,0.028,800000
2024,"Kirby, George",rhp-s,1.151,798600
2024,"Garrett, Stone",of,1.05,798600
2024,"Raleigh, Cal",c,2.085,795000
2024,"Alcala, Jorge",rhp,4.014,790000
2024,"Scott, Tayler",rhp,1.015,790000
2024,"Perdomo, Geraldo",ss,2.015,786000
2024,"Peña, Jeremy",ss,2,783500
2024,"Cabrera, Oswaldo",2b-3b,1.048,783000
2024,"Manoah, Alek",rhp-s,2.063,782500
2024,"Vieira, Thyago",rhp,0.11,777500
2024,"Brown, Hunter",rhp-s,1.035,774500
2024,"Weems, Jordan",rhp,2.055,773500
2024,"Reid-Foley, Sean",rhp,2.133,772750
2024,"Feyereisen, J.P.",rhp,3.108,770000
2024,"Bender, Anthony",rhp,2.153,770000
2024,"Houck, Tanner",rhp,2.1,770000
2024,"Adell, Jo",of,2.085,770000
2024,"Doval, Camilo",rhp-c,2.071,770000
2024,"Detmers, Reid",lhp-s,2.064,770000
2024,"Thaiss, Matt",c,2.038,770000
2024,"Moniak, Mickey",of,2.027,770000
2024,"Bart, Joey",c,2.02,770000
2024,"Outman, James",cf,1.006,770000
2024,"Thomas, Alek",cf,1.132,769500
2024,"Diaz, Yainer",c,1.035,768900
2024,"Ramirez, Yohan",rhp,2.102,768750
2024,"De La Cruz, Bryan",lf,2.056,768000
2024,"Stott, Bryson",2b,2,768000
2024,"France, J.P.",rhp-s,0.149,767600
2024,"Meyers, Jake",lf,2.044,767300
2024,"Morel, Christopher",3b,1.117,767000
2024,"Contreras, William",c,2.112,766900
2024,"Peraza, Oswald",ss,0.123,766600
2024,"Marsh, Brandon",cf,2.078,766500
2024,"White, Mitch",rhp,2.043,766400
2024,"Foley, Jason",rhp,2.033,766300
2024,"Greene, Riley",cf,1.11,766300
2024,"Megill, Tylor",rhp,2.073,766250
2024,"Ibáñez, Andy",3b,1.17,766100
2024,"Vierling, Matt",lf,2.026,766000
2024,"McCarthy, Jake",rf,1.124,766000
2024,"Torkelson, Spencer",1b,1.137,765700
2024,"Bielak, Brandon",rhp-s,2.11,765000
2024,"Oviedo, Johan",rhp-s,2.079,765000
2024,"McKinstry, Zach",2b,2.099,764400
2024,"Nelson, Ryne",rhp-s,1.02,764300
2024,"Reyes, Pablo",2b-of,2.043,764000
2024,"Garrett, Braxton",lhp,1.168,764000
2024,"Álvarez, Francisco",c,1.006,762500
2024,"Cuas, Jose",rhp,1.129,762000
2024,"Ober, Bailey",rhp,2.093,761850
2024,"Jax, Griffin",rhp,2.091,761750
2024,"Brogdon, Connor",rhp,2.139,761000
2024,"Nootbaar, Lars",lf,2.076,761000
2024,"Cabrera, Edward",rhp-s,1.147,761000
2024,"Carpenter, Kerry",of,1.057,761000
2024,"Vest, Will",rhp,2.1,760700
2024,"Lange, Alex",rhp-c,2.112,760600
2024,"Pache, Cristian",of,2.031,760500
2024,"Henry, Tommy",lhp,1.053,760500
2024,"Rutschman, Adley",c,2,760300
2024,"Moreno, Gabriel",c,1.061,760100
2024,"Gilbreath, Lucas",lhp,2.148,760000
2024,"Dalbec, Bobby",3b,2.115,760000
2024,"Gibaut, Ian",rhp,2.077,760000
2024,"Moll, Sam",lhp,2.075,760000
2024,"Díaz, Alexis",rhp-c,2,760000
2024,"Lodolo, Nick",lhp-s,2,760000
2024,"Kelenic, Jarred",lf,1.169,760000
2024,"Duran, Jarren",cf,1.151,760000
2024,"Lee, Dylan",lhp,1.15,760000
2024,"Crawford, Kutter",rhp-s,1.136,760000
2024,"Burger, Jake",3b,1.127,760000
2024,"Soriano, José",rhp-s,1.121,760000
2024,"Wong, Connor",c,1.079,760000
2024,"Winckowski, Josh",rhp,1.074,760000
2024,"Casas, Triston",1b,1.032,760000
2024,"Grove, Michael",rhp,1.031,760000
2024,"O'Hoppe, Logan",c,1.008,760000
2024,"Lambert, Jimmy",rhp,2.108,759250
2024,"Fortes, Nick",c,1.149,759000
2024,"Ryan, Joe",rhp-s,2.033,758850
2024,"Holton, Tyler",lhp,1.045,758300
2024,"Isbel, Kyle",cf,2.043,758250
2024,"Siri, Jose",cf,2.015,757800
2024,"Clement, Ernie",ss,1.168,757700
2024,"Kwan, Steven",lf,2,757600
2024,"Brash, Matt",rhp-s,1.121,757600
2024,"Gray, Josiah",rhp-s,2.075,757400
2024,"Walls, Taylor",ss,2.092,757300
2024,"Nelson, Kyle",lhp,2.076,757300
2024,"Donovan, Brendan",2b,2,757200
2024,"Massey, Michael",2b,1.068,757000
2024,"Sheets, Gavin",1b,2.076,756950
2024,"Pallante, Andre",rhp,1.166,756900
2024,"Zavala, Seby",c,2.045,756700
2024,"Kremer, Dean",rhp-s,2.112,756600
2024,"Megill, Trevor",rhp,2.002,756600
2024,"Henderson, Gunnar",ss,1.036,756200
2024,"Jung, Josh",3b,1.027,756000
2024,"Lowe, Josh",rf-3b,1.093,755700
2024,"Gorman, Nolan",inf-dh,1.139,755550
2024,"Rortvedt, Ben",c,2.043,755400
2024,"Banks, Tanner",lhp,1.092,755050
2024,"Warren, Austin",rhp,1.171,755000
2024,"Holderman, Colin",rhp,1.144,755000
2024,"Falter, Bailey",lhp-s,1.138,755000
2024,"Suwinski, Jack",cf,1.118,755000
2024,"Cruz, Oneil",ss,1.11,755000
2024,"Moreta, Dauri",rhp,1.104,755000
2024,"Contreras, Roansy",rhp-s,1.039,755000
2024,"Assad, Javier",rhp,1.027,755000
2024,"Bae, Ji Hwan",2b,1.013,755000
2024,"Hernandez, Jose",lhp,1,755000
2024,"Delay, Jason",c,0.095,755000
2024,"Melendez, MJ",rf-lf,1.153,754750
2024,"Campusano, Luis",c,1.144,754700
2024,"Bradish, Kyle",rhp-s,1.16,754500
2024,"Duran, Ezequiel",2b,1.072,754500
2024,"Pfaadt, Brandon",rhp,0.097,754400
2024,"Peguero, Elvis",rhp,1.07,754300
2024,"Raley, Luke",rf,1.106,754200
2024,"Nardi, Andrew",lhp,1.053,754000
2024,"Ragans, Cole",lhp-s,1.029,753750
2024,"Martinez, Seth",rhp,1.108,753600
2024,"Sánchez, Cristopher",lhp,1.083,753500
2024,"Speier, Gabe",lhp,2.03,753300
2024,"Saucedo, Tayler",lhp,2.107,753100
2024,"Brazoban, Huascar",rhp,1.074,753000
2024,"Pasquantino, Vinnie",1b,1.101,752750
2024,"Weathers, Ryan",lhp-s,1.066,752600
2024,"Miller, Bryce",rhp,0.153,752600
2024,"Monasterio, Andruw",3b,0.128,752500
2024,"Abrams, CJ",ss,1.13,752400
2024,"Cano, Yennier",rhp,1.064,752300
2024,"Olson, Reese",rhp-s,0.123,752300
2024,"Meneses, Joey",dh-1b,1.065,752000
2024,"Wilson, Steven",rhp,2,751900
2024,"Winder, Josh",rhp,1.065,751850
2024,"Caballero, Jose",2b-ss,0.17,751700
2024,"Rucker, Michael",rhp,1.156,751500
2024,"Marte, Yunior",rhp,1.04,751500
2024,"Garcia, Maikel",3b,0.168,751250
2024,"Morgan, Eli",rhp,2.108,751200
2024,"Serven, Brian",c,1.012,751000
2024,"Adams, Riley",c,2.05,750900
2024,"Thompson, Zack",lhp-s,1.045,750850
2024,"Hoeing, Bryan",rhp,1,750500
2024,"Cosgrove, Tom",lhp,0.159,750500
2024,"Burleson, Alec",of,1.029,750050
2024,"Foster, Matt",rhp,3.093,750000
2024,"Rooker, Brent",of,2.059,750000
2024,"Effross, Scott",rhp,2.037,750000
2024,"Jiménez, Dany",rhp-c,2.031,750000
2024,"Mears, Nick",rhp,2.022,750000
2024,"Jackson, Zach",rhp,2,750000
2024,"Kranick, Max",rhp,1.143,750000
2024,"Ashcraft, Graham",rhp-s,1.136,750000
2024,"Lively, Ben",rhp,1.133,750000
2024,"Martini, Nick",1b-lf,1.127,750000
2024,"Fairchild, Stuart",of,1.114,750000
2024,"Friedl, TJ",lf,1.112,750000
2024,"Marchán, Rafael",c,1.075,750000
2024,"Santos, Gregory",rhp,1.055,750000
2024,"Benson, Will",cf,1.042,750000
2024,"Cruz, Fernando",rhp,1.035,750000
2024,"Steer, Spencer",3b,1.035,750000
2024,"Baty, Brett",3b,1.022,750000
2024,"Neto, Zach",ss,0.17,750000
2024,"Silseth, Chase",rhp-s,0.153,750000
2024,"Erceg, Lucas",rhp,0.136,750000
2024,"Miller, Bobby",rhp,0.132,750000
2024,"Bachman, Sam",rhp,0.129,750000
2024,"Kelly, Michael",rhp,0.112,750000
2024,"Stefanic, Michael",2b,0.093,750000
2024,"Sheehan, Emmet",rhp,0.08,750000
2024,"Wall, Forrest",of,0.06,750000
2024,"Schanuel, Nolan",1b-of,0.045,750000
2024,"Zuñiga, Guillermo",rhp,0.045,750000
2024,"Wells, Austin",c,0.031,750000
2024,"Blanco, Ronel",rhp-s,0.101,749800
2024,"Jameson, Drey",rhp,1.003,749700
2024,"Gore, MacKenzie",lhp-s,2,749600
2024,"Parsons, Wes",rhp,0.089,749600
2024,"Smith, Josh H.",ss-2b,1.129,749500
2024,"Abreu, Wilyer",of,0.041,749500
2024,"Sands, Cole",rhp,1.017,749450
2024,"Patiño, Luis",rhp,2.061,749400
2024,"Thompson, Mason",rhp,2.046,749200
2024,"Woo, Bryan",rhp,0.121,749000
2024,"Baumann, Mike",rhp,1.072,748900
2024,"Ortega, Oliver",rhp,1.019,748500
2024,"Florial, Estevan",of,0.118,748500
2024,"Bradford, Cody",lhp,0.086,748500
2024,"Frías, Luis",rhp,0.149,748300
2024,"Rodriguez, Grayson",rhp,0.129,748300
2024,"Zerpa, Angel",lhp,1.079,748250
2024,"Turang, Brice",2b,0.165,748200
2024,"Pérez, Eury",rhp,0.113,748000
2024,"Francis, Bowden",rhp,0.098,748000
2024,"Bailey, Patrick",c,0.136,747500
2024,"Walker, Ryan",rhp,0.136,747500
2024,"Beck, Tristan",rhp,0.129,747500
2024,"Ortiz, Luis",rhp,0.121,747500
2024,"Mlodzinski, Carmen",rhp,0.108,747500
2024,"Davis, Henry",c,0.105,747500
2024,"Walker, Jordan",rf,0.149,747450
2024,"Mushinski, Parker",lhp,1.016,747400
2024,"Uribe, Abner",rhp,0.086,747400
2024,"Short, Zack",ss,1.086,747300
2024,"Snider, Collin",rhp,0.167,747300
2024,"Scholtens, Jesse",rhp,0.125,747250
2024,"Duran, Jhoan",rhp-c,2,747200
2024,"Liberatore, Matthew",lhp,0.144,747200
2024,"Otto, Glenn",rhp-s,1.165,747000
2024,"Velázquez, Nelson",of,1.013,747000
2024,"Cleavinger, Garrett",lhp,2.06,746900
2024,"Meadows, Parker",of,0.042,746900
2024,"Julien, Edouard",2b,0.135,746750
2024,"Wentz, Joey",lhp,0.166,746700
2024,"Faedo, Alex",rhp,0.169,746600
2024,"Avila, Pedro",rhp,0.099,746600
2024,"Amaya, Miguel",c,0.13,746500
2024,"Frelick, Sal",of,0.072,746500
2024,"Marcano, Tucupita",2b,1.139,746000
2024,"Mastrobuoni, Miles",2b,0.14,746000
2024,"Brito, Jhony",rhp,0.113,746000
2024,"Soriano, George",rhp,0.112,746000
2024,"Campbell, Isaiah",rhp,0.086,746000
2024,"Bruján, Vidal",2b,1.014,745800
2024,"Westburg, Jordan",ss,0.098,745800
2024,"Domínguez, Jasson",of,0.031,745800
2024,"McArthur, James",rhp,0.15,745750
2024,"Lewis, Royce",ss,1.142,745700
2024,"Azocar, José",lf-cf,1.097,745700
2024,"Bibee, Tanner",rhp-s,1,745700
2024,"Irvin, Jake",rhp,0.152,745600
2024,"Wallner, Matt",of,0.111,745550
2024,"Varland, Louie",rhp,0.108,745400
2024,"Palacios, Richie",of-2b,0.156,745200
2024,"Pinto, René",c,0.15,745100
2024,"Lawrence, Justin",rhp,1.167,745000
2024,"Feltner, Ryan",rhp-s,1.143,745000
2024,"Bird, Jake",rhp,1.117,745000
2024,"Trejo, Alan",ss,1.111,745000
2024,"Allen, Nick",ss,1.094,745000
2024,"Sears, JP",lhp-s,1.081,745000
2024,"Montero, Elehuris",3b,1.061,745000
2024,"Bleday, JJ",of,1.055,745000
2024,"Langeliers, Shea",c,1.051,745000
2024,"Bride, Jonah",1b,1.039,745000
2024,"Waldichuk, Ken",lhp-s,1.035,745000
2024,"Ruiz, Esteury",cf,1.029,745000
2024,"Jones, Nolan",3b,1.007,745000
2024,"Tarnok, Freddy",rhp,1.002,745000
2024,"Noda, Ryan",1b,1,745000
2024,"Rojas, Johan",of,0.08,745000
2024,"Triolo, Jared",2b,0.078,745000
2024,"Rodríguez, Endy",c,0.077,745000
2024,"Carter, Evan",of,0.024,745000
2024,"Williams, Alika",ss,0.002,745000
2024,"Brennan, Will",of,1.015,744900
2024,"Pepiot, Ryan",rhp-s,1.005,744900
2024,"Schneider, Davis",inf,0.059,744900
2024,"Marsh, Alec",rhp,0.094,744750
2024,"Weiss, Zack",rhp,0.091,744550
2024,"Fermin, Freddy",c,0.165,744500
2024,"Rosario, Eguy",2b,1.021,744400
2024,"Curry, Xzavion",rhp,1.003,744400
2024,"Mitchell, Garrett",cf,1.04,744300
2024,"Allen, Logan",lhp-s,0.143,744300
2024,"Hall, DL",lhp-s,0.074,744200
2024,"Arias, Gabriel",ss,1.019,744100
2024,"Ortiz, Luis",rhp,0.103,744000
2024,"Blanco, Dairon",lf-cf,0.132,743750
2024,"Hjelle, Sean",rhp,0.072,743750
2024,"Winn, Keaton",rhp,0.053,743750
2024,"Harrison, Kyle",lhp,0.041,743750
2024,"Canzone, Dominic",of,0.087,743700
2024,"Baz, Shane",rhp-s,2.014,743600
2024,"Jarvis, Bryce",rhp,0.04,743600
2024,"Gipson-Long, Sawyer",rhp,0.022,743600
2024,"Weissert, Greg",rhp,0.088,743500
2024,"Murphy, Chris",lhp,0.081,743500
2024,"Valdez, Enmanuel",3b,0.077,743500
2024,"Rafaela, Ceddanne",3b-of,0.035,743500
2024,"Mauricio, Ronny",ss,0.031,743500
2024,"Bradley, Taj",rhp,0.114,743300
2024,"Moore, McKinley",rhp,0.012,743250
2024,"Herrera, Iván",c,0.063,743150
2024,"Meyer, Max",rhp-s,1.082,743000
2024,"Kowar, Jackson",rhp,0.163,743000
2024,"Ferrer, Jose",lhp,0.094,743000
2024,"Edwards, Xavier",ss,0.052,743000
2024,"Rodríguez, Yerry",rhp,0.044,743000
2024,"Fletcher, Domininc",rf,0.062,742900
2024,"Aranda, Jonathan",2b,0.103,742800
2024,"Garcia, Robert",rhp,0.073,742800
2024,"Cowser, Colton",of,0.043,742800
2024,"Vespi, Nick",lhp,0.126,742700
2024,"McLain, Matt",ss,0.14,742500
2024,"Williamson, Brandon",lhp,0.139,742500
2024,"Thompson, Bubba",of,0.134,742500
2024,"Abbott, Andrew",lhp,0.119,742500
2024,"De La Cruz, Elly",ss-3b,0.118,742500
2024,"Stone, Gavin",rhp,0.034,742500
2024,"Hurt, Kyle",rhp,0.02,742500
2024,"Kerkering, Orion",rhp,0.01,742500
2024,"DeLuca, Jonny",lf,0.085,742400
2024,"Sousa, Bennett",lhp,0.156,742300
2024,"Mead, Curtis",3b-1b,0.04,742300
2024,"Winn, Masyn",ss,0.045,742250
2024,"Rom, Drew",lhp,0.044,742200
2024,"Kessinger, Grae",ss,0.119,742100
2024,"Naylor, Bo",c,0.113,742100
2024,"Williams, Gavin",rhp-s,0.103,742100
2024,"Freeman, Tyler",ss,1.046,742000
2024,"Doyle, Brenton",of,0.161,742000
2024,"Sánchez, Sixto",rhp-s,0.103,742000
2024,"Toglia, Michael",1b,0.103,742000
2024,"Grissom, Vaughn",2b,0.094,742000
2024,"Cronin, Declan",rhp,0.052,742000
2024,"Vodnik, Victor",rhp,0.024,742000
2024,"Loftin, Nick",2b,0.031,741900
2024,"Fitzgerald, Tyler",2b-ss,0.011,741875
2024,"Lee, Korey",c,0.071,741850
2024,"Waldron, Matt",rhp,0.054,741800
2024,"Hudson, Bryan",lhp,0.017,741700
2024,"Siani, Michael",of,0.033,741650
2024,"Dubin, Shawn",rhp,0.015,741600
2024,"Busch, Michael",2b,0.045,741500
2024,"Wicks, Jordan",lhp,0.037,741500
2024,"Ortiz, Joey",ss,0.03,741500
2024,"Hancock, Emerson",rhp,0.054,741300
2024,"Small, Ethan",lhp,0.01,741300
2024,"Jones, Jahmai",2b,0.077,741200
2024,"Bolton, Cody",rhp,0.076,741100
2024,"Fry, David",c-inf,0.154,741000
2024,"Latz, Jake",lhp,0.022,741000
2024,"Herrin, Tim",lhp,0.077,740800
2024,"Gaddis, Hunter",rhp,0.073,740700
2024,"García, Deivi",rhp,0.084,740550
2024,"Little, Luke",lhp,0.14,740500
2024,"Simpson, Josh",lhp,0.02,740500
2024,"Kilian, Caleb",rhp,0.02,740500
2024,"O'Brien, Riley",rhp,0.009,740450
2024,"Shewmake, Braden",ss,0.014,740350
2024,"Cavalli, Cade",rhp,1.041,740200
2024,"Rocchio, Brayan",ss,0.037,740200
2024,"Chavez, Jesse",rhp,13.038,740000
2024,"Murfee, Penn",rhp,1.169,740000
2024,"Perdomo, Angel",lhp,1.131,740000
2024,"Duarte, Daniel",rhp,1.087,740000
2024,"Miller, Mason",rhp,0.166,740000
2024,"Muller, Kyle",lhp-s,0.149,740000
2024,"Medina, Luis",rhp,0.146,740000
2024,"Gelof, Zack",2b,0.08,740000
2024,"Encarnacion-Strand, Christian",1b-3b,0.077,740000
2024,"Butler, Lawrence",1b-of,0.052,740000
2024,"Funderburk, Kody",lhp,0.035,740000
2024,"Boyle, Joe",rhp-s,0.015,740000
2024,"Nunez, Nasim",ss,0,740000
2024,"Coleman, Carson",rhp,0,740000
2024,"Langford, Wyatt",of,0,740000
2024,"Shenton, Austin",3b,0,740000
2024,"Fernandez, Ryan",rhp,0,740000
2024,"Scott II, Victor",cf,0,740000
2024,"Miller, Erik",lhp,0,740000
2024,"Roupp, Landon",rhp,0,740000
2024,"Kolek, Stephen",rhp,0,740000
2024,"Merrill, Jackson",cf-ss,0,740000
2024,"Pauley, Graham",3b,0,740000
2024,"Jones, Jared",rhp,0,740000
2024,"Hernaiz, Darell",ss,0,740000
2024,"Spence, Mitch",rhp,0,740000
2024,"Beeter, Clayton",rhp,0,740000
2024,"Dunn, Oliver",2b-lf,0,740000
2024,"Sauer, Matt",rhp,0,740000
2024,"Molina, Anthony",rhp,0,740000
2024,"Martínez, Angel",ss,0,740000
2024,"Smith, Cade",rhp,0,740000
2024,"Drohan, Shane",lhp,0,740000
2024,"Leasure, Jordan",rhp,0,740000
2024,"Mata, Bryan",rhp,0,740000
2024,"Slaten, Justin",rhp,0,740000
2024,"Alexander, Blaze",ss,0,740000
2024,"Nola, Austin",c,4.045,
2024,"Allard, Kolby",lhp,3.162,
2024,"Herget, Jimmy",rhp,2.152,
2024,"Manning, Matt",rhp-s,2.098,
2024,"Smith, Pavin",1b,2.091,
2024,"Nelson, Nick",rhp,2.085,
2024,"Lynch IV, Daniel",lhp-s,2.083,
2024,"Martin, Corbin",rhp,2.079,
2024,"Miller, Owen",2b,2.076,
2024,"Anderson, Ian",rhp,2.046,
2024,"Thompson, Keegan",rhp,2.034,
2024,"Pop, Zach",rhp,2.024,
2024,"Heineman, Tyler",c,2.02,
2024,"Ramirez, Nick",lhp,2.019,
2024,"Larnach, Trevor",of,2.014,
2024,"Brieske, Beau",rhp,1.166,
2024,"Baker, Bryan",rhp,1.152,
2024,"Huff, Sam",c,1.15,
2024,"Wantz, Andrew",rhp,1.148,
2024,"Poteet, Cody",rhp,1.145,
2024,"Marinaccio, Ron",rhp,1.129,
2024,"Zimmermann, Bruce",lhp-s,1.129,
2024,"Castro, Rodolfo",2b,1.124,
2024,"Miranda, Jose",3b,1.118,
2024,"Morris, Cody",rhp,1.099,
2024,"Rivas III, Alfonso",1b,1.096,
2024,"Herrera, Jose",c,1.093,
2024,"Bukauskas, J.B.",rhp,1.086,
2024,"González, Romy",2b,1.083,
2024,"Call, Alex",cf,1.082,
2024,"Coleman, Dylan",rhp,1.076,
2024,"Gil, Luis",rhp-s,1.073,
2024,"Pratto, Nick",1b,1.067,
2024,"Bouchard, Sean",1b,1.065,
2024,"Palacios, Josh",cf,1.047,
2024,"Waters, Drew",of,1.045,
2024,"Elder, Bryce",rhp,1.04,
2024,"Ort, Kaleb",rhp,1.04,
2024,"Kelly, Zack",rhp,1.038,
2024,"Clemens, Kody",2b,1.035,
2024,"Rodríguez, Manuel",rhp,1.031,
2024,"Heasley, Jonathan",rhp,1.014,
2024,"Wesneski, Hayden",rhp-s,1.008,
2024,"Strzelecki, Peter",rhp,1.003,
2024,"Englert, Mason",rhp,1,
2024,"Kelly, Kevin",rhp,1,
2024,"Sabol, Blake",of,1,
2024,"Ward, Thaddeus",rhp,1,
2024,"Wiemer, Joey",of,1,
2024,"Daniel, Davis",rhp,0.168,
2024,"Martínez, Adrián",rhp,0.167,
2024,"Hall, Darick",1b,0.161,
2024,"Faucher, Calvin",rhp,0.156,
2024,"Bernardino, Brennan",lhp,0.153,
2024,"Diaz, Jordan",3b,0.146,
2024,"Garrett, Reed",rhp,0.143,
2024,"Criswell, Cooper",rhp,0.142,
2024,"Vargas, Miguel",3b,0.142,
2024,"Julks, Corey",3b-of,0.141,
2024,"Vargas, Carlos",rhp,0.14,
2024,"Villar, David",3b,0.14,
2024,"Adon, Joan",rhp,0.137,
2024,"Schmitt, Casey",3b,0.133,
2024,"Vientos, Mark",3b,0.132,
2024,"Hensley, David",ss-3b,0.131,
2024,"Batten, Matthew",2b,0.13,
2024,"Ramos, Heliot",of,0.13,
2024,"Joyce, Ben",rhp,0.127,
2024,"Colás, Oscar",rf,0.124,
2024,"Lukes, Nathan",of,0.112,
2024,"White, Brendan",rhp,0.111,
2024,"Kerr, Ray",lhp,0.109,
2024,"Legumina, Casey",rhp,0.109,
2024,"Lopez, Otto",2b,0.109,
2024,"Varland, Gus",rhp,0.102,
2024,"Matos, Luis",of,0.098,
2024,"Kennedy, Buddy",3b-dh,0.096,
2024,"Hartwig, Grant",rhp,0.091,
2024,"Jacques, Joe",lhp,0.09,
2024,"Palencia, Daniel",rhp,0.09,
2024,"Sosa, Lenyn",2b-ss,0.09,
2024,"Davis, Noah",rhp,0.087,
2024,"Hollowell, Gavin",rhp,0.087,
2024,"Jacob, Alek",rhp,0.087,
2024,"Walker, Josh",lhp,0.085,
2024,"Anderson, Grant",rhp,0.083,
2024,"Burdick, Peyton",of,0.082,
2024,"Baker, Luken",1b,0.081,
2024,"Sullivan, Brett",c-of,0.081,
2024,"Castillo, Max",rhp,0.08,
2024,"Estrada, Jeremiah",rhp,0.08,
2024,"Peguero, Liover",ss,0.08,
2024,"Salazar, César",c-1b,0.08,
2024,"Bido, Osvaldo",rhp,0.079,
2024,"Shuster, Jared",lhp-s,0.077,
2024,"Stowers, Kyle",dh-of,0.077,
2024,"Gillaspie, Logan",rhp,0.076,
2024,"Wisely, Brett",ss,0.075,
2024,"Alu, Jake",inf,0.074,
2024,"Capra, Vinny",3b-lf,0.074,
2024,"Marlowe, Cade",lf,0.074,
2024,"Hernandez, Daysbel",rhp,0.071,
2024,"Fermín, José",ss,0.07,
2024,"Harris, Hogan",lhp,0.07,
2024,"Willingham, Amos",rhp,0.07,
2024,"Soderstrom, Tyler",c-1b,0.069,
2024,"Taylor, Samad",2b,0.067,
2024,"Headrick, Brent",lhp,0.066,
2024,"Robertson, Nick",rhp,0.063,
2024,"Gage, Matt",lhp,0.06,
2024,"Cabbage, Trey",1b-of,0.056,
2024,"Rosenberg, Kenny",lhp,0.056,
2024,"Selby, Colin",rhp,0.055,
2024,"Myers, Dane",of,0.054,
2024,"Peralta, Sammy",lhp,0.054,
2024,"Walter, Brandon",lhp,0.054,
2024,"Danner, Hagen",c,0.052,
2024,"Junk, Janson",rhp,0.052,
2024,"Martin, Davis",rhp,0.052,
2024,"Martínez, J.P.",of,0.052,
2024,"Kreidler, Ryan",ss,0.051,
2024,"Basabe, Osleivis",ss,0.05,
2024,"Smith-Shawver, AJ",rhp,0.05,
2024,"Priester, Quinn",rhp,0.049,
2024,"Gonzales, Nick",ss,0.047,
2024,"McMillon, John",rhp,0.047,
2024,"Butto, José",rhp,0.046,
2024,"Krook, Matt",lhp,0.045,
2024,"Marte, Noelvi",ss,0.044,
2024,"Adams, Jordyn",of,0.043,
2024,"Cecconi, Slade",rhp,0.043,
2024,"Soto, Livan",ss,0.042,
2024,"Tena, José",ss,0.042,
2024,"Ingram, Kolton",lhp,0.041,
2024,"Mervis, Matt",1b,0.041,
2024,"Pereira, Everson",cf,0.041,
2024,"Vásquez, Randy",rhp,0.041,
2024,"Adcock, Ty",rhp,0.038,
2024,"Justice, Evan",lhp,0.038,
2024,"Horwitz, Spencer",1b,0.037,
2024,"Young, Jacob",of,0.037,
2024,"Goodman, Hunter",1b,0.036,
2024,"Dodd, Dylan",lhp-s,0.035,
2024,"Millas, Drew",c,0.035,
2024,"Cruz, Steven",rhp,0.034,
2024,"Richardson, Lyon",rhp,0.033,
2024,"Canario, Alexander",of,0.031,
2024,"Martinez, Justin",rhp,0.031,
2024,"Paris, Kyren",ss,0.031,
2024,"Vines, Darius",rhp,0.031,
2024,"Ornelas, Jonathan",3b,0.03,
2024,"Saalfrank, Andrew",rhp,0.028,
2024,"Spiers, Carson",rhp,0.028,
2024,"Phillips, Connor",rhp,0.027,
2024,"Lawlar, Jordan",ss,0.025,
2024,"Winans, Allan",rhp,0.025,
2024,"Meckler, Wade",ss-of,0.024,
2024,"Crow-Armstrong, Pete",of,0.021,
2024,"Hamilton, David",ss-2b,0.02,
2024,"Wilson, Weston",3b-of,0.02,
2024,"Rutledge, Jackson",rhp,0.019,
2024,"Kjerstad, Heston",of,0.018,
2024,"Luciano, Marco",ss,0.018,
2024,"McCaughan, Darren",rhp,0.017,
2024,"Jones, Greg",ss-of,0.016,
2024,"Andrews, Clayton",lhp,0.014,
2024,"Bowlan, Jonathan",rhp,0.013,
2024,"Nicolas, Kyle",rhp,0.013,
2024,"Veneziano, Anthony",lhp,0.013,
2024,"Estes, Joey",rhp,0.012,
2024,"Lopez, Jacob",lhp,0.011,
2024,"Amaya, Jacob",2b-ss,0.01,
2024,"Caminero, Junior",3b,0.01,
2024,"Gómez, Yoendrys",rhp,0.01,
2024,"Stoudt, Levi",rhp,0.01,
2024,"Rodriguez, José",ss,0.008,
2024,"Speas, Alex",rhp,0.007,
2024,"Mederos, Victor",rhp,0.006,
2024,"Pint, Riley",rhp,0.006,
2024,"White, Owen",rhp,0.006,
2024,"Woods-Richardson, Simeon",rhp,0.006,
2024,"Berroa, Prelander",rhp,0.005,
2024,"Caseres, Kelvin",rhp,0.005,
2024,"Little, Brendon",lhp,0.003,
2024,"Muñoz, Roddery",rhp,0.003,
2024,"Reynolds, Sean",rhp,0.003,
2024,"Acuña, Luisangel",ss,0,
2024,"Alcántara, Kevin",of,0,
2024,"Amador, Adael",2b-ss,0,
2024,"Arias, Michael",rhp,0,
2024,"Armenteros, Lazaro",of,0,
2024,"Ashcraft, Braxton",rhp,0,
2024,"Barger, Addison",ss-3b,0,
2024,"Barrosa, Jorge",lf,0,
2024,"Basso, Brady",lhp,0,
2024,"Bernabel, Warming",ss,0,
2024,"Blalock, Bradley",rhp,0,
2024,"Brito, Juan",ss,0,
2024,"Brown, Ben",rhp,0,
2024,"Brzykcy, Zach",rhp,0,
2024,"Burrows, Michael",rhp,0,
2024,"Camargo, Jair",c,0,
2024,"Canterino, Matt",rhp,0,
2024,"Cantillo, Joey",lhp,0,
2024,"Carreras, Julio",3b-ss,0,
2024,"Cartaya, Diego",c,0,
2024,"Cheng, Tsung-Che",ss,0,
2024,"Chivilli, Angel",rhp,0,
2024,"Church, Marc",rhp,0,
2024,"Clase, Jonatan",of,0,
2024,"Corniell, Jose",rhp,0,
2024,"Corona, Kenedy",of,0,
2024,"Cousin, Josimar",rhp,0,
2024,"Curet, Yoniel",rhp,0,
2024,"Davis, Brennen",of,0,
2024,"DeLoach, Zach",lf,0,
2024,"Dingler, Dillon",c,0,
2024,"Eder, Jake",lhp,0,
2024,"Espino, Daniel",rhp,0,
2024,"Feduccia, Hunter",c,0,
2024,"Fernandez, Yanquiel",of,0,
2024,"Flores, Wilmer De Jesus",rhp,0,
2024,"Foscue, Justin",2b,0,
2024,"Frasso, Nick",rhp,0,
2024,"Gentry, Tyler",rf,0,
2024,"Gonzalez, Wikelman",rhp,0,
2024,"Groome, Jay",lhp,0,
2024,"Harris, Dustin",1b-3b,0,
2024,"Henry, Cole",rhp,0,
2024,"Herz, D.J.",lhp,0,
2024,"Hinds, Rece",of,0,
2024,"Hodge, Porter",rhp,0,
2024,"Horn, Bailey",lhp,0,
2024,"Hunt, Blake",c,0,
2024,"Hurtubise, Jacob",rhp,0,
2024,"Iriarte, Jairo",rhp,0,
2024,"Jimenez, Leo",ss,0,
2024,"Johnson, Seth",rhp,0,
2024,"Kelly, Antoine",lhp,0,
2024,"Kent, Zak",rhp,0,
2024,"Klein, Will",rhp,0,
2024,"Kloffenstein, Adam",rhp,0,
2024,"Knack, Landon",rhp,0,
2024,"Kochanowicz, Jack",rhp,0,
2024,"Macko, Adam",lhp,0,
2024,"Maldonado, Anthony",rhp,0,
2024,"Martin, Austin",2b-of,0,
2024,"Martinez, Orelvis",ss,0,
2024,"McDonald, Trevor",rhp,0,
2024,"Mejia, Juan",rhp,0,
2024,"Mena, Cristian",rhp,0,
2024,"Mercado, Michael",rhp,0,
2024,"Mesa, Victor Jr.",of,0,
2024,"Montero, Keider",rhp,0,
2024,"Narvaez, Carlos",c,0,
2024,"Noel, Jhonkensy",1b-3b,0,
2024,"Pages, Andy",of,0,
2024,"Pagés, Pedro",c,0,
2024,"Parker, Mitchell",lhp,0,
2024,"Perales, Luis",rhp,0,
2024,"Pérez, Wenceel",2b,0,
2024,"Quero, Jeferson",c,0,
2024,"Ramirez, Agustin",c,0,
2024,"Ramírez, Alex",of,0,
2024,"Ramos, Bryan",3b,0,
2024,"Roa, Christian",rhp,0,
2024,"Robberse, Sem",rhp,0,
2024,"Rodriguez, Emmanuel",of,0,
2024,"Rodriguez, Johnathan",of,0,
2024,"Rodríguez, Randy",rhp,0,
2024,"Roller, Chris",cf,0,
2024,"Salinas, Royber",rhp,0,
2024,"Severino, Yunior",2b,0,
2024,"Teng, Kai-Wei",rhp,0,
2024,"Uwasawa, Naoyuki",rhp-s,0,
2024,"Valera, George",rf,0,
2024,"Vanasco, Ricky",rhp,0,
2024,"Vazquez, Luis",ss,0,
2024,"Vivas, Jorbit",2b,0,
2024,"Walston, Blake",lhp,0,
2024,"White, Colby",rhp,0,
2024,"Whitley, Forrest",rhp,0,
2024,"Winn, Cole",rhp,0,
2024,"Zulueta, Yosver",rhp,0,
2023,"Verlander, Justin",rhp-s,17.002,43333333
2023,"Scherzer, Max",rhp-s,14.079,43333333
2023,"Judge, Aaron",rf-dh,6.051,40000000
2023,"Rendon, Anthony",3b,9.13,38571429
2023,"Trout, Mike",cf,11.07,37116667
2023,"Cole, Gerrit",rhp-s,9.111,36000000
2023,"Seager, Corey",ss,7.032,35500000
2023,"Correa, Carlos",ss,7.119,33333333
2023,"Arenado, Nolan",3b,9.155,32822071
2023,"Strasburg, Stephen",rhp-s,12.118,32500286
2023,"Lindor, Francisco",ss,7.113,32477277
2023,"Cabrera, Miguel",dh,19.101,32000000
2023,"Stanton, Giancarlo",dh-rf,12.118,32000000
2023,"Bregman, Alex",3b,6.07,30500000
2023,"deGrom, Jacob",rhp-s,8.139,30000000
2023,"Ohtani, Shohei",rhp-s,5,30000000
2023,"Altuve, Jose",2b,11.072,29200000
2023,"Bryant, Kris",rf,7.171,28000000
2023,"Harper, Bryce",rf,10.159,27538462
2023,"Turner, Trea",ss,6.135,27272727
2023,"Semien, Marcus",2b,8.118,26000000
2023,"Bogaerts, Xander",ss,9.042,25454545
2023,"Goldschmidt, Paul",1b,11.059,25333333
2023,"Freeman, Freddie",1b,12.033,25290674
2023,"Votto, Joey",1b,15.027,25000000
2023,"Darvish, Yu",rhp-s,11,25000000
2023,"Stroman, Marcus",rhp-s,8.026,25000000
2023,"Wheeler, Zack",rhp-s,9.098,24500000
2023,"Corbin, Patrick",lhp-s,10.105,24416667
2023,"Yelich, Christian",lf,9.069,24250727
2023,"Springer, George",rf,8.166,24166667
2023,"Realmuto, J.T.",c,8.038,23875000
2023,"Soto, Juan",lf,4.134,23000000
2023,"Rodón, Carlos",lhp-s,7.168,22833333
2023,"Heyward, Jason",rf-cf,13,22000000
2023,"Báez, Javier",ss,7.089,22000000
2023,"Bumgarner, Madison",lhp-s,12.127,21882892
2023,"Donaldson, Josh",dh-3b,10.158,21750000
2023,"Sale, Chris",lhp-s,12.061,21672484
2023,"Mikolas, Miles",rhp-s,6.037,21666667
2023,"Betts, Mookie",rf,8.07,21158692
2023,"Machado, Manny",3b,10.056,21090909
2023,"Gausman, Kevin",rhp-s,8.151,21000000
2023,"Ray, Robbie",lhp-s,8.007,21000000
2023,"Olson, Matt",1b,5.103,21000000
2023,"Marte, Starling",rf,9.162,20750000
2023,"Kershaw, Clayton",lhp-s,14.105,20000000
2023,"Morton, Charlie",rhp-s,14.01,20000000
2023,"Perez, Salvador",c,11.05,20000000
2023,"Ryu, Hyun Jin",lhp-s,10,20000000
2023,"Castellanos, Nick",dh-of,9.029,20000000
2023,"Schwarber, Kyle",lf-dh,7.086,20000000
2023,"Story, Trevor",2b,7,20000000
2023,"Musgrove, Joe",rhp-s,6.063,20000000
2023,"Pérez, Martín",lhp-s,10.038,19650000
2023,"Pederson, Joc",lf,8.028,19650000
2023,"Abreu, José",1b,9,19500000
2023,"Bassitt, Chris",rhp-s,6.13,19000000
2023,"Díaz, Edwin",rhp-c,6.121,18640000
2023,"Lynn, Lance",rhp-s,11.119,18500000
2023,"Nimmo, Brandon",cf,6.042,18500000
2023,"Grandal, Yasmani",c,10.115,18250000
2023,"Moustakas, Mike",3b,11.111,18000000
2023,"Ozuna, Marcell",dh,9.124,18000000
2023,"Walker, Taijuan",rhp-s,8.142,18000000
2023,"Conforto, Michael",dh-rf,6.043,18000000
2023,"Suzuki, Seiya",rf,1,18000000
2023,"Moncada, Yoán",3b,5.106,17800000
2023,"Devers, Rafael",3b,5.07,17500000
2023,"Eovaldi, Nathan",rhp-s,11.013,17000000
2023,"Rizzo, Anthony",1b,10.168,17000000
2023,"Acuña, Ronald",rf,4.159,17000000
2023,"Snell, Blake",lhp-s,6.072,16600000
2023,"Bell, Josh",dh-1b,6.053,16500000
2023,"Nola, Aaron",rhp-s,7.076,16250000
2023,"Jansen, Kenley",rhp-c,12.073,16000000
2023,"Crawford, Brandon",ss,11.094,16000000
2023,"Iglesias, Raisel",rhp-c,7.154,16000000
2023,"Berríos, José O.",rhp-s,6.044,16000000
2023,"McCullers Jr., Lance",rhp-s,7.14,15950000
2023,"Yoshida, Masataka",lf,0,15600000
2023,"Márquez, Germán",rhp-s,6.027,15300000
2023,"Buxton, Byron",dh-cf,6.16,15142857
2023,"LeMahieu, DJ",3b,10.128,15000000
2023,"Blackmon, Charlie",dh-of,10.102,15000000
2023,"Soler, Jorge",dh-rf,7.143,15000000
2023,"Gray, Jon",rhp-s,7.062,15000000
2023,"Taylor, Chris",cf,7.037,15000000
2023,"Severino, Luis",rhp-s,6.17,15000000
2023,"Riley, Austin",3b,3.138,15000000
2023,"Senga, Kodai",rhp-s,0,15000000
2023,"Wainwright, Adam",rhp-s,17.027,14521720
2023,"Hendricks, Kyle",rhp-s,8.081,14500000
2023,"Alonso, Pete",1b,4,14500000
2023,"Guerrero Jr., Vladimir",1b,3.157,14500000
2023,"Hendriks, Liam",rhp-c,8.164,14333333
2023,"Urías, Julio",lhp-s,5.117,14250000
2023,"Hader, Josh",lhp-c,5.115,14100000
2023,"Carrasco, Carlos",rhp-s,11.147,14000000
2023,"Pressly, Ryan",rhp-c,9.039,14000000
2023,"Ramírez, José",3b,8.074,14000000
2023,"Rodriguez, Eduardo",lhp-s,7.07,14000000
2023,"Taillon, Jameson",rhp-s,6.11,14000000
2023,"Swanson, Dansby",ss,6.047,14000000
2023,"Hernández, Teoscar",rf,5.097,14000000
2023,"Muncy, Max",3b,6.027,13500000
2023,"Fried, Max",lhp-s,4.148,13500000
2023,"Gray, Sonny",rhp-s,9.061,13100000
2023,"Hosmer, Eric",1b,11.146,13000000
2023,"Quintana, José",lhp-s,10.133,13000000
2023,"Syndergaard, Noah",rhp-s,7.149,13000000
2023,"Anderson, Tyler",lhp-s,7.065,13000000
2023,"Wood, Alex",lhp-s,9.123,12500000
2023,"Odorizzi, Jake",rhp-s,9.042,12500000
2023,"Manaea, Sean",lhp-s,6.157,12500000
2023,"Anderson, Tim",ss,6.115,12500000
2023,"Stripling, Ross",rhp-s,6.115,12500000
2023,"Bellinger, Cody",cf,5.16,12500000
2023,"Chapman, Matt",3b,5.109,12500000
2023,"McCann, James",c,8.028,12150000
2023,"Brantley, Michael",dh-lf,12.131,12000000
2023,"García, Avisaíl",rf,9.167,12000000
2023,"DeSclafani, Anthony",rhp-s,8.062,12000000
2023,"Heaney, Andrew",lhp-s,7.15,12000000
2023,"Hoskins, Rhys",1b,5.053,12000000
2023,"Renfroe, Hunter",rf,5.165,11900000
2023,"Marte, Ketel",2b,6.162,11600000
2023,"La Stella, Tommy",2b-3b,8.057,11500000
2023,"Canha, Mark",lf,7.092,11500000
2023,"Montero, Rafael",rhp,6.138,11500000
2023,"Castillo, Luis",rhp-s,5.101,11400000
2023,"Suárez, Eugenio",3b,8.061,11285714
2023,"Gallo, Joey",rf,6.103,11000000
2023,"Eflin, Zach",rhp-s,6.018,11000000
2023,"Crawford, J.P.",ss,4.163,11000000
2023,"Happ, Ian",lf,5.036,10850000
2023,"Woodruff, Brandon",rhp-s,4.161,10800000
2023,"Hicks, Aaron",lf,9.041,10785714
2023,"Matz, Steven",lhp-s,7.099,10500000
2023,"Freeland, Kyle",lhp-s,5.144,10500000
2023,"Giolito, Lucas",rhp-s,5.08,10400000
2023,"Ahmed, Nick",ss,8.054,10375000
2023,"Grichuk, Randal",cf,8.033,10333333
2023,"Jiménez, Eloy",dh-lf,4,10333333
2023,"Bieber, Shane",rhp-s,4.097,10010000
2023,"Burnes, Corbin",rhp-s,4.049,10010000
2023,"Robertson, David",rhp-c,13.119,10000000
2023,"Kimbrel, Craig",rhp-c,11.161,10000000
2023,"Martinez, J.D.",dh-rf,11.036,10000000
2023,"Kluber, Corey",rhp-s,10.074,10000000
2023,"Pomeranz, Drew",lhp,10.013,10000000
2023,"Wong, Kolten",2b,9.045,10000000
2023,"Gibson, Kyle",rhp-s,9.039,10000000
2023,"Hernández, Kiké",ss,8.054,10000000
2023,"Vázquez, Christian",c,8.031,10000000
2023,"Boyd, Matt",lhp-s,6.136,10000000
2023,"Contreras, Willson",c,6.108,10000000
2023,"Montgomery, Jordan",lhp-s,5.153,10000000
2023,"Martinez, Nick",rhp-s,4.002,10000000
2023,"Kikuchi, Yusei",lhp-s,4,10000000
2023,"Hayes, Ke'Bryan",3b,2.075,10000000
2023,"Suarez, Robert",rhp,1,10000000
2023,"Torres, Gleyber",2b,4.162,9950000
2023,"Escobar, Eduardo",3b,10.128,9500000
2023,"Bard, Daniel",rhp-c,6.103,9500000
2023,"Robert Jr., Luis",cf,3,9500000
2023,"Belt, Brandon",dh,11.128,9300000
2023,"DeJong, Paul",ss,5.057,9166667
2023,"Cobb, Alex",rhp-s,11.061,9000000
2023,"Kelly, Joe",rhp,10.029,9000000
2023,"Kiermaier, Kevin",cf,8.131,9000000
2023,"Rosario, Eddie",lf,7.12,9000000
2023,"Rogers, Taylor",lhp,6.145,9000000
2023,"McMahon, Ryan",2b,5.006,9000000
2023,"Adames, Willy",ss,4.105,8700000
2023,"Benintendi, Andrew",lf,6.062,8600000
2023,"Greinke, Zack",rhp-s,18.057,8500000
2023,"Lyles, Jordan",rhp-s,11.002,8500000
2023,"Lorenzen, Michael",rhp-s,7.159,8500000
2023,"Kepler, Max",lf,6.152,8500000
2023,"Drury, Brandon",3b,6.001,8500000
2023,"Kelly, Merrill",rhp-s,4,8500000
2023,"Urshela, Gio",ss,5.127,8400000
2023,"Barnes, Matt",rhp,7.11,8375000
2023,"Turner, Justin",dh-3b,12.045,8300000
2023,"Winker, Jesse",dh-lf,5.08,8250000
2023,"Buehler, Walker",rhp,4.168,8025000
2023,"Hill, Rich",lhp-s,13.127,8000000
2023,"Smyly, Drew",lhp-s,10.143,8000000
2023,"d'Arnaud, Travis",c,9.044,8000000
2023,"Treinen, Blake",rhp,8.065,8000000
2023,"Graveman, Kendall",rhp,7.078,8000000
2023,"Neris, Hector",rhp,7.068,8000000
2023,"Narváez, Omar",c,6.089,8000000
2023,"Frazier, Adam",2b-of,6.075,8000000
2023,"Haniger, Mitch",rf,6.048,8000000
2023,"Clevinger, Mike",rhp-s,6.033,8000000
2023,"Martin, Chris",rhp,5.133,8000000
2023,"Flexen, Chris",rhp-s,2.107,8000000
2023,"Alvarez, Yordan",lf-dh,3.113,7833333
2023,"Rosario, Amed",ss,5.062,7800000
2023,"Profar, Jurickson",lf,8.165,7710778
2023,"Moore, Matt",lhp-s,10,7550000
2023,"Loup, Aaron",lhp,10.04,7500000
2023,"Wacha, Michael",rhp-s,9.062,7500000
2023,"Schoop, Jonathan",2b,9.027,7500000
2023,"Cron, C.J.",1b,8.097,7500000
2023,"Lugo, Seth",rhp-s,6.082,7500000
2023,"Strahm, Matt",lhp-s,6.064,7500000
2023,"Polanco, Jorge",2b,6.024,7500000
2023,"Dozier, Hunter",3b,5.06,7500000
2023,"Mahle, Tyler",rhp-s,5.018,7500000
2023,"Montas, Frankie",rhp-s,5.015,7500000
2023,"Santander, Anthony",rf,4.162,7400000
2023,"Senzatela, Antonio",rhp-s,5.106,7250000
2023,"Pollock, AJ",dh-of,10.052,7000000
2023,"May, Trevor",rhp,8.012,7000000
2023,"Tepera, Ryan",rhp,7.008,7000000
2023,"Duvall, Adam",cf,6.151,7000000
2023,"Stassi, Max",c,6.049,7000000
2023,"Mancini, Trey",dh-1b,6.015,7000000
2023,"Margot, Manuel",rf,6.012,7000000
2023,"Albies, Ozzie",2b,5.062,7000000
2023,"Kim, Ha-Seong",2b,2,7000000
2023,"Tatis Jr., Fernando",rf,3.127,6923963
2023,"Valdez, Framber",lhp-s,3.163,6800000
2023,"Merrifield, Whit",2b,6.101,6750000
2023,"Estévez, Carlos",rhp-c,6.022,6750000
2023,"Gonzales, Marco",lhp-s,5.102,6750000
2023,"Reynolds, Bryan",lf,3.163,6750000
2023,"Santana, Carlos",1b-dh,12.115,6725000
2023,"Ottavino, Adam",rhp,11.087,6647002
2023,"Hudson, Daniel",rhp,12.106,6500000
2023,"Carpenter, Matt",dh-1b,10.145,6500000
2023,"Segura, Jean",3b,10.065,6500000
2023,"Flores, Wilmer",2b-3b,9.003,6500000
2023,"Peralta, David",lf,8.12,6500000
2023,"Díaz, Aledmys",ss,6.1,6500000
2023,"Walker, Christian",1b,4.124,6500000
2023,"Alcantara, Sandy",rhp-s,4.1,6300000
2023,"Verdugo, Alex",rf,4.078,6300000
2023,"McNeil, Jeff",2b,4.069,6250000
2023,"Rodríguez, Julio",cf,1,6185714
2023,"Yastrzemski, Mike",cf,3.128,6100000
2023,"Arraez, Luis",2b,3.121,6100000
2023,"Cueto, Johnny",rhp-s,14.143,6000000
2023,"Melancon, Mark",rhp-c,12.098,6000000
2023,"Gomes, Yan",c,10.083,6000000
2023,"Myers, Wil",rf,9.104,6000000
2023,"Zunino, Mike",c,8.165,6000000
2023,"Yates, Kirby",rhp,8.021,6000000
2023,"Pham, Tommy",of,7.107,6000000
2023,"Leclerc, José",rhp-c,6.041,6000000
2023,"Williams, Trevor",rhp-s,6.027,6000000
2023,"Wendle, Joey",ss,5.088,6000000
2023,"Kiner-Falefa, Isiah",ss,5,6000000
2023,"Díaz, Yandy",1b,4.122,6000000
2023,"Fletcher, David",ss,4.111,6000000
2023,"Gurriel Jr., Lourdes",dh,4.094,5828571
2023,"Keller, Brad",rhp-s,5,5775000
2023,"Kahnle, Tommy",rhp,7.131,5750000
2023,"Cease, Dylan",rhp-s,3.089,5700000
2023,"Gallen, Zac",rhp-s,3.1,5600000
2023,"Farmer, Kyle",inf,4.129,5585000
2023,"Quantrill, Cal",rhp-s,3.132,5550000
2023,"Chafin, Andrew",lhp,8.02,5500000
2023,"García, Yimi",rhp,7.149,5500000
2023,"Díaz, Elias",c,6.088,5500000
2023,"López, Pablo",rhp-s,4.093,5450000
2023,"Flaherty, Jack",rhp-s,5.006,5400000
2023,"Glasnow, Tyler",rhp-s,5.158,5350000
2023,"Pivetta, Nick",rhp-s,4.166,5350000
2023,"Barlow, Scott",rhp,4.03,5300000
2023,"Lowe, Brandon",2b,4.058,5250000
2023,"Smith, Will",c,3.09,5250000
2023,"Bader, Harrison",cf,5.03,5200000
2023,"Lauer, Eric",lhp-s,4.033,5075000
2023,"McCutchen, Andrew",rf,13.123,5000000
2023,"Maldonado, Martín",c,10.156,5000000
2023,"McHugh, Collin",rhp,8.085,5000000
2023,"Hedges, Austin",c,6.166,5000000
2023,"Lamet, Dinelson",rhp-s,5.07,5000000
2023,"Candelario, Jeimer",3b,5.038,5000000
2023,"Johnson, Pierce",rhp,3.137,5000000
2023,"Tucker, Kyle",rf,3.079,5000000
2023,"Harris II, Michael",cf,0.131,5000000
2023,"O'Neill, Tyler",72000017,4.059,4950000
2023,"Tellez, Rowdy",1b,4.004,4950000
2023,"Gallegos, Giovanny",rhp,4.085,4750000
2023,"Davies, Zach",rhp-s,7.02,4700000
2023,"Urías, Luis",3b,3.12,4700000
2023,"Choi, Ji Man",dh-1b,5.076,4650000
2023,"Webb, Logan",rhp-s,3.044,4600000
2023,"Romano, Jordan",rhp-c,3.051,4537500
2023,"Taylor, Michael A.",cf,7.129,4500000
2023,"Piña, Manny",c,7.046,4500000
2023,"Peterson, Jace",3b,6.142,4500000
2023,"Raley, Brooks",lhp,3.045,4500000
2023,"Meadows, Austin",rf,4.074,4300000
2023,"Minter, A.J.",lhp,4.154,4287500
2023,"Kelly, Carson",c,4.161,4275000
2023,"Rojas, Miguel",ss,8.043,4250000
2023,"Cronenworth, Jake",1b,3,4225000
2023,"Davis, J.D.",3b,4.137,4210000
2023,"Cooper, Garrett",1b,5.053,4200000
2023,"Edman, Tommy",ss,3.114,4200000
2023,"Arozarena, Randy",lf,2.129,4150000
2023,"Trivino, Lou",rhp,4.163,4100000
2023,"Sewald, Paul",rhp-c,4.072,4100000
2023,"France, Ty",1b,3.089,4100000
2023,"Mullins, Cedric",cf,3.078,4100000
2023,"Lowe, Nathaniel",1b,2.145,4050000
2023,"Longoria, Evan",3b,14.17,4000000
2023,"Miller, Brad",dh-inf,9.004,4000000
2023,"Paxton, James",lhp-s,8.151,4000000
2023,"Fulmer, Michael",rhp,6.157,4000000
2023,"Springs, Jeffrey",lhp-s,4.055,4000000
2023,"Murphy, Sean",c,3.029,4000000
2023,"Bichette, Bo",ss,3.063,3933333
2023,"Soto, Gregory",lhp,3.102,3925000
2023,"Floro, Dylan",rhp-c,5.053,3900000
2023,"Garver, Mitch",c-dh,5.045,3900000
2023,"Chapman, Aroldis",lhp-c,12.009,3750000
2023,"García, Luis",rhp,7.007,3750000
2023,"Bummer, Aaron",lhp,4.15,3750000
2023,"Peralta, Freddy",rhp-s,4.09,3735000
2023,"Kemp, Tony",2b,5.098,3725000
2023,"Lopez, Nicky",2b,3.139,3700000
2023,"Fairbanks, Pete",rhp-c,3.057,3666666
2023,"López, Reynaldo",rhp,5.004,3625000
2023,"Stanek, Ryne",rhp,5.038,3600000
2023,"Houser, Adrian",rhp,4.01,3600000
2023,"Laureano, Ramón",rf,3.165,3550000
2023,"López, Jorge",rhp,4.102,3525000
2023,"Miley, Wade",lhp-s,11.025,3500000
2023,"Diekman, Jake",lhp,10.05,3500000
2023,"Barnes, Austin",c,6.098,3500000
2023,"Castro, Miguel",rhp,6.079,3500000
2023,"Bleier, Richard",lhp,6.074,3500000
2023,"Pagán, Emilio",rhp,5.091,3500000
2023,"Anderson, Brian",rf,5.031,3500000
2023,"Jansen, Danny",c,4.05,3500000
2023,"Alvarado, José",lhp,5.082,3466667
2023,"Javier, Cristian",rhp-s,3,3400000
2023,"Peralta, Wandy",lhp,5.168,3350000
2023,"Stallings, Jacob",c,4.149,3350000
2023,"Naylor, Josh",1b,3.127,3350000
2023,"Williams, Devin",rhp-c,3.056,3350000
2023,"Holmes, Clay",rhp-c,4.031,3300000
2023,"Barnhart, Tucker",c,8.075,3250000
2023,"Gonsolin, Tony",rhp-s,2.152,3250000
2023,"Fujinami, Shintaro",rhp-s,0,3250000
2023,"Slater, Austin",of,4.147,3200000
2023,"Cortes, Nestor",lhp-s,3.094,3200000
2023,"Hays, Austin",lf,3.057,3200000
2023,"Grisham, Trent",cf,3.06,3175000
2023,"Velasquez, Vince",rhp-s,7.086,3150000
2023,"Cimber, Adam",rhp,4.156,3150000
2023,"Maeda, Kenta",rhp-s,7,3125000
2023,"Varsho, Daulton",lf,2.128,3050000
2023,"Mondesi, Adalberto",ss,5.088,3045000
2023,"Urquidy, José",rhp-s,3.049,3025000
2023,"Andrus, Elvis",2b,14,3000000
2023,"Pillar, Kevin",cf,8.072,3000000
2023,"Bass, Anthony",rhp,8.01,3000000
2023,"Givens, Mychal",rhp,7.069,3000000
2023,"Ureña, José",rhp-s,6.165,3000000
2023,"Aguilar, Jesús",1b,6.082,3000000
2023,"Jackson, Luke",rhp,6.019,3000000
2023,"Suter, Brent",lhp,5.161,3000000
2023,"Yarbrough, Ryan",lhp-s,4.117,3000000
2023,"VerHagen, Drew",rhp,4.066,3000000
2023,"White, Evan",1b,2.144,3000000
2023,"Rucinski, Drew",rhp,0.162,3000000
2023,"Ruf, Darin",,,3000000
2023,"Means, John",lhp-s,4.007,2975000
2023,"Castillo, Diego",rhp,4.118,2950000
2023,"Suárez, Ranger",lhp-s,3.112,2950000
2023,"Plesac, Zach",rhp-s,3.086,2950000
2023,"Singer, Brady",rhp-s,2.156,2950000
2023,"Straw, Myles",cf,3.112,2900000
2023,"Scott, Tanner",lhp-c,4.059,2825000
2023,"Stratton, Chris",rhp,5.1,2800000
2023,"Caratini, Victor",c,5.051,2800000
2023,"Junis, Jakob",rhp-s,5.002,2800000
2023,"Soroka, Michael",rhp-s,4.122,2800000
2023,"Biggio, Cavan",2b,3.129,2800000
2023,"Jiménez, Joe",rhp,5.061,2765000
2023,"Ward, Taylor",lf,2.164,2750000
2023,"Sandoval, Patrick",lhp-s,2.149,2750000
2023,"Rodgers, Brendan",ss,3.075,2700000
2023,"Newman, Kevin",ss,4.046,2662500
2023,"Cessa, Luis",rhp-s,5.131,2650000
2023,"Garrett, Amir",lhp,5.099,2650000
2023,"Hudson, Dakota",rhp-s,4.062,2650000
2023,"Walsh, Jared",1b,3.01,2650000
2023,"Germán, Domingo",rhp-s,4.017,2600000
2023,"Civale, Aaron",rhp-s,3.058,2600000
2023,"Rojas, Josh",2b,2.152,2575000
2023,"Maton, Phil",rhp,5.047,2550000
2023,"Hoerner, Nico",2b,3.014,2525000
2023,"Pérez, Roberto",c,8.083,2500000
2023,"Casali, Curt",c,6.151,2500000
2023,"García, Jarlín",lhp,5.114,2500000
2023,"Domínguez, Seranthony",rhp,4.131,2500000
2023,"Paddack, Chris",rhp-s,4,2500000
2023,"McGough, Scott",rhp,0.046,2500000
2023,"Franco, Wander",ss,1.104,2454546
2023,"Lúzardo, Jesus",lhp-s,2.165,2450000
2023,"Keller, Mitch",rhp-s,3.026,2437500
2023,"Thielbar, Caleb",lhp,4.131,2400000
2023,"Trevino, Jose",c,3.063,2360000
2023,"Nola, Austin",c,3.106,2350000
2023,"Robles, Victor",cf,4.033,2325000
2023,"Finnegan, Kyle",rhp-c,3,2325000
2023,"Arcia, Orlando",ss,5.114,2300000
2023,"Brebbia, John",rhp,5.078,2300000
2023,"Rengifo, Luis",2b,3.043,2300000
2023,"Cisnero, José",rhp,5.02,2287500
2023,"Brubaker, JT",rhp,3,2275000
2023,"Loáisiga, Jonathan",rhp,4.022,2262500
2023,"Kennedy, Ian",rhp,13.124,2250000
2023,"Dickerson, Corey",lf,9.101,2250000
2023,"Green, Chad",rhp,6.05,2250000
2023,"Edwards, Carl",rhp,5.169,2250000
2023,"Estrada, Thairo",2b,2.169,2250000
2023,"Ramírez, Harold",dh-of,3.124,2200000
2023,"Thomas, Lane",rf,3.014,2200000
2023,"Bubic, Kris",lhp-s,2.135,2200000
2023,"Mejía, Francisco",c,4.062,2155000
2023,"Turnbull, Spencer",rhp-s,4.02,2150000
2023,"Helsley, Ryan",rhp-c,3.105,2150000
2023,"Berti, Jon",lf-3b,3.168,2100000
2023,"Mayza, Tim",lhp,3.156,2100000
2023,"Espinal, Santiago",2b,2.149,2100000
2023,"Moore, Dylan",3b,4,2083333
2023,"Kittredge, Andrew",rhp,4.07,2075000
2023,"Kopech, Michael",rhp-s,3.041,2050000
2023,"Harrison, Josh",2b,10.168,2000000
2023,"Boxberger, Brad",rhp,9.033,2000000
2023,"Grossman, Robbie",lf,8.06,2000000
2023,"Solano, Donovan",2b-3b,7.081,2000000
2023,"Kuhl, Chad",rhp-s,6.079,2000000
2023,"Weaver, Luke",rhp,5.112,2000000
2023,"Brasier, Ryan",rhp,5.109,2000000
2023,"Tapia, Raimel",of,5.02,2000000
2023,"Voit, Luke",dh-1b,4.169,2000000
2023,"Reyes, Franmil",dh-rf,4.115,2000000
2023,"Smith, Dominic",1b,4.081,2000000
2023,"Arroyo, Christian",2b,4.036,2000000
2023,"Mateo, Jorge",ss,3,2000000
2023,"Senzel, Nick",of-3b,3.15,1950000
2023,"Blackburn, Paul",rhp-s,3.018,1900000
2023,"Sampson, Adrian",rhp,2.117,1900000
2023,"Clase, Emmanuel",rhp-c,2.059,1900000
2023,"Alexander, Tyler",lhp,3.058,1875000
2023,"Bush, Matt",rhp,4.132,1850000
2023,"Hill, Tim",lhp,4.112,1850000
2023,"Voth, Austin",rhp,3.127,1850000
2023,"Hicks, Jordan",rhp-s,5,1837500
2023,"Castro, Willi",inf-of,3.017,1800000
2023,"Adam, Jason",rhp,2.132,1775000
2023,"Hunter, Tommy",rhp,12.156,1750000
2023,"Stephenson, Robert",rhp,5.049,1750000
2023,"Farmer, Buck",rhp,5.14,1725000
2023,"Muñoz, Andrés",rhp,3.08,1687500
2023,"May, Dustin",rhp-s,3.059,1675000
2023,"Rogers, Tyler",rhp,3.034,1675000
2023,"Gomber, Austin",lhp,3.111,1650000
2023,"Murphy, Tom",c,5.092,1625000
2023,"Carroll, Corbin",lf,0.038,1625000
2023,"Lewis, Kyle",of,2.146,1610000
2023,"Nido, Tomás",c,4.089,1600000
2023,"Hernández, Elieser",rhp,4.051,1600000
2023,"Guillorme, Luis",inf,3.167,1600000
2023,"Giménez, Andrés",2b,2.106,1571429
2023,"Luetge, Lucas",lhp,4.015,1550000
2023,"Familia, Jeurys",rhp,10.008,1500000
2023,"Smith, Will",lhp,9.155,1500000
2023,"Hand, Brad",lhp,9.092,1500000
2023,"Duffy, Matt",ss,7.059,1500000
2023,"Miller, Shelby",rhp-s,7.016,1500000
2023,"Vogelbach, Daniel",dh-1b,4.138,1500000
2023,"Richards, Trevor",rhp-s,4.084,1500000
2023,"Almonte, Yency",rhp,3.143,1500000
2023,"Rainey, Tanner",rhp,3.127,1500000
2023,"Rodríguez, Joely",lhp,3.096,1500000
2023,"Tate, Dillon",rhp,3.048,1500000
2023,"Karinchak, James",rhp,2.169,1500000
2023,"Higashioka, Kyle",c,4.005,1462500
2023,"Hearn, Taylor",lhp,3.125,1462500
2023,"Thompson, Trayce",of,3.01,1450000
2023,"Luplow, Jordan",of,4.108,1400000
2023,"Locastro, Tim",2b-of,3.122,1400000
2023,"Brosseau, Mike",3b,3.031,1400000
2023,"Dubón, Mauricio",2b,2.162,1400000
2023,"Beeks, Jalen",lhp,4.07,1375000
2023,"Wade Jr., LaMonte",1b,3.035,1375000
2023,"Ruiz, Keibert",c,1.064,1375000
2023,"Bethancourt, Christian",c,3.038,1350000
2023,"Stephan, Trevor",rhp,2,1350000
2023,"Alberto, Hanser",2b,6.085,1300000
2023,"Smith, Drew",rhp,4.034,1300000
2023,"Castro, Harold",3b,3.141,1300000
2023,"King, Michael",rhp,3.004,1300000
2023,"Phillips, Evan",rhp,2.136,1300000
2023,"Chirinos, Yonny",rhp-s,4.137,1275000
2023,"Martin, Brett",lhp,3.151,1275000
2023,"Sims, Lucas",rhp,4.014,1267500
2023,"Lamb, Jake",1b,7.14,1250000
2023,"Shreve, Chasen",lhp,6.079,1250000
2023,"Gurriel, Yuli",1b,6.043,1250000
2023,"Jankowski, Travis",cf,5.153,1250000
2023,"Dahl, David",lf,4.116,1250000
2023,"Gallagher, Cam",c,4.073,1250000
2023,"Swanson, Erik",rhp,3.096,1250000
2023,"Beaty, Matt",1b,3.086,1250000
2023,"Toro, Abraham",3b,2.149,1250000
2023,"Whitlock, Garrett",rhp-s,2,1250000
2023,"McGuire, Reese",c,3.027,1225000
2023,"Graterol, Brusdar",rhp-c,2.167,1225000
2023,"Madrigal, Nick",2b,2.164,1225000
2023,"Chavez, Jesse",rhp,12.038,1200000
2023,"Nelson, Jimmy",rhp,8.107,1200000
2023,"Armstrong, Shawn",rhp,4.113,1200000
2023,"Gott, Trevor",rhp,4.057,1200000
2023,"Refsnyder, Rob",2b-of,4.048,1200000
2023,"Matzek, Tyler",lhp,4.019,1200000
2023,"Kinley, Tyler",rhp,4.014,1200000
2023,"Phillips, Brett",of,3.15,1200000
2023,"Torrens, Luis",c,3.091,1200000
2023,"Ashby, Aaron",lhp,1.046,1200000
2023,"Maile, Luke",c,5.148,1175000
2023,"Poche, Colin",lhp,3.109,1175000
2023,"Alexander, Scott",lhp,5.08,1150000
2023,"Lucchesi, Joey",lhp-s,4.067,1150000
2023,"Clarke, Taylor",rhp,3.12,1150000
2023,"Young, Alex",lhp,2.143,1150000
2023,"Ferguson, Caleb",lhp,4.088,1100000
2023,"Knizner, Andrew",c,3.021,1100000
2023,"Blach, Ty",lhp-s,3.007,1100000
2023,"Barría, Jaime",rhp,3.035,1050000
2023,"Taylor, Josh",lhp,3.121,1025000
2023,"Staumont, Josh",rhp,3.072,1025000
2023,"Milner, Hoby",lhp,3.068,1025000
2023,"Underwood Jr., Duane",rhp,3.044,1025000
2023,"Cruz, Nelson",dh-rf,15.082,1000000
2023,"Adrianza, Ehire",ss,8.131,1000000
2023,"Ramírez, Erasmo",rhp,7.169,1000000
2023,"Engel, Adam",of,5.058,1000000
2023,"Reyes, Alex",rhp-s,5.056,1000000
2023,"Cordero, Franchy",cf-rf,4.092,1000000
2023,"Coulombe, Daniel",lhp,4.008,1000000
2023,"Santana, Dennis",rhp,3.095,1000000
2023,"Chavis, Michael",3b,3.089,1000000
2023,"Law, Derek",rhp,3.081,1000000
2023,"Thornton, Trent",rhp-s,3.073,1000000
2023,"Wingenter, Trey",rhp,3.053,1000000
2023,"Ríos, Edwin",3b,3.003,1000000
2023,"Thompson, Ryan",rhp,3,1000000
2023,"Mendick, Danny",ss,2.168,1000000
2023,"Strider, Spencer",rhp-s,1.003,1000000
2023,"Vosler, Jason",3b,0.109,1000000
2023,"Hernández, Jonathan",rhp,3.041,995000
2023,"Vargas, Ildemaro",2b,3.007,975000
2023,"Cave, Jake",rf,3.137,950000
2023,"Cabrera, Génesis",lhp,3.011,950000
2023,"Sosa, Edmundo",ss,2.14,950000
2023,"Ruiz, José",rhp,3.048,925000
2023,"Arano, Victor",rhp,3.022,925000
2023,"Bradley, Jackie Jr.",cf,8.15,900000
2023,"Dunn, Justin",rhp,3.016,900000
2023,"Bemboom, Anthony",c,1.132,900000
2023,"Anderson, Nick",rhp,3.153,875000
2023,"Harvey, Hunter",rhp,3.047,870000
2023,"Bellatti, Andrew",rhp,1.083,859000
2023,"Wilson, Justin",lhp,10.035,850000
2023,"Chargois, JT",rhp,3.101,850000
2023,"Canning, Griffin",rhp,3.075,850000
2023,"Chang, Yu-Cheng",ss,3.007,850000
2023,"Banda, Anthony",lhp,2.137,850000
2023,"Leiter Jr., Mark",rhp,2.031,850000
2023,"Brentz, Jake",lhp,2,850000
2023,"Taylor, Blake",lhp,3,830000
2023,"Sulser, Cole",rhp,3.028,825000
2023,"De Jong, Chase",rhp,2.061,820000
2023,"Odor, Rougned",2b,8.121,800000
2023,"Morejon, Adrian",lhp,3.013,800000
2023,"Alcala, Jorge",rhp,3.014,790000
2023,"Heuer, Codi",rhp,3,785000
2023,"Coonrod, Sam",rhp,3.078,775000
2023,"Curtiss, John",rhp,3.045,775000
2023,"Motter, Taylor",of,1.113,775000
2023,"Antone, Tejay",rhp,3,770000
2023,"Kirk, Alejandro",c,2.047,767300
2023,"Gilbert, Logan",rhp-s,1.144,767300
2023,"Garcia, Luis",rhp-s,2.083,763200
2023,"Wisdom, Patrick",3b-1b,2.058,763000
2023,"Brigham, Jeff",rhp,3.01,760000
2023,"India, Jonathan",2b,2,760000
2023,"Vaughn, Andrew",1b,2,760000
2023,"Raleigh, Cal",c,1.085,758300
2023,"Kirby, George",rhp-s,0.135,758300
2023,"Mantiply, Joe",lhp,2.049,756000
2023,"Peña, Jeremy",ss,1,754900
2023,"McCormick, Chas",cf,2,752500
2023,"Rogers, Trevor",lhp-s,2.094,752000
2023,"Allard, Kolby",lhp,2.162,750000
2023,"Peterson, David",lhp-s,2.125,750000
2023,"Lux, Gavin",ss,2.114,750000
2023,"Feyereisen, J.P.",rhp,2.108,750000
2023,"Vesia, Alex",lhp,2.103,750000
2023,"Hilliard, Sam",rf,2.094,750000
2023,"Suarez, José",lhp-s,2.084,750000
2023,"Herget, Jimmy",rhp,2.079,750000
2023,"Tonkin, Michael",rhp,2.074,750000
2023,"Wright, Kyle",rhp-s,2.062,750000
2023,"Quijada, José",lhp,2.046,750000
2023,"Crismatt, Nabil",rhp,2.033,750000
2023,"Schreiber, John",rhp,2.027,750000
2023,"De Los Santos, Enyel",rhp,2.015,750000
2023,"Ynoa, Huascar",rhp,2.011,750000
2023,"Viloria, Meibrys",c,1.096,750000
2023,"Zastryzny, Rob",lhp,0.118,750000
2023,"Chisholm Jr., Jazz",cf,2.075,749500
2023,"Bohm, Alec",3b,2.106,748000
2023,"García, Adolis",rf,2.095,747760
2023,"Ginkel, Kevin",rhp,2.033,746600
2023,"Witt Jr., Bobby",ss,1,745750
2023,"Heim, Jonah",c,2.097,745660
2023,"Manoah, Alek",rhp-s,1.13,745650
2023,"Abreu, Bryan",rhp,2.022,745200
2023,"Bednar, David",rhp-c,2.076,745000
2023,"Nelson, Nick",rhp,2.049,745000
2023,"Crowe, Wil",rhp,2.011,745000
2023,"Alzolay, Adbert",rhp-s,2.05,744750
2023,"Skubal, Tarik",lhp,2.114,743700
2023,"White, Mitch",rhp,1.087,743000
2023,"Dunning, Dane",rhp,2.083,742840
2023,"Burke, Brock",lhp,2.065,742840
2023,"Effross, Scott",rhp,1.037,742750
2023,"Carlson, Dylan",cf,2.104,742400
2023,"Pop, Zach",rhp,1.094,742200
2023,"Cabrera, Oswaldo",2b-3b,0.05,742100
2023,"Jeffers, Ryan",c,2.089,741650
2023,"Stubbs, Garrett",c,2.12,741000
2023,"Olivares, Edward",lf,2.055,740750
2023,"Schmidt, Clarke",rhp-s,1.148,740475
2023,"Haase, Eric",c,2.072,740100
2023,"Perez, Carlos",c,2.167,740000
2023,"Fraley, Jake",dh,2.097,740000
2023,"Stephenson, Tyler",c,2.056,740000
2023,"Steele, Justin",lhp-s,1.143,740000
2023,"Bickford, Phil",rhp,1.134,740000
2023,"Thompson, Keegan",rhp,1.131,740000
2023,"Houck, Tanner",rhp,1.1,740000
2023,"Rodriguez, Chris",rhp,1.085,740000
2023,"Wantz, Andrew",rhp,1.065,740000
2023,"Detmers, Reid",lhp-s,1.059,740000
2023,"Davidson, Tucker",lhp,1.039,740000
2023,"Thaiss, Matt",c,1.038,740000
2023,"Marinaccio, Ron",rhp,0.154,739900
2023,"Woodford, Jake",rhp-s,2.052,739800
2023,OOO per mlbtr 3/23.,rhp-s,2.111,739700
2023,"McKenzie, Triston",rhp-s,2.074,739500
2023,"Okert, Steven",lhp,2.109,739000
2023,"Contreras, William",c,1.106,739000
2023,"Brogdon, Connor",rhp,2.067,738750
2023,"Abreu, Albert",rhp,1.118,738700
2023,"García, Luis",2b,1.164,738600
2023,"Perdomo, Geraldo",ss,1.015,738600
2023,"Bender, Anthony",rhp,1.153,738500
2023,"Mountcastle, Ryan",1b,2.105,738400
2023,"Sánchez, Jesús",of,1.118,738000
2023,"Irvin, Cole",lhp-s,2.12,737600
2023,"Merryweather, Julian",rhp,2.109,737000
2023,"McClanahan, Shane",lhp-s,1.158,737000
2023,"Rucker, Michael",rhp,1.033,737000
2023,"Otto, Glenn",rhp-s,1.033,736340
2023,"Puk, A.J.",lhp,2.124,736000
2023,"De La Cruz, Bryan",lf,1.056,736000
2023,"Kirilloff, Alex",1b,1.141,735650
2023,"McCarthy, Jake",rf,0.17,735600
2023,"Taylor, Tyrone",of,2.093,735400
2023,"Gordon, Nick",ss,1.136,735400
2023,"Thomas, Alek",cf,0.151,735200
2023,"Paredes, Isaac",3b,1.16,735000
2023,"Joe, Connor",1b,1.136,735000
2023,"Lambert, Jimmy",rhp,1.134,735000
2023,"Bart, Joey",c,1.094,735000
2023,"Oviedo, Johan",rhp-s,1.079,735000
2023,"González, Luis",of,1.076,735000
2023,"Sheets, Gavin",1b,1.073,735000
2023,"Doval, Camilo",rhp-c,1.071,735000
2023,"Tapia, Domingo",rhp,0.168,735000
2023,"Urías, Ramón",2b,2.025,734700
2023,"McKinstry, Zach",2b,1.099,734500
2023,"Marsh, Brandon",cf,1.078,734500
2023,"Stott, Bryson",2b,0.171,734500
2023,"Mize, Casey",rhp-s,2.111,734200
2023,"Foster, Matt",rhp,2.093,734000
2023,"Rutschman, Adley",c,1,733900
2023,"Larnach, Trevor",of,1.101,733650
2023,"Howard, Spencer",rhp,2.033,733455
2023,"Sborz, Josh",rhp,2.055,733450
2023,"Taveras, Leody",cf,1.124,733445
2023,"Kieboom, Carter",ss,2.086,733400
2023,"Jax, Griffin",rhp,1.091,733150
2023,"Crochet, Garrett",lhp,2.028,733000
2023,"Falter, Bailey",lhp-s,1.032,733000
2023,"Wilson, Bryse",rhp-s,2.036,732600
2023,"Ridings, Stephen",rhp,1.014,732500
2023,"Alexander, Jason",rhp,0.103,732500
2023,"Pérez, Cionel",lhp,2.085,732400
2023,"Wells, Tyler",rhp-s,2,732400
2023,"Nootbaar, Lars",lf,1.076,732400
2023,"Zavala, Seby",c,1.045,732000
2023,"Meyers, Jake",lf,1.044,732000
2023,"Garrett, Braxton",lhp,0.168,732000
2023,"Bautista, Félix",rhp-c,1,731800
2023,"Coleman, Dylan",rhp,1.014,731750
2023,"Siri, Jose",cf,1.015,731600
2023,"Celestino, Gilberto",cf,1.057,731450
2023,"Kremer, Dean",rhp-s,1.112,731200
2023,"Akin, Keegan",lhp,2.083,731100
2023,"Miller, Owen",2b,1.091,731100
2023,"Cabrera, Edward",rhp-s,0.168,731000
2023,"Payamps, Joel",rhp,2.027,730500
2023,"Hernández, Carlos",rhp,1.145,730250
2023,"Lynch, Daniel",lhp-s,1.083,730250
2023,"Ryan, Joe",rhp-s,1.033,730250
2023,"Hentges, Sam",lhp,1.157,730200
2023,"Martinez, Seth",rhp,0.152,730200
2023,"Castillo, José",lhp,3.125,730000
2023,"Brown, Seth",dh-1b,2.104,730000
2023,"Daza, Yonathan",of,2.101,730000
2023,"Kaprielian, James",rhp-s,2.004,730000
2023,"Gutierrez, Vladimir",rhp,1.127,730000
2023,"Santillan, Tony",rhp,1.09,730000
2023,"Rortvedt, Ben",c,1.086,730000
2023,"Barrero, Jose",ss,1.082,730000
2023,"Gibaut, Ian",rhp,1.077,730000
2023,"Gray, Josiah",rhp-s,1.075,730000
2023,"Kuhnel, Joel",rhp,1.041,730000
2023,"Overton, Connor",rhp-s,1.041,730000
2023,"Díaz, Alexis",rhp-c,1,730000
2023,"Greene, Hunter",rhp-s,1,730000
2023,"Lodolo, Nick",lhp-s,1,730000
2023,"Nogosek, Stephen",rhp,0.165,730000
2023,"Lee, Dylan",lhp,0.15,730000
2023,"Fortes, Nick",c,0.149,730000
2023,"Crawford, Kutter",rhp-s,0.136,730000
2023,"Marte, José",rhp,0.109,730000
2023,"O'Hoppe, Logan",c,0.008,730000
2023,"Daniel, Davis",rhp,0.002,730000
2023,"Nance, Tommy",rhp,1.036,729500
2023,"Bello, Brayan",rhp-s,0.082,729500
2023,"Kelenic, Jarred",lf,0.169,729400
2023,"Manning, Matt",rhp-s,1.098,729200
2023,"Baker, Bryan",rhp,1.008,729000
2023,"Nelson, Kyle",lhp,1.076,728900
2023,"Adams, Riley",c,1.05,728800
2023,"Naughton, Packy",lhp,1.003,728750
2023,"Pallante, Andre",rhp,1,728600
2023,"Donovan, Brendan",2b,0.164,728600
2023,"Florial, Estevan",of,0.088,728500
2023,"Martin, Corbin",rhp,1.079,728400
2023,"Bradish, Kyle",rhp-s,0.16,728100
2023,"Hughes, Brandon",lhp,0.141,728000
2023,"Miranda, Jose",3b,0.157,727850
2023,"Greene, Riley",cf,0.11,727800
2023,"Walls, Taylor",ss,1.092,727600
2023,"Weathers, Ryan",lhp,1.001,727600
2023,"Isbel, Kyle",cf,1.042,727500
2023,"Mills, Wyatt",rhp,0.134,727500
2023,"Kwan, Steven",lf,1,727300
2023,"Vierling, Matt",lf,1.026,727100
2023,"Lewis, Royce",ss,0.142,727100
2023,"Smith, Josh H.",ss-2b,0.111,727095
2023,"Fleming, Josh",lhp-s,2.008,727000
2023,"Morgan, Eli",rhp,1.108,727000
2023,"Murfee, Penn",rhp,0.169,727000
2023,"Gorman, Nolan",inf-dh,0.139,726950
2023,"Trammell, Taylor",of,1.029,726700
2023,"Haggerty, Sam",2b,2.093,726600
2023,"Maton, Nick",3b,1.034,726600
2023,"Melendez, MJ",rf-c,0.153,726500
2023,"Wilson, Steven",rhp,1,726400
2023,"Strzelecki, Peter",rhp,0.081,726400
2023,"Foley, Jason",rhp,1.026,726200
2023,"Moran, Jovani",lhp,0.124,726200
2023,"Rogers, Jake",c,2.04,726000
2023,"Sandlin, Nick",rhp,1.152,726000
2023,"Lange, Alex",rhp-c,1.112,726000
2023,"Cuas, Jose",rhp,0.123,726000
2023,"McKenna, Ryan",of,1.135,725800
2023,"Brash, Matt",rhp-s,0.121,725800
2023,"Winder, Josh",rhp,0.113,725650
2023,"Pasquantino, Vinnie",1b,0.101,725500
2023,"Marte, Yunior",rhp,0.091,725500
2023,"Festa, Matt",rhp,1.085,725200
2023,"Cleavinger, Garrett",lhp,1.06,725100
2023,"Gilbreath, Lucas",lhp,1.147,725000
2023,"Moll, Sam",lhp,1.075,725000
2023,"Rooker, Brent",of,1.059,725000
2023,"Acevedo, Domingo",rhp,1.033,725000
2023,"Jiménez, Dany",rhp-c,1.031,725000
2023,"Snead, Kirby",lhp,1.009,725000
2023,"Jackson, Zach",rhp,1,725000
2023,"Rolison, Ryan",lhp,1,725000
2023,"Honeywell, Brent",rhp,0.166,725000
2023,"Kranick, Max",rhp,0.159,725000
2023,"Holderman, Colin",rhp,0.13,725000
2023,"Castro, Rodolfo",2b,0.127,725000
2023,"Moreta, Dauri",rhp,0.12,725000
2023,"Sánchez, Cristopher",lhp,0.12,725000
2023,"Suwinski, Jack",cf,0.118,725000
2023,"Smith-Njigba, Canaan",of,0.115,725000
2023,"Contreras, Roansy",rhp-s,0.112,725000
2023,"Thompson, Zack",lhp,0.1,725000
2023,"Brown, Hunter",rhp,0.035,725000
2023,"Bae, Ji Hwan",2b,0.013,725000
2023,"Guerra, Javier",rhp,2.11,724500
2023,"Hall, Darick",1b,0.061,724500
2023,"Thompson, Mason",rhp,1.046,724400
2023,"Brieske, Beau",rhp,0.166,724400
2023,"Thompson, Bubba",of,0.063,724305
2023,"Herrera, Jose",c,0.124,724300
2023,"Mitchell, Garrett",cf,0.04,724300
2023,"Abrams, CJ",ss,0.13,724200
2023,"Duran, Ezequiel",2b,0.072,724170
2023,"Ragans, Cole",lhp,0.063,724145
2023,"Brazoban, Huascar",rhp,0.074,724000
2023,"Hummel, Cooper",lf,0.132,723800
2023,"Villar, David",3b,0.067,723750
2023,"Szapucki, Thomas",lhp,0.061,723750
2023,"Azocar, José",lf-cf,0.149,723700
2023,"Carpenter, Kerry",of,0.057,723700
2023,"Sands, Cole",rhp,0.073,723650
2023,"Baz, Shane",rhp-s,1.014,723600
2023,"Jameson, Drey",rhp,0.021,723600
2023,"Marchán, Rafael",c,0.164,723500
2023,"Vasquez, Andrew",lhp,0.139,723500
2023,"Kelly, Zack",rhp,0.038,723500
2023,"Casas, Triston",1b,0.032,723500
2023,"Wentz, Joey",lhp,0.03,723500
2023,"Gil, Luis",rhp,0.073,723400
2023,"Gore, MacKenzie",lhp-s,1,723300
2023,"Meneses, Joey",dh-1b,0.065,723300
2023,"Lowe, Josh",3b,0.093,723200
2023,"Henderson, Gunnar",3b,0.036,723200
2023,"Torkelson, Spencer",1b,0.137,723100
2023,"Nevin, Tyler",3b,0.133,723000
2023,"González, Romy",2b,0.083,723000
2023,"Nardi, Andrew",lhp,0.053,723000
2023,"Massey, Michael",2b,0.068,722850
2023,"Campusano, Luis",c,0.144,722700
2023,"Nelson, Ryne",rhp-s,0.031,722700
2023,"Gonzalez, Oscar",rf,0.133,722600
2023,"Hensley, David",ss-3b,0.047,722600
2023,"Sanmartin, Reiver",lhp,0.147,722500
2023,"Ashcraft, Graham",rhp-s,0.136,722500
2023,"Fairchild, Stuart",of,0.136,722500
2023,"Friedl, TJ",lf,0.112,722500
2023,"Moreno, Gabriel",c,0.061,722500
2023,"Vargas, Miguel",2b,0.041,722500
2023,"Jackson, Andre",rhp,0.039,722500
2023,"Montes de Oca, Bryce",rhp,0.033,722500
2023,"Guthrie, Dalton",ss,0.032,722500
2023,"Grove, Michael",rhp,0.031,722500
2023,"Pepiot, Ryan",rhp-s,0.022,722500
2023,"Outman, James",cf,0.006,722500
2023,"Waters, Drew",of,0.045,722400
2023,"Raley, Luke",rf,0.106,722300
2023,"Hill, Garrett",rhp,0.082,722300
2023,"Baumann, Mike",rhp,0.081,722300
2023,"Eaton, Nate",of,0.058,722200
2023,"Stowers, Kyle",dh-of,0.052,722200
2023,"Vavra, Terrin",2b,0.072,722100
2023,"Lawrence, Justin",rhp,0.167,722000
2023,"Feltner, Ryan",rhp-s,0.143,722000
2023,"Serven, Brian",c,0.142,722000
2023,"Trejo, Alan",ss,0.119,722000
2023,"Bird, Jake",rhp,0.117,722000
2023,"Montero, Elehuris",3b,0.097,722000
2023,"Wong, Connor",c,0.079,722000
2023,"Winckowski, Josh",rhp,0.074,722000
2023,"Ort, Kaleb",rhp,0.072,722000
2023,"Bouchard, Sean",1b,0.068,722000
2023,"Seabold, Connor",rhp,0.058,722000
2023,"Tovar, Ezequiel",ss,0.014,722000
2023,"Call, Alex",cf,0.075,721800
2023,"Mushinski, Parker",lhp,0.071,721800
2023,"Kreidler, Ryan",ss,0.035,721600
2023,"Meyer, Max",rhp,0.082,721500
2023,"Faucher, Calvin",rhp,0.07,721500
2023,"Assad, Javier",rhp,0.044,721500
2023,"Wesneski, Hayden",rhp-s,0.031,721500
2023,"Jung, Josh",3b,0.027,721485
2023,"Burleson, Alec",of,0.029,721450
2023,"Zerpa, Angel",lhp,0.082,721400
2023,"Gillaspie, Logan",rhp,0.047,721200
2023,"Blanco, Ronel",rhp,0.025,721200
2023,"Roberts, Ethan",rhp,1,721000
2023,"Vargas, Carlos",rhp,0.123,721000
2023,"Henriquez, Ronny",rhp,0.018,720900
2023,"Mastrobuoni, Miles",2b,0.014,720500
2023,"Rosario, Eguy",2b,0.041,720400
2023,"Rodríguez, Wilking",rhp,0.008,720400
2023,"Diaz, Yainer",c,0.035,720300
2023,"Morris, Cody",rhp,1,720200
2023,"Cavalli, Cade",rhp,0.041,720200
2023,"Pineda, Israel",c,0.027,720200
2023,"Gaddis, Hunter",rhp,0.022,720100
2023,"Arias, Gabriel",ss,0.019,720100
2023,"Brennan, Will",of,0.015,720100
2023,"Curry, Xzavion",rhp,0.003,720100
2023,"Cordero, Jimmy",rhp,2.136,720000
2023,"Duran, Jhoan",rhp-c,1,720000
2023,"Oller, Adam",rhp,0.128,720000
2023,"Allen, Nick",ss,0.126,720000
2023,"Cruz, Oneil",ss,0.11,720000
2023,"Delay, Jason",c,0.095,720000
2023,"Sears, JP",lhp,0.081,720000
2023,"Benson, Will",cf,0.066,720000
2023,"Santos, Gregory",rhp,0.055,720000
2023,"Martínez, Adrián",rhp,0.054,720000
2023,"Langeliers, Shea",c,0.051,720000
2023,"Muller, Kyle",lhp-s,0.046,720000
2023,"Capel, Conner",lf,0.044,720000
2023,"Cruz, Fernando",rhp,0.035,720000
2023,"Steer, Spencer",3b,0.035,720000
2023,"Waldichuk, Ken",lhp-s,0.035,720000
2023,"Ruiz, Esteury",cf,0.029,720000
2023,"Tarnok, Freddy",rhp,0.002,720000
2023,"Brito, Jhony",rhp,0,720000
2023,"Colás, Oscar",rf,0,720000
2023,"Englert, Mason",rhp,0,720000
2023,"Enright, Nic",rhp,0,720000
2023,"Harris, Hobie",rhp,0,720000
2023,"Hernandez, Diego",of,0,720000
2023,"Hernandez, Jose",lhp,0,720000
2023,"Herrin, Tim",lhp,0,720000
2023,"Julks, Corey",3b-of,0,720000
2023,"Kelly, Kevin",rhp,0,720000
2023,"Lukes, Nathan",of,0,720000
2023,"Noda, Ryan",1b,0,720000
2023,"Pacheco, Freddy",rhp,0,720000
2023,"Sabol, Blake",of,0,720000
2023,"Salazar, César",c-1b,0,720000
2023,"Shuster, Jared",lhp-s,0,720000
2023,"Song, Noah",rhp,0,720000
2023,"Turang, Brice",2b,0,720000
2023,"Varland, Gus",rhp,0,720000
2023,"Volpe, Anthony",ss,0,720000
2023,"Walker, Jordan",rf,0,720000
2023,"Ward, Thaddeus",rhp,0,720000
2023,"Wisely, Brett",ss,0,720000
2023,"Abbott, Cory",rhp,0.084,
2023,"Abreu, Wilyer",of,0,
2023,"Acuña, Luisangel",ss,0,
2023,"Adell, Jo",of,1.162,
2023,"Adon, Joan",rhp,0.068,
2023,"Alcántara, Kevin",of,0,
2023,"Alexander, Blaze",ss,0,
2023,"Alexy, A.J.",rhp,0.055,
2023,"Alu, Jake",inf,0,
2023,"Álvarez, Francisco",c,0.006,
2023,"Amaya, Jacob",2b-ss,0.001,
2023,"Amaya, Miguel",c,0,
2023,"Anderson, Ian",rhp,2.046,
2023,"Aranda, Jonathan",2b,0.047,
2023,"Avila, Pedro",rhp,0.025,
2023,"Baddoo, Akii",of,1.119,
2023,"Balazovic, Jordan",rhp,0,
2023,"Banks, Tanner",lhp,0.137,
2023,"Bannon, Rylan",2b,0.028,
2023,"Barger, Addison",ss-3b,0,
2023,"Barlow, Joe",rhp,1.103,
2023,"Barrosa, Jorge",lf,0,
2023,"Basabe, Osleivis",ss,0,
2023,"Batten, Matthew",2b,0.058,
2023,"Baty, Brett",3b,0.05,
2023,"Beck, Tristan",rhp,0,
2023,"Beer, Seth",of,0.078,
2023,"Bernabel, Warming",ss,0,
2023,"Bernardino, Brennan",lhp,0.005,
2023,"Berroa, Prelander",rhp,0,
2023,"Bielak, Brandon",rhp-s,2.032,
2023,"Bleday, JJ",of,0.075,
2023,"Bowlan, Jonathan",rhp,0,
2023,"Bradley, Taj",rhp,0,
2023,"Bride, Jonah",1b,0.114,
2023,"Brito, Juan",ss,0,
2023,"Brown, Ben",rhp,0,
2023,"Bruihl, Justin",lhp,0.146,
2023,"Bruján, Vidal",2b,0.085,
2023,"Burdick, Peyton",of,0.047,
2023,"Burger, Jake",3b,0.127,
2023,"Burrows, Michael",rhp,0,
2023,"Busch, Michael",2b,0,
2023,"Butler, Lawrence",1b-of,0,
2023,"Butto, José",rhp,0.002,
2023,"Calvo, Blair",rhp,0,
2023,"Campbell, Isaiah",rhp,0,
2023,"Canario, Alexander",of,0,
2023,"Cano, Yennier",rhp,0.065,
2023,"Canterino, Matt",rhp,0,
2023,"Cantillo, Joey",lhp,0,
2023,"Carreras, Julio",3b-ss,0,
2023,"Cartaya, Diego",c,0,
2023,"Castillo, Diego",3b,0.139,
2023,"Castillo, Max",rhp,0.056,
2023,"Clase, Jonatan",of,0,
2023,"Clemens, Kody",2b,0.12,
2023,"Cosgrove, Tom",lhp,0,
2023,"Cousins, Jake",rhp,1.09,
2023,"Cronin, Matt",lhp,0,
2023,"Cruz, José",rhp,0,
2023,"Dalbec, Bobby",3b,2.073,
2023,"Danner, Hagen",c,0,
2023,"Davis, Brennen",of,0,
2023,"Davis, Noah",rhp,0.02,
2023,"De La Cruz, Elly",ss-3b,0,
2023,"De La Rosa, Jeremy",cf,0,
2023,"De Los Santos, Yerry",rhp,0.136,
2023,"DeLuca, Jonny",lf,0,
2023,"Denoyer, Noah",rhp,0,
2023,"Díaz, Isan",ss,1.089,
2023,"Diaz, Jordan",3b,0.018,
2023,"Dixon, Brandon",2b-lf,1.151,
2023,"Downs, Jeter",ss,0.024,
2023,"Doyle, Brenton",of,0,
2023,"Dubin, Shawn",rhp,0,
2023,"Duran, Jarren",cf,0.16,
2023,"Edwards, Xavier",ss,0,
2023,"Elder, Bryce",rhp,0.04,
2023,"Elledge, Seth",rhp,0.16,
2023,"Encarnación, Jerar",rf,0.053,
2023,"Espino, Paolo",rhp,2.075,
2023,"Estrada, Jeremiah",rhp,0.037,
2023,"Faedo, Alex",rhp,0.051,
2023,"Felipe, Angel",rhp,0,
2023,"Fermin, Freddy",c,0.004,
2023,"Fermín, José",ss,0,
2023,"Ferrer, Jose",lhp,0,
2023,"Fletcher, Domininc",rf,0,
2023,"France, J.P.",rhp,0,
2023,"Freeman, Tyler",ss,0.064,
2023,"Frías, Luis",rhp,0.067,
2023,"Gage, Matt",lhp,0.032,
2023,"García, Deivi",rhp,0.061,
2023,"Garcia, Dérmis",3b,0.069,
2023,"Garcia, Maikel",ss,0.015,
2023,"Garrett, Stone",of,0.05,
2023,"Garza, Justin",rhp,0.102,
2023,"German, Franklin",rhp,0.019,
2023,"Gómez, Moisés",cf,0,
2023,"Gómez, Yoendrys",rhp,0,
2023,"González, Victor",lhp,2.103,
2023,"Grissom, Vaughn",ss-3b,0.057,
2023,"Groome, Jay",lhp,0,
2023,"Groshans, Jordan",ss,0.023,
2023,"Hall, DL",lhp,0.036,
2023,"Hamilton, David",ss-2b,0,
2023,"Hampson, Garrett",2b-ss,4.03,
2023,"Harris, Dustin",1b-3b,0,
2023,"Harris, Hogan",lhp,0,
2023,"Hatch, Thomas",rhp,1.125,
2023,"Headrick, Brent",lhp,0,
2023,"Heasley, Jonathan",rhp-s,0.143,
2023,"Henry, Payton",c,0.066,
2023,"Henry, Tommy",lhp,0.049,
2023,"Hernández, Yonny",ss,0.109,
2023,"Herrera, Iván",c,0.029,
2023,"Hjelle, Sean",rhp,0.025,
2023,"Hollowell, Gavin",rhp,0.018,
2023,"Holton, Tyler",lhp,0.047,
2023,"Horwitz, Spencer",1b,0,
2023,"Huff, Sam",c,1.07,
2023,"Ingram, Kolton",lhp,0,
2023,"Irvin, Jake",rhp,0,
2023,"Jackson, Jay",rhp,1.105,
2023,"Jensen, Ryan",rhp,0,
2023,"Jimenez, Leo",ss,0,
2023,"Johnson, Seth",rhp,0,
2023,"Jones, Greg",ss,0,
2023,"Jones, Nolan",3b,0.045,
2023,"Julien, Edouard",2b,0,
2023,"Junk, Janson",rhp,0.048,
2023,"Karcher, Ricky",rhp,0,
2023,"Kelley, Trevor",rhp,0.168,
2023,"Kent, Zak",rhp,0,
2023,"Kerr, Ray",lhp,0.037,
2023,"Kilian, Caleb",rhp,0.008,
2023,"King, John",lhp,2.026,
2023,"Knehr, Reiss",rhp,0.079,
2023,"Kowar, Jackson",rhp-s,0.089,
2023,"Krehbiel, Joey",rhp,1.019,
2023,"Krook, Matt",lhp,0,
2023,"Lambert, Peter",rhp,2.166,
2023,"Lavastida, Bryan",c,0.018,
2023,"Lee, Korey",c,0.032,
2023,"Legumina, Casey",rhp,0,
2023,"Leonard, Eddys",ss,0,
2023,"Liberatore, Matthew",lhp,0.028,
2023,"Lipcius, Andre",2b,0,
2023,"Long, Sam",lhp,1.045,
2023,"Lopez, Otto",2b,0.045,
2023,"Lovelady, Richard",lhp,1.026,
2023,"Luciano, Marco",ss,0,
2023,"Marcano, Tucupita",2b,0.141,
2023,"Marlowe, Cade",lf,0,
2023,"Marsh, Alec",rhp,0,
2023,"Marte, Noelvi",ss,0,
2023,"Martin, Davis",rhp,0.052,
2023,"Martínez, Angel",ss,0,
2023,"Martinez, Justin",rhp,0,
2023,"Martinez, Orelvis",ss,0,
2023,"Mata, Bryan",rhp,0,
2023,"Mathias, Mark",2b,1.153,
2023,"Matos, Luis",of,0,
2023,"Mauricio, Ronny",ss,0,
2023,"McArthur, James",rhp,0.099,
2023,"McGee, Easton",rhp,0.007,
2023,"Mead, Curtis",3b-1b,0,
2023,"Meadows, Parker",of,0,
2023,"Mears, Nick",rhp,1.079,
2023,"Medina, Luis",rhp,0,
2023,"Megill, Trevor",rhp,1.074,
2023,"Megill, Tylor",rhp,1.103,
2023,"Miller, Tyson",rhp,0.037,
2023,"Mitchell, Cal",of,0.096,
2023,"Moniak, Mickey",of,1.056,
2023,"Morel, Christopher",3b,0.142,
2023,"Muñoz, Roddery",rhp,0,
2023,"Murphy, Chris",lhp,0,
2023,"Muzziotti, Simón",cf,0.056,
2023,"Naylor, Bo",c,0.005,
2023,"Noel, Jhonkensy",1b-3b,0,
2023,"Ober, Bailey",rhp,1.124,
2023,"Olson, Reese",rhp,0,
2023,"Ornelas, Jonathan",3b,0,
2023,"Ortiz, Jhailyn",rf,0,
2023,"Ortiz, Joey",ss,0,
2023,"Ortiz, Luis",rhp,0.058,
2023,"Ortiz, Luis",rhp,0.019,
2023,"Pache, Cristian",of,1.031,
2023,"Padilla, Nick",rhp,0.028,
2023,"Pages, Andy",of,0,
2023,"Palacios, Richie",2b,0.11,
2023,"Paredes, Enoli",rhp,1.103,
2023,"Patiño, Luis",rhp,2.026,
2023,"Pearson, Nate",rhp,2.061,
2023,"Peguero, Elvis",rhp,0.073,
2023,"Peguero, Liover",ss,0.003,
2023,"Peraza, Oswald",ss,0.035,
2023,"Pereira, Everson",cf,0,
2023,"Pérez, Carlos",c,0.019,
2023,"Perez, Joe",rhp,0.007,
2023,"Pérez, Wenceel",2b,0,
2023,"Perkins, Blake",cf,0,
2023,"Pilkington, Konnor",lhp,0.057,
2023,"Pint, Riley",rhp,0,
2023,"Pinto, René",c,0.077,
2023,"Plassmeyer, Michael",lhp,0.003,
2023,"Pratto, Nick",1b,0.08,
2023,"Rafaela, Ceddanne",3b-of,0,
2023,"Ramirez, Yohan",rhp,2.001,
2023,"Ramos, Bryan",3b,0,
2023,"Ramos, Heliot",of,0.027,
2023,"Reynolds, Sean",rhp,0,
2023,"Richardson, Lyon",rhp,0,
2023,"Rivera, Emmanuel",3b-1b,1.058,
2023,"Robinson, Cam",rhp,0,
2023,"Rocchio, Brayan",ss,0,
2023,"Rodríguez, Endy",c,0,
2023,"Rodriguez, Grayson",rhp,0,
2023,"Rodriguez, José",ss,0,
2023,"Rodríguez, Randy",rhp,0,
2023,"Rodríguez, Yerry",rhp,0.005,
2023,"Rojas, Johan",of,0,
2023,"Rom, Drew",lhp,0,
2023,"Romero, JoJo",lhp,2.101,
2023,"Rutledge, Jackson",rhp,0,
2023,"Sánchez, Sixto",rhp-s,0.103,
2023,"Sands, Donny",c,0.035,
2023,"Saucedo, Tayler",lhp,1.112,
2023,"Selby, Colin",rhp,0,
2023,"Shewmake, Braden",ss,0,
2023,"Short, Zack",ss,0.102,
2023,"Siani, Michael",of,0.015,
2023,"Silseth, Chase",rhp,0.04,
2023,"Simpson, Josh",lhp,0,
2023,"Small, Ethan",lhp,0.003,
2023,"Smith, Chad",rhp,0.054,
2023,"Smith, Kevin",ss,0.114,
2023,"Smith, Pavin",1b,1.149,
2023,"Snider, Collin",rhp,0.114,
2023,"Soriano, George",rhp,0,
2023,"Soriano, José",rhp,1,
2023,"Sosa, Lenyn",2b-ss,0.017,
2023,"Soto, Livan",ss,0.019,
2023,"Sousa, Bennett",lhp,0.068,
2023,"Speier, Gabe",lhp,1.03,
2023,"Stefanic, Michael",2b,0.048,
2023,"Stevenson, Cal",lf-cf,0.028,
2023,"Stiever, Jonathan",rhp,1.028,
2023,"Stoudt, Levi",rhp,0,
2023,"Sullivan, Brett",c-of,0,
2023,"Swaggerty, Travis",of,0.008,
2023,"Taylor, Samad",2b,0,
2023,"Tena, José",ss,0,
2023,"Then, Juan",rhp,0,
2023,"Thomas, Conner",lhp,0,
2023,"Thompson, Zach",rhp,1.121,
2023,"Toglia, Michael",1b,0.037,
2023,"Topa, Justin",rhp,2.044,
2023,"Triolo, Jared",3b,0,
2023,"Tromp, Chadwick",c,1.104,
2023,"Uelmen, Erich",rhp,0.081,
2023,"Uribe, Abner",rhp,0,
2023,"Valdez, Enmanuel",3b,0,
2023,"Valera, George",rf,0,
2023,"Vanasco, Ricky",rhp,0,
2023,"Varland, Louie",rhp,0.015,
2023,"Vásquez, Randy",rhp,0,
2023,"Velazquez, Andrew",ss-3b,2.126,
2023,"Velázquez, Nelson",of,0.111,
2023,"Vespi, Nick",lhp,0.072,
2023,"Vest, Will",rhp,1.108,
2023,"Vientos, Mark",3b,0.026,
2023,"Villalobos, Eli",rhp,0,
2023,"Vines, Darius",rhp,0,
2023,"Vivas, Jorbit",2b,0,
2023,"Waites, Cole",rhp,0.024,
2023,"Wallner, Matt",of,0.019,
2023,"Walsh, Jake",rhp,0.013,
2023,"Walter, Brandon",lhp,0,
2023,"Watkins, Spenser",rhp,1.071,
2023,"Weems, Jordan",rhp,1.108,
2023,"Weiss, Zack",rhp,0.044,
2023,"Weissert, Greg",rhp,0.041,
2023,"White, Brendan",rhp,0,
2023,"White, Colby",rhp,0,
2023,"White, Eli",2b,2.065,
2023,"White, Owen",rhp,0,
2023,"Whitley, Forrest",rhp,0,
2023,"Williamson, Brandon",lhp,0,
2023,"Winn, Cole",rhp,0,
2023,"Winn, Keaton",rhp,0,
2023,"Woods-Richardson, Simeon",rhp,0.004,
2023,"Yepez, Juan",1b,0.127,
2023,"Zimmermann, Bruce",lhp-s,1.105,
2023,"Zulueta, Yosver",rhp,0,
2023,"Zuñiga, Guillermo",rhp,0,
2022,"Scherzer, Max",rhp-s,13.079,43333333
2022,"Trout, Mike",cf,10.07,37116667
2022,"Rendon, Anthony",3b,8.13,36571429
2022,"Cole, Gerrit",rhp-s,8.111,36000000
2022,"Bauer, Trevor",rhp-s,7.078,35333333
2022,"Correa, Carlos",ss,6.119,35100000
2022,"Machado, Manny",3b,9.056,34000000
2022,"Seager, Corey",ss,6.032,33000000
2022,"Arenado, Nolan",3b,8.155,32974847
2022,"Lindor, Francisco",ss,6.113,32477277
2022,"Strasburg, Stephen",rhp-s,11.118,32205854
2022,"Cabrera, Miguel",1b,18.101,32000000
2022,"Price, David",lhp-s,11.164,32000000
2022,"Springer, George",cf,7.166,29666667
2022,"Altuve, Jose",2b,10.072,29200000
2022,"Stanton, Giancarlo",dh-rf,11.118,29000000
2022,"Harper, Bryce",rf,9.159,27538462
2022,"deGrom, Jacob",rhp-s,7.139,27257728
2022,"Wheeler, Zack",rhp-s,8.098,26000000
2022,"Yelich, Christian",cf,8.069,26000000
2022,"Freeman, Freddie",1b,11.033,25440196
2022,"Goldschmidt, Paul",1b,10.059,25333333
2022,"Verlander, Justin",rhp-s,16.002,25000000
2022,"Votto, Joey",1b,14.027,25000000
2022,"Semien, Marcus",ss,7.118,25000000
2022,"Stroman, Marcus",rhp-s,7.026,25000000
2022,"Sale, Chris",lhp-s,11.061,24172484
2022,"Cano, Robinson",2b,15.076,24000000
2022,"Realmuto, J.T.",c,7.038,23875000
2022,"Donaldson, Josh",3b,9.158,23750000
2022,"Corbin, Patrick",lhp-s,9.105,23416667
2022,"Myers, Wil",rf,8.104,22500000
2022,"Heyward, Jason",rf,12,22000000
2022,"Ramírez, José",3b,7.074,22000000
2022,"Bumgarner, Madison",lhp-s,11.127,21882892
2022,"Rodón, Carlos",lhp-s,6.168,21500000
2022,"Hosmer, Eric",1b,10.146,21000000
2022,"Blackmon, Charlie",rf-cf,9.102,21000000
2022,"Gausman, Kevin",rhp-s,7.151,21000000
2022,"Ray, Robbie",lhp-s,7.007,21000000
2022,"Syndergaard, Noah",rhp-s,6.149,21000000
2022,"Turner, Trea",ss,5.135,21000000
2022,"Morton, Charlie",rhp-s,13.01,20000000
2022,"Darvish, Yu",rhp-s,10,20000000
2022,"Ryu, Hyun-Jin",lhp-s,9,20000000
2022,"Bogaerts, Xander",ss,8.042,20000000
2022,"Castellanos, Nick",lf-dh,8.029,20000000
2022,"Báez, Javier",ss,6.089,20000000
2022,"Story, Trevor",2b,6,20000000
2022,"Turner, Justin",3b,11.045,19579357
2022,"Longoria, Evan",3b,13.17,19492642
2022,"Martinez, J.D.",rf,10.036,19375000
2022,"Abreu, José",1b,8,19131153
2022,"Schwarber, Kyle",lf-dh,6.086,19000000
2022,"Judge, Aaron",rf-dh,5.051,19000000
2022,"Betts, Mookie",rf,7.07,18658692
2022,"Lynn, Lance",rhp-s,10.119,18500000
2022,"Belt, Brandon",1b,10.128,18400000
2022,"Grandal, Yasmani",c,9.115,18250000
2022,"Perez, Salvador",c,10.05,18000000
2022,"Cain, Lorenzo",cf-rf,9.099,18000000
2022,"Keuchel, Dallas",lhp-s,9.031,18000000
2022,"Bryant, Kris",3b,6.171,18000000
2022,"Wainwright, Adam",rhp-s,16.027,17500000
2022,"Soto, Juan",lf,3.134,17100000
2022,"Kershaw, Clayton",lhp-s,13.105,17000000
2022,"Eovaldi, Nathan",rhp-s,10.013,17000000
2022,"Mikolas, Miles",rhp-s,5.037,17000000
2022,"Bellinger, Cody",1b-of,4.16,17000000
2022,"Brantley, Michael",lf,11.131,16000000
2022,"Jansen, Kenley",rhp-c,11.073,16000000
2022,"Chapman, Aroldis",lhp-c,11.009,16000000
2022,"Kimbrel, Craig",rhp,10.161,16000000
2022,"Moustakas, Mike",3b,10.111,16000000
2022,"Crawford, Brandon",ss,10.094,16000000
2022,"Rizzo, Anthony",1b,9.168,16000000
2022,"Ozuna, Marcell",lf,8.124,16000000
2022,"Kikuchi, Yusei",lhp-s,3,16000000
2022,"McCullers Jr., Lance",rhp-s,6.14,15950000
2022,"Marte, Starling",cf,8.162,15750000
2022,"Nola, Aaron",rhp-s,6.076,15500000
2022,"Gregorius, Didi",ss,8.159,15013985
2022,"LeMahieu, D.J.",2b,9.128,15000000
2022,"Gray, Jon",rhp-s,6.062,15000000
2022,"Taylor, Chris",cf,6.037,15000000
2022,"Olson, Matt",1b,4.103,15000000
2022,"Acuña, Ronald",lf,3.159,15000000
2022,"Segura, Jean",2b,9.065,14850000
2022,"Pollock, A.J.",cf,9.052,14500000
2022,"Hendricks, Kyle",rhp-s,7.081,14500000
2022,"Andrus, Elvis",ss,13,14250000
2022,"Britton, Zack",lhp,9.158,14000000
2022,"Rodriguez, Eduardo",lhp-s,6.13,14000000
2022,"Moncada, Yoán",2b-3b,4.106,13800000
2022,"Hendriks, Liam",rhp,7.164,13333333
2022,"Snell, Blake",lhp-s,5.072,13100000
2022,"Greinke, Zack",rhp-s,17.057,13000000
2022,"Smith, Will",lhp,8.155,13000000
2022,"Canha, Mark",1b-lf,6.092,13000000
2022,"Bregman, Alex",3b,5.07,13000000
2022,"Muncy, Max",1b,5.027,13000000
2022,"Wood, Alex",lhp-s,8.123,12500000
2022,"Chapman, Matt",3b,4.109,12500000
2022,"Odor, Rougned",2b,7.121,12333333
2022,"Kiermaier, Kevin",cf,7.131,12166667
2022,"Cruz, Nelson",dh-rf,14.082,12000000
2022,"Carrasco, Carlos",rhp-s,10.147,12000000
2022,"Garcia, Avisaíl",dh-rf,8.167,12000000
2022,"DeSclafani, Anthony",rhp-s,7.062,12000000
2022,"Soler, Jorge",dh-rf,6.143,12000000
2022,"Gray, Sonny",rhp-s,8.061,11825000
2022,"Severino, Luis",rhp-s,5.17,11500000
2022,"Márquez, Germán",rhp-s,5.027,11300000
2022,"Suárez, Eugenio",ss,7.061,11285714
2022,"Devers, Rafael",3b,4.07,11200000
2022,"Berríos, José O.",rhp-s,5.044,11000000
2022,"Hader, Josh",lhp,4.115,11000000
2022,"Hicks, Aaron",of,8.041,10785714
2022,"Hernández, Teoscar",lf,4.097,10650000
2022,"Sanó, Miguel",1b-dh,6.066,10583333
2022,"Santana, Carlos",dh-1b,11.115,10500000
2022,"Grichuk, Randal",cf,7.033,10333333
2022,"Gallo, Joey",of-3b,5.103,10275000
2022,"Díaz, Edwin",rhp-c,5.121,10200000
2022,"Molina, Yadier",c,17.123,10000000
2022,"Minor, Mike",lhp-s,10.138,10000000
2022,"Miley, Wade",lhp-s,10.025,10000000
2022,"Escobar, Eduardo",3b,9.128,10000000
2022,"Pomeranz, Drew",lhp,9.013,10000000
2022,"Pressly, Ryan",rhp,8.039,10000000
2022,"Iglesias, Raisel",rhp-c,6.154,10000000
2022,"Knebel, Corey",rhp,6.151,10000000
2022,"Bell, Josh",1b-rf,5.053,10000000
2022,"Swanson, Dansby",ss,5.047,10000000
2022,"Hayes, Ke'Bryan",3b,1.075,10000000
2022,"Manaea, Sean",lhp-s,5.157,9750000
2022,"Contreras, Willson",c,5.108,9625000
2022,"Anderson, Tim",ss,5.115,9500000
2022,"Duvall, Adam",rf,5.151,9275000
2022,"Buxton, Byron",cf,5.16,9142857
2022,"Bradley, Jackie Jr.",cf,7.15,9139485
2022,"Cobb, Alex",rhp-s,10.061,9000000
2022,"Rosario, Eddie",lf,6.12,9000000
2022,"Sanchez, Gary",c,5.086,9000000
2022,"Bassitt, Chris",rhp,5.13,8650000
2022,"Musgrove, Joe",rhp-s,5.063,8625000
2022,"McCutchen, Andrew",lf,12.123,8500000
2022,"Wong, Kolten",2b,8.045,8500000
2022,"Heaney, Andrew",lhp-s,6.15,8500000
2022,"Matz, Steven",lhp-s,6.099,8500000
2022,"Benintendi, Andrew",lf,5.062,8500000
2022,"Marte, Ketel",cf-2b,5.162,8400000
2022,"McCann, James",c,7.028,8150000
2022,"Barnes, Matt",rhp,6.11,8125000
2022,"Kluber, Corey",rhp-s,9.074,8000000
2022,"Kelly, Joe",rhp,9.029,8000000
2022,"Harris, Will",rhp,8.102,8000000
2022,"d'Arnaud, Travis",c,8.044,8000000
2022,"Odorizzi, Jake",rhp-s,8.042,8000000
2022,"Walker, Taijuan",rhp-s,7.142,8000000
2022,"Peralta, David",lf,7.12,8000000
2022,"Treinen, Blake",rhp,7.065,8000000
2022,"Graveman, Kendall",rhp,6.078,8000000
2022,"Neris, Héctor",rhp,6.068,8000000
2022,"Anderson, Tyler",lhp-s,6.065,8000000
2022,"Frazier, Adam",ss-of,5.075,8000000
2022,"Gurriel, Yulieski",1b,5.043,8000000
2022,"Clevinger, Mike",rhp-s,5.033,8000000
2022,"Urías, Julio",lhp-s,4.117,8000000
2022,"Suzuki, Seiya",of,0,8000000
2022,"Guerrero, Vladimir Jr.",3b,2.157,7900000
2022,"Ahmed, Nick",ss,7.054,7875000
2022,"May, Trevor",rhp,7.012,7750000
2022,"Haniger, Mitch",rf,5.048,7750000
2022,"Hoskins, Rhys",1b,4.053,7700000
2022,"Gibson, Kyle",rhp-s,8.039,7666667
2022,"Renfroe, Hunter",rf,4.165,7650000
2022,"Hernández, Enrique",2b-ss,7.054,7624090
2022,"Piscotty, Stephen",rf,6.076,7583333
2022,"Loup, Aaron",lhp,9.04,7500000
2022,"Schoop, Jonathan",2b-3b,8.027,7500000
2022,"Barnhart, Tucker",c,7.075,7500000
2022,"Mancini, Trey",1b,5.015,7500000
2022,"Giolito, Lucas",rhp-s,4.08,7450000
2022,"Alonso, Pete",1b,3,7400000
2022,"Castillo, Luis",rhp-s,4.101,7350000
2022,"Jiménez, Eloy",rf,3,7333333
2022,"Rogers, Taylor",lhp,5.145,7300000
2022,"Aguilar, Jesús",1b,5.082,7300000
2022,"Senzatela, Antonio",rhp-s,4.106,7250000
2022,"Buehler, Walker",rhp,3.168,7250000
2022,"Wacha, Michael",rhp-s,8.062,7000000
2022,"Zunino, Mike",c,7.165,7000000
2022,"Cron, C.J.",1b-dh,7.097,7000000
2022,"Vázquez, Christian",c,7.031,7000000
2022,"Oberg, Scott",rhp,6.063,7000000
2022,"Tepera, Ryan",rhp,6.008,7000000
2022,"Merrifield, Whit",rf-2b,5.101,7000000
2022,"Nimmo, Brandon",lf,5.042,7000000
2022,"Freeland, Kyle",lhp-s,4.144,7000000
2022,"Happ, Ian",cf,4.036,6850000
2022,"Fried, Max",lhp-s,3.148,6850000
2022,"Woodruff, Brandon",rhp-s,3.161,6800000
2022,"Lorenzen, Michael",rhp-s,6.159,6750000
2022,"Kepler, Max",rf,5.152,6750000
2022,"Reynolds, Bryan",of,2.163,6750000
2022,"Urshela, Giovanny",3b,4.127,6550000
2022,"Profar, Jurickson",2b,7.165,6500000
2022,"Chafin, Andrew",lhp,7.02,6500000
2022,"Burnes, Corbin",rhp-s,3.049,6500000
2022,"Winker, Jesse",lf-rf,4.08,6250000
2022,"Torres, Gleyber",ss,3.162,6250000
2022,"DeJong, Paul",ss,4.127,6166667
2022,"Hudson, Daniel",rhp,11.106,6000000
2022,"Melancon, Mark",rhp-c,11.098,6000000
2022,"Lyles, Jordan",rhp,10.002,6000000
2022,"Gomes, Yan",c,9.083,6000000
2022,"Familia, Jeurys",rhp,9.023,6000000
2022,"Hand, Brad",lhp,8.092,6000000
2022,"Miller, Brad",2b,8.004,6000000
2022,"Paxton, James",lhp-s,7.151,6000000
2022,"Pederson, Joc",cf,7.028,6000000
2022,"Pham, Tommy",lf,6.107,6000000
2022,"Montgomery, Jordan",lhp-s,4.153,6000000
2022,"Crawford, J.P.",ss,3.163,6000000
2022,"Bieber, Shane",rhp-s,3.097,6000000
2022,"Martinez, Nick",rhp-s,3.002,6000000
2022,"Robert, Luis",cf,2,6000000
2022,"Kim, Ha-Seong",2b-ss,1,6000000
2022,"Suarez, Robert",rhp,0,6000000
2022,"Taillon, Jameson",rhp-s,5.11,5800000
2022,"Candelario, Jeimer",3b,4.038,5800000
2022,"Báez, Pedro",rhp,7.059,5750000
2022,"Gonzales, Marco",lhp,4.102,5750000
2022,"Tatis Jr., Fernando",ss,3,5714286
2022,"Margot, Manuel",cf,5.012,5600000
2022,"Eflin, Zach",rhp-s,5.018,5550000
2022,"Pineda, Michael",rhp-s,9.165,5500000
2022,"García, Leury",cf-2b,7.025,5500000
2022,"Ohtani, Shohei",rhp-s,4,5500000
2022,"Voit, Luke",1b,3.169,5450000
2022,"Giles, Ken",rhp,7.113,5250000
2022,"La Stella, Tommy",2b-3b,7.057,5250000
2022,"Leclerc, José",rhp-c,5.041,5250000
2022,"Kelly, Merrill",rhp-s,3,5250000
2022,"Calhoun, Kole",rf,8.13,5200000
2022,"Boyd, Matt",lhp-s,5.136,5200000
2022,"Bader, Harrison",cf,4.03,5200000
2022,"Mahle, Tyler",rhp-s,4.018,5200000
2022,"Glasnow, Tyler",rhp-s,4.158,5100000
2022,"Montas, Frankie",rhp,4.015,5025000
2022,"Hill, Rich",lhp-s,12.127,5000000
2022,"Maldonado, Martín",c,9.156,5000000
2022,"Iglesias, José",ss,9.036,5000000
2022,"Dickerson, Corey",dh-lf,8.101,5000000
2022,"Pérez, Roberto",c,7.083,5000000
2022,"Grossman, Robbie",lf,7.06,5000000
2022,"Rojas, Miguel",ss,7.043,5000000
2022,"Narváez, Omar",c,5.089,5000000
2022,"Polanco, Jorge",2b,5.024,5000000
2022,"Albies, Ozzie",2b,4.062,5000000
2022,"McMahon, Ryan",1b-3b,4.006,5000000
2022,"Flaherty, Jack",rhp-s,4.006,5000000
2022,"Fulmer, Michael",rhp-s,5.157,4950000
2022,"Rosario, Amed",ss-of,4.062,4950000
2022,"Gurriel, Lourdes",2b,3.094,4928571
2022,"Keller, Brad",rhp-s,4,4825000
2022,"Lamet, Dinelson",rhp-s,4.13,4775000
2022,"Castro, Jason",c,11.104,4750000
2022,"Dozier, Hunter",3b,4.06,4750000
2022,"Kiner-Falefa, Isiah",ss,4,4700000
2022,"Adames, Willy",ss,3.105,4600000
2022,"Wendle, Joey",3b-2b,4.088,4550000
2022,"Reyes, Franmil",rf,3.115,4550000
2022,"Kennedy, Ian",rhp,12.124,4500000
2022,"Richards, Garrett",rhp,9.148,4500000
2022,"Villar, Jonathan",2b,7.113,4500000
2022,"García, Yimi",rhp,6.149,4500000
2022,"Taylor, Michael A.",cf,6.129,4500000
2022,"Solano, Donovan",2b-3b,6.081,4500000
2022,"Anderson, Brian",3b,4.031,4475000
2022,"Díaz, Aledmys",ss,5.1,4450000
2022,"Bard, Daniel",rhp,5.103,4400000
2022,"Smyly, Drew",lhp-s,9.143,4250000
2022,"Raley, Brooks",lhp,2.045,4250000
2022,"Colomé, Alex",rhp,7.118,4100000
2022,"Naquin, Tyler",rf,5.033,4025000
2022,"Stammen, Craig",rhp,10.16,4000000
2022,"Ottavino, Adam",rhp,10.087,4000000
2022,"Harrison, Josh",2b,9.168,4000000
2022,"Simmons, Andrelton",ss,9.122,4000000
2022,"Pérez, Martín",lhp-s,9.038,4000000
2022,"Hernández, César",2b,7.154,4000000
2022,"McHugh, Collin",rhp,7.085,4000000
2022,"Bundy, Dylan",rhp-s,6.026,4000000
2022,"Hedges, Austin",c,5.166,4000000
2022,"Green, Chad",rhp,5.05,4000000
2022,"Fletcher, David",ss,3.111,4000000
2022,"Meadows, Austin",rf,3.074,4000000
2022,"Lowe, Brandon",2b-of,3.058,4000000
2022,"Tsutsugo, Yoshitomo",3b-of,1.146,4000000
2022,"Tapia, Raimel",of,4.02,3950000
2022,"Smith, Dominic",1b,3.146,3950000
2022,"Riley, Austin",3b,2.138,3950000
2022,"Lugo, Seth",rhp-s,5.082,3925000
2022,"Williams, Trevor",rhp-s,5.026,3900000
2022,"Yarbrough, Ryan",lhp-s,3.147,3850000
2022,"Duffey, Tyler",rhp,5.074,3800000
2022,"Alcantara, Sandy",rhp-s,3.1,3800000
2022,"Stripling, Ross",rhp,5.115,3790000
2022,"Bradley, Archie",rhp,6.112,3750000
2022,"Kahnle, Tommy",rhp,6.131,3725000
2022,"Yastrzemski, Mike",of,2.128,3700000
2022,"Jackson, Luke",rhp,5.019,3600000
2022,"Verdugo, Alex",of,3.078,3550000
2022,"Robertson, David",rhp,12.104,3500000
2022,"Diekman, Jake",lhp,9.05,3500000
2022,"Flores, Wilmer",2b-3b,8.003,3500000
2022,"Givens, Mychal",rhp,6.069,3500000
2022,"Piña, Manny",c,6.046,3500000
2022,"O'Neill, Tyler",lf,3.059,3400000
2022,"Garver, Mitch",c,4.045,3335000
2022,"Kelly, Carson",c,3.161,3325000
2022,"Maeda, Kenta",rhp-s,6,3275000
2022,"García, Luis",rhp,6.007,3250000
2022,"Choi, Ji-Man",1b,4.076,3200000
2022,"Farmer, Kyle",c,3.129,3155000
2022,"Santander, Anthony",rf,3.162,3150000
2022,"Steckenrider, Drew",rhp,4.094,3100000
2022,"Flexen, Chris",rhp-s,1.107,3050000
2022,"Estévez, Carlos",rhp,5.022,3025000
2022,"Duffy, Danny",lhp-s,10.085,3000000
2022,"Bass, Anthony",rhp,7.01,3000000
2022,"Velasquez, Vincent",rhp-s,6.086,3000000
2022,"Diaz, Elias",c,5.088,3000000
2022,"Kuhl, Chad",rhp-s,5.079,3000000
2022,"Strahm, Matt",lhp,5.064,3000000
2022,"Stassi, Max",c,5.049,3000000
2022,"Ruf, Darin",1b-of,4.138,3000000
2022,"Mondesi, Adalberto",ss,4.088,3000000
2022,"Floro, Dylan",rhp,4.053,3000000
2022,"Trivino, Lou",rhp,3.163,3000000
2022,"McNeil, Jeff",2b,3.069,3000000
2022,"Valdez, Framber",lhp,2.163,3000000
2022,"Johnson, Pierce",rhp,2.137,3000000
2022,"Means, John",lhp-s,3.007,2950000
2022,"Weaver, Luke",rhp,4.112,2875000
2022,"Reyes, Alex",rhp-s,4.056,2850000
2022,"Soroka, Mike",rhp-s,3.146,2800000
2022,"Díaz, Yandy",3b,3.122,2800000
2022,"Davis, J.D.",3b,3.137,2760000
2022,"Archer, Chris",rhp-s,8.156,2750000
2022,"Montero, Rafael",rhp,5.138,2725000
2022,"Pinder, Chad",2b-of,5.047,2725000
2022,"Alfaro, Jorge",c,4.083,2725000
2022,"Suter, Brent",lhp,4.161,2700000
2022,"Stratton, Chris",rhp-s,4.1,2700000
2022,"Barnes, Austin",c,5.098,2650000
2022,"Pivetta, Nick",rhp-s,3.166,2650000
2022,"López, Reynaldo",rhp-s,4.004,2625000
2022,"Castro, Miguel",rhp,5.079,2620000
2022,"Casali, Curt",c,5.151,2600000
2022,"Walker, Christian",1b,3.124,2600000
2022,"Lopez, Nicky",2b,2.139,2550000
2022,"Urías, Luis",2b-ss,2.12,2550000
2022,"Bote, David",2b,3.1,2510000
2022,"Quantrill, Cal",rhp-s,2.132,2510000
2022,"Pujols, Albert",dh-1b,21,2500000
2022,"Smith, Joe",rhp,13.091,2500000
2022,"McGee, Jake",lhp,10.127,2500000
2022,"Shaw, Bryan",rhp,9.152,2500000
2022,"McFarland, T.J.",lhp,7.072,2500000
2022,"Martin, Chris",rhp,4.133,2500000
2022,"Cooper, Garrett",rf-1b,4.053,2500000
2022,"Bummer, Aaron",lhp,3.15,2500000
2022,"VerHagen, Drew",rhp-s,3.066,2500000
2022,"Rodríguez, Joely",lhp,2.096,2500000
2022,"Peralta, Freddy",rhp-s,3.09,2484960
2022,"Stallings, Jacob",c,3.149,2450000
2022,"López, Pablo",rhp-s,3.093,2450000
2022,"Lauer, Eric",lhp,3.033,2425000
2022,"Houser, Adrian",rhp-s,3.01,2425000
2022,"Gallegos, Giovanny",rhp,3.085,2410000
2022,"Ross, Joe",rhp-s,5.018,2400000
2022,"Barlow, Scott",rhp,3.03,2400000
2022,"Wilson, Justin",lhp,9.035,2300000
2022,"Pagán, Emilio",rhp,4.091,2300000
2022,"Robles, Hansel",rhp,6.119,2250000
2022,"Leone, Dominic",rhp,5.168,2250000
2022,"Plawecki, Kevin",c,5.167,2250000
2022,"Bleier, Richard",lhp,5.074,2250000
2022,"Paddack, Chris",rhp-s,3,2250000
2022,"Kemp, Tony",2b-of,4.098,2225000
2022,"Minter, A.J.",lhp,3.154,2200000
2022,"Wisler, Matt",rhp-s,5.042,2160000
2022,"Peralta, Wandy",lhp,4.168,2150000
2022,"Mayers, Mike",rhp,4.02,2150000
2022,"Castillo, Diego",rhp,3.118,2150000
2022,"Fedde, Erick",rhp,3.099,2150000
2022,"Hembree, Heath",rhp,6.096,2125000
2022,"Arraez, Luis",2b,2.121,2125000
2022,"Biggio, Cavan",2b,2.129,2112500
2022,"Holland, Greg",rhp,9.163,2100000
2022,"Stanek, Ryne",rhp,4.038,2100000
2022,"Goodrum, Niko",ss,4.031,2100000
2022,"Laureano, Ramon",cf,3.014,2046154
2022,"Garrett, Amir",lhp,4.099,2025000
2022,"Sanchez, Anibal",rhp-s,14.083,2000000
2022,"Romo, Sergio",rhp,13.097,2000000
2022,"Quintana, Jose",lhp-s,9.133,2000000
2022,"Smith, Caleb",lhp-s,4.078,2000000
2022,"Engel, Adam",of,4.058,2000000
2022,"Caratini, Victor",c,4.051,2000000
2022,"Plesac, Zach",rhp,2.086,2000000
2022,"Jansen, Danny",c,3.05,1950000
2022,"Newman, Kevin",2b,3.046,1950000
2022,"Tellez, Rowdy",1b,3.004,1940000
2022,"Alvarado, José",lhp,4.088,1900000
2022,"Cisnero, José",rhp,4.02,1900000
2022,"Clase, Emmanuel",rhp-c,1.059,1900000
2022,"Hampson, Garrett",2b-ss,3.03,1862500
2022,"Slater, Austin",of,3.147,1850000
2022,"Kittredge, Andrew",rhp,3.07,1850000
2022,"Strickland, Hunter",rhp,6.033,1825000
2022,"Peterson, Jace",2b-3b,5.142,1825000
2022,"Gamel, Ben",cf,5.02,1800000
2022,"Cessa, Luis",rhp,4.131,1800000
2022,"Jiménez, Joe",rhp,4.061,1790000
2022,"Suzuki, Kurt",c,14.113,1750000
2022,"Cishek, Steve",rhp,10.143,1750000
2022,"Phelps, David",rhp,9.156,1750000
2022,"Boxberger, Brad",rhp,8.033,1750000
2022,"Norris, Daniel",lhp,6.073,1750000
2022,"Culberson, Charlie",inf,6.051,1750000
2022,"Herrera, Odúbel",cf,5.077,1750000
2022,"Germán, Domingo",rhp-s,3.017,1750000
2022,"Sewald, Paul",rhp,3.072,1735000
2022,"García, Jarlín",lhp,4.114,1725000
2022,"Robles, Victor",of,3.033,1650000
2022,"Loáisiga, Jonathan",rhp,3.022,1650000
2022,"Straw, Myles",cf,2.112,1650000
2022,"Alberto, Hanser",2b,5.085,1600000
2022,"Arcia, Orlando",ss,4.112,1600000
2022,"Sawamura, Hirokazu",rhp,1,1600000
2022,"Murphy, Tom",c,4.092,1575000
2022,"Cimber, Adam",rhp,3.156,1575000
2022,"Maton, Phil",rhp,4.047,1550000
2022,"Doolittle, Sean",lhp,9.122,1500000
2022,"Adrianza, Ehire",ss,7.131,1500000
2022,"Álvarez, Jose",lhp,7.035,1500000
2022,"Duffy, Matt",ss,6.059,1500000
2022,"Shaw, Travis",3b,6.053,1500000
2022,"Davies, Zach",rhp-s,6.02,1500000
2022,"Shreve, Chasen",lhp,5.158,1500000
2022,"Frazier, Clint",of,3.149,1500000
2022,"López, Jorge",rhp-s,3.102,1500000
2022,"Turnbull, Spencer",rhp-s,3.02,1500000
2022,"Jackson, Jay",rhp,0.17,1500000
2022,"Mejía, Francisco",c,3.062,1455000
2022,"Franco, Wander",ss,0.104,1454546
2022,"Brasier, Ryan",rhp,4.109,1400000
2022,"Camargo, Johan",2b,3.161,1400000
2022,"Luplow, Jordan",of,3.112,1400000
2022,"Reyes, Victor",rf,3.075,1400000
2022,"Matzek, Tyler",lhp,3.019,1400000
2022,"Phillips, Brett",of,3.013,1400000
2022,"Brooks, Aaron",rhp-s,2.102,1400000
2022,"White, Evan",1b,2,1400000
2022,"Moore, Dylan",3b,3,1350000
2022,"Hernandez, Elieser",rhp,3.118,1325000
2022,"Hill, Tim",lhp,3.112,1325000
2022,"Marisnick, Jake",cf,7.132,1300000
2022,"Thielbar, Caleb",lhp,3.131,1300000
2022,"Zimmer, Bradley",of,3.077,1300000
2022,"Calhoun, Willie",2b,3.033,1300000
2022,"O'Hearn, Ryan",1b,3.002,1300000
2022,"Stephenson, Robert",rhp,4.049,1280000
2022,"Castro, Harold",3b,2.141,1275000
2022,"Garcia, Luis",rhp-s,1.083,1251500
2022,"Chavez, Jesse",rhp,11.038,1250000
2022,"Chacín, Jhoulys",rhp-s,10.087,1250000
2022,"Franco, Maikel",3b,6.132,1250000
2022,"Ureña, José",rhp-s,6.04,1250000
2022,"Jankowski, Travis",cf,5.028,1250000
2022,"Ramirez, Noé",rhp,4.083,1250000
2022,"Crick, Kyle",rhp,4.047,1250000
2022,"Mayza, Tim",lhp,2.156,1250000
2022,"Senzel, Nick",of-3b,2.15,1250000
2022,"Wittgren, Nick",rhp,5.071,1200000
2022,"Arroyo, Christian",3b,3.036,1200000
2022,"Sims, Lucas",rhp,3.014,1200000
2022,"Berti, Jon",3b,2.168,1200000
2022,"Naylor, Josh",lf-1b,2.127,1200000
2022,"Torrens, Luis",c,2.118,1200000
2022,"Chirinos, Yonny",rhp-s,3.137,1175000
2022,"Garneau, Dustin",c,3.015,1175000
2022,"Lucchesi, Joey",lhp-s,3.067,1150000
2022,"Barnes, Jacob",rhp,4.157,1130000
2022,"Gonzalez, Marwin",rf-1b,9.128,1100000
2022,"Holmes, Clay",rhp,3.031,1100000
2022,"Hudson, Dakota",rhp-s,3.066,1050000
2022,"Scott, Tanner",lhp,3.059,1050000
2022,"Hearn, Taylor",lhp,2.14,1050000
2022,"Sadler, Casey",rhp,3.035,1025000
2022,"Kinley, Tyler",rhp,3.014,1025000
2022,"Martin, Brett",lhp,2.151,1025000
2022,"Taylor, Josh",lhp,2.121,1025000
2022,"O'Day, Darren",rhp,13.103,1000000
2022,"Escobar, Alcides",ss,10.003,1000000
2022,"Owings, Chris",ss,7.131,1000000
2022,"Yates, Kirby",rhp,7.021,1000000
2022,"Dickerson, Alex",lf,5.12,1000000
2022,"Heredia, Guillermo",of,4.112,1000000
2022,"Moran, Colin",3b,4.107,1000000
2022,"Armstrong, Shawn",rhp,3.129,1000000
2022,"Richards, Trevor",rhp-s,3.084,1000000
2022,"Coulombe, Daniel",lhp,3.008,979500
2022,"Clarke, Taylor",rhp,2.106,975000
2022,"Severino, Pedro",c,4.099,950000
2022,"Springs, Jeffrey",lhp,3.055,947500
2022,"Hicks, Jordan",rhp-s,4,937500
2022,"Muñoz, Andrés",rhp,2.08,937500
2022,"Higashioka, Kyle",c,3.005,935000
2022,"Hoffman, Jeff",rhp-s,3.105,925000
2022,"Adams, Austin L.",rhp,3.015,925000
2022,"Luetge, Lucas",lhp,3.015,905000
2022,"Chirinos, Robinson",c,9.022,900000
2022,"Thornburg, Tyler",rhp,6.115,900000
2022,"Drury, Brandon",3b,5.001,900000
2022,"Maile, Luke",c,4.132,900000
2022,"Newcomb, Sean",lhp-s,3.121,900000
2022,"Arano, Victor",rhp,2.022,900000
2022,"Adam, Jason",rhp,1.129,900000
2022,"Nido, Tomás",c,3.089,890000
2022,"Gallagher, Cam",c,3.106,885000
2022,"Guillorme, Luis",inf,2.167,875000
2022,"Voth, Austin",rhp,2.127,875000
2022,"Rainey, Tanner",rhp,2.127,860000
2022,"Pérez, Oliver",lhp,16.125,850000
2022,"Lowrie, Jed",2b,13.111,850000
2022,"Vogt, Stephen",1b-c,8.064,850000
2022,"Farmer, Buck",rhp,5.018,850000
2022,"Fry, Paul",lhp,3.075,850000
2022,"Thornton, Trent",rhp-s,2.13,850000
2022,"Anderson, Nick",rhp,3,845000
2022,"Brebbia, John",rhp,4.057,837500
2022,"Wendelken, J.B.",rhp,3.028,830000
2022,"Bush, Matt",rhp,3.132,825000
2022,"Wade, Tyler",2b,3.088,825000
2022,"Borucki, Ryan",lhp-s,3.06,825000
2022,"Guerra, Deolis",rhp,3.071,815000
2022,"Strange-Gordon, Dee",2b-cf,8.154,800000
2022,"Grimm, Justin",rhp,6.05,800000
2022,"Knapp, Andrew",c,5,800000
2022,"Hutchison, Drew",rhp-s,4.13,800000
2022,"Vogelbach, Dan",1b,3.138,800000
2022,"McKinney, Billy",of,2.107,800000
2022,"Dobnak, Randy",rhp,2.043,800000
2022,"Allen, Greg",of,2.03,800000
2022,"Bemboom, Anthony",c,1.081,780000
2022,"Alvarez, Yordan",1b-of,2.113,764600
2022,"Tucker, Kyle",of,2.079,764200
2022,"Ferguson, Caleb",lhp,3.093,762500
2022,"Lambert, Peter",rhp,2.116,762500
2022,"Sheffield, Justus",lhp,2.053,760800
2022,"India, Jonathan",2b,1,760000
2022,"Lewis, Kyle",of,2.02,757900
2022,"Cronenworth, Jake",lf-rhp,2,757200
2022,"Beeks, Jalen",lhp,3.07,750000
2022,"Smith, Drew",rhp,3.034,750000
2022,"Cease, Dylan",rhp,2.089,750000
2022,"Blach, Ty",lhp-s,2.065,750000
2022,"Javier, Cristian",rhp-s,2,749100
2022,"Urquidy, José",rhp-s,2.049,748700
2022,"Gallen, Zac",rhp-s,2.1,745600
2022,"Mills, Alec",rhp,2.097,741250
2022,"Oretga, Rafael",lf,1.145,738500
2022,"France, Ty",3b,2.089,734500
2022,"Heuer, Codi",rhp,2,734000
2022,"Taylor, Blake",lhp,2,731800
2022,"Rojas, Josh",2b,1.152,730900
2022,"Toro, Abraham",3b,1.162,730300
2022,"Beaty, Matt",1b,2.115,730000
2022,"Suárez, Ranger",lhp,2.112,730000
2022,"Duggar, Steven",of,2.11,730000
2022,"Beede, Tyler",rhp,2.106,730000
2022,"Smith, Will",c,2.09,730000
2022,"Canning, Griffin",rhp,2.075,730000
2022,"May, Dustin",rhp,2.059,730000
2022,"Littell, Zack",rhp,2.059,730000
2022,"Webb, Logan",rhp-s,2.044,730000
2022,"Ríos, Edwin",3b,2.043,730000
2022,"Kopech, Michael",rhp,2.041,730000
2022,"Barría, Jaime",rhp,2.035,730000
2022,"Wade, LaMonte",lf,2.035,730000
2022,"Rogers, Tyler",rhp,2.034,730000
2022,"Walsh, Jared",1b-rf,2.01,730000
2022,"Wisdom, Patrick",3b-1b,1.058,730000
2022,"Mazza, Chris",rhp,1.055,730000
2022,"Katoh, Gosuke",2b,0,730000
2022,"Grisham, Trent",cf,2.06,729300
2022,"Romano, Jordan",rhp,2.051,728400
2022,"Ramirez, Harold",of,2.124,728000
2022,"Staumont, Josh",rhp,2.072,728000
2022,"Domínguez, Seranthony",rhp,3.131,727500
2022,"Cortes, Nestor",lhp-s,2.094,727500
2022,"Nola, Austin",c,2.106,726900
2022,"VanMeter, Josh",2b,2.062,726800
2022,"Singer, Brady",rhp-s,2,726250
2022,"Finnegan, Kyle",rhp,2,725900
2022,"Gott, Trevor",rhp,3.057,725000
2022,"Howard, Sam",lhp,2.115,725000
2022,"Chavis, Michael",3b,2.089,725000
2022,"Alford, Anthony",cf,2.053,725000
2022,"Underwood, Duane",rhp,2.044,725000
2022,"Murphy, Sean",c,2.029,725000
2022,"Keller, Mitch",rhp,2.026,725000
2022,"Banda, Anthony",lhp,2.008,725000
2022,"Brubaker, JT",rhp,2,725000
2022,"Wick, Rowan",rhp,2.114,724000
2022,"Thomas, Lane",cf,2.014,723600
2022,"Bichette, Bo",ss,2.063,723550
2022,"Edman, Tommy",2b,2.114,722900
2022,"Smith, Pavin",1b,1.05,722900
2022,"King, Michael",rhp,2.004,722500
2022,"Helsley, Ryan",rhp,2.105,722450
2022,"Soto, Gregory",lhp,2.102,722400
2022,"McGuire, Reese",c,2.027,722400
2022,"Rogers, Trevor",lhp,1.093,722000
2022,"Varsho, Daulton",c,1.128,721700
2022,"Crismatt, Nabil",rhp,1.033,721500
2022,"Stashak, Cody",rhp,2.064,720400
2022,"Allard, Kolby",lhp,2.114,720000
2022,"Davis, Austin",lhp,2.098,720000
2022,"Santana, Dennis",rhp,2.095,720000
2022,"Trevino, Jose",c,2.063,720000
2022,"Ruiz, José",rhp,2.048,720000
2022,"Hernández, Jonathan",rhp,2.041,720000
2022,"Solak, Nick",2b,2.028,720000
2022,"Dunn, Justin",rhp,2.02,720000
2022,"Hoerner, Nico",2b,2.014,720000
2022,"Aquíno, Aristides",rf,2.005,720000
2022,"Antone, Tejay",rhp,2,720000
2022,"Graterol, Brusdar",rhp,1.167,720000
2022,"Ward, Taylor",3b,1.164,720000
2022,"Mayfield, Jack",2b,1.163,720000
2022,"Ynoa, Huascar",rhp,1.16,720000
2022,"Gonsolin, Tony",rhp,1.152,720000
2022,"Sandoval, Patrick",lhp,1.149,720000
2022,"Phillips, Evan",rhp,1.136,720000
2022,"Suarez, José",lhp,1.12,720000
2022,"Lux, Gavin",ss,1.114,720000
2022,"González, Victor",lhp,1.103,720000
2022,"Vesia, Alex",lhp,1.103,720000
2022,"Herget, Jimmy",rhp,1.074,720000
2022,"Wright, Kyle",rhp-s,1.062,720000
2022,"Stephenson, Tyler",c,1.056,720000
2022,"Quijada, José",lhp,1.046,720000
2022,"Adell, Jo",of,1.044,720000
2022,"Whitlock, Garrett",rhp,1,720000
2022,"Abreu, Bryan",rhp,1.022,719600
2022,"Cabrera, Génesis",lhp,2.04,719200
2022,"Knizner, Andrew",c,2.021,718300
2022,"Alzolay, Adbert",rhp-s,1.05,718250
2022,"Espinal, Santiago",2b,1.149,718000
2022,"Chisholm, Jazz",ss,1.075,718000
2022,"Alcala, Jorge",rhp,2.014,717900
2022,"Coonrod, Sam",rhp,2.078,717500
2022,"Reid-Foley, Sean",rhp,1.088,717500
2022,"Poppen, Sean",rhp,1.016,717400
2022,"Wieck, Brad",lhp,2.085,717000
2022,"Mantiply, Joe",lhp,1.049,717000
2022,"Civale, Aaron",rhp,2.058,716900
2022,"Alexander, Tyler",lhp,2.058,716900
2022,"Arozarena, Randy",lf,1.129,716600
2022,"Mullins, Cedric",cf,2.078,716500
2022,"Madrigal, Nick",2b,1.164,716500
2022,"Espino, Paolo",rhp,1.074,716200
2022,"Lowe, Nate",1b,1.145,716000
2022,"Houck, Tanner",rhp,0.1,716000
2022,"Sosa, Edmundo",ss,1.14,715600
2022,"Lúzardo, Jesus",lhp-s,1.165,715000
2022,"Estrada, Thairo",2b-ss,1.158,715000
2022,"Tucker, Cole",ss,1.145,715000
2022,"Peters, Dillon",lhp,1.144,715000
2022,"Dubón, Mauricio",ss,1.142,715000
2022,"Bohm, Alec",rhp,1.106,715000
2022,"Brogdon, Connor",rhp,1.081,715000
2022,"Bednar, David",rhp,1.076,715000
2022,"Wilson, Bryse",rhp-s,1.076,715000
2022,"Cederlind, Blake",rhp,1.036,715000
2022,"Crochet, Garrett",lhp,1.028,715000
2022,"Crowe, Wil",rhp,1.011,715000
2022,"Vaughn, Andrew",1b,1,715000
2022,"Oviedo, Luis",rhp,1,715000
2022,"Misiewicz, Anthony",lhp,2,714900
2022,"Williams, Devin",rhp,2.056,714500
2022,"Karinchak, James",rhp,1.169,714500
2022,"Fairbanks, Pete",rhp,2.057,714400
2022,"Whitley, Kodi",rhp,1.115,714350
2022,"Woodford, Jake",rhp,1.115,714350
2022,"Mize, Casey",rhp-s,1.111,714200
2022,"Mendick, Danny",ss,1.152,714000
2022,"Collins, Zack",c,1.149,714000
2022,"Sborz, Josh",rhp,1.113,714000
2022,"Heim, Jonah",c,1.097,714000
2022,"García, Adolis",rf,1.095,714000
2022,"Howard, Spencer",rhp,1.088,714000
2022,"Dunning, Dane",rhp,1.083,714000
2022,"Dalbec, Bobby",3b,1.081,714000
2022,"King, John",lhp,1.067,714000
2022,"Burke, Brock",lhp,1.065,714000
2022,"White, Eli",2b,1.065,714000
2022,"Hernandez, Yadiel",lf,1.028,714000
2022,"Bubic, Kris",lhp-s,1.148,713750
2022,"Castellanos, Humberto",rhp,0.158,713700
2022,"Skubal, Tarik",lhp,1.114,713600
2022,"Kieboom, Carter",ss,1.086,713400
2022,"Jeffers, Ryan",c,1.089,713050
2022,"Hays, Austin",lf,2.057,713000
2022,"Bender, Anthony",rhp,0.153,713000
2022,"Schmidt, Clarke",rhp,1.01,712500
2022,"Murphy, Patrick",rhp,1.002,712500
2022,"Alcántara, Sergio",ss,0.168,712500
2022,"Gilbert, Logan",rhp,0.144,712300
2022,"Rasmussen, Drew",rhp,1.111,711800
2022,"Swanson, Erik",rhp,2.096,711600
2022,"Stewart, DJ",of,2.065,711500
2022,"Tate, Dillon",rhp,2.048,711500
2022,"Ramirez, Yohan",rhp,1.089,711400
2022,"McClanahan, Shane",lhp,0.158,711400
2022,"Brentz, Jake",lhp,1,711250
2022,"Merryweather, Julian",rhp,1.114,711200
2022,"Taylor, Tyrone",of,1.093,711100
2022,"Sulser, Cole",rhp,2.028,711000
2022,"Burr, Ryan",rhp,1.143,711000
2022,"Foster, Matt",rhp,1.129,711000
2022,"Mountcastle, Ryan",ss,1.105,711000
2022,"Chargois, JT",rhp,2.101,710500
2022,"Zuber, Tyler",rhp,1.087,710500
2022,"Meyers, Jake",lf,0.065,710500
2022,"Haase, Eric",c,1.072,710400
2022,"Kirk, Alejandro",c,1.047,710400
2022,"Pearson, Nate",rhp,1.061,710300
2022,"Funkhouser, Kyle",rhp,1.133,710200
2022,"Gomber, Austin",lhp,2.111,710000
2022,"Rodgers, Brendan",ss,2.075,710000
2022,"Blackburn, Paul",rhp,2.018,710000
2022,"Valdez, Phillips",rhp,1.166,710000
2022,"Fraley, Jake",cf,1.097,710000
2022,"Anderson, Ian",rhp,1.094,710000
2022,"Araúz, Jonathan",ss,1.06,710000
2022,"Schrock, Max",2b,1.013,710000
2022,"Cleavinger, Garrett",lhp,0.168,710000
2022,"Davidson, Tucker",lhp,0.13,710000
2022,"Contreras, William",c,0.112,710000
2022,"White, Mitchell",rhp,0.099,710000
2022,"Rojas, Jose",3b,0.095,710000
2022,"Rodriguez, Chris",rhp,0.085,710000
2022,"Pache, Cristian",of,0.079,710000
2022,"Marsh, Brandon",of,0.078,710000
2022,"Warren, Austin",rhp,0.068,710000
2022,"Bruihl, Justin",lhp,0.057,710000
2022,"Detmers, Reid",lhp-s,0.055,710000
2022,"Ortega, Oliver",rhp,0.033,710000
2022,"Criswell, Cooper",rhp,0.004,710000
2022,"Strider, Spencer",rhp,0.003,710000
2022,"Mercado, Oscar",of,2.054,709900
2022,"Mateo, Jorge",rf,2,709500
2022,"Akin, Keegan",lhp,1.083,709500
2022,"Baddoo, Akii",of,1,709400
2022,"Okert, Steven",lhp,1.109,709000
2022,"Sánchez, Jesús",of,0.103,709000
2022,"Hernández, Carlos",rhp-s,1.043,708750
2022,"Payamps, Joel",rhp,1.027,708750
2022,"Feyereisen, J.P.",rhp,1.108,708600
2022,"Kirilloff, Alex",of,0.165,708250
2022,"Machado, Andres",rhp,0.12,708200
2022,"Sherriff, Ryan",lhp,1.029,708000
2022,"Gutierrez, Vladimir",rhp,0.127,707500
2022,"Abreu, Albert",rhp,0.114,707500
2022,"Bart, Joey",c,0.112,707500
2022,"Megill, Tylor",rhp,0.102,707500
2022,"Rortvedt, Ben",c,0.1,707500
2022,"Saucedo, Tayler",lhp,0.095,707500
2022,"Fleming, Josh",lhp,1.076,707400
2022,"Patiño, Luis",rhp,1.058,707400
2022,"McKenzie, Triston",rhp,1.074,707100
2022,"Hermosillo, Michael",of,1.064,707000
2022,"Gordon, Nick",ss,0.136,706800
2022,"Adams, Riley",c,0.092,706700
2022,"Giménez, Andrés",ss,1.106,706600
2022,"Gutiérrez, Kelvin",3b,1.157,706500
2022,"Norwood, James",rhp,1.089,706400
2022,"Cousins, Jake",rhp,0.105,706400
2022,"Brosseau, Mike",3b,2.031,706300
2022,"Rogers, Jake",c,1.04,706300
2022,"Jones, Taylor",1b,0.144,706200
2022,"Manoah, Alek",rhp,0.13,706200
2022,"Ober, Bailey",rhp,0.124,706200
2022,"Kelenic, Jarred",of,0.105,706200
2022,"Nelson, Nick",rhp,1.049,706000
2022,"Thompson, Keegan",rhp,0.131,706000
2022,"Ibáñez, Andy",3b,0.122,706000
2022,"Sheets, Gavin",1b,0.076,706000
2022,"De La Cruz, Bryan",rf,0.066,706000
2022,"Head, Louis",rhp,0.065,706000
2022,"Olivares, Edward",cf,1.045,705500
2022,"Zimmerman, Bruce",lhp-s,1.031,705500
2022,"Urias, Ramón",2b,1.025,705500
2022,"Kremer, Dean",rhp,0.112,705500
2022,"Schwindel, Frank",1b,0.094,705500
2022,"Chang, Yu-Cheng",ss,2.007,705400
2022,"Manning, Matt",rhp,0.098,705300
2022,"Nootbaar, Lars",rf,0.087,705200
2022,"Milner, Hoby",lhp,2.064,705100
2022,"Hiura, Keston",2b,2.029,705100
2022,"Martin, Corbin",rhp,1.044,705100
2022,"Hilliard, Sam",rf,1.144,705000
2022,"Puk, A.J.",lhp,1.124,705000
2022,"Irvin, Cole",lhp-s,1.12,705000
2022,"Brown, Seth",1b,1.104,705000
2022,"Daza, Yonathan",of,1.101,705000
2022,"Pérez, Cionel",lhp,1.079,705000
2022,"Nuñez, Dom",c,1.048,705000
2022,"Allen, Austin",c,1.017,705000
2022,"Castano, Daniel",lhp,1.009,705000
2022,"Kaprielian, James",rhp,1.004,705000
2022,"Goudeau, Ashton",rhp,1,705000
2022,"Sheffield, Jordan",rhp,1,705000
2022,"Steele, Justin",lhp,0.143,705000
2022,"Romero, Seth",lhp,0.128,705000
2022,"Thompson, Zach",rhp,0.121,705000
2022,"Mears, Nick",rhp,0.113,705000
2022,"Fletcher, Aaron",lhp,0.092,705000
2022,"Park, Hoy Jun",2b,0.064,705000
2022,"Yajure, Miguel",rhp,0.055,705000
2022,"Reed, Jake",rhp,0.051,705000
2022,"Kranick, Max",rhp,0.03,705000
2022,"Guerra, Javier",ss,2.052,704900
2022,"Hill, Derek",cf,1.01,704900
2022,"García, Rony",rhp,1.142,704800
2022,"Baez, Michel",rhp,1.104,704700
2022,"Morejon, Adrian",lhp,2.013,704500
2022,"Stubbs, Garrett",c,1.104,704500
2022,"Wells, Tyler",rhp,1,704500
2022,"Ashby, Aaron",lhp,0.046,704500
2022,"Bukauskas, J.B.",rhp,0.1,704100
2022,"Poteet, Cody",rhp,0.143,704000
2022,"McKenna, Ryan",of,0.137,704000
2022,"Barlow, Joe",rhp,0.103,704000
2022,"Walls, Taylor",ss,0.083,704000
2022,"Vierling, Matt",of,0.043,704000
2022,"Siri, Jose",of,0.031,704000
2022,"Carlson, Dylan",cf,1.104,703800
2022,"McCormick, Chas",rf,1,703800
2022,"Long, Sam",lhp,0.074,703750
2022,"Doval, Camilo",rhp,0.071,703750
2022,"Lange, Alex",rhp,0.112,703700
2022,"Lynch, Daniel",lhp-s,0.083,703600
2022,"Gray, Josiah",rhp-s,0.075,703500
2022,"Stephan, Trevor",rhp,1,703400
2022,"Romero, Jojo",lhp,1.117,703000
2022,"Falter, Bailey",lhp,0.119,703000
2022,"Mercedes, Yermín",dh-c,0.1,703000
2022,"Guenther, Sean",lhp,0.06,703000
2022,"Gose, Anthony",lhp,2.139,702900
2022,"Raleigh, Cal",c,0.085,702900
2022,"Ellis, Drew",3b,0.042,702900
2022,"Celestino, Gilberto",cf,0.057,702850
2022,"Hentges, Sam",lhp,0.157,702500
2022,"Warren, Art",rhp,0.146,702500
2022,"Barrero (Garcia), Jose",ss,0.129,702500
2022,"Hendrix, Ryan",rhp,0.097,702500
2022,"Santillan, Tony",rhp,0.09,702500
2022,"Rucker, Michael",rhp,0.066,702500
2022,"Ridings, Stephen",rhp,0,702500
2022,"McCarthy, Jake",lf,0.038,702400
2022,"Bradley, Bobby",1b,0.144,702300
2022,"Topa, Justin",rhp,1.058,702200
2022,"Thompson, Mason",rhp,0.08,702200
2022,"Morgan, Eli",rhp,0.108,702100
2022,"Emanuel, Kent",lhp,0.164,702000
2022,"Devers, José",ss,0.151,702000
2022,"Gilbreath, Lucas",lhp,0.148,702000
2022,"Joe, Connor",1b,0.136,702000
2022,"Speier, Gabe",lhp,0.124,702000
2022,"Trejo, Alan",ss,0.055,702000
2022,"Kowar, Jackson",rhp-s,0.049,702000
2022,"Henry, Payton",c,0.017,702000
2022,"Crawford, Kutter",rhp,0.002,702000
2022,"Isbel, Kyle",of,0.043,701900
2022,"Allen, Logan",lhp,0.162,701700
2022,"Sandlin, Nick",rhp,0.157,701700
2022,"Ryan, Joe",rhp,0.033,701650
2022,"Williams, Luke",2b-3b,0.112,701500
2022,"Marchan, Rafael",c,0.094,701500
2022,"Effross, Scott",rhp,0.037,701500
2022,"Rivas, Alfonso",1b,0.037,701500
2022,"Foley, Jason",rhp,0.033,701400
2022,"Ruiz, Keibert",c,0.064,701300
2022,"Perdomo, Geraldo",ss,0.015,701300
2022,"McKay, Brendan",lhp,0.056,701200
2022,"Miller, Owen",2b,0.091,701100
2022,"Baz, Shane",rhp-s,0.014,701100
2022,"Moniak, Mickey",of,0.063,701000
2022,"Sánchez, Cristopher",lhp,0.032,701000
2022,"Beer, Seth",of,0.024,701000
2022,"Jones, Damon",lhp,0.02,701000
2022,"Baumann, Michael",rhp,0.017,701000
2022,"Krehbiel, Joey",rhp,0.014,701000
2022,"Lowe, Josh",3b,0.003,701000
2022,"Clement, Ernie",ss,0.096,700800
2022,"Coleman, Dylan",rhp,0.014,700650
2022,"Baker, Bryan",rhp,0.008,700500
2022,"Romero, Jhon",rhp,0.011,700400
2022,"Adon, Joan",rhp,0.001,700200
2022,"Brash, Matt",rhp-s,0.006,700100
2022,"Nelson, Jimmy",rhp,7.107,700000
2022,"Gustave, Jandel",rhp,3.027,700000
2022,"Curtiss, John",rhp,2.045,700000
2022,"Garcia, Aramis",c,2.036,700000
2022,"Vest, Will",rhp,0.108,700000
2022,"Bolt, Skye",cf,0.099,700000
2022,"Festa, Matt",rhp,0.095,700000
2022,"Neuse, Sheldon",3b,0.078,700000
2022,"Moll, Sam",lhp,0.075,700000
2022,"Jefferies, Daulton",rhp,0.048,700000
2022,"Acevedo, Domingo",rhp,0.033,700000
2022,"Jimenez, Dany",rhp,0.031,700000
2022,"Stiever, Jonathan",rhp,0.028,700000
2022,"Snead, Kirby",lhp,0.028,700000
2022,"Smith, Kevin",ss,0.027,700000
2022,"Burger, Jake",3b,0.024,700000
2022,"Moreta, Dauri",rhp,0.012,700000
2022,"Honeywell, Brent",rhp,0.008,700000
2022,"Sanmartin, Reiver",lhp,0.007,700000
2022,"Fox, Lucius",ss,0.002,700000
2022,"Herrera, Jose",c,0,700000
2022,"Hummel, Cooper",lf,0,700000
2022,"Robinson, Kristian",of,0,700000
2022,"Bautista, Felix",rhp,0,700000
2022,"Roberts, Ethan",rhp,0,700000
2022,"Banks, Tanner",lhp,0,700000
2022,"Sousa, Bennett",lhp,0,700000
2022,"Diaz, Alexis",rhp,0,700000
2022,"Duarte, Daniel",rhp,0,700000
2022,"Greene, Hunter",rhp-s,0,700000
2022,"Kwan, Steven",cf,0,700000
2022,"Lavastida, Bryan",c,0,700000
2022,"Morris, Cody",rhp,0,700000
2022,"Pilkington, Konnor",lhp,0,700000
2022,"Vargas, Carlos",rhp,0,700000
2022,"Rolison, Ryan",lhp,0,700000
2022,"Rodriguez, Elvin",rhp,0,700000
2022,"Torkelson, Spencer",1b,0,700000
2022,"Blanco, Ronel",rhp,0,700000
2022,"Pena, Jeremy",ss,0,700000
2022,"Snider, Collin",rhp,0,700000
2022,"Witt Jr., Bobby",3b,0,700000
2022,"Duran, Jhoan",rhp,0,700000
2022,"Winder, Josh",rhp,0,700000
2022,"Marinaccio, Ron",rhp,0,700000
2022,"Sears, JP",lhp,0,700000
2022,"Jackson, Zach",rhp,0,700000
2022,"Lemoine, Jake",rhp,0,700000
2022,"Oller, Adam",rhp,0,700000
2022,"Stott, Bryson",ss,0,700000
2022,"Castillo, Diego",3b,0,700000
2022,"Abrams, C.J.",ss,0,700000
2022,"Azocar, Jose",lf-cf,0,700000
2022,"Wilson, Steven",rhp,0,700000
2022,"Rodríguez, Julio",rf,0,700000
2022,"Pallante, Andre",rhp,0,700000
2022,"Junis, Jakob",rhp-s,4.016,
2022,"Andújar, Miguel",3b,3.117,
2022,"Locastro, Tim",2b-of,3.01,
2022,"James, Josh",rhp,2.168,
2022,"Kolarek, Adam",lhp,2.166,
2022,"Poche, Colin",lhp,2.114,
2022,"Margevicius, Nick",lhp,2.1,
2022,"Hernandez, Darwinzon",lhp,2.08,
2022,"Toussaint, Touki",rhp,2.065,
2022,"Rengifo, Luis",2b,2.064,
2022,"López, Yoan",rhp,2.058,
2022,"Harvey, Hunter",rhp,2.047,
2022,"Buttrey, Ty",rhp,2.046,
2022,"Fernández, Julian",rhp,2.033,
2022,"Moran, Brian",lhp,2.027,
2022,"Castro, Willi",ss,2.017,
2022,"Peterson, David",lhp,2,
2022,"Thompson, Ryan",rhp,2,
2022,"Widener, Taylor",rhp-s,2,
2022,"Garcia, Bryan",rhp,1.148,
2022,"Bielak, Brandon",rhp-s,1.143,
2022,"Haseley, Adam",of,1.132,
2022,"Patton, Spencer",rhp,1.126,
2022,"Hatch, Thomas",rhp,1.123,
2022,"Fernández, Junior",rhp,1.112,
2022,"Velazquez, Andrew",ss-3b,1.106,
2022,"Rodriguez, Dereck",rhp,1.102,
2022,"Paredes, Enoli",rhp,1.096,
2022,"Kay, Anthony",lhp,1.091,
2022,"Holloway, Jordan",rhp,1.087,
2022,"Jackson, Alex",c,1.076,
2022,"Reyes, Pablo",2b-of,1.051,
2022,"Olivarez, Helcris",lhp,1.048,
2022,"García, Luis",ss,1.037,
2022,"Castro, Anthony",rhp,1.015,
2022,"Perdomo, Angel",lhp,1.01,
2022,"Paredes, Isaac",ss,1.009,
2022,"Taveras, Leody",cf,1.009,
2022,"Lambert, Jimmy",rhp,1.007,
2022,"Rogers, Josh",lhp-s,1.001,
2022,"Espinoza, Anderson",rhp,1,
2022,"Pop, Zach",rhp,1,
2022,"Stephens, Jackson",rhp,1,
2022,"Weathers, Ryan",lhp,0.168,
2022,"Rooker, Brent",of,0.167,
2022,"Thaiss, Matt",c,0.162,
2022,"Clay, Sam",lhp,0.161,
2022,"Bolaños, Ronald",rhp,0.159,
2022,"Davis, Jaylin",of,0.159,
2022,"Huff, Sam",c,0.158,
2022,"Oviedo, Johan",rhp,0.156,
2022,"Gerber, Joey",rhp,0.153,
2022,"Demeritte, Travis",of,0.152,
2022,"Bowden, Ben",lhp,0.15,
2022,"Cameron, Daz",of,0.148,
2022,"McKinstry, Zach",2b,0.148,
2022,"Bickford, Phil",rhp,0.145,
2022,"Evans, DeMarcus",rhp,0.143,
2022,"Peacock, Matt",rhp,0.141,
2022,"Tinoco, Jesus",rhp,0.137,
2022,"Tapia, Domingo",rhp,0.125,
2022,"Heineman, Tyler",c,0.121,
2022,"Díaz, Lewin",1b,0.104,
2022,"Sánchez, Sixto",rhp-s,0.103,
2022,"Larnach, Trevor",of,0.101,
2022,"File, Dylan",rhp,0.099,
2022,"Campusano, Luis",c,0.095,
2022,"Campbell, Paul",rhp,0.093,
2022,"Jax, Griffin",rhp,0.091,
2022,"Mejía, J.C.",rhp,0.089,
2022,"Zeuch, T.J.",rhp,0.089,
2022,"Maton, Nick",ss,0.088,
2022,"Short, Zack",ss,0.088,
2022,"Walton, Donnie",2b,0.088,
2022,"Sánchez, Miguel",rhp,0.087,
2022,"Garza, Ralph",rhp,0.084,
2022,"Trammell, Taylor",of,0.082,
2022,"Mazeika, Patrick",c,0.08,
2022,"Santos, Antonio",rhp,0.08,
2022,"McKay, David",rhp,0.079,
2022,"Watkins, Spenser",rhp,0.079,
2022,"Nelson, Kyle",lhp,0.076,
2022,"Rivera, Emmanuel",3b-1b,0.074,
2022,"Rodríguez, Manuel",rhp,0.074,
2022,"Wantz, Andrew",rhp,0.074,
2022,"Nance, Tommy",rhp,0.07,
2022,"Sánchez, Ali",c,0.07,
2022,"Duran, Jarren",cf,0.068,
2022,"Lawrence, Justin",rhp,0.064,
2022,"Gilbert, Tyler",lhp,0.062,
2022,"Vosler, Jason",3b,0.061,
2022,"García, Deivi",rhp,0.06,
2022,"Hernandez, Yonny",ss,0.06,
2022,"Mills, Wyatt",rhp,0.06,
2022,"Uceta, Edwin",rhp,0.06,
2022,"Rivero, Sebastian",c,0.059,
2022,"Wells, Alex",lhp,0.055,
2022,"Danish, Tyler",rhp,0.051,
2022,"Jones, Jahmai",2b,0.051,
2022,"Raley, Luke",rf,0.051,
2022,"Fairchild, Stuart",of,0.048,
2022,"Castro, Rodolfo",2b,0.045,
2022,"Garrett, Braxton",lhp,0.045,
2022,"Snyder, Nick",rhp,0.045,
2022,"Vasquez, Andrew",lhp,0.045,
2022,"Lowther, Zac",lhp,0.043,
2022,"Naughton, Packy",lhp,0.041,
2022,"Cabrera, Edward",rhp,0.04,
2022,"Otto, Glenn",rhp-s,0.038,
2022,"Barrera, Luis",cf,0.037,
2022,"Tyler, Kyle",rhp,0.037,
2022,"Alexy, A.J.",rhp,0.035,
2022,"Muller, Kyle",lhp,0.035,
2022,"Knehr, Reiss",rhp,0.034,
2022,"Marcano, Tucupita",2b,0.034,
2022,"Marte, Jose",rhp,0.034,
2022,"Florial, Estevan",of,0.03,
2022,"Núñez, Darien",lhp,0.03,
2022,"Lopez, Alejo",2b,0.029,
2022,"Castro, Kervin",rhp,0.028,
2022,"Junk, Janson",rhp,0.027,
2022,"Medina, Adonis",rhp,0.027,
2022,"Wong, Connor",c,0.027,
2022,"Klobosits, Gabe",rhp,0.026,
2022,"Welker, Colton",3b,0.026,
2022,"Peguero, Elvis",rhp,0.024,
2022,"Moran, Jovani",lhp,0.023,
2022,"Padlo, Kevin",3b,0.023,
2022,"Solomon, Peter",rhp,0.022,
2022,"Szapucki, Thomas",lhp,0.022,
2022,"Bettinger, Alec",rhp,0.02,
2022,"Gonzalez, Romy",2b,0.02,
2022,"Deichmann, Greg",of,0.019,
2022,"Lee, Khalil",of,0.019,
2022,"Abbott, Cory",rhp,0.017,
2022,"Fortes, Nick",c,0.017,
2022,"Heasley, Jon",rhp-s,0.017,
2022,"Perez, Francisco",lhp,0.017,
2022,"Frías, Luis",rhp,0.016,
2022,"Friedl, T.J.",lf,0.016,
2022,"Gil, Luis",rhp,0.015,
2022,"Reks, Zach",lf,0.015,
2022,"Bruján, Vidal",2b,0.014,
2022,"Feltner, Ryan",rhp,0.013,
2022,"Romero, Miguel",rhp,0.013,
2022,"Nevin, Tyler",3b,0.011,
2022,"Rondón, Angel",rhp,0.011,
2022,"Diaz, Jhonathan",lhp,0.01,
2022,"Crouse, Hans",rhp,0.008,
2022,"Lee, Dylan",lhp,0.007,
2022,"Martinez, Seth",rhp,0.006,
2022,"Santos, Gregory",rhp,0.006,
2022,"Vilade, Ryan",lf,0.006,
2022,"Lopez, Otto",2b,0.005,
2022,"Avila, Pedro",rhp,0.004,
2022,"Jackson, Andre",rhp,0.004,
2022,"Ray, Corey",of,0.004,
2022,"Zerpa, Angel",lhp,0.004,
2022,"Kolozsvary, Mark",c,0.003,
2022,"Márquez, Brailyn",lhp,0.003,
2022,"Contreras, Roansy",rhp,0.002,
2022,"Cruz, Oneil",ss,0.002,
2022,"Feliciano, Mario",c,0.002,
2022,"Seabold, Connor",rhp,0.001,
2022,"Allen, Nick",ss,0,
2022,"Amaya, Jacob",2b-ss,0,
2022,"Amaya, Miguel",c,0,
2022,"Antuna, Yasel",of,0,
2022,"Aranda, Jonathan",2b,0,
2022,"Arias, Gabriel",ss,0,
2022,"Aybar, Yoan",lhp,0,
2022,"Balazovic, Jordan",rhp,0,
2022,"Bannon, Rylan",2b,0,
2022,"Bello, Brayan",rhp,0,
2022,"Bermudez, Jonathan",lhp,0,
2022,"Bilous, Jason",rhp,0,
2022,"Bowlan, Jonathan",rhp,0,
2022,"Bradish, Kyle",rhp,0,
2022,"Bride, Jonah",1b,0,
2022,"Butto, Jose",rhp,0,
2022,"Cabrera, Oswaldo",2b-3b,0,
2022,"Canario, Alexander",of,0,
2022,"Carrillo, Gerardo",rhp,0,
2022,"Casey, Donovan",rf,0,
2022,"Cerda, Allan",of,0,
2022,"Charles, Wandisson",rhp,0,
2022,"Clemens, Kody",2b,0,
2022,"Contreras, Efraín",rhp,0,
2022,"Danner, Hagen",c,0,
2022,"Davis, Brendon",3b,0,
2022,"Davis, Noah",rhp,0,
2022,"De Jesus, Angel",rhp,0,
2022,"Diaz, Jordan",3b,0,
2022,"Diaz, Yusniel",of,0,
2022,"Donovan, Brendan",2b,0,
2022,"Downs, Jeter",ss,0,
2022,"Dubin, Shawn",rhp,0,
2022,"Duran, Ezequiel",2b,0,
2022,"Elder, Bryce",rhp,0,
2022,"Encarnación, Jerar",rf,0,
2022,"Enlow, Blayne",rhp,0,
2022,"Faedo, Alex",rhp,0,
2022,"Faucher, Calvin",rhp,0,
2022,"Francis, Bowden",rhp,0,
2022,"Freeman, Tyler",ss,0,
2022,"Garcia, Luis",ss,0,
2022,"Garcia, Maikel",ss,0,
2022,"Gillaspie, Logan",rhp,0,
2022,"Gómez, Yoendrys",rhp,0,
2022,"Gore, MacKenzie",lhp,0,
2022,"Groome, Jay",lhp,0,
2022,"Grove, Michael",rhp,0,
2022,"Hall, D.L.",lhp,0,
2022,"Henriquez, Ronny",rhp,0,
2022,"Hernández, Ronaldo",c,0,
2022,"Herrera, Iván",c,0,
2022,"Hjelle, Sean",rhp,0,
2022,"Jimenez, Leo",ss,0,
2022,"Jones, Nolan",3b,0,
2022,"Juan, Jorge",rhp,0,
2022,"Kerr, Ray",lhp,0,
2022,"Lee, Evan",lhp,0,
2022,"Leonard, Eddys",ss,0,
2022,"Lewis, Royce",ss,0,
2022,"Lodolo, Nick",lhp,0,
2022,"Logue, Zach",lhp,0,
2022,"Marinan, James",rhp,0,
2022,"Marte, Yunior",rhp,0,
2022,"Martinez, Adrian",rhp,0,
2022,"Mata, Bryan",rhp,0,
2022,"Mauricio, Ronny",ss,0,
2022,"McArthur, James",rhp,0,
2022,"Medina, Luis",rhp,0,
2022,"Melendez, M.J.",c,0,
2022,"Miranda, Jose",2b,0,
2022,"Montero, Elehuris",3b,0,
2022,"Morales, Francisco",rhp,0,
2022,"Morel, Christopher",3b,0,
2022,"Moreno, Gabriel",c,0,
2022,"Muzziotti, Simon",cf,0,
2022,"Myers, Tobias",rhp,0,
2022,"Noel, Jhonkensy",1b-3b,0,
2022,"Ortiz, Jhailyn",rf,0,
2022,"Outman, James",cf,0,
2022,"Pacheco, Freddy",rhp,0,
2022,"Palacios, Richie",2b,0,
2022,"Peguero, Liover",ss,0,
2022,"Peraza, Oswald",ss,0,
2022,"Pereira, Everson",cf,0,
2022,"Perez, Joe",rhp,0,
2022,"Pinto, René",c,0,
2022,"Plummer, Nick",of,0,
2022,"Pratto, Nick",1b,0,
2022,"Proctor, Ford",c-inf,0,
2022,"Ramos, Heliot",of,0,
2022,"Rangel, Alan",rhp,0,
2022,"Rocchio, Brayan",ss,0,
2022,"Rodriguez, Alberto",rf,0,
2022,"Rodriguez, Randy",rhp,0,
2022,"Rodriguez, Yerry",rhp,0,
2022,"Romero, Tommy",rhp,0,
2022,"Rosario, Eguy",2b,0,
2022,"Sands, Cole",rhp,0,
2022,"Sands, Donny",c,0,
2022,"Severino, Anderson",lhp,0,
2022,"Smith-Njigba, Canaan",of,0,
2022,"Smith, Kevin",lhp,0,
2022,"Solomon, Jared",rhp,0,
2022,"Strotman, Drew",rhp,0,
2022,"Sullivan, Brett",c-of,0,
2022,"Suwinski, Jack",of,0,
2022,"Swaggerty, Travis",of,0,
2022,"Tarnok, Freddy",rhp,0,
2022,"Tena, Jose",ss,0,
2022,"Then, Juan",rhp,0,
2022,"Thomas, Cody",lf,0,
2022,"Tovar, Ezequiel",ss,0,
2022,"Valera, George",rf,0,
2022,"Vallimont, Chris",rhp,0,
2022,"Vanasco, Ricky",rhp,0,
2022,"Vavra, Terrin",2b,0,
2022,"Velazquez, Nelson",of,0,
2022,"Vientos, Mark",3b,0,
2022,"Vivas, Jorbit",2b,0,
2022,"Vizcaíno, Alexander",rhp,0,
2022,"Walsh, Jake",rhp,0,
2022,"Waters, Drew",of,0,
2022,"Webb, Nathan",rhp,0,
2022,"Weiss, Ryan",rhp,0,
2022,"Wentz, Joey",lhp,0,
2022,"Whitley, Forrest",rhp,0,
2022,"Wilson, Brooks",rhp,0,
2022,"Winckowski, Josh",rhp,0,
2022,"Woods, William",rhp,0,
2022,"Yepez, Juan",1b,0,
2021,"Trout, Mike",cf,9.07,37116667
2021,"Cole, Gerrit",rhp-s,7.111,36000000
2021,"deGrom, Jacob",rhp-s,6.139,36000000
2021,"Strasburg, Stephen",rhp-s,10.118,35000000
2021,"Arenado, Nolan",3b,7.155,35000000
2021,"Scherzer, Max",rhp-s,12.079,34503480
2021,"Machado, Manny",3b,8.056,34000000
2021,"Verlander, Justin",rhp-s,15.002,33000000
2021,"Greinke, Zack",rhp-s,16.057,32875089
2021,"Price, David",lhp-s,10.164,32000000
2021,"Bauer, Trevor",rhp-s,6.158,31333334
2021,"Kershaw, Clayton",lhp-s,12.105,31000000
2021,"Pujols, Albert",dh-1b,20,30000000
2021,"Cabrera, Miguel",1b,17.101,30000000
2021,"Altuve, Jose",2b,9.072,29200000
2021,"Stanton, Giancarlo",dh-rf,10.118,29000000
2021,"Rendon, Anthony",3b,7.13,28071429
2021,"Harper, Bryce",rf,8.159,27538462
2021,"Goldschmidt, Paul",1b,9.059,25333333
2021,"Votto, Joey",1b,13.027,25000000
2021,"Upton, Justin",lf,13.06,24700000
2021,"Corbin, Patrick",lhp-s,8.105,24416667
2021,"Sale, Chris",lhp-s,10.061,24173150
2021,"Cano, Robinson",2b,15.076,forfeited
2021,"Springer, George",cf,6.166,23666667
2021,"Darvish, Yu",rhp-s,9,23000000
2021,"Betts, Mookie",rf,6.07,22916667
2021,"Myers, Wil",rf,7.104,22500000
2021,"Wheeler, Zack",rhp-s,7.098,22500000
2021,"Freeman, Freddie",1b,10.033,22359375
2021,"Lindor, Francisco",ss,5.113,22300000
2021,"Posey, Buster",c-1b,9.161,22177778
2021,"Donaldson, Josh",3b,8.158,21750000
2021,"Davis, Chris",1b-dh,11.061,21118782
2021,"Cueto, Johnny",rhp-s,13,21000000
2021,"Heyward, Jason",rf,11,21000000
2021,"Hosmer, Eric",1b,9.146,21000000
2021,"Blackmon, Charlie",rf-cf,8.102,21000000
2021,"McCutchen, Andrew",lf,11.123,20000000
2021,"Jansen, Kenley",rhp-c,10.073,20000000
2021,"Ryu, Hyun-Jin",lhp-s,8,20000000
2021,"Bogaerts, Xander",ss,7.042,20000000
2021,"Realmuto, J.T.",c,6.038,20000000
2021,"Bryant, Kris",3b,5.171,19500000
2021,"Martinez, J.D.",rf,9.036,19375000
2021,"Bumgarner, Madison",lhp-s,10.127,19000000
2021,"Gausman, Kevin",rhp-s,6.151,18900000
2021,"Stroman, Marcus",rhp-s,6.026,18900000
2021,"Longoria, Evan",3b,12.17,18666667
2021,"Seager, Kyle",3b,9.085,18500000
2021,"Carpenter, Matt",3b,9.012,18500000
2021,"Story, Trevor",ss,5,18500000
2021,"Grandal, Yasmani",c,8.115,18250000
2021,"Pollock, A.J.",cf,8.052,18000000
2021,"Keuchel, Dallas",lhp-s,8.031,18000000
2021,"Semien, Marcus",ss,6.118,18000000
2021,"Abreu, Jose",1b,7,17666667
2021,"Belt, Brandon",1b,9.128,17200000
2021,"Eovaldi, Nathan",rhp-s,9.013,17000000
2021,"Cain, Lorenzo",cf-rf,8.099,17000000
2021,"Mikolas, Miles",rhp-s,4.037,17000000
2021,"Davis, Khris",dh-lf,7.104,16750000
2021,"Fowler, Dexter",rf,11.168,16500000
2021,"Rizzo, Anthony",1b,8.168,16500000
2021,"Kikuchi, Yusei",lhp-s,2,16500000
2021,"Bellinger, Cody",1b-of,3.16,16100000
2021,"Brantley, Michael",lf,10.131,16000000
2021,"Chapman, Aroldis",lhp-c,10.009,16000000
2021,"Kimbrel, Craig",rhp-c,9.161,16000000
2021,"Duffy, Danny",lhp-s,9.085,15500000
2021,"Crawford, Brandon",ss,9.094,15200000
2021,"Morton, Charlie",rhp-s,12.01,15000000
2021,"Cobb, Alex",rhp-s,9.061,15000000
2021,"LeMahieu, D.J.",2b,8.128,15000000
2021,"Segura, Jean",2b,8.065,14850000
2021,"Andrus, Elvis",ss,12,14250000
2021,"Perez, Salvador",c,9.05,14200000
2021,"Moustakas, Mike",3b,9.111,14000000
2021,"Yelich, Christian",cf,7.069,14000000
2021,"Castellanos, Nick",rf,7.029,14000000
2021,"Hendricks, Kyle",rhp-s,6.081,14000000
2021,"Seager, Corey",ss,5.032,13750000
2021,"Cruz, Nelson",dh-rf,13.082,13000000
2021,"Britton, Zack",lhp,8.158,13000000
2021,"Smith, Will",lhp,7.155,13000000
2021,"Bradley, Jackie Jr.",cf,6.15,13000000
2021,"Turner, Trea",ss,4.135,13000000
2021,"Bregman, Alex",3b,4.07,13000000
2021,"Gregorius, Didi",ss,7.159,12750000
2021,"Marte, Starling",cf,7.162,12500000
2021,"Odor, Rougned",2b,6.121,12333333
2021,"Sano, Miguel",1b-3b,5.066,12333333
2021,"Nola, Aaron",rhp-s,5.076,12250000
2021,"Conforto, Michael",rf,5.043,12250000
2021,"Miller, Andrew",lhp,12.062,12000000
2021,"Turner, Justin",3b,10.045,12000000
2021,"Carrasco, Carlos",rhp-s,9.147,12000000
2021,"Ozuna, Marcell",lf,7.124,12000000
2021,"Roark, Tanner",rhp-s,7.055,12000000
2021,"Martinez, Carlos",rhp-s,7.073,11700000
2021,"Correa, Carlos",ss,5.119,11700000
2021,"Familia, Jeurys",rhp,8.023,11666667
2021,"Kiermaier, Kevin",cf,6.131,11666667
2021,"Baez, Javier",ss,5.089,11650000
2021,"Polanco, Gregory",lf,6.103,11600000
2021,"Hendriks, Liam",rhp,6.164,11333333
2021,"Snell, Blake",lhp-s,4.072,11100000
2021,"Smyly, Drew",lhp-s,8.143,11000000
2021,"Kluber, Corey",rhp-s,8.074,11000000
2021,"Rosenthal, Trevor",rhp,7.001,11000000
2021,"Gray, Sonny",rhp-s,7.061,10866667
2021,"Hicks, Aaron",of,7.041,10785714
2021,"Suarez, Eugenio",ss,6.061,10785714
2021,"Garcia, Avisail",dh-rf,7.167,10750000
2021,"Severino, Luis",rhp-s,4.17,10750000
2021,"Simmons, Andrelton",ss,8.122,10500000
2021,"Hand, Brad",lhp,7.092,10500000
2021,"Grichuk, Randal",cf,6.033,10333333
2021,"Judge, Aaron",rf-dh,4.051,10175000
2021,"Pineda, Michael",rhp-s,8.165,10000000
2021,"Syndergaard, Noah",rhp-s,5.149,9700000
2021,"Gibson, Kyle",rhp-s,7.039,9666667
2021,"Dickerson, Corey",lf,7.101,9500000
2021,"Ramirez, Jose",3b,6.074,9400000
2021,"Lynn, Lance",rhp-s,9.119,9333333
2021,"Iglesias, Raisel",rhp-c,5.154,9125000
2021,"Molina, Yadier",c,16.123,9000000
2021,"Odorizzi, Jake",rhp-s,7.042,9000000
2021,"Walker, Taijuan",rhp-s,6.142,9000000
2021,"Muncy, Max",1b,4.027,9000000
2021,"Pham, Tommy",lf,5.107,8900000
2021,"Ottavino, Adam",rhp,9.087,8850000
2021,"Kelly, Joe",rhp,8.029,8833333
2021,"Pressly, Ryan",rhp,7.039,8750000
2021,"Inciarte, Ender",cf,6.157,8700000
2021,"Davies, Zach",rhp-s,5.02,8630000
2021,"Richards, Garrett",rhp-s,8.148,8500000
2021,"Paxton, James",lhp-s,6.151,8500000
2021,"Soto, Juan",lf,2.134,8500000
2021,"Bundy, Dylan",rhp-s,5.026,8325000
2021,"Rodriguez, Eduardo",lhp-s,5.13,8300000
2021,"McCann, James",c,6.028,8150000
2021,"Soler, Jorge",dh-rf,5.143,8050000
2021,"Wainwright, Adam",rhp-s,15.027,8000000
2021,"Happ, J.A.",lhp-s,12.047,8000000
2021,"Miley, Wade",lhp-s,9.025,8000000
2021,"Lyles, Jordan",rhp,9.002,8000000
2021,"Quintana, Jose",lhp-s,8.133,8000000
2021,"Pomeranz, Drew",lhp,8.013,8000000
2021,"Calhoun, Kole",rf,7.13,8000000
2021,"Harris, Will",rhp,7.102,8000000
2021,"d'Arnaud, Travis",c,7.044,8000000
2021,"Treinen, Blake",rhp,6.065,8000000
2021,"Ray, Robbie",lhp-s,6.007,8000000
2021,"Rosario, Eddie",lf,5.12,8000000
2021,"Ahmed, Nick",ss,6.054,7875000
2021,"Taylor, Chris",cf,5.037,7800000
2021,"Marquez, German",rhp-s,4.027,7800000
2021,"May, Trevor",rhp,6.012,7750000
2021,"Escobar, Eduardo",3b,8.128,7666667
2021,"Piscotty, Stephen",rf,5.076,7583333
2021,"Wong, Kolten",2b,7.045,7500000
2021,"Peralta, David",lf,6.12,7500000
2021,"Anderson, Tim",ss,4.115,7250000
2021,"Castro, Starlin",3b,10.15,7000000
2021,"Santana, Carlos",dh-1b,10.115,7000000
2021,"Minor, Mike",lhp-s,9.138,7000000
2021,"Eaton, Adam",cf,8.03,7000000
2021,"Schwarber, Kyle",lf,5.086,7000000
2021,"Diaz, Edwin",rhp-c,4.121,7000000
2021,"Martin, Chris",rhp,3.133,7000000
2021,"Akiyama, Shogo",cf,1,7000000
2021,"Tsutsugo, Yoshitomo",3b-of,1,7000000
2021,"Canha, Mark",1b-lf,5.092,6925000
2021,"Moncada, Yoan",2b-3b,3.106,6800000
2021,"Heaney, Andrew",lhp-s,5.15,6750000
2021,"Merrifield, Whit",2b,4.101,6750000
2021,"Hader, Josh",lhp,3.115,6675000
2021,"Contreras, Willson",c,4.108,6650000
2021,"Benintendi, Andrew",lf,4.062,6600000
2021,"Archer, Chris",rhp-s,7.156,6500000
2021,"McCullers Jr., Lance",rhp-s,5.14,6500000
2021,"Kepler, Max",rf,4.152,6500000
2021,"Boyd, Matt",lhp-s,4.136,6500000
2021,"Gurriel, Yulieski",1b,4.043,6500000
2021,"Chapman, Matt",3b,3.109,6490000
2021,"Marte, Ketel",cf-2b,4.162,6400000
2021,"Sanchez, Gary",c,4.086,6350000
2021,"Bell, Josh",1b-rf,4.053,6350000
2021,"Vazquez, Christian",c,6.031,6250000
2021,"Gallo, Joey",3b,4.103,6200000
2021,"Berrios, Jose O.",rhp-s,4.044,6100000
2021,"Hudson, Daniel",rhp,10.106,6000000
2021,"Gomes, Yan",c,8.083,6000000
2021,"Betances, Dellin",rhp,7.078,6000000
2021,"DeSclafani, Anthony",rhp-s,6.062,6000000
2021,"Hernandez, Enrique",2b-ss,6.054,6000000
2021,"Bradley, Archie",rhp,5.112,6000000
2021,"Gray, Jon",rhp-s,5.062,6000000
2021,"Rogers, Taylor",lhp,4.145,6000000
2021,"Swanson, Dansby",ss,4.047,6000000
2021,"Manaea, Sean",lhp-s,4.157,5950000
2021,"Perez, Roberto",c,6.083,5500000
2021,"Yates, Kirby",rhp-c,6.021,5500000
2021,"Knebel, Corey",rhp,5.151,5250000
2021,"Gonzales, Marco",lhp,3.102,5250000
2021,"Matz, Steven",lhp-s,5.099,5200000
2021,"Buxton, Byron",cf,4.16,5125000
2021,"Freeland, Kyle",lhp-s,3.144,5025000
2021,"Lester, Jon",lhp-s,14.075,5000000
2021,"Hernandez, Cesar",2b,6.154,5000000
2021,"Colome, Alex",rhp-c,6.118,5000000
2021,"Grossman, Robbie",lf,6.06,5000000
2021,"Rojas, Miguel",ss,6.043,5000000
2021,"Neris, Hector",rhp,5.068,5000000
2021,"Olson, Matt",1b,3.103,5000000
2021,"Acuna, Ronald",lf,2.159,5000000
2021,"Kim, Ha-Seong",2b-ss,0,5000000
2021,"Bassitt, Chris",rhp,4.13,4900000
2021,"Hoskins, Rhys",1b,3.053,4800000
2021,"Baez, Pedro",rhp,6.059,4750000
2021,"Mancini, Trey",1b,4.015,4750000
2021,"Nimmo, Brandon",lf,4.042,4700000
2021,"Voit, Luke",1b,2.169,4700000
2021,"Urshela, Giovanny",3b,3.127,4650000
2021,"Devers, Rafael",3b,3.07,4575000
2021,"Perez, Martin",lhp-s,8.038,4500000
2021,"Schoop, Jonathan",2b-3b,7.027,4500000
2021,"Pederson, Joc",cf,6.028,4500000
2021,"Barnes, Matt",rhp,5.11,4500000
2021,"Leclerc, Jose",rhp-c,4.041,4500000
2021,"Musgrove, Joe",rhp-s,4.063,4450000
2021,"Eflin, Zach",rhp-s,4.018,4450000
2021,"Lorenzen, Michael",rhp-s,5.159,4437500
2021,"Aguilar, Jesus",1b,4.082,4350000
2021,"Profar, Jurickson",2b,6.165,4333334
2021,"Polanco, Jorge",2b,4.024,4333333
2021,"Jimenez, Eloy",rf,2,4333333
2021,"Hernandez, Teoscar",lf,3.097,4325000
2021,"Frazier, Adam",ss-of,4.075,4300000
2021,"Kingery, Scott",2b,3,4250000
2021,"Kelly, Merrill",rhp-s,2,4250000
2021,"Lamet, Dinelson",rhp-s,3.13,4200000
2021,"Castillo, Luis",rhp-s,3.101,4200000
2021,"Barnhart, Tucker",c,6.075,4187500
2021,"DeJong, Paul",ss,3.127,4166667
2021,"Giolito, Lucas",rhp-s,3.08,4150000
2021,"Happ, Ian",cf,3.036,4100000
2021,"Givens, Mychal",rhp,5.069,4050000
2021,"Smith, Joe",rhp,12.091,4000000
2021,"Stammen, Craig",rhp,9.16,4000000
2021,"Arrieta, Jake",rhp-s,9.145,4000000
2021,"Diekman, Jake",lhp,8.05,4000000
2021,"Anderson, Chase",rhp-s,6.146,4000000
2021,"Velasquez, Vincent",rhp-s,5.086,4000000
2021,"Sanchez, Aaron",rhp-s,5.069,4000000
2021,"Oberg, Scott",rhp,5.063,4000000
2021,"Glasnow, Tyler",rhp-s,3.158,4000000
2021,"Torres, Gleyber",ss,2.162,4000000
2021,"Kim, Kwang-hyun",lhp-c,1,4000000
2021,"Gurriel, Lourdes",2b,2.094,3928571
2021,"Flaherty, Jack",rhp-s,3.006,3900000
2021,"Anderson, Brian",3b,3.031,3800000
2021,"Buehler, Walker",rhp,2.168,3750000
2021,"Pillar, Kevin",cf,6.113,3600000
2021,"Urías, Julio",lhp-s,3.117,3600000
2021,"Arihara, Kohei",rhp-s,0,3600000
2021,"Villar, Jonathan",2b,6.113,3550000
2021,"Soria, Joakim",rhp,14,3500000
2021,"Castro, Jason",c,10.104,3500000
2021,"Maldonado, Martin",c,8.156,3500000
2021,"Iglesias, Jose",ss,8.036,3500000
2021,"Fiers, Michael",rhp-s,7.085,3500000
2021,"Vogt, Stephen",1b-c,7.064,3500000
2021,"Miller, Brad",2b,7.004,3500000
2021,"Garcia, Leury",cf-2b,6.025,3500000
2021,"Clevinger, Mike",rhp-s,4.013,3500000
2021,"Fried, Max",lhp-s,2.148,3500000
2021,"Robert, Luis",cf,1,3500000
2021,"Norris, Daniel",lhp,5.073,3475000
2021,"Margot, Manuel",cf,4.012,3400000
2021,"Keller, Brad",rhp-s,3,3350000
2021,"Hedges, Austin",c,4.166,3280000
2021,"Woodruff, Brandon",rhp-s,2.161,3275000
2021,"Solano, Donovan",2b-3b,5.081,3250000
2021,"Urena, Jose",rhp-s,5.04,3250000
2021,"Winker, Jesse",lf-rf,3.08,3150000
2021,"Maeda, Kenta",rhp-s,5,3125000
2021,"Fulmer, Michael",rhp-s,4.157,3100000
2021,"Renfroe, Hunter",rf,3.165,3100000
2021,"Lindblom, Josh",rhp,2.151,3041667
2021,"Haniger, Mitch",rf,4.048,3010000
2021,"Chatwood, Tyler",rhp,9.039,3000000
2021,"Kintzler, Brandon",rhp,9.003,3000000
2021,"Gonzalez, Marwin",rf-1b,8.133,3000000
2021,"Teheran, Julio",rhp-s,8.062,3000000
2021,"Loup, Aaron",lhp,8.04,3000000
2021,"Moore, Matt",lhp-s,8,3000000
2021,"Wood, Alex",lhp-s,7.123,3000000
2021,"Wacha, Michael",rhp-s,7.062,3000000
2021,"Flores, Wilmer",2b-3b,7.003,3000000
2021,"Rodon, Carlos",lhp-s,5.168,3000000
2021,"Stripling, Ross",rhp,4.115,3000000
2021,"Diaz, Aledmys",ss,4.1,3000000
2021,"Senzatela, Antonio",rhp-s,3.106,3000000
2021,"Albies, Ozzie",2b,3.062,3000000
2021,"Ohtani, Shohei",rhp-s,3,3000000
2021,"Bard, Daniel",rhp,4.103,2925000
2021,"Lugo, Seth",rhp-s,4.082,2925000
2021,"Gardner, Brett",lf,12.072,2850000
2021,"Wilson, Justin",lhp,8.035,2850000
2021,"Candelario, Jeimer",3b,3.038,2850000
2021,"Moran, Colin",3b,3.107,2800000
2021,"Soroka, Mike",rhp-s,2.146,2800000
2021,"Holland, Greg",rhp,8.163,2750000
2021,"Dahl, David",lf,3.162,2700000
2021,"Jones, JaCoby",cf,3.125,2650000
2021,"Petit, Yusmeiro",rhp,10.016,2550000
2021,"Smith, Dominic",1b,2.146,2550000
2021,"Mondesi, Adalberto",ss,3.088,2525000
2021,"Anderson, Brett",lhp-s,11.135,2500000
2021,"Hill, Rich",lhp-s,11.127,2500000
2021,"Anderson, Tyler",lhp-s,5.065,2500000
2021,"Narvaez, Omar",c,4.089,2500000
2021,"Williams, Trevor",rhp-s,4.027,2500000
2021,"Dozier, Hunter",3b,3.06,2500000
2021,"Lowe, Brandon",2b-of,2.058,2500000
2021,"Rodriguez, Joely",lhp,1.096,2500000
2021,"Choi, Ji-Man",1b,3.076,2450000
2021,"Rosario, Amed",ss-of,3.062,2400000
2021,"McMahon, Ryan",1b-3b,3.006,2375000
2021,"Yarbrough, Ryan",lhp-s,2.147,2300000
2021,"Pinder, Chad",2b-of,4.047,2275000
2021,"Romo, Sergio",rhp,12.097,2250000
2021,"Moreland, Mitch",1b-dh,10.067,2250000
2021,"Chafin, Andrew",lhp,6.02,2250000
2021,"Montero, Rafael",rhp,4.138,2250000
2021,"Taillon, Jameson",rhp-s,4.11,2250000
2021,"Wendle, Joey",3b-2b,3.088,2250000
2021,"Duffey, Tyler",rhp,4.074,2200000
2021,"Mahle, Tyler",rhp-s,3.018,2200000
2021,"Kennedy, Ian",rhp,11.124,2150000
2021,"Green, Chad",rhp,4.05,2150000
2021,"Kuhl, Chad",rhp-s,4.079,2130000
2021,"Montgomery, Jordan",lhp-s,3.145,2130000
2021,"Dickerson, Alex",lf,4.12,2100000
2021,"Gant, John",rhp,4.004,2100000
2021,"Goodrum, Niko",ss,3.031,2100000
2021,"Santander, Anthony",rf,2.162,2100000
2021,"Davis, J.D.",3b,2.137,2100000
2021,"Frazier, Clint",of,2.133,2100000
2021,"Strahm, Matt",lhp,4.064,2050000
2021,"Brault, Steven",lhp-s,3.085,2050000
2021,"Alfaro, Jorge",c,3.083,2050000
2021,"Crawford, J.P.",ss,2.163,2050000
2021,"Melancon, Mark",rhp-c,10.098,2000000
2021,"Ramos, Wilson",c,10.047,2000000
2021,"McGee, Jake",lhp,9.127,2000000
2021,"Shoemaker, Matt",rhp-s,6.166,2000000
2021,"Zunino, Mike",c,6.165,2000000
2021,"La Stella, Tommy",2b-3b,6.057,2000000
2021,"Robles, Hansel",rhp,5.119,2000000
2021,"Foltynewicz, Mike",rhp-s,4.156,2000000
2021,"Duvall, Adam",rf,4.151,2000000
2021,"Marshall, Evan",rhp,4.09,2000000
2021,"Wittgren, Nick",rhp,4.071,2000000
2021,"Arcia, Orlando",ss,4.047,2000000
2021,"Bader, Harrison",of,3.03,2000000
2021,"Kiner-Falefa, Isiah",c,3,2000000
2021,"Bummer, Aaron",lhp,2.15,2000000
2021,"Fletcher, David",ss,2.111,2000000
2021,"Johnson, Pierce",rhp,1.137,2000000
2021,"Raley, Brooks",lhp,1.045,2000000
2021,"Weaver, Luke",rhp-s,3.112,1950000
2021,"Tapia, Raimel",of,3.02,1950000
2021,"Garcia, Yimi",rhp,5.149,1900000
2021,"Jackson, Luke",rhp,4.019,1900000
2021,"Cooper, Garrett",rf-1b,3.053,1900000
2021,"Garver, Mitch",c,3.045,1875000
2021,"Panik, Joe",2b,6.1,1850000
2021,"Andriese, Matt",rhp,5.071,1850000
2021,"Farmer, Buck",rhp,4.083,1850000
2021,"Severino, Pedro",c,3.099,1825000
2021,"McHugh, Collin",rhp,6.085,1800000
2021,"Montas, Frankie",rhp,3.015,1800000
2021,"Cabrera, Asdrubal",3b,13.027,1750000
2021,"O'Day, Darren",rhp,12.103,1750000
2021,"Clippard, Tyler",rhp,11.134,1750000
2021,"Phelps, David",rhp,8.156,1750000
2021,"Holt, Brock",3b-rf,7.052,1750000
2021,"Taylor, Michael A.",cf,5.129,1750000
2021,"Hahn, Jesse",rhp,5.031,1750000
2021,"Mazara, Nomar",rf,5,1750000
2021,"Tatis Jr., Fernando",ss,2,1714286
2021,"Junis, Jakob",rhp-s,3.082,1700000
2021,"Rodriguez, Richard",rhp,3.016,1700000
2021,"Kelly, Carson",c,2.161,1700000
2021,"Flexen, Chris",rhp-s,0.107,1700000
2021,"Castro, Miguel",rhp,4.079,1687500
2021,"Pina, Manny",c,5.046,1650000
2021,"Barnes, Austin",c,4.098,1650000
2021,"Alberto, Hanser",2b,4.085,1650000
2021,"Plawecki, Kevin",c,4.167,1600000
2021,"Stassi, Max",c,4.049,1600000
2021,"Suter, Brent",lhp,3.161,1600000
2021,"Pagan, Emilio",rhp,3.091,1570000
2021,"Suzuki, Kurt",c,13.113,1500000
2021,"Lowrie, Jed",2b,12.111,1500000
2021,"Joyce, Matt",rf,11.123,1500000
2021,"Avila, Alex",c,11.061,1500000
2021,"Cahill, Trevor",rhp-s,11.056,1500000
2021,"Dyson, Jarrod",lf-cf,9.088,1500000
2021,"Jones, Nate",rhp,9,1500000
2021,"Doolittle, Sean",lhp-c,8.122,1500000
2021,"Galvis, Freddy",ss,8.021,1500000
2021,"Romine, Austin",c,7.045,1500000
2021,"Adrianza, Ehire",ss,6.131,1500000
2021,"Bedrosian, Cam",rhp,5.153,1500000
2021,"Shaw, Travis",3b,5.053,1500000
2021,"Culberson, Charlie",inf,5.051,1500000
2021,"Casali, Curt",c,4.151,1500000
2021,"Naquin, Tyler",rf,4.033,1500000
2021,"Gamel, Ben",cf,4.029,1500000
2021,"Ross, Joe",rhp-s,4.018,1500000
2021,"Garrett, Amir",lhp,3.099,1500000
2021,"Dolis, Rafael",rhp,2.101,1500000
2021,"Smith, Caleb",lhp-s,3.078,1465000
2021,"Estevez, Carlos",rhp,4.022,1450000
2021,"Bleier, Richard",lhp,4.074,1425000
2021,"Vogelbach, Dan",1b,2.138,1400000
2021,"Engel, Adam",of,3.058,1375000
2021,"Bruce, Jay",rf,12.125,1350000
2021,"Gsellman, Robert",rhp-s,4.042,1300000
2021,"Caratini, Victor",c,3.051,1300000
2021,"Minter, A.J.",lhp,2.162,1300000
2021,"Stallings, Jacob",c,2.149,1300000
2021,"White, Evan",1b,1,1300000
2021,"Ruf, Darin",1b-of,3.138,1275000
2021,"Perez, Oliver",lhp,16.093,1250000
2021,"Davis, Wade",rhp,11.029,1250000
2021,"Lagares, Juan",cf,7.005,1250000
2021,"Giles, Ken",rhp,6.113,1250000
2021,"Nelson, Jimmy",rhp-s,6.107,1250000
2021,"Graveman, Kendall",rhp-s,5.078,1250000
2021,"Almora, Albert",cf,4.012,1250000
2021,"Brasier, Ryan",rhp,3.109,1250000
2021,"Peralta, Freddy",rhp-s,2.09,1234960
2021,"Gonzalez, Erik",ss,4.007,1225000
2021,"Kela, Keone",rhp,6,1200000
2021,"Diaz, Elias",c,4.088,1200000
2021,"Mayers, Mike",rhp,3.02,1200000
2021,"Sawamura, Hirokazu",rhp,0,1200000
2021,"Chirinos, Yonny",rhp-s,2.137,1175000
2021,"Roe, Chaz",rhp,5.094,1150000
2021,"Wisler, Matt",rhp-s,4.042,1150000
2021,"Slater, Austin",of,2.147,1150000
2021,"Claudio, Alex",lhp,5.114,1125000
2021,"Knapp, Andrew",c,4,1100000
2021,"Stratton, Chris",rhp-s,3.1,1100000
2021,"Pena, Felix",rhp,3.079,1100000
2021,"Stanek, Ryne",rhp,3.038,1100000
2021,"Gonzalez, Chi Chi",rhp-s,2.149,1100000
2021,"Alvarez, Jose",lhp,6.035,1050000
2021,"Cessa, Luis",rhp,3.131,1050000
2021,"Kemp, Tony",2b-of,3.098,1050000
2021,"Kahnle, Tommy",rhp,5.131,1025000
2021,"Bote, David",2b,2.1,1010000
2021,"Zimmerman, Ryan",1b,14.032,1000000
2021,"Sandoval, Pablo",3b,12.012,1000000
2021,"Tomlin, Josh",rhp,10.033,1000000
2021,"Cishek, Steve",rhp,9.143,1000000
2021,"Watson, Tony",lhp,9.101,1000000
2021,"Harrison, Josh",2b,8.168,1000000
2021,"Shaw, Bryan",rhp,8.148,1000000
2021,"Sogard, Eric",2b,8.134,1000000
2021,"Mercer, Jordy",ss,7.156,1000000
2021,"Harvey, Matt",rhp-s,7.127,1000000
2021,"Hamilton, Billy",cf,7.009,1000000
2021,"Marisnick, Jake",cf,6.132,1000000
2021,"Owings, Chris",ss,6.131,1000000
2021,"Cron, C.J.",1b-dh,6.097,1000000
2021,"Lamb, Jake",1b,6.053,1000000
2021,"Workman, Brandon",rhp,6.051,1000000
2021,"Bass, Anthony",rhp,6.01,1000000
2021,"Duffy, Matt",ss,5.059,1000000
2021,"Devenski, Chris",rhp,5,1000000
2021,"Feliz, Michael",rhp,4.169,1000000
2021,"Alexander, Scott",lhp,4.039,1000000
2021,"Martinez, Jose",lf-rf,4.002,1000000
2021,"Alvarado, Jose",lhp,3.088,1000000
2021,"Floro, Dylan",rhp,3.053,975000
2021,"Maton, Phil",rhp,3.047,975000
2021,"Cisnero, Jose",rhp,3.02,970000
2021,"Avilan, Luis",lhp,7.077,950000
2021,"Garcia, Jarlin",lhp,3.114,950000
2021,"Holland, Derek",lhp,11.105,925000
2021,"Peralta, Wandy",lhp,3.168,925000
2021,"Cimber, Adam",rhp,2.139,925000
2021,"Trivino, Lou",rhp,2.163,912500
2021,"Winkler, Daniel",rhp,5.063,900000
2021,"Dayton, Grant",lhp,4.007,900000
2021,"Reyes, Alex",rhp-s,3.043,900000
2021,"Robertson, Daniel",3b,3.029,900000
2021,"Murphy, Tom",c,3.092,875000
2021,"Valaika, Pat",ss,3.079,875000
2021,"Brice, Austin",rhp,3.101,870000
2021,"Fry, Jace",lhp,3.005,862500
2021,"Hicks, Jordan",rhp,3,862500
2021,"Detwiler, Ross",lhp,8.011,850000
2021,"Brothers, Rex",lhp,4.163,850000
2021,"Hale, David",rhp-s,3.163,850000
2021,"Altavilla, Dan",rhp,3.063,850000
2021,"Armstrong, Shawn",rhp,3.028,825000
2021,"Stephenson, Robert",rhp,3.049,805000
2021,"Chacin, Jhoulys",rhp-s,9.087,800000
2021,"Franco, Maikel",3b,5.157,800000
2021,"Tepera, Ryan",rhp,5.008,800000
2021,"Wolters, Tony",c,4.161,800000
2021,"Crick, Kyle",rhp,3.104,800000
2021,"Steckenrider, Drew",rhp,3.094,800000
2021,"Brebbia, John",rhp,3.093,800000
2021,"Middleton, Keynan",rhp,3.089,800000
2021,"Cordero, Franchy",cf-rf,3.038,800000
2021,"Torreyes, Ronnie",2b,3.006,800000
2021,"Drake, Oliver",lhp,4.045,775000
2021,"Perez, Hernan",3b,5.1,750000
2021,"Guerra, Junior",rhp-s,4.155,750000
2021,"Barnes, Jacob",rhp,4.03,750000
2021,"Holder, Jonathan",rhp,3.124,750000
2021,"Kittredge, Andrew",rhp,2.07,750000
2021,"Dominguez, Seranthony",rhp,2.147,727500
2021,"Smith, Burch",rhp,3.095,705000
2021,"LeBlanc, Wade",lhp,7.131,700000
2021,"Dobnak, Randy",rhp,1.036,700000
2021,"Moronta, Reyes",rhp,3.028,695000
2021,"Williams, Devin",rhp,1.056,681100
2021,"Bush, Matt",rhp,2.132,680000
2021,"Bieber, Shane",rhp-s,2.097,679900
2021,"Alonso, Pete",1b,2,676775
2021,"Thielbar, Caleb",lhp,2.131,650000
2021,"Holmes, Clay",rhp,2.031,650000
2021,"Barlow, Scott",rhp,2.03,650000
2021,"Evans, Phillip",3b-2b,1.11,650000
2021,"Verdugo, Alex",of,2.078,649500
2021,"McNeil, Jeff",3b-lf,2.069,642251
2021,"Farmer, Kyle",c,2.129,640000
2021,"Andujar, Miguel",3b,2.117,639000
2021,"Valdez, Framber",lhp,1.163,637300
2021,"Alcantara, Sandy",rhp-s,2.1,630000
2021,"Sheffield, Justus",lhp,1.053,625000
2021,"Lewis, Kyle",of,1.02,625000
2021,"Tucker, Kyle",of,1.079,624300
2021,"Tauchman, Mike",cf,2.055,624200
2021,"Javier, Cristian",rhp-s,1,620400
2021,"German, Domingo",rhp-s,2.017,619675
2021,"Walker, Christian",1b,2.124,619300
2021,"Pruitt, Austin",rhp,2.125,617500
2021,"Curtiss, John",rhp,1.045,615000
2021,"Robles, Victor",of,2.052,614000
2021,"Pivetta, Nick",rhp-s,2.166,613500
2021,"Arraez, Luis",2b,1.121,611000
2021,"Paddack, Chris",rhp-s,2,610900
2021,"Alvarez, Yordan",1b-of,1.113,609000
2021,"Burnes, Corbin",rhp-s,2.049,608000
2021,"Berti, Jon",3b,1.168,607500
2021,"Gallen, Zac",rhp,1.1,607500
2021,"Lucchesi, Joey",lhp-s,2.067,607100
2021,"Guzman, Ronald",1b,2.083,606000
2021,"Ferguson, Caleb",lhp,2.093,605500
2021,"Guerrero, Vladimir Jr.",3b,1.157,605400
2021,"Urquidy, Jose",rhp-s,1.049,604200
2021,"Gallagher, Cam",c,2.106,604000
2021,"Biggio, Cavan",2b,1.129,604000
2021,"Wade, Tyler",2b,2.093,603300
2021,"Young, Alex",lhp-s,1.095,603000
2021,"Reyes, Franmil",rf,2.115,602400
2021,"James, Josh",rhp,2.03,602000
2021,"Jansen, Danny",c,2.05,601800
2021,"Clarke, Taylor",rhp,1.12,601800
2021,"Scrubb, Andre",rhp,1,601600
2021,"Reynolds, Bryan",of,1.163,601000
2021,"Suero, Wander",rhp,2.123,600700
2021,"Newcomb, Sean",lhp-s,2.166,600500
2021,"Barreto, Franklin",ss,2.031,600500
2021,"Matzek, Tyler",lhp,2.019,600500
2021,"Luetge, Lucas",lhp,2.015,600000
2021,"Mayza, Tim",lhp,1.156,600000
2021,"Yastrzemski, Mike",of,1.128,600000
2021,"Mills, Alec",rhp,1.097,600000
2021,"Cease, Dylan",rhp,1.089,600000
2021,"Fedde, Erick",rhp,2.099,599200
2021,"Taylor, Blake",lhp,1,599100
2021,"Bielak, Brandon",rhp-s,1,599000
2021,"Sims, Lucas",rhp,2.014,598500
2021,"Tellez, Rowdy",1b,2.012,598100
2021,"Newman, Kevin",2b,2.046,598000
2021,"Lopez, Yoan",rhp,2.011,597800
2021,"Cave, Jake",of,2.072,597500
2021,"Lopez, Nicky",2b,1.139,597500
2021,"Paredes, Enoli",rhp,1,596900
2021,"Crichton, Stefan",rhp,1.115,596400
2021,"Hill, Tim",lhp,2.112,596000
2021,"Edman, Tommy",3b-rf,1.114,596000
2021,"Howard, Sam",lhp,1.105,596000
2021,"Loaisiga, Jonathan",rhp,2.022,595800
2021,"Hudson, Dakota",rhp-s,2.066,595700
2021,"Kolarek, Adam",lhp,2.111,595500
2021,"Borucki, Ryan",lhp-s,2.088,595200
2021,"Lopez, Pablo",rhp-s,2.093,595000
2021,"O'Neill, Tyler",lf,2.059,594700
2021,"Gallegos, Giovanny",rhp,2.085,594500
2021,"Higashioka, Kyle",c,2.005,594000
2021,"Singer, Brady",rhp-s,1,593700
2021,"Means, John",lhp-s,2.007,593500
2021,"Webb, Tyler",lhp,2.076,593000
2021,"Calhoun, Willie",2b,2.033,593000
2021,"Wick, Rowan",rhp,1.114,593000
2021,"Thornton, Trent",rhp-s,2,592900
2021,"Adam, Jason",rhp,1.081,592500
2021,"Sadler, Casey",rhp,2.035,591800
2021,"Perez, Michael",c,2,591500
2021,"Canning, Griffin",rhp,1.153,590500
2021,"Riley, Austin",3b,1.138,590500
2021,"Beaty, Matt",1b,1.104,590500
2021,"Smith, Will",c,1.09,590500
2021,"Slegers, Aaron",rhp,1.086,590500
2021,"Toussaint, Touki",rhp,1.065,590500
2021,"Walsh, Jared",rf,1.065,590500
2021,"May, Dustin",rhp,1.059,590500
2021,"Ríos, Edwin",3b,1.043,590500
2021,"Graterol, Brusdar",rhp,1.029,590500
2021,"Brubaker, J.T.",rhp,1,590500
2021,"Moore, Dylan",3b,2,590400
2021,"Straw, Myles",cf,1.112,590400
2021,"Plesac, Zach",rhp,1.078,590200
2021,"Castillo, Jose",lhp,2.121,590000
2021,"Adames, Willy",ss,2.105,590000
2021,"Wingenter, Trey",rhp,2.053,590000
2021,"Beede, Tyler",rhp,1.128,590000
2021,"Bard, Luke",rhp,1.028,590000
2021,"Martin, Brett",lhp,1.151,589500
2021,"Hayes, Ke'Bryan",3b,0.075,589500
2021,"Grisham, Trent",cf,1.06,589200
2021,"Locastro, Tim",2b-of,2.01,589100
2021,"Rainey, Tanner",rhp,1.158,589000
2021,"Diaz, Yandy",3b,2.122,588900
2021,"Beeks, Jalen",lhp,2.07,588800
2021,"Staumont, Josh",rhp,1.072,588700
2021,"Zimmer, Kyle",rhp,1.064,588700
2021,"Davis, Austin",lhp,1.105,588000
2021,"Anderson, Nick",rhp,2,587900
2021,"France, Ty",3b,1.089,587800
2021,"Bichette, Bo",ss,1.063,587800
2021,"Voth, Austin",rhp,1.127,587700
2021,"Brinson, Lewis",cf,2.115,587500
2021,"Fulmer, Carson",rhp,2.035,587500
2021,"Hernandez, Jonathan",rhp,1.041,587500
2021,"Civale, Aaron",rhp,1.058,587400
2021,"Reyes, Victor",of,2.084,587100
2021,"Turnbull, Spencer",rhp-s,2.02,586900
2021,"Margevicius, Nick",lhp,1.1,586900
2021,"Lopez, Jorge",rhp-s,2.102,586750
2021,"VanMeter, Josh",2b,1.076,586600
2021,"King, Michael",rhp,1.008,586500
2021,"Brosseau, Mike",3b,1.1,586300
2021,"Quantrill, Cal",rhp-s,1.132,586200
2021,"Solak, Nick",2b,1.041,586000
2021,"Ginkel, Kevin",rhp,1.023,585900
2021,"Peterson, David",lhp,1,585750
2021,"Hoffman, Jeff",rhp-s,2.105,585500
2021,"Poncedeleon, Daniel",rhp,1.086,585500
2021,"Springs, Jeffrey",lhp,2.043,585000
2021,"Munoz, Andres",rhp,1.08,585000
2021,"Karinchak, James",rhp,1.017,585000
2021,"Heuer, Codi",rhp,1,585000
2021,"Foster, Matt",rhp,0.169,585000
2021,"Crismatt, Nabil",rhp,0.05,585000
2021,"Dunn, Justin",rhp,1.02,584900
2021,"Cronenworth, Jake",lf-rhp,1,584900
2021,"Hatch, Thomas",rhp,1,584800
2021,"Hiura, Keston",2b,1.114,584600
2021,"Underwood, Duane",rhp,1.044,584500
2021,"Phillips, Brett",of,2.013,584400
2021,"Bauers, Jake",1b,1.1,584400
2021,"Allard, Kolby",lhp,1.114,584250
2021,"Plutko, Adam",rhp,2.063,584200
2021,"Houser, Adrian",rhp-s,2.01,584100
2021,"Trevino, Jose",c,1.055,584000
2021,"Romano, Jordan",rhp,1.051,584000
2021,"Madrigal, Nick",2b,0.164,584000
2021,"McBroom, Ryan",1b-rf,1.008,583900
2021,"Fairbanks, Pete",rhp,1.057,583800
2021,"Ruiz, Rio",3b,2.109,583500
2021,"Romano, Sal",rhp,1.167,583500
2021,"Toles, Andrew",lf-rf,1.128,583500
2021,"Widener, Taylor",rhp-s,1,583400
2021,"Greiner, Grayson",c,2.083,583100
2021,"Dean, Austin",rf,1.124,583100
2021,"Webb, Logan",rhp,1.044,583000
2021,"Dubon, Mauricio",ss,1.04,583000
2021,"Rogers, Tyler",rhp,1.034,583000
2021,"Baragar, Caleb",lhp-s,1,583000
2021,"Hearn, Taylor",lhp,1.122,582500
2021,"Finnegan, Kyle",rhp,1,582400
2021,"Rojas, Josh",2b,0.152,582400
2021,"Castillo, Diego",rhp,2.118,582300
2021,"Helsley, Ryan",rhp,1.105,582300
2021,"Smith, Riley",rhp,0.097,582300
2021,"Fisher, Derek",lf,2.061,582100
2021,"Alford, Anthony",cf,1.142,582000
2021,"Castro, Harold",3b,1.141,581700
2021,"Luplow, Jordan",of,2.112,581500
2021,"Arroyo, Christian",3b,2.036,581500
2021,"Meadows, Austin",rf,2.074,581400
2021,"Reed, Cody",lhp,2.072,581200
2021,"Arozarena, Randy",lf,0.129,581200
2021,"Fry, Paul",lhp,2.096,581000
2021,"Cabrera, Genesis",lhp,1.027,580900
2021,"Guillorme, Luis",inf,1.167,580701
2021,"Torrens, Luis",c,1.128,580700
2021,"Sisco, Chance",c,2.103,580500
2021,"Laureano, Ramon",cf,2.059,580500
2021,"Mejia, Francisco",c,2.054,580500
2021,"Hampson, Garrett",2b-ss,2.03,580500
2021,"Wendelken, J.B.",rhp,2.028,580500
2021,"Kinley, Tyler",rhp,2.014,580500
2021,"Senzel, Nick",of-3b,1.15,580500
2021,"Taylor, Josh",lhp,1.121,580500
2021,"Long, Shed",2b,1.057,580500
2021,"Antone, Tejay",rhp,1,580500
2021,"Gonsolin, Tony",rhp,0.152,580500
2021,"Ynoa, Huascar",rhp,0.141,580500
2021,"González, Victor",lhp,0.128,580500
2021,"Lux, Gavin",ss,0.114,580500
2021,"Jackson, Alex",c,0.076,580500
2021,"Garcia, Robel",2b,0.061,580500
2021,"Ponce, Cody",rhp,0.05,580500
2021,"Pache, Cristian",of,0.022,580500
2021,"Adams, Austin L.",rhp,2.015,580200
2021,"Garcia, Luis",rhp-s,0.083,580100
2021,"Scott, Tanner",lhp,2.059,580000
2021,"Payamps, Joel",rhp,0.064,580000
2021,"Davis, Jonathan",cf,1.029,579800
2021,"Soto, Gregory",lhp,1.102,579600
2021,"Knizner, Andrew",c,1.021,579200
2021,"Stevenson, Andrew",lf,1.127,579100
2021,"Hernandez, Elieser",rhp,2.118,579000
2021,"Keller, Mitch",rhp,1.059,579000
2021,"Aquino, Aristides",rf,1.005,579000
2021,"Bednar, David",rhp,0.076,579000
2021,"Cederlind, Blake",rhp,0.036,579000
2021,"Alexander, Tyler",lhp,1.058,578800
2021,"Misiewicz, Anthony",lhp,1,578700
2021,"Haseley, Adam",of,1.118,578500
2021,"Hernandez, Darwinzon",lhp,1.08,578500
2021,"Hays, Austin",of,1.057,578500
2021,"Valdez, Phillips",rhp,1.04,578500
2021,"Castro, Willi",ss,0.17,578500
2021,"Merryweather, Julian",rhp,0.114,578400
2021,"Woodford, Jake",rhp,0.167,578300
2021,"McKinney, Billy",of,1.107,578100
2021,"Quinn, Roman",of,2.088,578000
2021,"Zeuch, T.J.",rhp,0.058,578000
2021,"Poche, Colin",lhp,1.114,577800
2021,"Yardley, Eric",rhp,1.04,577800
2021,"Nido, Tomas",c,2.089,577720
2021,"Williams, Taylor",rhp,2.034,577500
2021,"Naylor, Josh",lf-1b,1.118,577500
2021,"Pearson, Nate",rhp,0.169,577500
2021,"Hill, Cam",rhp,0.158,577500
2021,"Thompson, Ryan",rhp,1,577200
2021,"Gimenez, Andres",ss,1,577100
2021,"Carlson, Dylan",cf,0.094,577100
2021,"Mullins, Cedric",of,1.075,577000
2021,"Stewart, D.J.",of,1.065,577000
2021,"Houck, Tanner",rhp,0.036,577000
2021,"Wahl, Bobby",rhp,2.059,576700
2021,"Garcia, Bryan",rhp,1.029,576600
2021,"Valdez, Cesar",rhp,1.06,576500
2021,"Maples, Dillon",rhp,0.136,576500
2021,"Lopes, Tim",2b,1.055,576100
2021,"Stashak, Cody",rhp,1.07,576000
2021,"Sosa, Edmundo",ss,0.14,575900
2021,"Almonte, Yency",rhp,1.168,575500
2021,"Lambert, Peter",rhp,1.116,575500
2021,"Gomber, Austin",lhp,1.111,575500
2021,"Garcia, Aramis",c,1.086,575500
2021,"Rodgers, Brendan",ss,1.075,575500
2021,"Fowler, Dustin",of,1.039,575500
2021,"Hilliard, Sam",rf,1.034,575500
2021,"Murphy, Sean",c,1.029,575500
2021,"Luzardo, Jesus",lhp-s,1.021,575500
2021,"Marmolejos, Jose",1b,1.017,575500
2021,"Fuentes, Josh",3b,1.015,575500
2021,"Alcala, Jorge",rhp,1.005,575500
2021,"Jeffers, Ryan",c,0.108,575500
2021,"Anderson, Ian",rhp,0.094,575500
2021,"Nottingham, Jacob",c,1.026,575400
2021,"McKenzie, Triston",rhp,0.103,575300
2021,"Nelson, Nick",rhp,0.144,575150
2021,"Urias, Luis",2b-ss,1.12,575100
2021,"Cordero, Jimmy",rhp,1.136,575000
2021,"Ruiz, Jose",rhp,1.048,575000
2021,"Garcia, Rony",rhp,1,575000
2021,"Collins, Zack",c,0.152,575000
2021,"Lowe, Nate",1b,0.145,575000
2021,"Bohm, Alec",rhp,0.128,575000
2021,"Dalbec, Bobby",3b,0.081,575000
2021,"Sherriff, Ryan",lhp,0.156,574800
2021,"Rogers, Trevor",lhp,0.094,574750
2021,"Smith, Pavin",1b,0.05,574600
2021,"Smith, Drew",rhp,2.034,574500
2021,"Tate, Dillon",rhp,1.048,574500
2021,"Sulser, Cole",rhp,1.028,574500
2021,"Benjamin, Wes",lhp,0.133,574500
2021,"Mountcastle, Ryan",ss,0.105,574500
2021,"Haggerty, Sam",2b,0.14,574300
2021,"Skubal, Tarik",lhp,0.114,574300
2021,"Baez, Michel",rhp,0.104,574200
2021,"Hernández, Carlos",rhp,0.081,574200
2021,"Mize, Casey",rhp-s,0.111,574100
2021,"Abreu, Bryan",rhp,0.064,574100
2021,"Harvey, Hunter",rhp,1.047,574000
2021,"Taveras, Leodys",cf,0.114,574000
2021,"Heim, Jonah",c,0.097,574000
2021,"Crowe, Wil",rhp,0.025,574000
2021,"Mathisen, Wyatt",3b,0.061,573600
2021,"De Leon, Jose",rhp-s,2.06,573500
2021,"Astudillo, Willians",c,1.158,573500
2021,"Sborz, Josh",rhp,0.113,573500
2021,"Cody, Kyle",rhp,0.108,573500
2021,"Kirk, Alejandro",c,0.047,573500
2021,"Murphy, Patrick",rhp,0.028,573400
2021,"Guerra, Javier",ss,1.052,573100
2021,"Blandino, Alex",2b-ss,1.108,573000
2021,"Coonrod, Sam",rhp,1.078,573000
2021,"Rasmussen, Drew",rhp,0.128,573000
2021,"Irvin, Cole",lhp-s,0.12,573000
2021,"Alzolay, Adbert",rhp-s,0.05,573000
2021,"Topa, Justin",rhp,0.05,573000
2021,"McKinstry, Zach",2b,0.017,573000
2021,"Morejon, Adrian",lhp,1.013,572900
2021,"Burke, Brock",lhp,1.041,572500
2021,"Perez, Cionel",lhp,1.01,572500
2021,"Daza, Yonathan",of,0.101,572500
2021,"Dunning, Dane",rhp,0.083,572500
2021,"White, Eli",2b,0.075,572500
2021,"King, John",lhp,0.067,572500
2021,"Kremer, Dean",rhp,0.053,572500
2021,"Nunez, Dom",c,0.048,572500
2021,"Feyereisen, J.P.",rhp,0.108,572400
2021,"Fraley, Jake",cf,0.097,572100
2021,"Mathias, Mark",2b,0.081,572000
2021,"Williams, Justin",rf,0.058,572000
2021,"Huff, Sam",c,0.05,572000
2021,"Crochet, Garrett",lhp,0.028,572000
2021,"Schmidt, Clarke",rhp,0.031,571925
2021,"Mateo, Jorge",ss,1,571800
2021,"Clase, Emmanuel",rhp,0.059,571800
2021,"Chisholm, Jazz",ss,0.075,571750
2021,"Nola, Austin",c,1.106,571500
2021,"Allen, Logan",lhp,0.083,571500
2021,"Brogdon, Connor",rhp,0.081,571500
2021,"Urias, Ramon",2b,0.047,571500
2021,"Evans, DeMarcus",rhp,0.036,571500
2021,"Zimmerman, Bruce",lhp-s,0.031,571500
2021,"Wallach, Chad",c,2.09,571375
2021,"Sierra, Magneuris",of,1.138,571375
2021,"Nogowsk, John",1b,0.017,571300
2021,"Chang, Yu-Cheng",ss,1.005,571100
2021,"Campusano, Luis",c,0.067,571100
2021,"Ona, Jorge",of,0.033,571100
2021,"Sanchez, Jesus",of,0.033,571000
2021,"Brigham, Jeff",rhp,1.126,570750
2021,"Guzman, Jorge",rhp,0.022,570750
2021,"Weathers, Ryan",lhp,0,570700
2021,"Kopech, Michael",rhp,1.041,570500
2021,"Garlick, Kyle",rf,0.163,570500
2021,"Guduan, Reymin",lhp,0.104,570500
2021,"Bailey, Brandon",rhp,0.064,570500
2021,"Stephenson, Tyler",c,0.056,570500
2021,"Mercedes, Yermin",c,0.008,570500
2021,"Colina, Edwar",rhp,0.006,570500
2021,"Baddoo, Akii",of,0,570500
2021,"Bowden, Ben",lhp,0,570500
2021,"Brentz, Jake",lhp,0,570500
2021,"Campbell, Paul",rhp,0,570500
2021,"de Geus, Brett",rhp,0,570500
2021,"India, Jonathan",2b,0,570500
2021,"Isbel, Kyle",of,0,570500
2021,"Marcano, Tucupita",2b,0,570500
2021,"McCormick, Chas",rf,0,570500
2021,"Oviedo, Luis",rhp,0,570500
2021,"Pop, Zach",rhp,0,570500
2021,"Rodriguez, Chris",rhp,0,570500
2021,"Rojas, Jose",3b,0,570500
2021,"Sceroler, Mac",rhp,0,570500
2021,"Sheffield, Jordan",rhp,0,570500
2021,"Soriano, Jose",rhp,0,570500
2021,"Stephan, Trevor",rhp,0,570500
2021,"Tom, Ka'ai",cf,0,570500
2021,"Trammell, Taylor",of,0,570500
2021,"Vaughn, Andrew",1b,0,570500
2021,"Vest, Will",rhp,0,570500
2021,"Wells, Tyler",rhp,0,570500
2021,"Whitlock, Garrett",rhp,0,570500
2021,"Lucroy, Jonathan",c,9.136,
2021,"Swarzak, Anthony",rhp,8.024,
2021,"Milone, Tom",lhp-s,7.113,
2021,"Boxberger, Brad",rhp,7.033,
2021,"Strickland, Hunter",rhp,5.033,
2021,"Peterson, Jace",2b-3b,4.149,
2021,"Peraza, Jose",2b,4.102,
2021,"Maile, Luke",c,4.099,
2021,"Difo, Wilmer",ss,3.146,
2021,"Ryan, Kyle",lhp,3.139,
2021,"Heredia, Guillermo",of,3.112,
2021,"Camargo, Johan",2b,3.098,
2021,"Lopez, Reynaldo",rhp-s,3.091,
2021,"Jimenez, Joe",rhp,3.077,
2021,"Nunez, Renato",1b-dh,2.167,
2021,"Zimmer, Bradley",of,2.119,
2021,"Richards, Trevor",rhp-s,2.098,
2021,"Hoyt, James",rhp,2.094,
2021,"Guerra, Deolis",rhp,2.071,
2021,"Lauer, Eric",lhp,2.057,
2021,"Santana, Edgar",rhp,2.048,
2021,"Buttrey, Ty",rhp,2.046,
2021,"Brewer, Colten",rhp,2.044,
2021,"Williams, Nick",rf,2.036,
2021,"O'Hearn, Ryan",1b,2.034,
2021,"Arano, Victor",rhp,2.02,
2021,"Harper, Ryne",rhp,2.02,
2021,"Hildenberger, Trevor",rhp,2.005,
2021,"Brennan, Brandon",rhp,2,
2021,"Martin, Richie",ss,2,
2021,"Chavis, Michael",3b,1.164,
2021,"Webb, Jacob",rhp,1.155,
2021,"Duggar, Steven",of,1.147,
2021,"Rengifo, Luis",2b,1.147,
2021,"Newberry, Jake",rhp,1.146,
2021,"Ramirez, Harold",of,1.142,
2021,"Palumbo, Joe",lhp,1.13,
2021,"Tarpley, Stephen",lhp,1.13,
2021,"Wieck, Brad",lhp,1.125,
2021,"Suarez, Ranger",lhp,1.124,
2021,"Barria, Jaime",rhp,1.123,
2021,"Heineman, Scott",rf,1.116,
2021,"Mercado, Oscar",of,1.114,
2021,"Santana, Dennis",rhp,1.105,
2021,"Swanson, Erik",rhp,1.099,
2021,"Hartlieb, Geoff",rhp,1.093,
2021,"Anderson, Shaun",rhp,1.091,
2021,"Tucker, Cole",ss,1.08,
2021,"Norwood, James",rhp,1.07,
2021,"Thomas, Lane",cf,1.068,
2021,"Stewart, Kohl",rhp,1.065,
2021,"Ward, Taylor",3b,1.065,
2021,"Estrada, Thairo",2b-ss,1.063,
2021,"Ford, Mike",1b,1.061,
2021,"Bemboon, Anthony",c,1.058,
2021,"Lakins, Travis",rhp,1.054,
2021,"Bergen, Travis",lhp,1.046,
2021,"Gutierrez, Kelvin",3b,1.046,
2021,"Wade, LaMonte",lf,1.046,
2021,"McGuire, Reese",c,1.043,
2021,"Puk, A.J.",lhp,1.041,
2021,"Wright, Kyle",rhp-s,1.04,
2021,"Toro, Abraham",3b,1.039,
2021,"Sobotka, Chad",rhp,1.031,
2021,"Mayfield, Jack",2b,1.03,
2021,"Smeltzer, Devin",lhp,1.028,
2021,"Stubbs, Garrett",c,1.024,
2021,"Martin, Corbin",rhp,1.023,
2021,"Selman, Sam",lhp,1.023,
2021,"Hoerner, Nico",2b,1.021,
2021,"Armenteros, Rogelio",rhp,1.018,
2021,"Bishop, Braden",of,1.017,
2021,"Mendick, Danny",ss,1.01,
2021,"Diaz, Yennsy",rhp,1.008,
2021,"Kay, Anthony",lhp,1.006,
2021,"Fernandez, Junior",rhp,1.005,
2021,"Kieboom, Carter",ss,1.001,
2021,"Araúz, Jonathan",ss,1,
2021,"Espinoza, Anderson",rhp,1,
2021,"Holloway, Jordan",rhp,1,
2021,"Lambert, Jimmy",rhp,1,
2021,"Luciano, Elvis",rhp,1,
2021,"Machin, Vimael",ss,1,
2021,"Neidert, Nick",rhp,1,
2021,"Ramirez, Yohan",rhp,1,
2021,"Tromp, Chadwick",c,1,
2021,"Whitley, Kodi",rhp,1,
2021,"Zuber, Tyler",rhp,1,
2021,"Allen, Austin",c,0.171,
2021,"Taylor, Beau",c,0.168,
2021,"Sandoval, Patrick",lhp,0.167,
2021,"Varsho, Daulton",c,0.167,
2021,"Wilson, Bryse",rhp-s,0.165,
2021,"Bubic, Kris",lhp-s,0.164,
2021,"Mazza, Chris",rhp,0.162,
2021,"Weems, Jordan",rhp,0.161,
2021,"Suarez, Jose",lhp,0.16,
2021,"Yamamoto, Jordan",rhp,0.154,
2021,"Adell, Jo",of,0.153,
2021,"Gerber, Joey",rhp,0.153,
2021,"Thaiss, Matt",1b,0.153,
2021,"Olivares, Edward",cf,0.147,
2021,"Castellani, Ryan",rhp,0.144,
2021,"Quijada, Jose",lhp,0.143,
2021,"Zamora, Daniel",lhp,0.143,
2021,"Heath, Nick",cf,0.142,
2021,"McGowin, Kyle",rhp,0.141,
2021,"Howard, Spencer",rhp,0.139,
2021,"Thorpe, Lewis",lhp,0.137,
2021,"Beasley, Jeremy",rhp,0.136,
2021,"Espinal, Santiago",2b,0.136,
2021,"Funkhouser, Kyle",rhp,0.136,
2021,"Vesia, Alex",lhp,0.136,
2021,"Diaz, Isan",ss,0.131,
2021,"Romero, Seth",lhp,0.128,
2021,"Garcia, Luis",ss,0.125,
2021,"Newsome, Ljay",rhp,0.122,
2021,"Reid-Foley, Sean",rhp,0.122,
2021,"Valera, Breyvic",2b,0.121,
2021,"Poppen, Sean",rhp,0.119,
2021,"Paredes, Isaac",ss,0.117,
2021,"Romero, Jojo",lhp,0.117,
2021,"Akin, Keegan",lhp,0.108,
2021,"Bart, Joey",c,0.108,
2021,"Elledge, Seth",rhp,0.108,
2021,"Harrison, Monte",of,0.105,
2021,"Brown, Seth",1b,0.104,
2021,"Sanchez, Sixto",rhp-s,0.103,
2021,"Tejeda, Anderson",ss,0.103,
2021,"Fleming, Josh",lhp,0.1,
2021,"Lovelady, Richard",lhp,0.1,
2021,"Patino, Luis",rhp,0.1,
2021,"Taylor, Tyrone",of,0.098,
2021,"Rosso, Ramon",rhp,0.097,
2021,"Duplantier, Jon",rhp,0.095,
2021,"Castellanos, Humberto",rhp,0.092,
2021,"Garcia, Jose",ss,0.092,
2021,"Goudeau, Ashton",rhp,0.092,
2021,"Menez, Conner",lhp,0.092,
2021,"Oviedo, Johan",rhp,0.092,
2021,"Castano, Daniel",lhp,0.086,
2021,"Burdi, Zack",rhp,0.083,
2021,"Schrock, Max",2b,0.075,
2021,"O'Grady, Brian",1b,0.073,
2021,"Hill, Derek",of,0.072,
2021,"Young, Andy",2b,0.072,
2021,"Fletcher, Aaron",lhp,0.067,
2021,"Rooker, Brent",of,0.067,
2021,"Waddell, Brandon",lhp,0.067,
2021,"Braymer, Ben",lhp,0.064,
2021,"Rogers, Jake",c,0.062,
2021,"Burrows, Beau",rhp,0.061,
2021,"Keller, Kyle",rhp,0.06,
2021,"Garcia, Deivi",rhp,0.058,
2021,"Bolaños, Ronald",rhp,0.056,
2021,"McKay, Brendan",lhp,0.056,
2021,"Rodriguez, Nivaldo",rhp,0.056,
2021,"Mujica, Jose",rhp,0.054,
2021,"Cameron, Daz",of,0.053,
2021,"Diaz, Lewin",1b,0.053,
2021,"Santos, Antonio",rhp,0.05,
2021,"Hernandez, Yadiel",lf,0.047,
2021,"Sanchez, Ali",c,0.047,
2021,"Tapia, Domingo",rhp,0.047,
2021,"Davis, Jaylin",of,0.045,
2021,"Apostel, Sherten",3b,0.044,
2021,"Kriske, Brooks",rhp,0.044,
2021,"Yajure, Miguel",rhp,0.044,
2021,"Jones, Taylor",1b,0.042,
2021,"Marchan, Rafael",c,0.042,
2021,"Walton, Donnie",2b,0.042,
2021,"Flores, Bernardo",lhp,0.036,
2021,"Johnson, Daniel",of,0.036,
2021,"Gonzalez, Luis",of,0.033,
2021,"Mejia, Humberto",rhp,0.033,
2021,"Grullon, Deivy",c,0.032,
2021,"Neuse, Sheldon",3b,0.032,
2021,"Kaprielian, James",rhp,0.031,
2021,"Payton, Mark",of,0.031,
2021,"Mears, Nick",rhp,0.028,
2021,"Perdomo, Angel",lhp,0.028,
2021,"Abreu, Albert",rhp,0.025,
2021,"Moniak, Mickey",of,0.025,
2021,"White, Mitchell",rhp,0.025,
2021,"Bradley, Bobby",1b,0.023,
2021,"Warren, Art",rhp,0.023,
2021,"Barrera, Tres",c,0.022,
2021,"Nelson, Kyle",lhp,0.022,
2021,"Ruiz, Keibert",c,0.022,
2021,"Barrera, Luis",cf,0.021,
2021,"Oliva, Jared",of,0.019,
2021,"Quezada, Johan",rhp,0.019,
2021,"Bolt, Skye",cf,0.018,
2021,"Contreras, William",c,0.017,
2021,"Stiever, Jonathan",rhp,0.017,
2021,"Cleavinger, Garrett",lhp,0.014,
2021,"Doyle, Tommy",rhp,0.014,
2021,"Jones, Jahmai",2b,0.014,
2021,"Florial, Estevan",of,0.011,
2021,"Steele, Justin",lhp,0.011,
2021,"Weigel, Patrick",rhp,0.011,
2021,"Zavala, Seby",c,0.011,
2021,"Bickford, Phil",rhp,0.008,
2021,"Blankenhorn, Travis",3b-2b,0.008,
2021,"Mazeika, Patrick",c,0.008,
2021,"Rodriguez, Manuel",rhp,0.008,
2021,"Garrett, Braxton",lhp,0.006,
2021,"Llovera, Mauricio",rhp,0.006,
2021,"Miller, Tyson",rhp,0.006,
2021,"Perez, Hector",rhp,0.006,
2021,"Davidson, Tucker",lhp,0.003,
2021,"De La Cruz, Jasseel",rhp,0.003,
2021,"Jefferies, Daulton",rhp,0.003,
2021,"Marquez, Brailyn",lhp,0.003,
2021,"Medina, Adonis",rhp,0.003,
2021,"Abbott, Cory",rhp,0,
2021,"Adams, Riley",c,0,
2021,"Adolfo, Micker",of,0,
2021,"Adon, Joan",rhp,0,
2021,"Alexy, A.J.",rhp,0,
2021,"Amaya, Miguel",c,0,
2021,"Antuna, Yasel",ss-3b,0,
2021,"Arias, Gabriel",ss,0,
2021,"Aybar, Yoan",lhp,0,
2021,"Balazovic, Jordan",rhp,0,
2021,"Bannon, Rylan",2b,0,
2021,"Baumann, Michael",rhp,0,
2021,"Bazardo, Eduard",rhp,0,
2021,"Bettinger, Alec",rhp,0,
2021,"Boswell, Bret",2b-of,0,
2021,"Brujan, Vidal",2b,0,
2021,"Bukauskas, J.B.",rhp,0,
2021,"Burger, Jake",3b,0,
2021,"Cabrera, Edward",rhp,0,
2021,"Canario, Alexander",of,0,
2021,"Carrillo, Gerardo",rhp,0,
2021,"Castro, Kervin",rhp,0,
2021,"Castro, Rodolfo",2b,0,
2021,"Celestino, Gilberto",cf,0,
2021,"Chalmers, Dakota",rhp,0,
2021,"Charles, Wandisson",rhp,0,
2021,"Clay, Sam",lhp,0,
2021,"Clement, Ernie",ss,0,
2021,"Contreras, Roansy",rhp,0,
2021,"Cruz, Oneil",ss,0,
2021,"Deichmann, Greg",of,0,
2021,"Delaplane, Sam",rhp,0,
2021,"Devers, Jose",ss,0,
2021,"Diaz, Yusniel",of,0,
2021,"Doval, Camilo",rhp,0,
2021,"Duran, Jhoan",rhp,0,
2021,"Emanuel, Kent",lhp,0,
2021,"Encarnacion, Jerar",rf,0,
2021,"Faedo, Alex",rhp,0,
2021,"Fairchild, Stuart",of,0,
2021,"Falter, Bailey",lhp,0,
2021,"Feliciano, Mario",c,0,
2021,"File, Dylan",rhp,0,
2021,"Fox, Lucius",ss,0,
2021,"Frias, Luis",rhp,0,
2021,"Fuentes, Steven",rhp,0,
2021,"Garcia, David",c,0,
2021,"Gil, Luis",rhp,0,
2021,"Gilbreath, Lucas",lhp,0,
2021,"Gomez, Yoendrys",rhp,0,
2021,"Gordon, Nick",ss,0,
2021,"Groome, Jay",lhp,0,
2021,"Gutierrez, Vladimir",rhp,0,
2021,"Hendrix, Ryan",rhp,0,
2021,"Hentges, Sam",lhp,0,
2021,"Hernandez, Ronaldo",c,0,
2021,"Herrera, Ivan",c,0,
2021,"Holmes, Grant",rhp,0,
2021,"Honeywell, Brent",rhp,0,
2021,"Humphreys, Jordan",rhp,0,
2021,"Ivey, Tyler",rhp,0,
2021,"Jackson, Andre",rhp,0,
2021,Johnson Tyler,rhp,0,
2021,"Jones, Damon",lhp,0,
2021,"Jones, Nolan",3b,0,
2021,"Kirilloff, Alex",of,0,
2021,"Kranick, Max",rhp,0,
2021,"Lange, Alex",rhp,0,
2021,"Lawrence, Justin",rhp,0,
2021,"Lawson, Reggie",rhp,0,
2021,"Lee, Khalil",of,0,
2021,"Lopez, Otto",2b,0,
2021,"Lowe, Josh",3b,0,
2021,"Lowther, Zac",lhp,0,
2021,"Manning, Matt",rhp,0,
2021,"Marsh, Brandon",of,0,
2021,"Mata, Bryan",rhp,0,
2021,"Maton, Nick",ss,0,
2021,"Mattson, Isaac",rhp,0,
2021,"McClanahan, Shane",lhp,0,
2021,"McKenna, Ryan",of,0,
2021,"McWilliams, Sam",rhp,0,
2021,"Medina, Luis",rhp,0,
2021,"Mejia, Jean Carlos",rhp,0,
2021,"Mills, Wyatt",rhp,0,
2021,"Montero, Elehuris",3b,0,
2021,"Morales, Francisco",rhp,0,
2021,"Morel, Christopher",3b,0,
2021,"Moreno, Gabriel",c,0,
2021,"Morgan, Eli",rhp,0,
2021,"Moss, Scott",lhp,0,
2021,"Muller, Kyle",lhp,0,
2021,"Muzziotti, Simon",cf,0,
2021,"Nevin, Tyler",3b,0,
2021,"Nova, Freudis",ss-3b,0,
2021,"Nunez, Dedniel",rhp,0,
2021,"O'Brien, Riley",rhp,0,
2021,"Ober, Bailey",rhp,0,
2021,"Olivarez, Helcris",lhp,0,
2021,"Padlo, Kevin",3b,0,
2021,"Palacios, Josh",cf,0,
2021,"Peacock, Matt",rhp,0,
2021,"Peraza, Oswald",ss,0,
2021,"Perdomo, Geraldo",ss,0,
2021,"Perez, Franklin",rhp,0,
2021,"Peters, D.J.",of,0,
2021,"Phillips, Tyler",rhp,0,
2021,"Potts, Hudson",ss,0,
2021,"Raley, Luke",rf,0,
2021,"Ray, Corey",of,0,
2021,"Reks, Zach",lf,0,
2021,"Rivero, Sebastian",c,0,
2021,"Rodriguez, Yerry",rhp,0,
2021,"Romero, Miguel",rhp,0,
2021,"Rondon, Angel",rhp,0,
2021,"Rortvedt, Ben",c,0,
2021,"Rosario, Jeisson",of,0,
2021,"Rutherford, Blake",of,0,
2021,"Sanchez, Cristopher",lhp,0,
2021,"Santillan, Tony",rhp,0,
2021,"Santos, Gregory",rhp,0,
2021,"Seabold, Connor",rhp,0,
2021,"Sheets, Gavin",1b,0,
2021,"Short, Zack",ss,0,
2021,"Solis, Jairo",rhp,0,
2021,"Solomon, Jared",rhp,0,
2021,"Solomon, Peter",rhp,0,
2021,"Strotman, Drew",rhp,0,
2021,"Szapucki, Thomas",lhp,0,
2021,"Then, Juan",rhp,0,
2021,"Thompson, Keegan",rhp,0,
2021,"Thompson, Mason",rhp,0,
2021,"Tice, Ty",rhp,0,
2021,"Tillo, Daniel",lhp,0,
2021,"Trejo, Alan",ss,0,
2021,"Uceta, Edwin",rhp,0,
2021,"Vargas, Carlos",rhp,0,
2021,"Vosler, Jason",3b,0,
2021,"Walls, Taylor",ss,0,
2021,"Welker, Colton",3b,0,
2021,"Wells, Alex",lhp,0,
2021,"Wentz, Joey",lhp,0,
2021,"Whitley, Forrest",rhp,0,
2021,"Wilson, Marcus",cf,0,
2021,"Wong, Connor",c,0,
2021,"Yan, Hector",lhp,0,
2021,"Zerpa, Angel",lhp,0,
2021,"Vizcaino, Alexander",rhp,,
2020,"Trout, Mike",cf,8.07,38500000
2020,"Cole, Gerrit",rhp-s,6.111,36000000
2020,"Scherzer, Max",rhp-s,11.079,35920616
2020,"Arenado, Nolan",3b,6.155,35000000
2020,"Machado, Manny",3b,7.056,34000000
2020,"Verlander, Justin",rhp-s,14.002,33000000
2020,"Greinke, Zack",rhp-s,15.057,32875090
2020,"Price, David",lhp-s,10.164,32000000
2020,"Strasburg, Stephen",rhp-s,9.118,31631615
2020,"Kershaw, Clayton",lhp-s,11.105,31000000
2020,"Cabrera, Miguel",1b,16.101,30000000
2020,"Altuve, Jose",2b,8.072,29200000
2020,"Pujols, Albert",dh-1b,19,29000000
2020,"Harper, Bryce",rf,7.159,27538462
2020,"Betts, Mookie",rf,5.07,27000000
2020,"Rendon, Anthony",3b,6.13,26071429
2020,"Stanton, Giancarlo",dh-rf,9.118,26000000
2020,"Goldschmidt, Paul",1b,8.059,25333333
2020,"Votto, Joey",1b,12.027,25000000
2020,"Zimmermann, Jordan",rhp-s,10.154,25000000
2020,"Sale, Chris",lhp-s,9.061,24173150
2020,"Cano, Robinson",2b,14.076,24000000
2020,"Martinez, J.D.",rf,8.036,23750000
2020,"Tanaka, Masahiro",rhp-s,6,23000000
2020,"Upton, Justin",lf,12.06,22700000
2020,"Myers, Wil",rf,6.104,22500000
2020,"Freeman, Freddie",1b,9.033,22359375
2020,"Posey, Buster",c-1b,9.161,22177778
2020,"Darvish, Yu",rhp-s,8,22000000
2020,"Wheeler, Zack",rhp-s,6.098,21500000
2020,"Davis, Chris",1b-dh,10.061,21065362
2020,"Choo, Shin-Soo",dh-rf,12.119,21000000
2020,"Cueto, Johnny",rhp-s,12,21000000
2020,"Heyward, Jason",rf,10,21000000
2020,"Hosmer, Eric",1b,8.146,21000000
2020,"Blackmon, Charlie",rf-cf,7.102,21000000
2020,"Springer, George",cf,5.166,21000000
2020,"Santana, Carlos",dh-1b,9.115,20833333
2020,"Molina, Yadier",c,15.123,20000000
2020,"Lester, Jon",lhp-s,13.075,20000000
2020,"Turner, Justin",3b,9.045,20000000
2020,"Arrieta, Jake",rhp-s,8.145,20000000
2020,"Ryu, Hyun-Jin",lhp-s,7,20000000
2020,"Bogaerts, Xander",ss,6.042,20000000
2020,"Samardzija, Jeff",rhp-s,10.028,19800000
2020,"Seager, Kyle",3b,8.085,19500000
2020,"Corbin, Patrick",lhp-s,7.105,19416667
2020,"Donaldson, Josh",3b,7.158,18750000
2020,"Bryant, Kris",3b,4.171,18600000
2020,"deGrom, Jacob",rhp-s,5.139,18506981
2020,"Carpenter, Matt",3b,8.012,18500000
2020,"Grandal, Yasmani",c,7.115,18250000
2020,"Hamels, Cole",lhp-s,13.143,18000000
2020,"Jansen, Kenley",rhp-c,9.073,18000000
2020,"Kluber, Corey",rhp-s,7.074,18000000
2020,"Keuchel, Dallas",lhp-s,7.019,18000000
2020,"Ozuna, Marcell",lf,6.124,18000000
2020,"Odorizzi, Jake",rhp-s,6.042,17800000
2020,"Bauer, Trevor",rhp-s,5.158,17500000
2020,"Lindor, Francisco",ss,4.113,17500000
2020,"Belt, Brandon",1b,8.128,17200000
2020,"Happ, J.A.",lhp-s,11.047,17000000
2020,"McCutchen, Andrew",lf,10.123,17000000
2020,"Davis, Wade",rhp-c,10.032,17000000
2020,"Eovaldi, Nathan",rhp-s,8.013,17000000
2020,"Mikolas, Miles",rhp-s,3.037,17000000
2020,"Davis, Khris",dh-lf,6.104,16750000
2020,"Fowler, Dexter",rf,10.168,16500000
2020,"Kennedy, Ian",rhp,10.124,16500000
2020,"Rizzo, Anthony",1b,7.168,16500000
2020,"Braun, Ryan",lf,12.129,16094855
2020,"Brantley, Michael",lf,9.131,16000000
2020,"Chapman, Aroldis",lhp-c,9.009,16000000
2020,"Kimbrel, Craig",rhp-c,8.162,16000000
2020,"Castellanos, Nick",rf,6.029,16000000
2020,"Kikuchi, Yusei",lhp-s,1,16000000
2020,"Cain, Lorenzo",cf-rf,8.074,15801121
2020,"Andrus, Elvis",ss,11,15250000
2020,"Duffy, Danny",lhp-s,8.085,15250000
2020,"Crawford, Brandon",ss,8.094,15200000
2020,"Simmons, Andrelton",ss,7.125,15142857
2020,"Morton, Charlie",rhp-s,11.01,15000000
2020,"Desmond, Ian",cf-1b,10.027,15000000
2020,"Leake, Mike",rhp-s,10,15000000
2020,"Pollock, A.J.",cf,7.052,15000000
2020,"Longoria, Evan",3b,11.17,14992802
2020,"Segura, Jean",ss,7.065,14850000
2020,"Perez, Salvador",c,8.05,14200000
2020,"Bruce, Jay",rf,11.125,14000000
2020,"Melancon, Mark",rhp-c,9.098,14000000
2020,"Gregorius, Didi",ss,6.159,14000000
2020,"Gordon, Dee",2b-cf,7.154,13744213
2020,"Reddick, Josh",rf,9.05,13000000
2020,"Chatwood, Tyler",rhp-s,8.039,13000000
2020,"Britton, Zack",lhp,7.158,13000000
2020,"Smith, Will",lhp,6.155,13000000
2020,"Semien, Marcus",ss,5.118,13000000
2020,"Grichuk, Randal",cf,5.033,13000000
2020,"Bregman, Alex",3b,3.07,13000000
2020,"Abreu, Jose",1b,6,12666667
2020,"Pedroia, Dustin",2b,13.041,12521890
2020,"Yelich, Christian",cf,6.069,12500000
2020,"Paxton, James",lhp-s,5.151,12500000
2020,"Cobb, Alex",rhp-s,8.061,12371905
2020,"Encarnacion, Edwin",1b-dh,14.085,12000000
2020,"Cruz, Nelson",dh-rf,12.082,12000000
2020,"Moustakas, Mike",2b,8.111,12000000
2020,"LeMahieu, D.J.",2b,7.128,12000000
2020,"Roark, Tanner",rhp-s,6.055,12000000
2020,"Stroman, Marcus",rhp-s,5.148,12000000
2020,"Hendricks, Kyle",rhp-s,5.081,12000000
2020,"Martinez, Carlos",rhp-s,6.073,11700000
2020,"Familia, Jeurys",rhp,7.023,11580620
2020,"Miller, Andrew",lhp,11.062,11500000
2020,"Quintana, Jose",lhp-s,7.133,11500000
2020,"Marte, Starling",cf,6.162,11500000
2020,"Bellinger, Cody",1b-of,2.16,11500000
2020,"Lynn, Lance",rhp-s,8.119,11333333
2020,"Lowrie, Jed",2b,11.111,11250157
2020,"Robertson, David",rhp,11.07,11000000
2020,"Bradley, Jackie Jr.",cf,5.15,11000000
2020,"Gray, Sonny",rhp-s,6.061,10825000
2020,"Hicks, Aaron",of,6.041,10785714
2020,"Gibson, Kyle",rhp-s,6.039,10666667
2020,"Colome, Alex",rhp-c,5.118,10532500
2020,"Severino, Luis",rhp-s,3.17,10500000
2020,"Ramos, Wilson",c,9.047,10250000
2020,"Carrasco, Carlos",rhp-s,8.147,10250000
2020,"Wong, Kolten",2b,6.045,10250000
2020,"Kiermaier, Kevin",cf,5.131,10166667
2020,"Gardner, Brett",lf,11.072,10000000
2020,"Porcello, Rick",rhp-s,10.17,10000000
2020,"Pineda, Michael",rhp-s,8.09,10000000
2020,"Treinen, Blake",rhp,5.065,10000000
2020,"Realmuto, J.T.",c,5.038,10000000
2020,"Osuna, Roberto",rhp-c,4.097,10000000
2020,"Baez, Javier",ss,4.089,10000000
2020,"Minor, Mike",lhp-s,8.138,9833333
2020,"Iglesias, Raisel",rhp-c,4.154,9714285
2020,"Syndergaard, Noah",rhp-s,4.149,9700000
2020,"Giles, Ken",rhp-c,5.113,9600000
2020,"Suarez, Eugenio",3b,5.061,9535714
2020,"McGee, Jake",lhp,8.127,9500000
2020,"Eaton, Adam",cf,7.03,9500000
2020,"Ray, Robbie",lhp-s,5.007,9430000
2020,"Odor, Rougned",2b,5.121,9333333
2020,"Sanchez, Anibal",rhp-s,13.083,9000000
2020,"Shaw, Bryan",rhp,8.081,9000000
2020,"Gonzalez, Marwin",rf-1b,7.133,9000000
2020,"Teheran, Julio",rhp-s,7.062,9000000
2020,"Archer, Chris",rhp-s,6.156,9000000
2020,"Gausman, Kevin",rhp-s,5.151,9000000
2020,"Story, Trevor",ss,4,9000000
2020,"Ottavino, Adam",rhp,8.087,8849692
2020,"Kelly, Joe",rhp,7.029,8833333
2020,"Pressly, Ryan",rhp,6.039,8750000
2020,"Polanco, Gregory",lf,5.103,8600000
2020,"Soria, Joakim",rhp,13,8500000
2020,"Herrera, Kelvin",rhp,7.157,8500000
2020,"Richards, Garrett",rhp-s,7.148,8500000
2020,"Anderson, Chase",rhp-s,5.146,8500000
2020,"Nola, Aaron",rhp-s,4.076,8500000
2020,"Judge, Aaron",rf-dh,3.051,8500000
2020,"Rodriguez, Eduardo",lhp-s,4.13,8300000
2020,"Gurriel, Yulieski",1b,3.043,8300000
2020,"Villar, Jonathan",2b,5.113,8200000
2020,"Fiers, Michael",rhp-s,6.085,8100000
2020,"Murphy, Daniel",1b,10.109,8000000
2020,"Lyles, Jordan",rhp,8.002,8000000
2020,"Harris, Will",rhp,6.102,8000000
2020,"Dickerson, Corey",lf,6.101,8000000
2020,"d'Arnaud, Travis",c,6.044,8000000
2020,"Correa, Carlos",ss,4.119,8000000
2020,"Conforto, Michael",rf,4.043,8000000
2020,"Soler, Jorge",rf,4.143,7966667
2020,"Pham, Tommy",lf,4.107,7900000
2020,"Pederson, Joc",cf,5.028,7750000
2020,"Rosario, Eddie",lf,4.12,7750000
2020,"Inciarte, Ender",cf,5.157,7700000
2020,"Seager, Corey",ss,4.032,7600000
2020,"Snell, Blake",lhp-s,3.072,7600000
2020,"Hand, Brad",lhp,6.092,7583333
2020,"Betances, Dellin",rhp,6.078,7500000
2020,"Turner, Trea",ss,3.135,7450000
2020,"Piscotty, Stephen",rf,4.076,7333333
2020,"Cecil, Brett",lhp,9.152,7250000
2020,"Garcia, Avisail",dh-rf,6.167,7250000
2020,"Escobar, Eduardo",3b,7.128,7166667
2020,"Yates, Kirby",rhp-c,5.021,7062500
2020,"Schwarber, Kyle",lf,4.086,7010000
2020,"Bailey, Homer",rhp-s,11.017,7000000
2020,"Peralta, David",lf,5.12,7000000
2020,"Martin, Chris",rhp,2.133,7000000
2020,"Castro, Jason",c,9.104,6850000
2020,"Ramirez, Jose",3b,5.074,6650000
2020,"Doolittle, Sean",lhp-c,7.122,6500000
2020,"Foltynewicz, Mike",rhp-s,4.134,6425000
2020,"Ahmed, Nick",ss,5.054,6375000
2020,"Hernandez, Cesar",2b,5.154,6250000
2020,"Greene, Shane",rhp,5.075,6250000
2020,"Kepler, Max",rf,3.152,6250000
2020,"Schoop, Jonathan",2b-3b,6.027,6100000
2020,"Cron, C.J.",1b-dh,5.097,6100000
2020,"Suzuki, Kurt",c,12.113,6000000
2020,"Bumgarner, Madison",lhp-s,9.127,6000000
2020,"Miley, Wade",lhp-s,8.025,6000000
2020,"Cespedes, Yoenis",lf,8,6000000
2020,"Perez, Martin",lhp-s,7.038,6000000
2020,"Pomeranz, Drew",lhp,7.013,6000000
2020,"Calhoun, Kole",rf,6.13,6000000
2020,"Akiyama, Shogo",cf,0,6000000
2020,"DeSclafani, Anthony",rhp-s,5.062,5975000
2020,"Hernandez, Enrique",2b-ss,5.054,5900000
2020,"Chirinos, Robinson",c,7.103,5750000
2020,"Profar, Jurickson",2b,5.165,5700000
2020,"Gray, Jon",rhp-s,4.062,5600000
2020,"Taylor, Chris",cf,4.037,5600000
2020,"Mazara, Nomar",rf,4,5560000
2020,"Lamb, Jake",1b,5.053,5510000
2020,"Petit, Yusmeiro",rhp,9.016,5500000
2020,"Galvis, Freddy",ss,7.021,5500000
2020,"McCann, James",c,5.028,5400000
2020,"Hendriks, Liam",rhp,5.164,5300000
2020,"Boyd, Matt",lhp-s,3.136,5300000
2020,"Cishek, Steve",rhp,8.143,5250000
2020,"Davies, Zach",rhp-s,4.02,5250000
2020,"Knebel, Corey",rhp,4.151,5125000
2020,"Diaz, Edwin",rhp-c,3.121,5100000
2020,"Wainwright, Adam",rhp-s,14.027,5000000
2020,"Anderson, Brett",lhp-s,10.135,5000000
2020,"Castro, Starlin",2b,9.15,5000000
2020,"Hudson, Daniel",rhp,9.106,5000000
2020,"Wilson, Justin",lhp,7.035,5000000
2020,"Matz, Steven",lhp-s,4.099,5000000
2020,"Bundy, Dylan",rhp-s,4.026,5000000
2020,"Merrifield, Whit",2b,3.101,5000000
2020,"Sanchez, Gary",c,3.086,5000000
2020,"Tsutsugo, Yoshitomo",3b-of,0,5000000
2020,"Canha, Mark",1b-lf,4.092,4800000
2020,"Bell, Josh",1b-rf,3.053,4800000
2020,"Marquez, German",rhp-s,3.027,4800000
2020,"Romo, Sergio",rhp,11.097,4750000
2020,"Rojas, Miguel",ss,5.043,4750000
2020,"Mancini, Trey",1b-of,3.015,4750000
2020,"Neris, Hector",rhp,4.068,4600000
2020,"Gonzalez, Gio",lhp-s,10.146,4500000
2020,"Zunino, Mike",c,5.165,4500000
2020,"Contreras, Willson",c,3.108,4500000
2020,"Rodon, Carlos",lhp-s,4.168,4450000
2020,"Rogers, Taylor",lhp,3.145,4450000
2020,"Marte, Ketel",cf-2b,3.162,4400000
2020,"Gallo, Joey",3b,3.103,4400000
2020,"Sano, Miguel",3b,4.066,4333333
2020,"Heaney, Andrew",lhp-s,4.15,4300000
2020,"Avila, Alex",c,10.061,4250000
2020,"Pillar, Kevin",cf,5.113,4250000
2020,"Shoemaker, Matt",rhp-s,5.166,4200000
2020,"Vazquez, Christian",c,5.031,4200000
2020,"Romine, Austin",c,6.045,4150000
2020,"McCullers Jr., Lance",rhp-s,4.14,4100000
2020,"Bradley, Archie",rhp,4.112,4100000
2020,"Clevinger, Mike",rhp-s,3.041,4100000
2020,"Hader, Josh",lhp,2.115,4100000
2020,"Berrios, Jose O.",rhp-s,3.044,4025000
2020,"Markakis, Nick",rf,14,4000000
2020,"Kendrick, Howie",lf-2b,13.091,4000000
2020,"Gordon, Alex",lf,12.092,4000000
2020,"Smith, Joe",rhp,12.091,4000000
2020,"Chavez, Jesse",rhp,9.108,4000000
2020,"Smoak, Justin",1b,9.077,4000000
2020,"Stammen, Craig",rhp,8.16,4000000
2020,"Flowers, Tyler",c,8.148,4000000
2020,"Smyly, Drew",lhp-s,7.143,4000000
2020,"Sogard, Eric",2b,7.134,4000000
2020,"Gomes, Yan",c,7.083,4000000
2020,"Wood, Alex",lhp-s,6.123,4000000
2020,"Baez, Pedro",rhp,5.059,4000000
2020,"Shaw, Travis",3b,4.053,4000000
2020,"Anderson, Tim",ss,3.115,4000000
2020,"Kim, Kwang-hyun",lhp-s,0,4000000
2020,"Polanco, Jorge",dh-ss,3.024,3958333
2020,"Barnhart, Tucker",c,5.075,3937500
2020,"Peacock, Brad",rhp,5.165,3900000
2020,"Perez, Roberto",c,5.083,3875000
2020,"Robles, Hansel",rhp-c,4.119,3850000
2020,"Urena, Jose",rhp-s,4.04,3750000
2020,"Manaea, Sean",lhp-s,3.157,3750000
2020,"Grossman, Robbie",lf,5.06,3725000
2020,"Kela, Keone",rhp,5,3725000
2020,"Lorenzen, Michael",rhp-of,4.159,3725000
2020,"Santana, Danny",cf-rf,4.14,3600000
2020,"Velasquez, Vincent",rhp-s,4.086,3600000
2020,"Frazier, Todd",3b,8.071,3500000
2020,"Maldonado, Martin",c,7.156,3500000
2020,"Workman, Brandon",rhp-c,5.051,3500000
2020,"Benintendi, Andrew",lf,3.062,3400000
2020,"Taylor, Michael",of,4.129,3325000
2020,"Marisnick, Jake",cf,5.132,3312500
2020,"Renfroe, Hunter",rf,2.165,3300000
2020,"La Stella, Tommy",2b-3b,5.057,3250000
2020,"Garcia, Leury",cf-2b,5.025,3250000
2020,"Duvall, Adam",lf,3.151,3250000
2020,"Givens, Mychal",rhp,4.069,3225000
2020,"Yamaguchi, Shun",rhp-s,0,3175000
2020,"Swanson, Dansby",ss,3.047,3150000
2020,"Maeda, Kenta",rhp-s,4,3125000
2020,"Barnes, Matt",rhp,4.11,3100000
2020,"Montgomery, Mike",lhp-s,4.089,3100000
2020,"Buxton, Byron",cf,3.16,3075000
2020,"Chafin, Andrew",lhp,5.02,3045000
2020,"Lindblom, Josh",rhp,1.151,3041667
2020,"Haniger, Mitch",rf,3.048,3010000
2020,"Perez, Oliver",lhp,15.093,3000000
2020,"Mathis, Jeff",c,13.012,3000000
2020,"Pence, Hunter",rf,12.156,3000000
2020,"Hill, Rich","re-signed 3/20, 1 yr/$571,000 (20). recalled 9/1/19 opt'd AAA 8/16/19 recalled 8/4/19 opt'd AAA 7/25/19 recalled 7/24/19 opt'd AAA 7/8/19 recalled 7/7/19 opt'd AAA 6/7/19 (2019 OY1). k selected 5/28/19 trade-LAN 7/31/18. $497,500 sb ($331,100) San Jacinto JC, Texas '16 5-161",10.127,3000000
2020,"Watson, Tony",lhp,8.101,3000000
2020,"Kintzler, Brandon",rhp,8.003,3000000
2020,"Wacha, Michael",rhp-s,6.062,3000000
2020,"Flores, Wilmer",2b-3b,6.003,3000000
2020,"Thames, Eric",1b,4.063,3000000
2020,"Hedges, Austin",c,3.166,3000000
2020,"Kelly, Merrill",rhp-s,1,3000000
2020,"Norris, Daniel",lhp,4.073,2962500
2020,"Alvarez, Jose",lhp,5.035,2950000
2020,"Franco, Maikel",3b,4.157,2950000
2020,"Gurriel, Lourdes",2b,1.094,2928571
2020,"Freeland, Kyle",lhp-s,2.144,2875000
2020,"Panik, Joe",2b,5.1,2850000
2020,"Peraza, Jose",2b,3.141,2850000
2020,"Williams, Trevor",rhp-s,3.027,2825000
2020,"Bedrosian, Cam",rhp,4.153,2800000
2020,"Fulmer, Michael",rhp-s,3.157,2800000
2020,"Frazier, Adam",ss-of,3.075,2800000
2020,"Musgrove, Joe",rhp-s,3.063,2800000
2020,"Clippard, Tyler",rhp,10.134,2750000
2020,"Diekman, Jake",lhp,7.05,2750000
2020,"Leclerc, Jose",rhp-c,3.041,2750000
2020,"Narvaez, Omar",c,3.089,2725000
2020,"Kahnle, Tommy",rhp,4.131,2650000
2020,"Eflin, Zach",rhp-s,3.018,2625000
2020,"Diaz, Aledmys",ss,3.1,2600000
2020,"Aguilar, Jesus",1b,3.082,2575000
2020,"Guerra, Junior",rhp-s,3.155,2550000
2020,"Cabrera, Asdrubal",3b,12.027,2500000
2020,"Moreland, Mitch",1b-dh,9.067,2500000
2020,"Descalso, Daniel",3b-ss,9.016,2500000
2020,"Iglesias, Jose",ss,7.036,2500000
2020,"Rondon, Hector",rhp,7,2500000
2020,"Vogt, Stephen",1b-c,6.064,2500000
2020,"Holt, Brock",3b-rf,6.052,2500000
2020,"Muncy, Max",1b,3.027,2500000
2020,"Rodriguez, Joely",lhp,0.023,2500000
2020,"Margot, Manuel",cf,3.012,2475000
2020,"Dahl, David",lf,2.162,2475000
2020,"Urshela, Giovanny",3b,2.127,2475000
2020,"Martinez, Jose",lf-rf,3.027,2425000
2020,"Smith, Mallex",lf-cf,3.125,2350000
2020,"Jimenez, Eloy",rf,1,2333333
2020,"O'Day, Darren",rhp,11.103,2250000
2020,"Bassitt, Chris",rhp,3.13,2250000
2020,"Taillon, Jameson",rhp-s,3.11,2250000
2020,"May, Trevor",rhp,5.012,2205000
2020,"Arcia, Orlando",ss,3.047,2200000
2020,"Goodwin, Brian",of,3.019,2200000
2020,"Roe, Chaz",rhp,4.094,2185200
2020,"Nimmo, Brandon",lf,3.042,2175000
2020,"Stripling, Ross",rhp,3.115,2100000
2020,"Drury, Brandon",3b,3.165,2050000
2020,"Glasnow, Tyler",rhp-s,2.158,2050000
2020,"Pinder, Chad",2b-of,3.047,2025000
2020,"Zimmerman, Ryan",1b,14.032,2000000
2020,"Wieters, Matt",c,10.129,2000000
2020,"Cervelli, Francisco",c,9.146,2000000
2020,"Dyson, Jarrod",lf-cf,8.088,2000000
2020,"Miller, Brad",2b,6.004,2000000
2020,"Rosenthal, Trevor",rhp,6.001,2000000
2020,"Leon, Sandy",c,5.144,2000000
2020,"Walker, Taijuan",rhp-s,5.142,2000000
2020,"Oberg, Scott",rhp,4.063,2000000
2020,"Devenski, Chris",rhp,4,2000000
2020,"Lugo, Seth",rhp-s,3.082,2000000
2020,"Johnson, Pierce",rhp,0.137,2000000
2020,"Elias, Roenis",lhp,4.069,1975000
2020,"Wolters, Tony",c,3.161,1900000
2020,"DeShields Jr., Delino",cf-lf,4.109,1875000
2020,"Pina, Manny",c,4.046,1850000
2020,"Strop, Pedro",rhp,8.156,1825000
2020,"Jackson, Luke",rhp,3.019,1825000
2020,"McFarland, T.J.",lhp,5.164,1800000
2020,"Moncada, Yoan",2b-3b,2.106,1800000
2020,"Anderson, Tyler",lhp-s,4.062,1775000
2020,"Claudio, Alex",lhp,4.114,1750000
2020,"Kingery, Scott",2b,2,1750000
2020,"Gonzalez, Alex ""Chi Chi""",rhp-s,1.149,1750000
2020,"Camargo, Johan",2b,2.136,1700000
2020,"DeJong, Paul",ss,2.127,1666667
2020,"Alberto, Hanser",ss,3.085,1650000
2020,"Hembree, Heath",rhp,4.106,1612500
2020,"Adrianza, Ehire",ss,5.131,1600000
2020,"Hirano, Yoshihisa",rhp,2,1600000
2020,"Morgan, Adam",lhp,4.017,1575000
2020,"Almora, Albert",cf,3.072,1575000
2020,"Jones, JaCoby",cf,2.125,1575000
2020,"Conley, Adam",lhp-s,3.147,1525000
2020,"Joyce, Matt",rf,10.123,1500000
2020,"Maybin, Cameron",lf-cf,10.059,1500000
2020,"Nova, Ivan",rhp-s,9.024,1500000
2020,"Bass, Anthony",rhp,5.01,1500000
2020,"Garcia, Greg",ss,4.083,1500000
2020,"Graveman, Kendall",rhp-s,4.078,1500000
2020,"Santana, Domingo",lf,4.024,1500000
2020,"Ross, Joe",rhp-s,4.018,1500000
2020,"Lowe, Brandon",2b-of,1.058,1500000
2020,"Robert, Luis",cf,0,1500000
2020,"Casali, Curt",c,3.151,1462500
2020,"Naquin, Tyler",rf,3.033,1450000
2020,"Strahm, Matt",lhp,3.064,1400000
2020,"Gamel, Ben",of,3.029,1400000
2020,"Andriese, Matt",rhp-s,4.071,1395000
2020,"Solano, Donovan",2b-3b,4.081,1375000
2020,"Gant, John",rhp,3.004,1300000
2020,"Lamet, Dinelson",rhp-s,2.13,1300000
2020,"White, Evan",1b,0,1300000
2020,"Green, Chad",rhp,3.046,1275000
2020,"Phelps, David",rhp,7.156,1250000
2020,"Gsellman, Robert",rhp-s,3.042,1225000
2020,"Duffey, Tyler",rhp,3.074,1200000
2020,"Gonzales, Marco",lhp,2.102,1200000
2020,"Farmer, Buck",rhp,3.083,1150000
2020,"Wittgren, Nick",rhp,3.071,1125000
2020,"Garcia, Yimi",rhp,4.149,1100000
2020,"Feliz, Michael",rhp,3.169,1100000
2020,"Barnes, Austin",c,3.098,1100000
2020,"Marshall, Evan",rhp,3.09,1100000
2020,"Estevez, Carlos",rhp,3.022,1080000
2020,"Jankowski, Travis",cf,3.148,1050000
2020,"Castro, Miguel",rhp,3.079,1050000
2020,"Drake, Oliver",lhp,3.045,1025000
2020,"Robertson, Daniel",ss,2.134,1025000
2020,"Hechavarria, Adeiny",ss,7.037,1000000
2020,"Gyorko, Jedd",2b-3b,6.164,1000000
2020,"Souza, Steven",rf,5.072,1000000
2020,"Biagini, Joe",rhp,3.134,1000000
2020,"Heredia, Guillermo",of,3.054,1000000
2020,"Difo, Wilmer",ss,3.016,1000000
2020,"Urias, Julio",lhp-s,2.122,1000000
2020,"Albies, Ozzie",2b,2.062,1000000
2020,"Acuna, Ronald",lf,1.159,1000000
2020,"Bummer, Aaron",lhp,1.15,1000000
2020,"Dolis, Rafael",rhp,1.101,1000000
2020,"Ryan, Kyle",lhp,2.139,975000
2020,"Bote, David",2b,1.1,960000
2020,"Edwards, Carl",rhp,3.098,950000
2020,"Perdomo, Luis",rhp-s,3.086,950000
2020,"Suter, Brent",lhp,2.161,950000
2020,"Dickerson, Alex",lf,3.106,925000
2020,"Goody, Nick",rhp,3.105,915000
2020,"Bleier, Richard",lhp,3.074,915000
2020,"Tepera, Ryan",rhp,4.008,900000
2020,"Plawecki, Kevin",c,3.167,900000
2020,"Maile, Luke",c,3.099,900000
2020,"Ramirez, Noe",rhp,2.139,900000
2020,"Cessa, Luis",rhp,2.131,895000
2020,"Alexander, Scott",lhp,3.097,875000
2020,"Bowman, Matt",rhp,3.021,865000
2020,"Hunter, Tommy",rhp,10.066,850000
2020,"Brach, Brad",rhp,7.063,850000
2020,"Jeffress, Jeremy",rhp,6.09,850000
2020,"Riddle, J.T.",ss,2.118,850000
2020,"Choi, Ji-Man",1b,2.075,850000
2020,"Kuhl, Chad",rhp-s,3.079,840000
2020,"Peralta, Freddy",rhp,1.09,810160
2020,"Peralta, Wandy",lhp,2.168,805000
2020,"Montgomery, Jordan",lhp-s,2.153,805000
2020,"Stassi, Max",c,3.049,800000
2020,"Middleton, Keynan",rhp,2.15,800000
2020,"Stewart, Kohl",rhp,0.094,800000
2020,"Montero, Rafael",rhp,3.138,785000
2020,"Nelson, Jimmy",rhp-s,5.107,750000
2020,"Winkler, Daniel",rhp,4.063,750000
2020,"Holder, Jonathan",rhp,2.124,750000
2020,"Guerra, Deolis",rhp,1.149,750000
2020,"Wisler, Matt",rhp-s,3.042,725000
2020,"Gonzalez, Erik",ss,3.007,725000
2020,"Knapp, Andrew",c,3,710000
2020,"Ohtani, Shohei",rhp-s,2,700000
2020,"Goodrum, Niko",ss,2.031,698200
2020,"Devers, Rafael",3b,2.07,692500
2020,"Smith, Burch",rhp,2.095,680000
2020,"Torres, Gleyber",2b,1.162,675600
2020,"Castillo, Luis",rhp-s,2.101,663500
2020,"Dayton, Grant",lhp,3.007,655000
2020,"Alonso, Pete",1b,1,652521
2020,"Garneau, Dustin",c,1.14,650000
2020,"Barlow, Scott",rhp,1.03,650000
2020,"Cotton, Jharel",rhp-s,2.158,640000
2020,"Voit, Luke",1b,1.169,634000
2020,"Schebler, Scott",rf,2.17,633500
2020,"Rodriguez, Richard",rhp,2.016,633500
2020,"Woodruff, Brandon",rhp,1.161,633100
2020,"Andujar, Miguel",3b,2.02,632500
2020,"Soto, Juan",lf,1.134,629400
2020,"Giolito, Lucas",rhp-s,2.08,627000
2020,"Happ, Ian",cf,2.036,624000
2020,"Chapman, Matt",3b,2.109,623500
2020,"Bieber, Shane",rhp-s,1.097,623200
2020,"Garver, Mitch",c,2.045,620000
2020,"Alcantara, Sandy",rhp-s,1.1,620000
2020,"McNeil, Jeff",3b-lf,1.069,617676
2020,"Anderson, Brian",3b,2.031,615000
2020,"Keller, Brad",rhp-s,2,613000
2020,"Dozier, Hunter",3b-rf,2.06,610500
2020,"Mahle, Tyler",rhp,2.018,609793
2020,"Rosario, Amed",ss,2.062,608780
2020,"Hoyt, James",rhp,1.108,608500
2020,"Junis, Jakob",rhp-s,2.087,608000
2020,"McCarthy, Kevin",rhp,2.097,607000
2020,"Alvarez, Yordan",1b-of,0.113,607000
2020,"Lopez, Reynaldo",rhp-s,2.096,605000
2020,"Winker, Jesse",lf-rf,2.08,605000
2020,"Hoskins, Rhys",1b,2.053,605000
2020,"Mondesi, Adalberto",ss,2.088,604500
2020,"Flaherty, Jack",rhp-s,2.006,604500
2020,"Sparkman, Glenn",rhp,2.001,604500
2020,"Stanek, Ryne",rhp,2.038,604200
2020,"Olson, Matt",1b,2.103,603500
2020,"Buehler, Walker",rhp,1.168,603500
2020,"Tauchman, Mike",cf,1.055,603100
2020,"Gaviglio, Sam",rhp,2.067,602900
2020,"Hernandez, Teoscar",lf,2.097,602200
2020,"Verdugo, Alex",of,1.078,601500
2020,"McHugh, Collin",rhp,6.085,600000
2020,"Hahn, Jesse",rhp,4.067,600000
2020,"Weber, Ryan",rhp,1.138,600000
2020,"Lucchesi, Joey",lhp-s,2,599300
2020,"Kemp, Tony",2b-of,2.098,597100
2020,"Weaver, Luke",rhp-s,2.112,597000
2020,"Arraez, Luis",2b,0.121,596000
2020,"Garrett, Amir",lhp,2.099,595000
2020,"Alfaro, Jorge",c,2.083,595000
2020,"Berti, Jon",3b,0.168,595000
2020,"Newcomb, Sean",lhp-s,2.108,593500
2020,"Moran, Colin",3b,2.107,593500
2020,"Floro, Dylan",rhp,2.05,593500
2020,"Fletcher, David",ss,1.111,593500
2020,"Robles, Victor",of,1.052,592800
2020,"Davis, J.D.",3b,1.137,592463
2020,"Font, Wilmer",rhp,2.085,592000
2020,"Caratini, Victor",c,2.051,592000
2020,"Stephenson, Robert",rhp,2.049,592000
2020,"Tatis Jr., Fernando",ss,1,591800
2020,"Pagan, Emilio",rhp,2.091,591000
2020,"James, Josh",rhp,1.03,590700
2020,"Brault, Steven",lhp-s,2.085,590500
2020,"Brennan, Brandon",rhp,1,590400
2020,"Bader, Harrison",of,2.03,590100
2020,"Crick, Kyle",rhp,2.104,590000
2020,"Fry, Jace",lhp,2.005,590000
2020,"Osuna, Jose",of,2.069,589500
2020,"Walker, Christian",1b,1.124,589500
2020,"Reynolds, Bryan",of,0.163,589500
2020,"Newman, Kevin",2b,1.046,589000
2020,"Garcia, Jarlin",lhp,2.114,588500
2020,"Stratton, Chris",rhp-s,2.1,588500
2020,"Gott, Trevor",rhp,2.048,588500
2020,"Moronta, Reyes",rhp,2.028,588500
2020,"Paddack, Chris",rhp-s,1,588500
2020,"Frazier, Clint",of,1.163,588100
2020,"Pivetta, Nick",rhp-s,2.094,588000
2020,"Engel, Adam",of,2.058,588000
2020,"Guzman, Ronald",1b,1.147,588000
2020,"Brebbia, John",rhp,2.093,587600
2020,"Pena, Felix",rhp,2.079,587500
2020,"Cave, Jake",of,1.072,587500
2020,"Kiner-Falefa, Isiah",c,1.169,587000
2020,"Lopez, Jorge",rhp-s,1.102,586750
2020,"Smith, Caleb",lhp-s,2.078,586500
2020,"Stallings, Jacob",c,1.149,586500
2020,"Reyes, Franmil",rf,1.115,586400
2020,"Hill, Tim",lhp,1.112,585750
2020,"Jimenez, Joe",rhp-c,2.077,584900
2020,"Pruitt, Austin",rhp,1.125,584900
2020,"Brasier, Ryan",rhp,2.109,584500
2020,"Velazquez, Hector",rhp,2.017,584500
2020,"Bracho, Silvino",rhp,2.082,584100
2020,"Fried, Max",lhp-s,1.148,583500
2020,"Soroka, Mike",rhp-s,1.146,583500
2020,"Kolarek, Adam",lhp,1.122,583500
2020,"Ferguson, Caleb",lhp,1.093,583500
2020,"Candelario, Jeimer",3b,2.038,583300
2020,"Wade, Tyler",2b,1.093,582800
2020,"Gallegos, Giovanny",rhp,1.085,582400
2020,"Lauer, Eric",lhp-s,1.16,582300
2020,"Suero, Wander",rhp,1.123,582200
2020,"Valdez, Framber",lhp,0.163,582200
2020,"Hiura, Keston",2b,0.114,582100
2020,"Thornton, Trent",rhp-s,1,581900
2020,"Edman, Tommy",3b-rf,0.114,581800
2020,"Kelly, Carson",c,1.161,581700
2020,"Houser, Adrian",rhp,1.01,581600
2020,"Cimber, Adam",rhp,2,581500
2020,"Vogelbach, Dan",1b,1.138,580900
2020,"Jansen, Danny",c,1.05,580900
2020,"Loaisiga, Jonathan",rhp,1.022,580625
2020,"Gallagher, Cam",c,1.106,580500
2020,"Hudson, Dakota",rhp-s,1.066,580500
2020,"Cooper, Garrett",rf-1b,2.053,580000
2020,"Brinson, Lewis",cf,1.115,580000
2020,"Means, John",lhp,1.007,580000
2020,"Ramirez, Harold",of,0.142,580000
2020,"Ford, Mike",1b,0.08,579800
2020,"Fisher, Derek",lf,1.061,579600
2020,"Tellez, Rowdy",1b,1.012,579600
2020,"Adames, Willy",ss,1.105,579500
2020,"Holmes, Clay",rhp,1.031,579500
2020,"Walden, Marcus",rhp,1.025,579500
2020,"Guerrero, Vladimir Jr.",3b,0.157,579300
2020,"Higashioka, Kyle",c,1.005,579200
2020,"Meadows, Austin",rf,1.074,578900
2020,"Smith, Dominic",1b,1.146,578826
2020,"Hicks, Jordan",rhp,2,578800
2020,"Yarbrough, Ryan",lhp-s,1.147,578500
2020,"Buttrey, Ty",rhp,1.046,578500
2020,"McKinney, Billy",of,1.065,578100
2020,"Lopez, Yoan",rhp,1.028,578100
2020,"Nunez, Renato",3b-lf,1.167,578000
2020,"Sadler, Casey",rhp,1.035,577500
2020,"Sims, Luke",rhp,1.014,577500
2020,"Crichton, Stefan",rhp,0.115,577500
2020,"Keller, Mitch",rhp,0.059,577500
2020,"Bauers, Jake",lf,1.1,577400
2020,"Murphy, Tom",c,2.092,577300
2020,"Anderson, Nick",rhp,1,577300
2020,"Steckenrider, Drew",rhp-c,2.094,577000
2020,"Anderson, Justin",rhp,1.161,577000
2020,"Calhoun, Willie",2b,1.033,577000
2020,"Taylor, Josh",lhp,0.121,577000
2020,"O'Hearn, Ryan",1b,1.034,576950
2020,"Nido, Tomas",c,1.089,576826
2020,"Chirinos, Yonny",rhp-s,1.137,576700
2020,"Diaz, Yandy",3b,1.122,576600
2020,"Biggio, Cavan",2b,0.129,576600
2020,"Severino, Pedro",c,2.099,576000
2020,"Slater, Austin",of,1.147,576000
2020,"Rodriguez, Dereck",rhp,1.085,576000
2020,"Suarez, Andrew",lhp,1.059,576000
2020,"Crawford, J.P.",ss,1.163,575800
2020,"Castillo, Diego",rhp,1.118,575800
2020,"Webb, Tyler",lhp,1.076,575800
2020,"Wendle, Joey",2b,2.088,575600
2020,"Rosario, Randy",lhp,1.02,575175
2020,"Pazos, James",lhp,2.096,575000
2020,"Wojciechowski, Asher",rhp,1.156,575000
2020,"Lopez, Pablo",rhp-s,1.093,575000
2020,"Gallen, Zac",rhp,0.1,575000
2020,"Young, Alex",lhp-s,0.095,575000
2020,"Cease, Dylan",rhp,0.089,575000
2020,"Magill, Matt",rhp,2.031,574900
2020,"Plutko, Adam",rhp,1.063,574800
2020,"Urquidy, Jose",rhp-s,0.049,574600
2020,"Burdi, Nick",rhp,2,574500
2020,"Luplow, Jordan",of,1.111,574500
2020,"Locastro, Tim",2b-of,1.01,574400
2020,"Cordero, Jimmy",rhp,0.136,574000
2020,"Reyes, Victor",of,1.084,573900
2020,"Borucki, Ryan",lhp-s,1.088,573800
2020,"Shafer, Justin",rhp,0.131,573700
2020,"Toro, Abraham",3b,0.039,573700
2020,"Senzatela, Antonio",rhp-s,2.106,573500
2020,"Brice, Austin",rhp,2.101,573500
2020,"Mengden, Daniel",rhp-s,2.088,573500
2020,"Diaz, Jairo",rhp,2.083,573500
2020,"Altavilla, Dan",rhp,2.063,573500
2020,"Armstrong, Shawn",rhp,2.028,573500
2020,"Tapia, Raimel",of,2.02,573500
2020,"Montas, Frankie",rhp,2.015,573500
2020,"McMahon, Ryan",1b-3b,2.006,573500
2020,"Ervin, Phillip",of,1.115,573500
2020,"Reed, Cody",lhp,1.072,573500
2020,"Harper, Ryne",rhp,1.02,573500
2020,"Turnbull, Spencer",rhp-s,1.02,573500
2020,"Beaty, Matt",1b,0.137,573500
2020,"Santana, Dennis",rhp,0.133,573500
2020,"Smith, Will",c,0.09,573500
2020,"Wright, Kyle",rhp-s,0.076,573500
2020,"May, Dustin",rhp,0.059,573500
2020,"Walker, Jeremy",rhp,0.039,573500
2020,"O'Neill, Tyler",of,1.059,573400
2020,"Mercado, Oscar",of,0.139,573400
2020,"Alvarado, Jose",lhp,2.088,573100
2020,"Mayers, Mike",rhp,2.02,573000
2020,"Ruiz, Rio",3b,1.108,573000
2020,"Poncedeleon, Daniel",rhp,0.141,572800
2020,"Vargas, Ildemaro",ss,1.028,572600
2020,"Santander, Anthony",of,1.162,572500
2020,"Beeks, Jalen",lhp,1.066,572400
2020,"Rainey, Tanner",rhp,0.158,572200
2020,"Maton, Phil",rhp,2.047,572100
2020,"Neverauskas, Dovydas",rhp,0.17,572000
2020,"Greiner, Grayson",c,1.102,571800
2020,"Quantrill, Cal",rhp-s,0.132,571800
2020,"Stewart, Christin",lf,1.022,571600
2020,"Dominguez, Seranthony",rhp,1.147,571500
2020,"Hernandez, Elieser",rhp,1.118,571500
2020,"Newberry, Jake",rhp,0.151,571500
2020,"Wieck, Brad",lhp,0.125,571500
2020,"Wick, Rowan",rhp,0.114,571500
2020,"Allen, Greg",of,1.099,571300
2020,"Wood, Hunter",rhp,1.07,571300
2020,"Wingenter, Trey",rhp,1.053,571300
2020,"Straw, Myles",cf,0.112,571300
2020,"Lopez, Nicky",2b,0.139,571250
2020,"Cisnero, Jose",rhp,2.012,571200
2020,"Kittredge, Andrew",rhp,1.07,571200
2020,"Cordero, Franchy",cf-rf,2.038,571100
2020,"Farmer, Kyle",c,1.129,571000
2020,"Sisco, Chance",c,1.103,571000
2020,"Fry, Paul",lhp,1.096,571000
2020,"Smith Jr., Dwight",lf,1.085,571000
2020,"Astudillo, Willians",c,1.061,571000
2020,"Chavis, Michael",3b,0.164,571000
2020,"Littell, Zack",rhp,0.119,571000
2020,"Stashak, Cody",rhp,0.058,571000
2020,"Smeltzer, Devin",lhp,0.053,571000
2020,"Dobnak, Randy",rhp,0.041,571000
2020,"Adams, Austin L.",rhp,1.015,570900
2020,"Nola, Austin",c,0.106,570800
2020,"Castro, Harold",3b,0.141,570700
2020,"Canning, Griffin",rhp,0.153,570500
2020,"Martin, Brett",lhp,0.151,570500
2020,"Kramer, Kevin",2b,0.06,570500
2020,"Moore, Dylan",3b,1,570100
2020,"Lugo, Dawel",3b,0.13,570100
2020,"Arano, Victor",rhp,2.019,570000
2020,"Burnes, Corbin",rhp,1.049,570000
2020,"Lin, Tzu-Wei",ss,1.041,570000
2020,"Fulmer, Carson",rhp,1.04,570000
2020,"Senzel, Nick",of-3b,0.15,570000
2020,"Rengifo, Luis",2b,0.147,570000
2020,"Suarez, Ranger",lhp,0.135,570000
2020,"Gomber, Austin",lhp,0.111,570000
2020,"Bichette, Bo",ss,0.063,570000
2020,"Castillo, Jose",lhp,1.121,569800
2020,"Mejia, Francisco",c,1.061,569800
2020,"Beede, Tyler",rhp,0.128,569750
2020,"Yastrzemski, Mike",of,0.128,569750
2020,"Phillips, Brett",of,1.013,569625
2020,"Haseley, Adam",of,0.103,569500
2020,"Mills, Alec",rhp,0.097,569500
2020,"McGuire, Reese",c,0.09,569400
2020,"Armenteros, Rogelio",rhp,0.018,569100
2020,"Quinn, Roman",of,1.088,569000
2020,"Peters, Dillon",lhp,0.144,569000
2020,"Davis, Jonathan",cf,0.112,569000
2020,"Helsley, Ryan",rhp,0.105,569000
2020,"Voth, Austin",rhp,0.127,568900
2020,"Urias, Luis",2b-ss,1.053,568800
2020,"Torrens, Luis",c,1.014,568800
2020,"Thomas, Lane",cf,0.085,568800
2020,"Rojas, Josh",2b,0.049,568800
2020,"Cortes, Nestor",lhp,0.139,568700
2020,"Tucker, Kyle",of,0.079,568700
2020,"Ginkel, Kevin",rhp,0.056,568600
2020,"Trivino, Lou",rhp,1.163,568500
2020,"Hoffman, Jeff",rhp,1.105,568500
2020,"Laureano, Ramon",cf,1.059,568500
2020,"Scott, Tanner",lhp,1.059,568500
2020,"Barreto, Franklin",ss,1.031,568500
2020,"Hampson, Garrett",2b-ss,1.03,568500
2020,"Wendelken, J.B.",rhp,1.028,568500
2020,"Kinley, Tyler",rhp,1.014,568500
2020,"Riley, Austin",3b,0.138,568500
2020,"VanMeter, Josh",2b,0.123,568500
2020,"Naylor, Josh",lf-1b,0.118,568500
2020,"Poche, Colin",lhp,0.114,568400
2020,"Sneed, Cy",rhp,0.067,568300
2020,"Starling, Bubba",of,0.147,568250
2020,"Martin, Richie",ss,1,568000
2020,"Valera, Breyvic",2b,0.121,568000
2020,"Soto, Gregory",lhp,0.102,567800
2020,"Romano, Jordan",rhp,0.051,567800
2020,"Swanson, Erik",rhp,0.113,567600
2020,"Long, Shed",2b,0.057,567600
2020,"Mendez, Yohander",lhp,1.103,567500
2020,"Farrell, Luke",rhp-s,1.095,567500
2020,"Wynns, Austin",c,1.016,567500
2020,"Stewart, D.J.",of,0.123,567500
2020,"Suarez, Jose",lhp,0.091,567500
2020,"Hays, Austin",of,0.057,567500
2020,"Abreu, Bryan",rhp,0.025,567200
2020,"France, Ty",3b,0.089,567100
2020,"Lovelady, Richard",lhp,0.075,567100
2020,"Rhame, Jacob",rhp,1.04,567000
2020,"Thaiss, Matt",1b,0.089,567000
2020,"Alford, Anthony",of,0.142,566800
2020,"Grisham, Trent",cf,0.06,566800
2020,"Lopes, Tim",2b,0.069,566700
2020,"Garcia, Aramis",c,0.086,566625
2020,"Coonrod, Sam",rhp,0.078,566625
2020,"Webb, Logan",rhp,0.044,566625
2020,"Dubon, Mauricio",ss,0.04,566625
2020,"Perez, Michael",c,1,566600
2020,"Alexander, Tyler",lhp,0.058,566600
2020,"Phillips, Evan",rhp,0.133,566500
2020,"Ward, Taylor",3b,0.093,566500
2020,"Baez, Michel",rhp,0.071,566400
2020,"Demeritte, Travis",2b,0.06,566400
2020,"Munoz, Andres",rhp,0.08,566300
2020,"Sheffield, Justus",lhp,0.053,566300
2020,"Williams, Devin",rhp,0.047,566300
2020,"Black, Ray",rhp,0.168,566200
2020,"Guillorme, Luis",inf,0.167,566054
2020,"Lockett, Walker",rhp,0.066,566025
2020,"Blandino, Alex",2b-ss,1.108,566000
2020,"Smith, Drew",rhp,1.101,566000
2020,"Rodriguez, Jefry",rhp,1.036,566000
2020,"Hernandez, Darwinzon",lhp,0.08,566000
2020,"Allen, Austin",c,0.077,566000
2020,"Lakins, Travis",rhp,0.054,566000
2020,"Ravelo, Rangel",1b,0.054,566000
2020,"Gonsolin, Tony",rhp,0.049,566000
2020,"Rios, Edwin",3b,0.043,566000
2020,"Graterol, Brusdar",rhp,0.029,566000
2020,"Lux, Gavin",ss,0.028,566000
2020,"Staumont, Josh",rhp,0.072,565950
2020,"McKay, David",rhp,0.071,565800
2020,"Adams, Chance",rhp,0.075,565750
2020,"Sandoval, Patrick",lhp,0.056,565750
2020,"Martin, Corbin",rhp,0.023,565700
2020,"Arroyo, Christian",ss,1.064,565500
2020,"Almonte, Yency",rhp,0.168,565500
2020,"Rodgers, Brendan",ss,0.132,565500
2020,"Lambert, Peter",rhp,0.116,565500
2020,"Trevino, Jose",c,0.063,565500
2020,"Nunez, Dom",c,0.048,565500
2020,"Guilbeau, Taylor",lhp,0.046,565500
2020,"Solak, Nick",2b,0.041,565500
2020,"Fuentes, Josh",3b,0.04,565500
2020,"Hilliard, Sam",rf,0.034,565500
2020,"Diehl, Phillip",lhp,0.03,565500
2020,"Haase, Eric",c,0.063,565400
2020,"Taylor, Tyrone",of,0.023,565300
2020,"Williams, Austen",rhp,1.028,565100
2020,"Yamamoto, Jordan",rhp,0.11,565000
2020,"Carroll, Cody",rhp,0.062,565000
2020,"Tate, Dillon",rhp,0.048,565000
2020,"Harvey, Hunter",rhp,0.047,565000
2020,"Underwood, Duane",rhp,0.044,565000
2020,"Hoerner, Nico",2b,0.021,565000
2020,"Lewis, Kyle",of,0.02,565000
2020,"Sulser, Cole",rhp,0,565000
2020,"Velazquez, Andrew",3b,0.07,564900
2020,"Clase, Emmanuel",rhp,0.059,564800
2020,"Guerra, Javier",ss,0.052,564800
2020,"McBroom, Ryan",1b-rf,0.027,564775
2020,"Rogers, Tyler",rhp,0.034,564750
2020,"Davis, Jaylin",of,0.026,564750
2020,"Fairbanks, Pete",rhp,0.057,564700
2020,"Kieboom, Carter",ss,0.012,564700
2020,"Stock, Robert",rhp,1.04,564500
2020,"Garcia, Adolis",rf,0.056,564500
2020,"Burke, Brock",lhp,0.041,564500
2020,"Hernandez, Jonathan",rhp,0.041,564500
2020,"Dunn, Justin",rhp,0.02,564500
2020,"Garcia, Bryan",rhp,0.029,564400
2020,"Bednar, David",rhp,0.029,564300
2020,"Bautista, Gerson",rhp,0.12,564100
2020,"Diaz, Yennsy",rhp,0.008,564000
2020,"Fraley, Jake",cf,0.041,563800
2020,"Haggerty, Sam",2b,0.029,563800
2020,"Wallach, Chad",c,1.09,563500
2020,"Sierra, Magneuris",of,0.138,563500
2020,"Tarpley, Stephen",lhp,0.13,563500
2020,"Brigham, Jeff",rhp,0.126,563500
2020,"Aquino, Aristides",rf,0.069,563500
2020,"De Los Santos, Enyel",rhp,0.056,563500
2020,"Diaz, Isan",ss,0.056,563500
2020,"Kuhnel, Joel",rhp,0.046,563500
2020,"Puk, A.J.",lhp,0.041,563500
2020,"Hamilton, Ian",rhp,0.039,563500
2020,"Brown, Seth",1b,0.035,563500
2020,"Dugger, Robert",rhp,0.034,563500
2020,"Murphy, Sean",c,0.029,563500
2020,"Mendick, Danny",ss,0.027,563500
2020,"Luzardo, Jesus",lhp,0.021,563500
2020,"Arauz, Jonathan",ss,0,563500
2020,"Cronenworth, Jake",ss-rhp,0,563500
2020,"Espinoza, Anderson",rhp,0,563500
2020,"Garcia, Rony",rhp,0,563500
2020,"Heim, Jonah",c,0,563500
2020,"Jimenez, Dany",rhp,0,563500
2020,"Machin, Vimael",ss,0,563500
2020,"Mateo, Jorge",ss,0,563500
2020,"Megill, Trevor",rhp,0,563500
2020,"Payton, Mark",of,0,563500
2020,"Ramirez, Yohan",rhp,0,563500
2020,"Sharp, Sterling",rhp,0,563500
2020,"Woods Jr., Stephen",rhp,0,563500
2020,"Buchter, Ryan",lhp,4.01,
2020,"Osich, Josh",lhp,3.118,
2020,"Healy, Ryon",1b-dh,3.08,
2020,"Barrett, Aaron",rhp,2.17,
2020,"Rea, Colin",rhp,2.14,
2020,"Gustave, Jandel",rhp,2.097,
2020,"Heller, Ben",rhp,2.096,
2020,"Reyes, Alex",rhp-s,2.065,
2020,"Gossett, Daniel",rhp,2.059,
2020,"Santana, Edgar",rhp,2.048,
2020,"Sewald, Paul",rhp,2.045,
2020,"Wahl, Bobby",rhp,2.04,
2020,"Williams, Nick",rf,2.036,
2020,"Zimmer, Bradley",of,2.036,
2020,"German, Domingo",rhp-s,2.017,
2020,"Minter, A.J.",lhp,1.162,
2020,"De Leon, Jose",rhp,1.149,
2020,"Sobotka, Chad",rhp,1.146,
2020,"Richards, Trevor",rhp-s,1.139,
2020,"Blackburn, Paul",rhp,1.124,
2020,"Fedde, Erick",rhp,1.099,
2020,"Sanchez, Adrian",ss,1.083,
2020,"Rodriguez, Ronny",3b-2b,1.079,
2020,"Williams, Taylor",rhp,1.078,
2020,"Duggar, Steven",of,1.069,
2020,"Hess, David",rhp,1.068,
2020,"Stevenson, Andrew",lf,1.063,
2020,"Springs, Jeffrey",lhp,1.058,
2020,"Jurado, Ariel",rhp,1.052,
2020,"Banda, Anthony",lhp,1.05,
2020,"Brewer, Colten",rhp,1.044,
2020,"Kopech, Michael",rhp,1.041,
2020,"Fowler, Dustin",of,1.039,
2020,"Barria, Jaime",rhp,1.037,
2020,"Rios, Yacksel",rhp,1.036,
2020,"Freitas, David",c,1.026,
2020,"Bashlor, Tyler",rhp,1.003,
2020,"Pannone, Tom",lhp,1.002,
2020,"Luciano, Elvis",rhp,1,
2020,"Ruiz, Jose",rhp,0.17,
2020,"Davis, Austin",lhp,0.166,
2020,"Hearn, Taylor",lhp,0.158,
2020,"Hermosillo, Michael",of,0.157,
2020,"Webb, Jacob",rhp,0.155,
2020,"Heineman, Scott",rf,0.146,
2020,"Toussaint, Touki",rhp,0.14,
2020,"Anderson, Shaun",rhp,0.138,
2020,"Bishop, Braden",of,0.136,
2020,"Bard, Luke",rhp,0.133,
2020,"Palumbo, Joe",lhp,0.13,
2020,"Dean, Austin",of,0.124,
2020,"Clarke, Taylor",rhp,0.12,
2020,"Zamora, Daniel",lhp,0.118,
2020,"Maples, Dillon",rhp,0.117,
2020,"Waguespack, Jacob",rhp,0.116,
2020,"Allard, Kolby",lhp,0.114,
2020,"Garcia, Edgar",rhp,0.114,
2020,"Plesac, Zach",rhp,0.114,
2020,"Bemboon, Anthony",c,0.108,
2020,"Oswalt, Corey",rhp,0.107,
2020,"Perez, Cionel",lhp,0.107,
2020,"Viloria, Meibrys",c,0.106,
2020,"Howard, Sam",lhp,0.102,
2020,"Romero, Fernando",rhp,0.102,
2020,"Daza, Yonathan",of,0.101,
2020,"Margevicius, Nick",lhp,0.1,
2020,"Estrada, Thairo",2b-ss,0.099,
2020,"Quijada, Jose",lhp,0.099,
2020,"Duplantier, Jon",rhp,0.095,
2020,"Nottingham, Jacob",c,0.095,
2020,"Hartlieb, Geoff",rhp,0.093,
2020,"Tinoco, Jesus",rhp,0.091,
2020,"Wade, LaMonte",lf,0.088,
2020,"Wilson, Bryse",rhp-s,0.087,
2020,"Cron, Kevin",1b-3b,0.086,
2020,"Reid-Foley, Sean",rhp,0.086,
2020,"Brosseau, Mike",3b,0.085,
2020,"Tucker, Cole",ss,0.08,
2020,"Mullins, Cedric",of,0.078,
2020,"Hall, Matt",lhp,0.075,
2020,"Reyes, Gerardo",rhp,0.074,
2020,"Knizner, Andrew",c,0.071,
2020,"Morejon, Adrian",lhp,0.071,
2020,"Wisdom, Patrick",3b-1b,0.071,
2020,"Lowe, Nate",1b,0.07,
2020,"Norwood, James",rhp,0.07,
2020,"McGowin, Kyle",rhp,0.069,
2020,"Walsh, Jared",rf,0.065,
2020,"Zimmer, Kyle",rhp,0.064,
2020,"Read, Raudy",c,0.063,
2020,"Irvin, Cole",lhp-s,0.062,
2020,"Rogers, Jake",c,0.062,
2020,"Shaw, Chris",1b,0.06,
2020,"Stubbs, Garrett",c,0.06,
2020,"McClain, Reggie",rhp,0.059,
2020,"Civale, Aaron",rhp,0.058,
2020,"Garcia, Robel",2b,0.058,
2020,"Martin, Jason",of,0.058,
2020,"Shawaryn, Mike",rhp,0.058,
2020,"McKay, Brendan",lhp,0.056,
2020,"Collins, Zack",c,0.055,
2020,"Mazza, Chris",rhp,0.054,
2020,"Thorpe, Lewis",lhp,0.054,
2020,"Grotz, Zac",rhp,0.051,
2020,"Cabrera, Genesis",lhp,0.049,
2020,"Gutierrez, Kelvin",3b,0.049,
2020,"Sborz, Josh",rhp,0.049,
2020,"Garlick, Kyle",rf,0.046,
2020,"Fernandez, Junior",rhp,0.045,
2020,"Mayfield, Jack",2b,0.044,
2020,"Gonsalves, Stephen",lhp,0.042,
2020,"Leyba, Domingo",2b-ss,0.042,
2020,"O'Grady, Brian",1b,0.042,
2020,"Allen, Logan",lhp,0.041,
2020,"Keller, Kyle",rhp,0.041,
2020,"Smith, Joshua D.",lhp,0.041,
2020,"Williams, Justin",of,0.041,
2020,"Jackson, Alex",c,0.04,
2020,"Sosa, Edmundo",ss,0.04,
2020,"Valdez, Phillips",rhp,0.04,
2020,"Chang, Yu-Cheng",ss,0.038,
2020,"Poppen, Sean",rhp,0.038,
2020,"Avelino, Abiatal",ss,0.037,
2020,"Castro, Willi",ss,0.037,
2020,"Menez, Conner",lhp,0.036,
2020,"Schreiber, John",rhp,0.035,
2020,"Arozarena, Randy",lf,0.034,
2020,"Neuse, Sheldon",3b,0.032,
2020,"Selman, Sam",lhp,0.031,
2020,"Yardley, Eric",rhp,0.031,
2020,"Grullon, Deivy",c,0.029,
2020,"Bolanos, Ronald",rhp,0.028,
2020,"Speier, Gabe",lhp,0.027,
2020,"Zeuch, T.J.",rhp,0.027,
2020,"Wong, Kean",2b,0.025,
2020,"Bradley, Bobby",1b,0.023,
2020,"Kay, Anthony",lhp,0.023,
2020,"Barrera, Tres",c,0.022,
2020,"Barrera, Luis",cf,0.021,
2020,"Walton, Donnie",2b,0.02,
2020,"Warren, Art",rhp,0.02,
2020,"Alzolay, Adbert",rhp,0.019,
2020,"Bolt, Skye",cf,0.018,
2020,"Karinchak, James",rhp,0.017,
2020,"Noll, Jake",2b-3b,0.017,
2020,"Alcala, Jorge",rhp,0.016,
2020,"Franco, Enderson",rhp,0.015,
2020,"King, Michael",rhp,0.011,
2020,"Zavala, Seby",c,0.011,
2020,"Payamps, Joel",rhp,0.008,
2020,"Weigel, Patrick",rhp,0.008,
2020,"Ynoa, Huascar",rhp,0.008,
2020,"Bourque, James",rhp,0.005,
2020,"Takahashi, Bo",rhp,0.002,
2020,"Abreu, Albert",rhp,0,
2020,"Adolfo, Micker",of,0,
2020,"Adon, Melvin",rhp,0,
2020,"Akin, Keegan",lhp,0,
2020,"Alcantara, Sergio",ss,0,
2020,"Alexander Basabe , Luis",of,0,
2020,"Amaya, Miguel",c,0,
2020,"Antone, Tejay",rhp,0,
2020,"Apostel, Sherten",3b,0,
2020,"Aybar, Yoan",lhp,0,
2020,"Blankenhorn, Travis",3b-2b,0,
2020,"Blewett, Scott",rhp,0,
2020,"Bowden, Ben",lhp,0,
2020,"Braymer, Ben",lhp,0,
2020,"Brubaker, J.T.",rhp,0,
2020,"Brujan, Vidal",2b,0,
2020,"Burdi, Zack",rhp,0,
2020,"Burrows, Beau",rhp,0,
2020,"Cabrera, Edward",rhp,0,
2020,"Cameron, Daz",of,0,
2020,"Castellani, Ryan",rhp,0,
2020,"Castro, Anthony",rhp,0,
2020,"Cederlind, Blake",rhp,0,
2020,"Celestino, Gilberto",cf,0,
2020,"Chalmers, Dakota",rhp,0,
2020,"Chatham, C.J.",ss,0,
2020,"Chisholm, Jazz",ss,0,
2020,"Cleavinger, Garrett",lhp,0,
2020,"Cody, Kyle",rhp,0,
2020,"Contreras, William",c,0,
2020,"Craig, Will",1b,0,
2020,"Cruz, Oneil",ss,0,
2020,"Dalbec, Bobby",3b,0,
2020,"Davudson, Tucker",lhp,0,
2020,"De La Cruz, Jasseel",rhp,0,
2020,"Diaz, Lewin",1b,0,
2020,"Dunning, Dane",rhp,0,
2020,"Duran, Jhoan",rhp,0,
2020,"Emanuel, Kent",lhp,0,
2020,"Espinal, Santiago",2b,0,
2020,"Evans, DeMarcus",rhp,0,
2020,"Feyereisen, J.P.",rhp,0,
2020,"Finnegan, Kyle",rhp,0,
2020,"Flores, Bernardo",lhp,0,
2020,"Florial, Estevan",of,0,
2020,"Foster, Matt",rhp,0,
2020,"Fox, Lucius",ss,0,
2020,"Funkhouser, Kyle",rhp,0,
2020,"Gamboa, Arquimedes",ss,0,
2020,"Garcia, Deivi",rhp,0,
2020,"Gil, Luis",rhp,0,
2020,"Gimenez, Andres",ss,0,
2020,"Gonzalez, Victor",lhp,0,
2020,"Gordon, Nick",ss,0,
2020,"Goudeau, Ashton",rhp,0,
2020,"Griffin, Foster",lhp,0,
2020,"Guzman, Jeiseon",ss,0,
2020,"Guzman, Jorge",rhp,0,
2020,"Harrison, Monte",of,0,
2020,"Hart, Kyle",lhp,0,
2020,"Hatch, Thomas",rhp,0,
2020,"Hayes, Ke'Bryan",3b,0,
2020,"Heath, Nick",cf,0,
2020,"Hendrix, Ryan",rhp,0,
2020,"Hentges, Sam",lhp,0,
2020,"Hernandez, Carlos",rhp,0,
2020,"Hernandez, Ronaldo",c,0,
2020,"Hill, Derek",of,0,
2020,"Holloway, Jordan",rhp,0,
2020,"Holmes, Grant",rhp,0,
2020,"Honeywell, Brent",rhp,0,
2020,"Humphreys, Jordan",rhp,0,
2020,"Javier, Cristian",rhp,0,
2020,"Jefferies, Daulton",rhp,0,
2020,"Johnson, Daniel",of,0,
2020,"Jones, Jahmai",2b,0,
2020,"Jones, Taylor",1b,0,
2020,"Kaprielian, James",rhp,0,
2020,"Kilome, Franklyn",rhp,0,
2020,"Kremer, Dean",rhp,0,
2020,"Kriske, Brooks",rhp,0,
2020,"Lambert, Jimmy",rhp,0,
2020,"Lawrence, Justin",rhp,0,
2020,"Llovera, Mauricio",rhp,0,
2020,"Mathias, Mark",2b,0,
2020,"Mathisen, Wyatt",3b,0,
2020,"McCarthy, Joe",lf,0,
2020,"McKenna, Ryan",of,0,
2020,"McKenzie, Triston",rhp,0,
2020,"McKinstry, Zach",2b,0,
2020,"Medina, Adonis",rhp,0,
2020,"Medina, Luis",rhp,0,
2020,"Mejia, Humberto",rhp,0,
2020,"Mejia, Jean Carlos",rhp,0,
2020,"Mercedes, Yermin",c,0,
2020,"Merryweather, Julian",rhp,0,
2020,"Miller, Tyson",rhp,0,
2020,"Montero, Elehuris",3b,0,
2020,"Moss, Scott",lhp,0,
2020,"Mountcastle, Ryan",ss,0,
2020,"Mujica, Jose",rhp,0,
2020,"Murphy, Patrick",rhp,0,
2020,"Neidert, Nick",rhp,0,
2020,"Nelson, Nick",rhp,0,
2020,"Nevin, Tyler",3b,0,
2020,"Olivares, Edward",cf,0,
2020,"Ona, Jorge",of,0,
2020,"Pache, Cristian",of,0,
2020,"Padlo, Kevin",3b,0,
2020,"Paredes, Enoli",rhp,0,
2020,"Paredes, Isaac",ss,0,
2020,"Perdomo, Angel",lhp,0,
2020,"Perez, Franklin",rhp,0,
2020,"Perez, Hector",rhp,0,
2020,"Peters, D.J.",of,0,
2020,"Pfeifer, Phil",lhp,0,
2020,"Phillips, Tyler",rhp,0,
2020,"Ponce, Cody",rhp,0,
2020,"Raley, Luke",rf,0,
2020,"Ray, Corey",of,0,
2020,"Rodriguez, Manuel",rhp,0,
2020,"Rodriguez, Nivaldo",rhp,0,
2020,"Romero, Jojo",lhp,0,
2020,"Ruiz, Keibert",c,0,
2020,"Rutherford, Blake",of,0,
2020,"Sanchez, Ali",c,0,
2020,"Sanchez, Cristopher",lhp,0,
2020,"Sanchez, Jesus",of,0,
2020,"Sanchez, Ricardo",lhp,0,
2020,"Sanchez, Sixto",rhp,0,
2020,"Santillan, Tony",rhp,0,
2020,"Santos, Antonio",rhp,0,
2020,"Seijas, Alvaro",rhp,0,
2020,"Short, Zack",ss,0,
2020,"Siri, Jose",of,0,
2020,"Smith, Riley",rhp,0,
2020,"Steele, Justin",lhp,0,
2020,"Stephenson, Tyler",c,0,
2020,"Stokes, Troy",lf,0,
2020,"Supak, Trey",rhp,0,
2020,"Szapucki, Thomas",lhp,0,
2020,"Taveras, Leodys",of,0,
2020,"Taylor, Blake",lhp,0,
2020,"Tejeda, Anderson",ss,0,
2020,"Urias, Ramon",2b,0,
2020,"Vargas, Emilio",rhp,0,
2020,"White, Mitchell",rhp,0,
2020,"Widener, Taylor",rhp,0,
2020,"Wilson, Marcus",cf,0,
2020,"Woodford, Jake",rhp,0,
2020,"Yajure, Miguel",rhp,0,
2020,"Yan, Hector",lhp,0,
2020,"Young, Andy",2b,0,
2019,"Strasburg, Stephen",rhp-s,8.118,38333333
2019,"Scherzer, Max",rhp-s,10.079,37405562
2019,"Greinke, Zack",rhp-s,14.057,34500000
2019,"Kershaw, Clayton",lhp-s,10.105,31000000
2019,"Price, David",lhp-s,9.164,31000000
2019,"Cabrera, Miguel",1b,15.101,30000000
2019,"Cespedes, Yoenis",lf,7,29000000
2019,"Pujols, Albert",dh-1b,18,28000000
2019,"Verlander, Justin",rhp-s,13.002,28000000
2019,"Hernandez, Felix",rhp-s,13.06,27857142
2019,"Lester, Jon",lhp-s,12.075,27500000
2019,"Arenado, Nolan",3b,5.155,26000000
2019,"Stanton, Giancarlo",dh-rf,8.118,26000000
2019,"Arrieta, Jake",rhp-s,7.145,25000000
2019,"Votto, Joey",1b,11.027,25000000
2019,"Zimmermann, Jordan",rhp-s,9.154,25000000
2019,"Cano, Robinson",2b,13.076,24000000
2019,"Martinez, J.D.",rf,7.036,23750000
2019,"Donaldson, Josh",3b,6.158,23000000
2019,"Posey, Buster",c-1b,8.161,22177778
2019,"Tanaka, Masahiro",rhp-s,5,22000000
2019,"Kemp, Matt",lf,12.049,21750000
2019,"Encarnacion, Edwin",1b-dh,13.085,21666666
2019,"Freeman, Freddie",1b,8.033,21359375
2019,"Ellsbury, Jacoby",cf,11.037,21142857
2019,"Porcello, Rick",rhp-s,9.17,21125000
2019,"Davis, Chris",1b,9.061,21118782
2019,"Blackmon, Charlie",rf-cf,6.102,21000000
2019,"Choo, Shin-Soo",dh-rf,11.119,21000000
2019,"Cueto, Johnny",rhp-s,11,21000000
2019,"Hosmer, Eric",1b,7.146,21000000
2019,"Santana, Carlos",dh-1b,8.115,20333333
2019,"Betts, Mookie",rf,4.07,20000000
2019,"Chen, Wei-Yin",lhp,7,20000000
2019,"Darvish, Yu",rhp-s,7,20000000
2019,"Gordon, Alex",lf,11.092,20000000
2019,"Hamels, Cole",lhp-s,12.143,20000000
2019,"Heyward, Jason",rf,9,20000000
2019,"Martin, Russell",c,12.15,20000000
2019,"Molina, Yadier",c,14.123,20000000
2019,"Tulowitzki, Troy",ss,12.033,20000000
2019,"Samardzija, Jeff",rhp-s,9.028,19800000
2019,"Seager, Kyle",3b,7.085,19500000
2019,"Jansen, Kenley",rhp-c,8.073,19333333
2019,"Braun, Ryan",lf,11.129,19000000
2019,"Turner, Justin",3b,8.045,19000000
2019,"Rendon, Anthony",3b,5.13,18800000
2019,"Hill, Rich",lhp-s,9.127,18666667
2019,"Sandoval, Pablo",3b,10.042,18600000
2019,"Davis, Wade",rhp-c,9.032,18000000
2019,"Upton, Justin",lf,11.06,18000000
2019,"Zimmerman, Ryan",1b,13.032,18000000
2019,"Ryu, Hyun-Jin",lhp-s,6,17900000
2019,"Trout, Mike",cf,7.07,17666666
2019,"Belt, Brandon",1b,7.128,17200000
2019,"Chapman, Aroldis",lhp-c,8.009,17200000
2019,"Kluber, Corey",rhp-s,6.074,17200000
2019,"Eovaldi, Nathan",rhp-s,7.013,17000000
2019,"Happ, J.A.",lhp-s,10.047,17000000
2019,"Davis, Khris",dh-lf,5.104,16500000
2019,"Fowler, Dexter",rf,9.168,16500000
2019,"Kennedy, Ian",rhp,9.124,16500000
2019,"Abreu, Jose",1b,5,16000000
2019,"Brantley, Michael",lf,8.131,16000000
2019,"Grandal, Yasmani",c,6.115,16000000
2019,"Leake, Mike",rhp-s,9,16000000
2019,"Andrus, Elvis",ss,10,15250000
2019,"Duffy, Danny",lhp-s,7.085,15250000
2019,"Crawford, Brandon",ss,7.094,15200000
2019,"Pedroia, Dustin",2b,12.041,15125000
2019,"Cain, Lorenzo",cf-rf,7.074,15000000
2019,"Desmond, Ian",cf-1b,9.027,15000000
2019,"Morton, Charlie",rhp-s,10.01,15000000
2019,"Prado, Martin",3b-1b,11.105,15000000
2019,"Sale, Chris",lhp-s,8.061,15000000
2019,"Segura, Jean",ss,6.065,14850000
2019,"Carpenter, Matt",3b,7.012,14750000
2019,"Longoria, Evan",3b,10.17,14666667
2019,"Kipnis, Jason",2b,7.069,14666666
2019,"Goldschmidt, Paul",1b,7.059,14500000
2019,"Bruce, Jay",rf,10.125,14000000
2019,"Cobb, Alex",rhp-s,7.059,14000000
2019,"Cruz, Nelson",dh-rf,11.082,14000000
2019,"Melancon, Mark",rhp-c,8.098,14000000
2019,"Cole, Gerrit",rhp-s,5.111,13500000
2019,"Trumbo, Mark",dh-rf,8.027,13500000
2019,"Gordon, Dee",2b-cf,6.154,13300000
2019,"Bauer, Trevor",rhp-s,4.158,13000000
2019,"Britton, Zack",lhp,6.158,13000000
2019,"Gyorko, Jedd",2b-3b,5.164,13000000
2019,"Reddick, Josh",rf,8.05,13000000
2019,"Simmons, Andrelton",ss,6.125,13000000
2019,"Corbin, Patrick",lhp-s,6.105,12916667
2019,"Bryant, Kris",3b,3.171,12900000
2019,"Cozart, Zack",3b,7.084,12666667
2019,"Chatwood, Tyler",rhp-s,7.039,12500000
2019,"Zobrist, Ben",2b-rf,11.134,12500000
2019,"Ozuna, Marcell",lf,5.124,12250000
2019,"Bogaerts, Xander",ss,5.042,12000000
2019,"Bumgarner, Madison",lhp-s,8.127,12000000
2019,"Gonzalez, Marwin",1b-3b,6.133,12000000
2019,"LeMahieu, D.J.",2b,6.128,12000000
2019,"Machado, Manny",3b,6.056,12000000
2019,"Morales, Kendrys",dh-1b,10.17,12000000
2019,"Springer, George",cf,4.166,12000000
2019,"Castro, Starlin",2b,8.15,11857142
2019,"Gregorius, Didi",ss,5.159,11750000
2019,"Martinez, Carlos",rhp-s,5.073,11700000
2019,"Harper, Bryce",rf,6.159,11538462
2019,"Cervelli, Francisco",c,8.146,11500000
2019,"Rizzo, Anthony",1b,6.168,11285714
2019,"Perez, Salvador",c,7.05,11200000
2019,"Teheran, Julio",rhp-s,6.062,11166666
2019,"Harvey, Matt",rhp-s,6.072,11000000
2019,"Miller, Andrew",lhp,10.062,11000000
2019,"Lindor, Francisco",ss,3.113,10550000
2019,"Calhoun, Kole",rf,5.13,10500000
2019,"Quintana, Jose",lhp-s,6.133,10500000
2019,"Gurriel, Yulieski",1b,2.043,10400000
2019,"Marte, Starling",cf,5.162,10333333
2019,"McCutchen, Andrew",lf,9.123,10000000
2019,"Murphy, Daniel",1b,9.109,10000000
2019,"Roark, Tanner",rhp-s,5.055,10000000
2019,"Robertson, David",rhp,10.07,10000000
2019,"Castellanos, Nicholas",3b,5.029,9950000
2019,"Minor, Mike",lhp-s,7.138,9833333
2019,"Gennett, Scooter",2b,5.071,9775000
2019,"Carrasco, Carlos",rhp-s,7.147,9750000
2019,"Yelich, Christian",cf,5.069,9750000
2019,"Puig, Yasiel",rf,5.102,9700000
2019,"Wood, Alex",lhp-s,5.123,9650000
2019,"Altuve, Jose",2b,7.072,9500000
2019,"Cashner, Andrew",rhp-s,8.126,9500000
2019,"deGrom, Jacob",rhp-s,4.139,9500000
2019,"Kikuchi, Yusei",lhp-s,0,9500000
2019,"Odorizzi, Jake",rhp-s,5.042,9500000
2019,"Gausman, Kevin",rhp-s,4.151,9350000
2019,"Lynn, Lance",rhp-s,7.119,9333334
2019,"Nicasio, Juan",rhp,7.084,9250000
2019,"Nova, Ivan",rhp-s,8.024,9166667
2019,"Cahill, Trevor",rhp-s,9.093,9000000
2019,"Dozier, Brian",2b,6.1,9000000
2019,"Frazier, Todd",3b,7.071,9000000
2019,"Hunter, Tommy",rhp,9.066,9000000
2019,"Lagares, Juan",cf,5.16,9000000
2019,"Mikolas, Miles",rhp-s,2.037,9000000
2019,"Morrow, Brandon",rhp-c,10.096,9000000
2019,"O'Day, Darren",rhp,10.103,9000000
2019,"Ottavino, Adam",rhp,7.087,9000000
2019,"Paxton, James",lhp-s,4.151,8575000
2019,"Bradley, Jackie Jr.",cf,4.15,8550000
2019,"Allen, Cody",rhp,6.076,8500000
2019,"Dickerson, Corey",lf,5.101,8500000
2019,"Herrera, Kelvin",rhp-c,6.157,8500000
2019,"Lowrie, Jed",2b,10.111,8500000
2019,"McGee, Jake",lhp,7.127,8500000
2019,"Reed, Addison",rhp,7.001,8500000
2019,"Shaw, Bryan",rhp,7.081,8500000
2019,"Swarzak, Anthony",rhp,7.024,8500000
2019,"Eaton, Adam",cf,6.03,8400000
2019,"Ramos, Wilson",c,8.047,8250000
2019,"Kiermaier, Kevin",cf,4.131,8166667
2019,"Gibson, Kyle",rhp-s,5.039,8125000
2019,"Alonso, Yonder",1b,7.116,8000000
2019,"Castro, Jason",c,8.104,8000000
2019,"Pineda, Michael",rhp-s,7.099,8000000
2019,"Sabathia, CC",lhp-s,18,8000000
2019,"Sanchez, Anibal",rhp-s,12.083,8000000
2019,"Smith, Joe",rhp,11.091,8000000
2019,"Smoak, Justin",1b,8.077,8000000
2019,"Vargas, Jason",lhp-s,11.114,8000000
2019,"Odor, Rougned",2b,4.121,7833333
2019,"Cecil, Brett",lhp,8.152,7750000
2019,"Hernandez, Cesar",2b,4.154,7750000
2019,"Neshek, Pat",rhp,10.159,7750000
2019,"Archer, Chris",rhp-s,5.156,7666667
2019,"Gardner, Brett",lf,10.072,7500000
2019,"Gray, Sonny",rhp-s,5.061,7500000
2019,"Schoop, Jonathan",2b-3b,5.027,7500000
2019,"Hendricks, Kyle",rhp-s,4.081,7405000
2019,"Stroman, Marcus",rhp-s,4.148,7400000
2019,"Piscotty, Stephen",rf,3.076,7333333
2019,"Colome, Alex",rhp,4.118,7325000
2019,"Suarez, Eugenio",3b,4.061,7285714
2019,"Betances, Dellin",rhp,5.078,7250000
2019,"Castillo, Welington",c,6.104,7250000
2019,"Gomes, Yan",c,6.083,7083333
2019,"Hand, Brad",lhp,5.092,7083333
2019,"Dunn, Michael",lhp,8.079,7000000
2019,"Moustakas, Mike",3b,7.111,7000000
2019,"Peralta, David",rf,4.12,7000000
2019,"Richards, Garrett",rhp-s,6.148,7000000
2019,"Smyly, Drew",lhp-s,6.154,7000000
2019,"Chacin, Jhoulys",rhp-s,8.054,6750000
2019,"Familia, Jeurys",rhp,6.023,6666667
2019,"Anderson, Chase",rhp ,4.146,6500000
2019,"Cishek, Steve",rhp,7.143,6500000
2019,"Holland, Derek",lhp-s,9.105,6500000
2019,"Moreland, Mitch",1b-dh,8.067,6500000
2019,"Osuna, Roberto",rhp-c,3.098,6500000
2019,"Soria, Joakim",rhp,12,6500000
2019,"Wong, Kolten",2b,5.045,6500000
2019,"Treinen, Blake",rhp-c,4.065,6400000
2019,"Wacha, Michael",rhp-s,5.062,6350000
2019,"Giles, Ken",rhp-c,4.106,6300000
2019,"Hicks, Aaron",of,5.041,6285714
2019,"Pearce, Steve",1b-lf,9.116,6250000
2019,"Strop, Pedro",rhp,7.156,6250000
2019,"Escobar, Eduardo",3b,6.128,6166666
2019,"Polanco, Gregory",lf,4.103,6100000
2019,"Ray, Robbie",lhp-s,4.007,6050000
2019,"Doolittle, Sean",lhp-c,6.122,6000000
2019,"Fiers, Michael",rhp-s,5.085,6000000
2019,"Iglesias, Raisel",rhp-c,3.154,6000000
2019,"Kepler, Max",rf,2.152,6000000
2019,"Rosenthal, Trevor",rhp,5.058,6000000
2019,"Syndergaard, Noah",rhp-s,3.149,6000000
2019,"Thames, Eric",1b,3.063,6000000
2019,"Wheeler, Zack",rhp-s,5.098,5975000
2019,"Realmuto, J.T.",c,4.038,5900000
2019,"Semien, Marcus",ss,4.118,5900000
2019,"McHugh, Collin",rhp-s,5.085,5800000
2019,"Pillar, Kevin",cf,4.113,5800000
2019,"Chirinos, Robinson",c,6.103,5750000
2019,"Ross, Tyson",rhp-s,7.118,5750000
2019,"Inciarte, Ender",cf,4.157,5700000
2019,"Myers, Wil",lf,5.104,5500000
2019,"Petit, Yusmeiro",rhp,8.016,5500000
2019,"Foltynewicz, Mike",rhp-s,3.163,5475000
2019,"Herrera, Odubel",cf,4,5350000
2019,"Mercer, Jordy",ss,6.095,5250000
2019,"Rodney, Fernando",rhp-c,15.137,5250000
2019,"Baez, Javier",2b,3.089,5200000
2019,"Franco, Maikel",3b,3.17,5200000
2019,"Knebel, Corey",rhp,3.151,5125000
2019,"Walker, Taijuan",rhp-s,4.142,5025000
2019,"Correa, Carlos",ss,3.119,5000000
2019,"Dyson, Sam",rhp,4.142,5000000
2019,"Gregerson, Luke",rhp,10,5000000
2019,"Grichuk, Randal",rf,4.033,5000000
2019,"Kintzler, Brandon",rhp,7.003,5000000
2019,"Nunez, Eduardo",2b,7.09,5000000
2019,"Pederson, Joc",cf,4.028,5000000
2019,"Story, Trevor",ss,3,5000000
2019,"Wilson, Justin",lhp,6.035,5000000
2019,"Lamb, Jake",1b,4.053,4825000
2019,"Villar, Jonathan",2b,4.113,4825000
2019,"Cron, C.J.",1b-dh,4.097,4800000
2019,"Vizcaino, Arodys",rhp-c,5.168,4800000
2019,"Shaw, Travis",3b,3.088,4675000
2019,"Soler, Jorge",rf,3.143,4666666
2019,"Jones, Nate",rhp,7,4650000
2019,"Sanchez, Yolmer Carlos",2b,3.134,4625000
2019,"Freese, David",3b,9.028,4500000
2019,"Miley, Wade",lhp-s,7.025,4500000
2019,"Nola, Aaron",rhp-s,3.076,4500000
2019,"Rondon, Hector",rhp,6,4500000
2019,"Salazar, Danny",rhp-s,4.162,4500000
2019,"Severino, Luis",rhp-s,2.17,4500000
2019,"Vazquez, Felipe",lhp,3.162,4500000
2019,"Zunino, Mike",c,4.165,4412500
2019,"Rodriguez, Eduardo",lhp-s,3.13,4300000
2019,"Avila, Alex",c,9.061,4250000
2019,"Hamilton, Billy",cf,5.028,4250000
2019,"Harris, Will",rhp,5.102,4225000
2019,"Smith, Will",lhp,5.155,4225000
2019,"Rodon, Carlos",lhp-s,3.168,4200000
2019,"Rosario, Eddie",lf,3.12,4190000
2019,"Iannetta, Chris",c,12.013,4150000
2019,"Ramirez, Jose",3b,4.074,4150000
2019,"Souza, Steven",rf,4.072,4125000
2019,"McCullers Jr., Lance",rhp-s,3.14,4100000
2019,"Pham, Tommy",lf,3.107,4100000
2019,"Conforto, Michael",rf,3.043,4025000
2019,"Chavez, Jesse",rhp,8.108,4000000
2019,"Estrada, Marco",rhp-s,9.035,4000000
2019,"Flowers, Tyler",c,7.148,4000000
2019,"Galvis, Freddy",ss,6.021,4000000
2019,"Greene, Shane",rhp,4.075,4000000
2019,"Jay, Jon",cf,8.134,4000000
2019,"Kendrick, Howie",lf-2b,12.091,4000000
2019,"Markakis, Nick",rf,13,4000000
2019,"Pollock, A.J.",cf,6.052,4000000
2019,"Seager, Corey",ss,3.032,4000000
2019,"Suzuki, Kurt",c,11.113,4000000
2019,"Polanco, Jorge",ss,2.024,3958333
2019,"Sanchez, Aaron",rhp-s,4.069,3900000
2019,"Panik, Joe",2b,4.1,3850000
2019,"Dyson, Jarrod",lf-cf,7.088,3750000
2019,"Flores, Wilmer",2b-3b,5.003,3750000
2019,"Kinsler, Ian",2b,13,3750000
2019,"Hernandez, Enrique",2b-ss,4.054,3725000
2019,"Turner, Trea",ss,2.135,3725000
2019,"Nelson, Jimmy",rhp-s,4.107,3700000
2019,"Skaggs, Tyler",lhp-s,4.135,3700000
2019,"Ahmed, Nick",ss,4.054,3662500
2019,"Profar, Jurickson",2b,4.165,3600000
2019,"Holt, Brock",3b-rf,5.052,3575000
2019,"d'Arnaud, Travis",c,5.044,3515000
2019,"Cabrera, Asdrubal",3b,11.027,3500000
2019,"Garcia, Avisail",dh-rf,5.167,3500000
2019,"Perez, Martin",lhp-s,6.038,3500000
2019,"Shoemaker, Matt",rhp-s,4.166,3500000
2019,"Taylor, Chris",cf,3.037,3500000
2019,"Watson, Tony",lhp,7.101,3500000
2019,"Heaney, Andrew",lhp-s,3.15,3400000
2019,"Schwarber, Kyle",lf-c,3.086,3390000
2019,"Lucroy, Jonathan",c,8.136,3350000
2019,"Kelly, Joe",rhp,6.029,3333334
2019,"Bettis, Chad",rhp-s,4.096,3325000
2019,"Mazara, Nomar",rf,3,3300000
2019,"Holland, Greg",rhp-c,7.027,3250000
2019,"Mathis, Jeff",c,12.012,3250000
2019,"Taylor, Michael",of,4.01,3250000
2019,"Urena, Jose",rhp-s,3.04,3200000
2019,"Jeffress, Jeremy",rhp,5.104,3175000
2019,"Kela, Keone",rhp,4,3175000
2019,"Rojas, Miguel",ss,4.043,3155000
2019,"Manaea, Sean",lhp-s,2.157,3150000
2019,"Maeda, Kenta",rhp-s,3,3125000
2019,"Peacock, Brad",rhp,4.165,3110000
2019,"Yates, Kirby",rhp-c,4.021,3062500
2019,"Adams, Matt",1b-lf,6.033,3000000
2019,"Buchholz, Clay",rhp-s,10.021,3000000
2019,"Hirano, Yoshihisa",rhp,1,3000000
2019,"Jones, Adam",cf,11.139,3000000
2019,"Kang, Jung-Ho",3b,2.003,3000000
2019,"Martin, Leonys",cf,5.161,3000000
2019,"Owings, Chris",ss,5.012,3000000
2019,"Richard, Clayton",lhp-s,8.163,3000000
2019,"Barnhart, Tucker",c,4.075,2937500
2019,"Gray, Jon",rhp-s,3.062,2925000
2019,"Pressly, Ryan",rhp,5.039,2900000
2019,"Vazquez, Christian",c,4.031,2850000
2019,"Bundy, Dylan",rhp-s,3.026,2800000
2019,"Fulmer, Michael",rhp-s,2.157,2800000
2019,"Peraza, Jose",2b,2.141,2775000
2019,"Chisenhall, Lonnie",rf,6.158,2750000
2019,"Duffy, Matt",ss,4.059,2675000
2019,"Cingrani, Tony",lhp,5.088,2650000
2019,"Sano, Miguel",rf,3.066,2650000
2019,"Anderson, Tyler",lhp-s,3.065,2625000
2019,"Matz, Steven",lhp-s,3.099,2625000
2019,"Perez, Roberto",c,4.083,2625000
2019,"Boyd, Matt",lhp-s,2.136,2600000
2019,"Davies, Zach",rhp-s,3.02,2600000
2019,"Albers, Matt",rhp,11.141,2500000
2019,"Bour, Justin",1b,4.064,2500000
2019,"Hernandez, David",rhp,9.084,2500000
2019,"Iglesias, Jose",ss,6.036,2500000
2019,"Kelley, Shawn",rhp,9.128,2500000
2019,"Maldonado, Martin",c,6.156,2500000
2019,"McCann, James",c,4.028,2500000
2019,"Moore, Matt",lhp-s,7,2500000
2019,"Oh, Seung-hwan",rhp,3,2500000
2019,"Perez, Hernan",3b,4.079,2500000
2019,"Perez, Oliver",lhp,14.093,2500000
2019,"Phelps, David",rhp,6.156,2500000
2019,"Romo, Sergio",rhp,10.097,2500000
2019,"Montgomery, Mike",lhp-s,3.089,2440000
2019,"LeBlanc, Wade",lhp,5.131,2300000
2019,"Diekman, Jake",lhp,6.05,2250000
2019,"Martin, Chris",rhp,1.133,2250000
2019,"Peralta, Wily",rhp,5.049,2250000
2019,"Stammen, Craig",rhp,7.16,2250000
2019,"Venters, Jonny",lhp,5.159,2250000
2019,"Velasquez, Vincent",rhp-s,3.086,2249000
2019,"Guerra, Junior",rhp-s,2.155,2225000
2019,"Marisnick, Jake",cf,4.132,2212500
2019,"Boxberger, Brad",rhp,5.109,2200000
2019,"Givens, Mychal",rhp,3.069,2150000
2019,"Hendriks, Liam",rhp ,4.164,2150000
2019,"DeSclafani, Anthony",rhp-s,4.062,2125000
2019,"Hughes, Jared",rhp,6.162,2125000
2019,"Baez, Pedro",rhp,4.059,2100000
2019,"Hedges, Austin",c,2.166,2060000
2019,"Canha, Mark",1b-lf,3.092,2050000
2019,"Lyles, Jordan",rhp,7.002,2050000
2019,"Diaz, Aledmys",ss,2.1,2000000
2019,"Dietrich, Derek",lf-2b,4.151,2000000
2019,"Duke, Zach",lhp,12.054,2000000
2019,"Forsythe, Logan",2b,7.113,2000000
2019,"Grossman, Robbie",lf,4.06,2000000
2019,"Harrison, Josh",2b,7.033,2000000
2019,"Kelly, Merrill",rhp-s,0,2000000
2019,"Marte, Ketel",cf-2b,2.162,2000000
2019,"McCann, Brian",c,13.117,2000000
2019,"Miller, Shelby",rhp-s,5.166,2000000
2019,"Pence, Hunter",rf,11.156,2000000
2019,"Pomeranz, Drew",lhp-s,6.013,2000000
2019,"Volquez, Edinson",rhp-s,10.059,2000000
2019,"Wainwright, Adam",rhp-s,13.027,2000000
2019,"Walker, Neil",1b,8.166,2000000
2019,"Warren, Adam",rhp,6.036,2000000
2019,"Lorenzen, Michael",rhp-of,3.159,1950000
2019,"Santana, Domingo",lf ,3.024,1950000
2019,"Travis, Devon",2b,3.163,1950000
2019,"Chafin, Andrew",lhp,4.02,1945000
2019,"Gurriel, Lourdes",2b,0.119,1928571
2019,"Alvarez, Jose",lhp,4.035,1925000
2019,"Ramirez, J.C.",rhp,3.139,1901000
2019,"Jimenez, Eloy",rf,0,1833333
2019,"Bradley, Archie",rhp,3.112,1830000
2019,"Liriano, Francisco",lhp-s,12.104,1800000
2019,"Neris, Hector",rhp,3.068,1800000
2019,"Parker, Blake",rhp,4.036,1800000
2019,"Romine, Austin",c,5.045,1800000
2019,"Beckham, Tim",3b,4.134,1750000
2019,"Bedrosian, Cam",rhp,3.153,1750000
2019,"Buxton, Byron",cf,2.16,1750000
2019,"Granderson, Curtis",lf,13.077,1750000
2019,"Parra, Gerardo",lf,9.145,1750000
2019,"Solarte, Yangervis",3b,5,1750000
2019,"Thornburg, Tyler",rhp,5.057,1750000
2019,"Vincent, Nick",rhp,5.067,1750000
2019,"Barraclough, Kyle",rhp,3.059,1725000
2019,"Rusin, Chris",lhp-s,4.092,1687500
2019,"Garcia, Luis",rhp,4.006,1675000
2019,"DeJong, Paul",ss,1.127,1666667
2019,"Brach, Brad",rhp,6.063,1650000
2019,"Avilan, Luis",lhp,5.146,1600000
2019,"Barnes, Matt",rhp,3.11,1600000
2019,"Pina, Manny",c,3.046,1600000
2019,"Snell, Blake",lhp-s,2.072,1600000
2019,"Garcia, Leury",cf-2b,4.025,1550000
2019,"Devenski, Chris",rhp,3,1525000
2019,"Rogers, Taylor",lhp,2.145,1525000
2019,"Tepera, Ryan",rhp,3.008,1525000
2019,"Anderson, Brett",lhp-s,9.135,1500000
2019,"Descalso, Daniel",3b-ss,8.016,1500000
2019,"Edwards, Carl",rhp,2.134,1500000
2019,"Gearrin, Cory",rhp,5.136,1500000
2019,"Hudson, Daniel",rhp,8.106,1500000
2019,"Kingery, Scott",2b,1,1500000
2019,"Kratz, Erik",c,4.156,1500000
2019,"Leclerc, Jose",rhp,2.038,1500000
2019,"Wieters, Matt",c,9.129,1500000
2019,"Erlin, Robbie",lhp,4.078,1450000
2019,"Anderson, Tim",ss,2.115,1400000
2019,"Buchter, Ryan",lhp,3.01,1400000
2019,"DeShields Jr., Delino",cf-lf,3.116,1400000
2019,"McFarland, T.J.",lhp,4.164,1400000
2019,"Robles, Hansel",rhp,3.119,1400000
2019,"Culberson, Charlie",inf,3.084,1395000
2019,"Kahnle, Tommy",rhp,3.131,1387500
2019,"Altherr, Aaron",of,3.028,1350000
2019,"La Stella, Tommy",2b-3b,4.057,1350000
2019,"Hembree, Heath",rhp,3.106,1312500
2019,"Adrianza, Ehire",2b-ss,4.131,1300000
2019,"Drury, Brandon",3b,2.165,1300000
2019,"Hardy, Blaine",lhp,3.108,1300000
2019,"Hellickson, Jeremy",rhp-s,8.041,1300000
2019,"Oberg, Scott",rhp,3.063,1300000
2019,"Otero, Danny",rhp,5.124,1300000
2019,"Strickland, Hunter",rhp-c,3.163,1300000
2019,"Claudio, Alex",lhp,3.114,1275000
2019,"Norris, Daniel",lhp,3.073,1275000
2019,"Roe, Chaz",rhp,3.094,1275000
2019,"Leone, Dominic",rhp,3.123,1260000
2019,"Duda, Lucas",1b,7.137,1250000
2019,"Hundley, Nick",c,10.059,1250000
2019,"Joyce, Matt",rf,9.123,1250000
2019,"Tomlin, Josh",rhp-s,8.033,1250000
2019,"Bird, Greg",1b,3.053,1200000
2019,"Loup, Aaron",lhp,6.04,1200000
2019,"Jankowski, Travis",cf,2.169,1165000
2019,"Cabrera, Melky",lf,12.077,1150000
2019,"Workman, Brandon",rhp,4.051,1150000
2019,"Plawecki, Kevin",c,2.167,1137500
2019,"Conley, Adam",lhp-s,2.147,1125000
2019,"Martinez, Jose",lf-rf,2.027,1125000
2019,"Morgan, Adam",lhp,3.017,1100000
2019,"Phegley, Josh",c,4.087,1075000
2019,"Tropeano, Nick",rhp-s,3.068,1075000
2019,"Bourjos, Peter",cf,7.127,1000000
2019,"Gomez, Jeanmar",rhp,6.056,1000000
2019,"Herrmann, Chris",c,4.128,1000000
2019,"Lowe, Brandon",2b-of,0.058,1000000
2019,"Merrifield, Whit",2b,2.101,1000000
2019,"Miller, Brad",2b,5.047,1000000
2019,"Ramirez, Hanley",dh-1b,12.077,1000000
2019,"Ramirez, Neil",rhp,4.001,1000000
2019,"Reynolds, Mark",1b,11.108,1000000
2019,"Sipp, Tony",lhp,9.1,1000000
2019,"Wolters, Tony",c,2.161,960000
2019,"Casali, Curt",c,2.151,950000
2019,"Andriese, Matt",rhp-s,3.071,920000
2019,"Elias, Roenis",lhp,3.069,910000
2019,"Garcia, Greg",ss,3.083,910000
2019,"Swihart, Blake",c,2.164,910000
2019,"Biagini, Joe",rhp,2.134,900000
2019,"Cedeno, Xavier",lhp,5.005,900000
2019,"Gonzales, Marco",lhp,1.102,900000
2019,"May, Trevor",rhp,4.012,900000
2019,"Murphy, John Ryan",c,3.043,900000
2019,"Dull, Ryan",rhp,2.143,860000
2019,"Choi, Ji-Man",1b,1.076,850000
2019,"Sucre, Jesus",c,4.137,850000
2019,"Flynn, Brian",lhp,3.086,800000
2019,"Guerra, Javy",rhp,3.148,800000
2019,"Hahn, Jesse",rhp,3.067,800000
2019,"Karns, Nate",rhp-s,4.033,800000
2019,"Heredia, Guillermo",of,2.053,782000
2019,"Barnette, Tony",rhp,3,750000
2019,"Wilson, Alex",rhp,5.038,750000
2019,"Benintendi, Andrew",lf,2.062,717500
2019,"Garcia, Yimi",rhp,3.149,710000
2019,"Beckham, Gordon",2b,8.032,700000
2019,"Shuck, J.B.",lf,3.166,700000
2019,"Hader, Josh",lhp,1.115,687600
2019,"Judge, Aaron",rf-dh,2.051,684300
2019,"Contreras, Willson",c,2.108,684000
2019,"Goodrum, Niko",1b-of,1.031,670500
2019,"Sanchez, Gary",c,2.086,669800
2019,"Barlow, Scott",rhp,0.03,650000
2019,"Gore, Terrance",of,1.031,650000
2019,"Ohtani, Shohei",rhp-s,1,650000
2019,"Rodriguez, Richard",rhp,1.016,650000
2019,"Bregman, Alex",3b,2.07,640500
2019,"Aguilar, Jesus",1b,2.082,637500
2019,"Schebler, Scott",rf,2.132,625000
2019,"Berrios, Jose O.",rhp-s,2.044,620000
2019,"Andujar, Miguel",3b,1.02,617600
2019,"Almora, Albert",cf,2.073,615500
2019,"Devers, Rafael",3b,1.07,614500
2019,"Rosscup, Zac",lhp,3.164,610000
2019,"Godley, Zack",rhp-s,2.112,609400
2019,"Diaz, Edwin",rhp-c,2.121,607425
2019,"Gallo, Joey",3b,2.103,605500
2019,"Torres, Gleyber",2b,0.162,605200
2019,"Bellinger, Cody",1b-of,1.16,605000
2019,"Green, Chad",rhp,2.05,598650
2019,"Nimmo, Brandon",lf,2.042,598285
2019,"Pivetta, Nick",rhp-s,1.129,598000
2019,"Montgomery, Jordan",lhp-s,1.153,596600
2019,"Stripling, Ross",rhp,2.115,595000
2019,"Miller, Justin",rhp,2.128,593200
2019,"Clevinger, Mike",rhp-s,2.041,592200
2019,"Lugo, Seth",rhp-s,2.082,591875
2019,"Haniger, Mitch",rf,2.048,590100
2019,"Stassi, Max",c,2.049,590100
2019,"Eflin, Zach",rhp-s,2.018,590000
2019,"Taillon, Jameson",rhp-s,2.11,587500
2019,"Bell, Josh",1b-rf,2.053,587000
2019,"Anderson, Brian",3b,1.031,585000
2019,"Jackson, Luke",rhp,2.019,585000
2019,"Swanson, Dansby",ss,2.047,585000
2019,"Frazier, Adam",ss-of,2.075,584000
2019,"Williams, Trevor",rhp-s,2.027,584000
2019,"Kemp, Tony",2b-of,1.098,583600
2019,"Goodwin, Brian",of,2.019,583500
2019,"White, Tyler",1b,1.101,582900
2019,"Gsellman, Robert",rhp-s,2.042,582500
2019,"Musgrove, Joe",rhp-s,2.063,582500
2019,"Renfroe, Hunter",rf,1.165,582100
2019,"Strahm, Matt",lhp,2.064,581700
2019,"Crick, Kyle",rhp,1.103,581500
2019,"Santana, Edgar",rhp,1.048,581500
2019,"Weaver, Luke",rhp-s,1.112,581300
2019,"Narvaez, Omar",c,2.089,581200
2019,"Difo, Wilmer",ss,2.11,581100
2019,"Holder, Jonathan",rhp,1.144,580300
2019,"Chapman, Matt",3b,1.109,580000
2019,"Lopez, Reynaldo",rhp-s,1.096,580000
2019,"Winker, Jesse",lf-rf,1.08,580000
2019,"Healy, Ryon",1b-dh,2.08,579800
2019,"Gaviglio, Sam",rhp,1.067,579500
2019,"Moran, Colin",3b,1.107,579500
2019,"Maile, Luke",c,2.099,579000
2019,"Cessa, Luis",rhp,1.131,578975
2019,"Hernandez, Teoscar",lf,1.102,578600
2019,"Diaz, Elias",c,2.088,578500
2019,"Smith, Mallex",lf-cf,2.125,578400
2019,"Bader, Harrison",of,1.038,578300
2019,"Soto, Juan",lf ,0.134,578300
2019,"Junis, Jake",rhp-s,1.087,578250
2019,"McCarthy, Kevin",rhp,1.123,578250
2019,"Keller, Brad",rhp-s,1,578125
2019,"Alberto, Hanser",ss,2.085,578000
2019,"Kuhl, Chad",rhp-s,2.079,578000
2019,"Brasier, Ryan",rhp,1.126,577500
2019,"German, Domingo",rhp-s,1.017,577500
2019,"Margot, Manuel",cf,2.012,577100
2019,"Gonzalez, Erik",ss,2.007,577000
2019,"Grace, Matt",lhp,2.065,576400
2019,"Mondesi, Adalberto",ss,1.088,576000
2019,"Mancini, Trey",1b-of,2.015,575500
2019,"Rosario, Amed",ss,1.062,575500
2019,"Albies, Ozzie",ss,1.062,575000
2019,"Alexander, Scott",lhp,2.097,575000
2019,"Bard, Luke",rhp,0.03,575000
2019,"Barnes, Austin",c,2.124,575000
2019,"Biddle, Jesse",lhp,1.166,575000
2019,"Brennan, Brandon",rhp,0,575000
2019,"Camargo, Johan",2b,1.137,575000
2019,"Carle, Shane",rhp,1.032,575000
2019,"Garver, Mitch",c,1.045,575000
2019,"Graveman, Kendall",rhp-s,3.078,575000
2019,"Hoskins, Rhys",1b,1.053,575000
2019,"Johnson, Brian",lhp,1.043,575000
2019,"Minter, A.J.",lhp,1.04,575000
2019,"Moncada, Yoan",2b-3b,1.106,575000
2019,"Muncy, Max",1b ,2.027,575000
2019,"Newcomb, Sean",lhp-s,1.114,575000
2019,"Olson, Matt",1b,1.103,575000
2019,"Steckenrider, Drew",rhp-c,1.094,575000
2019,"Williams, Nick",rf,1.094,575000
2019,"Naquin, Tyler",rf,2.033,574800
2019,"Bracho, Silvino",rhp,1.082,574600
2019,"Brault, Steven",lhp-s,1.083,574500
2019,"Mahtook, Mikie",cf,2.11,574500
2019,"Osuna, Jose",of,1.077,573500
2019,"Ramos, Edubray",rhp,2.075,573500
2019,"Voit, Luke",1b,0.169,573200
2019,"Hill, Tim",lhp,1,573175
2019,"Giolito, Lucas",rhp-s,1.08,573000
2019,"Bleier, Richard",lhp,2.074,572500
2019,"Cave, Jake",of,0.113,572500
2019,"Hildenberger, Trevor",rhp,1.101,572500
2019,"Smith, Kevan",c,2.031,572500
2019,"Broxton, Keon",cf,2.038,571765
2019,"Gant, John",rhp-s,2.004,571300
2019,"Covey, Dylan",rhp,1.136,571000
2019,"Engel, Adam",of,1.118,571000
2019,"Farmer, Buck",rhp,2.083,570800
2019,"Alvarado, Jose",lhp-c,1.093,570600
2019,"Moroff, Max",2b,1.008,570500
2019,"Reyes, Franmil",rf,0.115,570500
2019,"Wendle, Joey",2b,1.088,570400
2019,"Robertson, Daniel",ss,1.156,570300
2019,"Alfaro, Jorge",c,1.083,570000
2019,"Brinson, Lewis",cf,1.025,570000
2019,"Buehler, Walker",rhp,0.168,570000
2019,"Mahle, Tyler",rhp,1.018,570000
2019,"Peralta, Wandy",lhp,2.01,570000
2019,"Richards, Trevor",rhp-s,0.142,570000
2019,"Rickard, Joey",of,2.12,570000
2019,"Caratini, Victor",c,1.051,569500
2019,"Guzman, Ronald",1b,0.171,569500
2019,"Kiner-Falefa, Isiah",3b,1,569500
2019,"Brebbia, John",rhp,1.093,569300
2019,"Jimenez, Joe",rhp,1.077,569200
2019,"Castro, Miguel",rhp,2.079,569000
2019,"Fry, Jace",lhp,1.005,569000
2019,"Kingham, Nick",rhp,0.092,569000
2019,"Neverauskas, Dovydas",rhp,0.123,569000
2019,"Pena, Felix",rhp,1.079,569000
2019,"Ramirez, Noe",rhp,1.139,569000
2019,"Austin, Tyler",of,1.159,568600
2019,"Tuivailala, Sam",rhp,2.082,568600
2019,"Velazquez, Hector",rhp,1.048,568500
2019,"Mayza, Tim",lhp,0.156,568300
2019,"Suter, Brent",lhp,1.161,568300
2019,"McNeil, Jeff",3b-lf,0.069,567714
2019,"Gamel, Ben",of,2.024,567700
2019,"Barnes, Jacob",rhp,2.098,567600
2019,"Koch, Matt",rhp,0.141,567600
2019,"Garrett, Amir",lhp,1.099,567500
2019,"Gott, Trevor",rhp,1.048,567500
2019,"Moronta, Reyes",rhp,1.028,567500
2019,"Stratton, Chris",rhp-s,1.1,567500
2019,"Wright, Mike",rhp,2.111,567500
2019,"VerHagen, Drew",rhp-s,2.126,567400
2019,"Dozier, Hunter",3b,1.06,567225
2019,"Hicks, John",c,2.001,567100
2019,"Jones, JaCoby",cf,1.125,567100
2019,"Palka, Daniel",of,0.16,567000
2019,"James, Josh",rhp,0.03,566800
2019,"Glasnow, Tyler",rhp-s,1.158,566700
2019,"Lamet, Dinelson",rhp-s,1.13,566700
2019,"Stumpf, Daniel",lhp,2.063,566600
2019,"Valdez, Framber",lhp,0.041,566600
2019,"Arcia, Orlando",ss,2.047,565700
2019,"Reyes, Pablo",2b-of,0.03,565500
2019,"Borucki, Ryan",lhp-s,0.088,565200
2019,"Lucchesi, Joey",lhp-s,1,565100
2019,"Bassitt, Chris",rhp,2.13,565000
2019,"Cotton, Jharel",rhp-s,2.026,565000
2019,"Floro, Dylan",rhp,1.049,565000
2019,"Freeland, Kyle",lhp-s,2,565000
2019,"Fried, Max",lhp-s,0.148,565000
2019,"Guerrero, Tayron",rhp,1.004,565000
2019,"Knapp, Andrew",c,1.171,565000
2019,"Marquez, German",rhp-s,2.027,565000
2019,"Moore, Dylan",3b,0,565000
2019,"Parsons, Wes",rhp,0.005,565000
2019,"Pinder, Chad",2b-of,2.047,565000
2019,"Sobotka, Chad",rhp,0.043,565000
2019,"Stephenson, Robert",rhp,1.049,565000
2019,"Stewart, Brock",rhp,1.059,565000
2019,"Urias, Julio",lhp-s,1.122,565000
2019,"Wilson, Bryse",rhp-s,0.031,565000
2019,"Wright, Kyle",rhp-s,0.03,565000
2019,"Peralta, Freddy",rhp,0.09,564600
2019,"Reyes, Alex",rhp-s,2.055,564600
2019,"Luplow, Jordan",of,0.112,564500
2019,"Glover, Koda",rhp,2.049,564300
2019,"Stanek, Ryne",rhp,1.038,564200
2019,"Robinson, Drew",2b,1.039,564100
2019,"Dominguez, Seranthony",rhp,0.147,564000
2019,"Hernandez, Marco",ss,2.105,564000
2019,"O'Neill, Tyler",of,0.101,564000
2019,"Rosario, Randy",lhp,0.132,564000
2019,"Stallings, Jacob",c,0.149,564000
2019,"Cimber, Adam",rhp,1,563800
2019,"Williams, Taylor",rhp,1.026,563800
2019,"Mayers, Mike",rhp,1.031,563700
2019,"Hess, David",rhp,0.119,563500
2019,"Middleton, Keynan",rhp,1.15,563500
2019,"Severino, Pedro",c,1.099,563500
2019,"Yarbrough, Ryan",lhp-s,1,563400
2019,"Maton, Phil",rhp,1.107,562900
2019,"Burnes, Corbin",rhp,0.086,562800
2019,"Pompey, Dalton",cf,1.151,562800
2019,"Lauer, Eric",lhp-s,0.16,562500
2019,"Suero, Wander",rhp,0.123,562500
2019,"Adames, Willy",ss,0.105,562400
2019,"Bradford, Chase",rhp,1.084,562300
2019,"Lopez, Jorge",rhp-s,0.102,562250
2019,"Flaherty, Jack",rhp-s,1.006,562100
2019,"Munoz, Yairo",ss,0.154,562000
2019,"Nunez, Renato",3b-lf,0.167,562000
2019,"Urena, Richard",ss,0.094,562000
2019,"Chirinos, Yonny",rhp-s,0.137,561800
2019,"Anderson, Justin",rhp,0.161,561500
2019,"Bote, David",2b,0.1,561500
2019,"Castillo, Diego",rhp,0.118,561500
2019,"Fletcher, David",ss,0.111,561500
2019,"Davis, J.D.",3b,0.137,561420
2019,"Woodruff, Brandon",rhp,0.161,561400
2019,"Rodriguez, Dereck",rhp,0.126,561250
2019,"Zimmer, Bradley",of,1.036,561200
2019,"Brito, Socrates",of,1.074,561000
2019,"Olson, Tyler",lhp,1.114,560900
2019,"Kolarek, Adam",lhp,0.112,560800
2019,"Allen, Greg",of,0.148,560400
2019,"Bauers, Jake",lf,0.116,560400
2019,"Diaz, Miguel",rhp,1.047,560400
2019,"Font, Wilmer",rhp,1.085,560400
2019,"Castillo, Jose",lhp,0.121,560300
2019,"Cordero, Franchy",cf,1.038,560100
2019,"Pannone, Tom",lhp,0.049,560100
2019,"Smith Jr., Dwight",lf,0.085,560100
2019,"Acuna, Ronald",lf,0.159,560000
2019,"Astudillo, Willians",c,0.061,560000
2019,"Brooks, Aaron",rhp-s,1.102,560000
2019,"Dahl, David",lf,1.162,560000
2019,"Ferguson, Caleb",lhp,0.113,560000
2019,"Gossett, Daniel",rhp,1.059,560000
2019,"Herrera, Rosell",2b-of,0.131,560000
2019,"Kelly, Carson",c,0.161,560000
2019,"Magill, Matt",rhp,1.031,560000
2019,"McMahon, Ryan",1b-3b,1.006,560000
2019,"Mejia, Adalberto",lhp-s,1.052,560000
2019,"Montas, Frankie",rhp,1.089,560000
2019,"Moya, Gabriel",lhp,0.111,560000
2019,"Riddle, J.T.",ss,1.149,560000
2019,"Rondon, Jose",2b,0.096,560000
2019,"Senzatela, Antonio",rhp-s,1.126,560000
2019,"Tapia, Raimel",of,1.02,560000
2019,"Verdugo, Alex",of,0.078,560000
2019,"Stock, Robert",rhp,0.085,559900
2019,"Walker, Christian",1b,0.124,559800
2019,"Bieber, Shane",rhp-s,0.097,559600
2019,"McKinney, Billy",of,0.101,559400
2019,"Smith, Dominic",1b,0.146,559320
2019,"Rumbelow, Nick",rhp,0.149,559300
2019,"Alcantara, Victor",rhp,0.107,559100
2019,"Armstrong, Shawn",rhp,1.028,559100
2019,"Hudson, Dakota",rhp,0.066,559100
2019,"Stevenson, Andrew",lf ,0.158,559100
2019,"Banuelos, Manny",lhp,0.146,559000
2019,"Burdi, Nick",rhp,1,559000
2019,"Fry, Paul",lhp,0.096,559000
2019,"Quinn, Roman",of,0.088,559000
2019,"Yacabonis, Jimmy",rhp,0.078,559000
2019,"Jansen, Danny",c,0.05,558700
2019,"Greiner, Grayson",c,0.102,558600
2019,"Vogelbach, Dan",1b,0.138,558600
2019,"Freitas, David",c,0.159,558500
2019,"Ruiz, Rio",3b,0.109,558500
2019,"Travis, Sam",1b,0.119,558500
2019,"Diaz, Yandy",3b,0.122,558400
2019,"Wahl, Bobby",rhp,1.04,558400
2019,"Duggar, Steven",of,0.085,558125
2019,"De Leon, Jose",rhp,1.03,558000
2019,"Farrell, Luke",rhp-s,0.095,558000
2019,"Mendez, Yohander",lhp,0.103,558000
2019,"Wynns, Austin",c,0.102,558000
2019,"Robles, Victor",of,0.052,557800
2019,"O'Hearn, Ryan",1b,0.062,557650
2019,"Blandino, Alex",2b-ss,1,557500
2019,"Castillo, Luis",rhp-s,1.101,557500
2019,"Cole, Taylor",rhp,0.086,557500
2019,"Farmer, Kyle",c,0.129,557500
2019,"Laureano, Ramon",cf,0.059,557500
2019,"Martini, Nick",1b,0.082,557500
2019,"Mullins, Cedric",of,0.052,557500
2019,"Newman, Kevin",2b,0.046,557500
2019,"Reed, Michael",rf,0.076,557500
2019,"Smith, Drew",rhp,0.09,557500
2019,"Tellez, Rowdy",1b,0.027,557500
2019,"Trivino, Lou",rhp,0.163,557500
2019,"Wendelken, J.B.",rhp,0.108,557500
2019,"Meadows, Austin",rf,0.074,557400
2019,"Buttrey, Ty",rhp,0.046,557250
2019,"Tarpley, Stephen",lhp,0.03,557250
2019,"Wingenter, Trey",rhp,0.057,557200
2019,"Gallagher, Cam",c,0.106,557125
2019,"Araujo, Pedro",rhp,1,557000
2019,"Brewer, Colten",rhp,0.064,557000
2019,"Hampson, Garrett",2b-ss,0.051,557000
2019,"Johnson, D.J.",rhp,0.028,557000
2019,"Musgrave, Harrison",lhp,0.148,557000
2019,"Springs, Jeffrey",lhp,0.062,557000
2019,"Tauchman, Mike",cf,0.079,557000
2019,"Vargas, Ildemaro",ss,0.055,557000
2019,"Lopez, Yoan",rhp,0.028,556900
2019,"Banda, Anthony",lhp,0.05,556800
2019,"Nix, Jacob",rhp,0.052,556800
2019,"Perez, Michael",c,0.067,556700
2019,"Beeks, Jalen",lhp,0.07,556500
2019,"Davis, Jonathan",cf,0.027,556500
2019,"Hermosillo, Michael",of,0.058,556500
2019,"Smith, Caleb",lhp-s,1.078,556500
2019,"Zagunis, Mark",of,0.044,556500
2019,"Stewart, Christin",lf,0.022,556400
2019,"Mejia, Francisco",c,0.062,556300
2019,"Nido, Tomas",c,0.095,556300
2019,"Turnbull, Spencer",rhp-s,0.02,556100
2019,"Burr, Ryan",rhp,0.04,556000
2019,"Hamilton, Ian",rhp,0.031,556000
2019,"Kennedy, Brett",rhp,0.055,556000
2019,"Guillorme, Luis",inf,0.065,555960
2019,"Edwards, Jon",rhp,1.141,555900
2019,"Festa, Matt",rhp,0.024,555500
2019,"Means, John",lhp,0.007,555500
2019,"Oaks, Trevor",rhp-s,0.016,555350
2019,"Bautista, Gerson",rhp,0.018,555200
2019,"Peterson, Dustin",of,0.003,555100
2019,"Williams, Justin",of,0.002,555100
2019,"Alcantara, Sandy",rhp-s,0.1,555000
2019,"Alonso, Pete",1b,0,555000
2019,"Anderson, Nick",rhp,0,555000
2019,"Bergen, Travis",lhp,0,555000
2019,"Bird, Kyle",lhp,0,555000
2019,"Brice, Austin",rhp,1.101,555000
2019,"Cooper, Garrett",rf-1b,1.053,555000
2019,"Cordell, Ryan",of,0.028,555000
2019,"Dowdy, Kyle",rhp,0,555000
2019,"Ellis, Chris",rhp,0,555000
2019,"Fernandez, Julian",rhp,1,555000
2019,"Ferrell, Riley",rhp,0,555000
2019,"Frarae, Caleb",lhp,0.03,555000
2019,"Garrett, Reed",rhp,0,555000
2019,"Harper, Ryne",rhp,0,555000
2019,"Heineman, Scott",rf,0,555000
2019,"Heller, Ben",rhp,1.096,555000
2019,"Hicks, Jordan",rhp,1,555000
2019,"Jackson, Drew",ss,0,555000
2019,"Joe, Connor",1b,0,555000
2019,"Kinley, Tyler",rhp,0.061,555000
2019,"Kopech, Michael",rhp,0.041,555000
2019,"Lopez, Pablo",rhp-s,0.093,555000
2019,"Luciano, Elvis",rhp,0,555000
2019,"Martin, Richie",ss,0,555000
2019,"Noll, Jake",2b-3b,0,555000
2019,"Paddack, Chris",rhp-s,0,555000
2019,"Peterson, Tim",rhp,0.094,555000
2019,"Schwindel, Frank",1b,0,555000
2019,"Stamets, Eric",ss,0,555000
2019,"Tatis Jr., Fernando",ss,0,555000
2019,"Thornton, Trent",rhp-s,0,555000
2019,"Wallach, Chad",c,0.09,555000
2019,"Zimmer, Kyle",rhp,0,555000
2019,"Abreu, Albert",rhp,0,
2019,"Abreu, Bryan",rhp,0,
2019,"Acevedo, Domingo",rhp,0.001,
2019,"Adams, Austin",rhp,0.043,
2019,"Adams, Chance",rhp,0.025,
2019,"Adolfo, Micker",of,0,
2019,"Adon, Melvin",rhp,0,
2019,"Alaniz, Ruben",rhp,0,
2019,"Alcantara, Sergio",ss,0,
2019,"Alexander Basabe , Luis",of,0,
2019,"Alford, Anthony",of,0.113,
2019,"Allard, Kolby",lhp,0.043,
2019,"Allen, Austin",c,0,
2019,"Almonte, Yency",rhp,0.081,
2019,"Altavilla, Dan",rhp,1.129,
2019,"Alvarez, Yadier",rhp,0,
2019,"Alzolay, Adbert",rhp,0,
2019,"Anderson, Cody",rhp-s,3.017,
2019,"Anderson, Drew",rhp,0.028,
2019,"Anderson, Tanner",rhp,0.04,
2019,"Arano, Victor",rhp,1.02,
2019,"Armenteros, Rogelio",rhp,0,
2019,"Arraez, Luis",2b,0,
2019,"Arroyo, Christian",ss,0.103,
2019,"Avelino, Abiatal",ss,0.027,
2019,"Avila, Pedro",rhp,0,
2019,"Baez, Sandy",rhp,0.031,
2019,"Barrera, Luis",cf,0,
2019,"Barreto, Franklin",ss,0.131,
2019,"Barria, Jaime",rhp,0.122,
2019,"Bashlor, Tyler",rhp,0.098,
2019,"Beaty, Matt",1b ,0,
2019,"Beede, Tyler",rhp,0.007,
2019,"Bishop, Braden",of,0,
2019,"Blach, Ty",lhp-s,2.032,
2019,"Black, Ray",rhp,0.103,
2019,"Blackburn, Paul",rhp,1.093,
2019,"Blewett, Scott",rhp,0,
2019,"Bolt, Skye",cf,0,
2019,"Bonifacio, Jorge",rf,1.095,
2019,"Bourque, James",rhp,0,
2019,"Bowman, Matt",rhp,2.102,
2019,"Bradley, Bobby",1b,0,
2019,"Briceno, Jose",c,0.12,
2019,"Brigham, Jeff",rhp,0.03,
2019,"Brubaker, J.T.",rhp,0,
2019,"Bummer, Aaron",lhp,0.167,
2019,"Burke, Brock",lhp,0,
2019,"Cabrera, Genesis",lhp,0,
2019,"Calhoun, Willie",2b,0.075,
2019,"Candelario, Jeimer",3b,1.056,
2019,"Carpenter, Ryan",lhp,0.072,
2019,"Carroll, Cody",rhp,0.048,
2019,"Castellani, Ryan",rhp,0,
2019,"Castro, Willi",ss,0,
2019,"Cease, Dylan",rhp,0,
2019,"Chang, Yu-Cheng",ss,0,
2019,"Chargois, J.T.",rhp,1.062,
2019,"Chavis, Michael",3b,0,
2019,"Ciuffo, Nick",c,0.028,
2019,"Clarke, Taylor",rhp,0,
2019,"Collins, Tim",lhp,6.018,
2019,"Coonrad, Sam",rhp,0,
2019,"Cordero, Jimmy",rhp,0.051,
2019,"Cozens, Dylan",of,0.079,
2019,"Crawford, J.P.",ss,1.02,
2019,"Cron, Kevin",1b-3b,0,
2019,"Cuevas, Noel",rf,0.13,
2019,"Curletta, Joey",1b-of,0,
2019,"Curtiss, John",rhp,0.069,
2019,"Davis, Austin",lhp,0.105,
2019,"Davis, Taylor",c,0.058,
2019,"Dayton, Grant",lhp,2.074,
2019,"Daza, Yonathan",of,0.028,
2019,"De La Cruz, Oscar",rhp,0,
2019,"De Los Santos, Enyel",rhp,0.029,
2019,"Dean, Austin",of,0.047,
2019,"Deetz, Dean",rhp,0.027,
2019,"Delmonico, Nick",1b,1.062,
2019,"Diaz, Isan",ss,0,
2019,"Diaz, Yennsy",rhp,0,
2019,"Diplan, Marcos",rhp,0,
2019,"Dixon, Brandon",2b-lf,0.116,
2019,"Dubon, Mauricio",ss,0,
2019,"Duffey, Tyler",rhp,2.097,
2019,"Duvall, Adam",lf,3.096,
2019,"Eickhoff, Jerad",rhp,3.045,
2019,"Ervin, Phillip",of,0.162,
2019,"Escobar, Luis",rhp,0,
2019,"Espinoza, Anderson",rhp,0,
2019,"Estevez, Carlos",rhp,2.022,
2019,"Estrada, Thairo",2b-ss,0,
2019,"Faria, Jacob",rhp,1.107,
2019,"Fedde, Erick",rhp,0.15,
2019,"Feliz, Michael",rhp,3.026,
2019,"Fernandez, Jose Manuel",lhp,0.03,
2019,"Fillmyer, Heath",rhp,0.104,
2019,"Fisher, Derek",lf,0.151,
2019,"Flexen, Chris",rhp,0.082,
2019,"Fowler, Dustin",of,1.039,
2019,"France, Ty",3b,0,
2019,"Frazier, Clint",of,1.057,
2019,"Fuentes, Josh",3b,0,
2019,"Fulmer, Carson",rhp,0.116,
2019,"Gagnon, Drew",rhp,0.03,
2019,"Gale, Rocky",c,0.077,
2019,"Gallegos, Giovanny",rhp,0.085,
2019,"Gamboa, Arquimedes",ss,0,
2019,"Garcia, Adolis",rf,0.041,
2019,"Garcia, Aramis",c,0.036,
2019,"Garcia, Edgar",rhp,0,
2019,"Garcia, Jarlin",lhp,1.132,
2019,"Gardewine, Nick",rhp,0.083,
2019,"Gibaut, Ian",rhp,0,
2019,"Gohara, Luiz",lhp,0.121,
2019,"Gomber, Austin",lhp,0.111,
2019,"Gonsalves, Stephen",lhp,0.042,
2019,"Gonzalez, Merandy",rhp,0.026,
2019,"Gonzalez, Rayan",rhp,1,
2019,"Goody, Nick",rhp,2.16,
2019,"Gordon, Nick",ss,0,
2019,"Granite, Zack",of,0.067,
2019,"Greene, Conner",rhp,0,
2019,"Guduan, Reymin",lhp,0.084,
2019,"Guerra, Javier",ss,0.023,
2019,"Gutierrez, Kelvin",3b,0,
2019,"Guzman, Jorge",rhp,0,
2019,"Haase, Eric",c,0.03,
2019,"Hall, Matt",lhp,0.02,
2019,"Hanhold, Eric",rhp,0.03,
2019,"Happ, Ian",of,1.142,
2019,"Harrison, Monte",of,0,
2019,"Hart, Donnie",lhp,1.112,
2019,"Harvey, Hunter",rhp,0.003,
2019,"Harvey, Joe",rhp,0,
2019,"Hays, Austin",of,0.034,
2019,"Hearn, Taylor",lhp,0,
2019,"Helsley, Ryan",rhp,0,
2019,"Hentges, Sam",lhp,0,
2019,"Herget, Jimmy",rhp,0,
2019,"Hernandez, Arnaldo",rhp,0,
2019,"Hernandez, Darwinzon",lhp,0,
2019,"Hernandez, Elieser",rhp,1,
2019,"Hernandez, Jonathan",rhp,0,
2019,"Higashioka, Kyle",c,0.124,
2019,"Hilliard, Sam",rf,0,
2019,"Hoffman, Jeff",rhp,1.034,
2019,"Holloway, Jordan",rhp,0,
2019,"Holmes, Clay",rhp,0.06,
2019,"Holmes, Grant",rhp,0,
2019,"Honeywell, Brent",rhp,0,
2019,"Houser, Adrian",rhp,0.031,
2019,"Hu, Chih-Wei",rhp,0.052,
2019,"Huang, Wei-Chieh",rhp,0,
2019,"Jackson, Alex",c,0,
2019,"Jerez, Williams",lhp,0.046,
2019,"Jewell, Jake",rhp,0.101,
2019,"Jimenez, Eduardo",rhp,0,
2019,"Jones, Ryder",3b,0.128,
2019,"Joseph, Caleb",c,4.127,
2019,"Jurado, Ariel",rhp,0.067,
2019,"Kaprielian, James",rhp,0,
2019,"Keller, Kyle",rhp,0,
2019,"Keller, Mitch",rhp,0,
2019,"Kieboom, Spencer",c,0.149,
2019,"Kilome, Franklyn",rhp,0,
2019,"Kline, Branden",rhp,0,
2019,"Kramer, Kevin",2b,0.027,
2019,"Krehbiel, Joey",rhp,0.003,
2019,"Lakins, Travis",rhp,0,
2019,"Lawrence, Justin",rhp,0,
2019,"Leyba, Domingo",2b-ss,0,
2019,"Lin, Tzu-Wei",ss,0.135,
2019,"Liranzo, Jesus",rhp,0,
2019,"Littell, Zack",rhp,0.031,
2019,"Lively, Ben",rhp,0.149,
2019,"Loaisiga, Jonathan",rhp,0.047,
2019,"Locastro, Tim",2b-of,0.045,
2019,"Lockett, Walker",rhp,0.017,
2019,"Long, Shed",2b,0,
2019,"Lopez, Jose",rhp,0,
2019,"Lugo, Dawel",3b,0.034,
2019,"Madero, Luis",rhp,0,
2019,"Maples, Dillon",rhp,0.072,
2019,"Martes, Francis",rhp,0.116,
2019,"Martin, Brett",lhp,0,
2019,"Martin, Jason",of,0,
2019,"Mateo, Jorge",ss,0,
2019,"McCarthy, Joe",lf,0,
2019,"McCreery, Adam",lhp,0.003,
2019,"McGowin, Kyle",rhp,0.027,
2019,"McGuire, Reese",c,0.025,
2019,"Medeiros, Kodi",lhp,0,
2019,"Medina, Adonis",rhp,0,
2019,"Mejia, Juan Carlos",rhp,0,
2019,"Mella, Keury",rhp,0.065,
2019,"Mengden, Daniel",rhp-s,1.128,
2019,"Mercado, Oscar",of,0,
2019,"Merryweather, Julian",rhp,0,
2019,"Mills, Alec",rhp,0.052,
2019,"Moore, Andrew",rhp,0.062,
2019,"Murphy, Patrick",rhp,0,
2019,"Newberry, Jake",rhp,0.044,
2019,"Norwood, James",rhp,0.044,
2019,"Nottingham, Jacob",c,0.054,
2019,"O'Brien, Peter",rf,0.109,
2019,"Olivares, Edward",cf,0,
2019,"Ortiz, Luis",rhp,0.027,
2019,"Osich, Josh",lhp,2.119,
2019,"Oswalt, Corey",rhp,0.1,
2019,"Pagan, Emilio",rhp,1.096,
2019,"Palumbo, Joe",lhp,0.11,
2019,"Paulino, David",rhp,0.144,
2019,"Payamps, Joel",rhp,0,
2019,"Pazos, James",lhp,2.067,
2019,"Pelham, C.D.",lhp,0.027,
2019,"Perdomo, Luis",rhp-s,2.111,
2019,"Perez, Cionel",lhp,0.067,
2019,"Perez, Franklin",rhp,0,
2019,"Perez, Hector",rhp,0,
2019,"Peters, Dillon",lhp,0.071,
2019,"Petricka, Jake",rhp,4.157,
2019,"Phillips, Brett",of,0.14,
2019,"Phillips, Evan",rhp,0.057,
2019,"Pirela, Jose",lf,2.096,
2019,"Plutko, Adam",rhp,0.113,
2019,"Poncedeleon, Daniel",rhp,0.062,
2019,"Poyner, Bobby",lhp,0.077,
2019,"Pruitt, Austin",rhp,1.061,
2019,"Quijada, Jose",lhp,0,
2019,"Rainey, Tanner",rhp,0.023,
2019,"Ramirez, Yefry",rhp,0.097,
2019,"Read, Raudy",c,0.032,
2019,"Reed, A.J.",1b,0.11,
2019,"Reed, Cody",lhp,1.067,
2019,"Reid-Foley, Sean",rhp,0.038,
2019,"Reininger, Zac",rhp,0.088,
2019,"Rengifo, Luis",2b,0,
2019,"Reyes, Denyi",rhp,0,
2019,"Reyes, Gerardo",rhp,0,
2019,"Reyes, Jesus",rhp,0.027,
2019,"Reyes, Victor",of,1,
2019,"Rhame, Jacob",rhp,0.139,
2019,"Rios, Edwin",3b,0,
2019,"Rios, Yacksel",rhp,0.16,
2019,"Rodgers, Brady",rhp,0.17,
2019,"Rodriguez, Jefry",rhp,0.06,
2019,"Rodriguez, Ronny",3b-2b,0.105,
2019,"Rogers, Josh",lhp,0.034,
2019,"Romano, Sal",rhp,1.081,
2019,"Romero, Fernando",rhp,0.054,
2019,"Ross, Joe",rhp-s,3.067,
2019,"Ruiz, Jose",rhp,0.029,
2019,"Ruiz, Keibert",c,0,
2019,"Russell, Addison",ss,3.167,
2019,"Ryan, Kyle",lhp,1.139,
2019,"Sadzeck, Connor",rhp,0.031,
2019,"Saladino, Tyler",2b,3.053,
2019,"Sanchez, Adrian",2b-3b,0.16,
2019,"Sanchez, Jesus",of,0,
2019,"Sanchez, Ricardo",lhp,0,
2019,"Santana, Dennis",rhp,0.125,
2019,"Santander, Anthony",of,1.046,
2019,"Sborz, Josh",rhp,0,
2019,"Schultz, Jaime",rhp,0.069,
2019,"Scott, Robby",lhp,1.059,
2019,"Scott, Tanner",lhp,0.166,
2019,"Sewald, Paul",rhp,1.161,
2019,"Shaw, Chris",1b,0.031,
2019,"Shepherd, Chandler",rhp,0,
2019,"Sherfy, Jimmie",rhp,0.074,
2019,"Sierra, Magneuris",of,0.111,
2019,"Sims, Luke",rhp,0.11,
2019,"Siri, Jose",of,0,
2019,"Sisco, Chance",c,0.156,
2019,"Skoglund, Eric",lhp,1.068,
2019,"Slater, Austin",of,1.056,
2019,"Soroka, Mike",rhp-s,0.153,
2019,"Sosa, Edmundo",ss,0.008,
2019,"Soto, Gregory",lhp,0,
2019,"Spangenberg, Cory",3b,4.004,
2019,"Sparkman, Glenn",rhp,1,
2019,"Staumont, Josh",rhp,0,
2019,"Steele, Justin",lhp,0,
2019,"Stephens, Jackson",rhp,1,
2019,"Stephens, Jordan",rhp,0,
2019,"Stewart, D.J.",of,0.02,
2019,"Stewart, Kohl",rhp,0.05,
2019,"Stokes, Troy",lf,0,
2019,"Straw, Myles",cf,0.016,
2019,"Stubbs, Garrett",c,0,
2019,"Suarez, Andrew",lhp,0.154,
2019,"Suarez, Jose",lhp,0,
2019,"Suarez, Ranger",lhp,0.022,
2019,"Supak, Trey",rhp,0,
2019,"Takahashi, Bo",rhp,0,
2019,"Tate, Dillon",rhp,0,
2019,"Taylor, Ben",rhp,0.095,
2019,"Taylor, Josh",lhp,0,
2019,"Taylor, Tyrone",of,0,
2019,"Thomas, Lane",cf,0,
2019,"Thorpe, Lewis",lhp,0,
2019,"Tinoco, Jesus",rhp,0,
2019,"Tocci, Carlos",of,1,
2019,"Toles, Andrew",lf-rf,1.128,
2019,"Torrens, Luis",c,1,
2019,"Torreyes, Ronnie",2b,2.139,
2019,"Toussaint, Touki",rhp,0.031,
2019,"Trahan, Blake",ss,0.03,
2019,"Trevino, Jose",c,0.004,
2019,"Triggs, Andrew",rhp-s,2.123,
2019,"Tseng, Jen-Ho",rhp,0.02,
2019,"Tucker, Cole",ss,0,
2019,"Tucker, Kyle",of,0.051,
2019,"Underwood, Duane",rhp,0.001,
2019,"Urias, Luis",2b-ss,0.034,
2019,"Urias, Ramon",2b,0,
2019,"Valaika, Pat",ss,1.169,
2019,"Valera, Breyvic",2b,0.081,
2019,"Vargas, Emilio",rhp,0,
2019,"Vasquez, Andrew",lhp,0.03,
2019,"Velazquez, Andrew",ss,0.029,
2019,"Venditte, Pat",rhp-lhp,1.084,
2019,"Vieira, Thyago",rhp,0.069,
2019,"Viloria, Meibrys",c,0.03,
2019,"Voth, Austin",rhp,0.036,
2019,"Wade, LaMonte",lf,0,
2019,"Wade, Tyler",2b,1.007,
2019,"Waguespack, Jacob",rhp,0,
2019,"Walden, Marcus",rhp,0.025,
2019,"Walding, Mitch",3b,0.043,
2019,"Ward, Taylor",3b,0.048,
2019,"Webb, Jacob",rhp,0,
2019,"Webb, Logan",rhp,0,
2019,"Webb, Tyler",lhp,0.085,
2019,"Weigel, Patrick",rhp,0,
2019,"Wick, Rowan",rhp,0.031,
2019,"Wieck, Brad",lhp,0.02,
2019,"Wilkerson, Aaron",rhp,0.026,
2019,"Williams, Austen",rhp,0.03,
2019,"Winkler, Daniel",rhp,4,
2019,"Wisdom, Patrick",3b,0.044,
2019,"Wittgren, Nick",rhp,2.071,
2019,"Wood, Hunter",rhp,0.104,
2019,"Wright, Steven",rhp ,4.088,
2019,"Yamamoto, Jordan",rhp,0,
2019,"Ynoa, Huascar",rhp,0,
2019,"Zamora, Daniel",lhp,0.045,
2019,"Zavala, Seby",c,0,
2018,"Kershaw, Clayton",lhp-s,9.105,35571429
2018,"Trout, Mike",cf,6.07,34083333
2018,"Greinke, Zack",rhp-s,13.057,34000000
2018,"Cabrera, Miguel",1b,14.101,30000000
2018,"Price, David",lhp-s,8.164,30000000
2018,"Arrieta, Jake",rhp-s,6.145,30000000
2018,"Cespedes, Yoenis",lf,6,29000000
2018,"Heyward, Jason",rf,8,28166667
2018,"Verlander, Justin",rhp-s,12.002,28000000
2018,"Lester, Jon",lhp-s,11.075,27500000
2018,"Pujols, Albert",dh-1b,17,27000000
2018,"Hernandez, Felix",rhp-s,12.06,26857143
2018,"Votto, Joey",1b,10.027,25000000
2018,"Stanton, Giancarlo",dh-rf,7.118,25000000
2018,"Darvish, Yu",rhp-s,6,25000000
2018,"Cano, Robinson",2b,12.153,24000000
2018,"Fielder, Prince",1b,12.068,24000000
2018,"Zimmermann, Jordan",rhp-s,8.154000000000002,24000000
2018,"Martinez, J.D.",rf,6.036,23750000
2018,"Hamels, Cole",lhp-s,11.143,23500000
2018,"Mauer, Joe",1b,14,23000000
2018,"Donaldson, Josh",3b,5.158,23000000
2018,"Ramirez, Hanley",dh-1b,12.014,22750000
2018,"Gonzalez, Adrian",1b,12.108,22357143
2018,"Posey, Buster",c-1b,7.161,22177778
2018,"Scherzer, Max",rhp-s,9.079,22142857
2018,"Desmond, Ian",1b-of,8.027,22000000
2018,"Tanaka, Masahiro",rhp-s,4,22000000
2018,"Kemp, Matt",lf,11.049,21750000
2018,"Harper, Bryce",rf,5.159,21625000
2018,"Freeman, Freddie",1b,7.033,21359375
2018,"Ellsbury, Jacoby",cf,10.037,21142857
2018,"Porcello, Rick",rhp-s,8.17,21125000
2018,"Davis, Chris",1b,8.061000000000002,21118782
2018,"Shields, James",rhp-s,11.125,21000000
2018,"Cueto, Johnny",rhp-s,10,21000000
2018,"Bailey, Homer",rhp-s,9.017,21000000
2018,"Hosmer, Eric",1b,6.146,21000000
2018,"Molina, Yadier",c,13.123,20000000
2018,"Wright, David",3b,13.075,20000000
2018,"Martin, Russell",c,11.15,20000000
2018,"Tulowitzki, Troy",ss,11.033,20000000
2018,"Braun, Ryan",lf,10.129,20000000
2018,"Choo, Shin-Soo",dh-rf,10.119,20000000
2018,"Gordon, Alex",lf,10.092,20000000
2018,"Melancon, Mark",rhp-c,7.098,20000000
2018,"Samardzija, Jeff",rhp-s,8.028,19800000
2018,"Wainwright, Adam",rhp-s,12.027,19500000
2018,"Seager, Kyle",3b,6.085,19000000
2018,"Encarnacion, Edwin",1b-dh,12.085,18666666
2018,"Sandoval, Pablo",3b,9.042,18600000
2018,"Pence, Hunter",rf,10.156,18500000
2018,"Strasburg, Stephen",rhp-s,7.118,18333333
2018,"Santana, Carlos",dh-1b,7.115,18333333
2018,"Beltre, Adrian",3b,19.096,18000000
2018,"Martinez, Victor",dh,14.114,18000000
2018,"Arenado, Nolan",3b,4.155,17750000
2018,"Kazmir, Scott",lhp-s,11.119,17666666
2018,"Murphy, Daniel",2b,8.109,17500000
2018,"Jones, Adam",cf,10.139,17333333
2018,"Chapman, Aroldis",lhp-c,7.009,17200000
2018,"Belt, Brandon",1b,6.128,17200000
2018,"McCann, Brian",c,12.117,17000000
2018,"Leake, Mike",rhp-s,8,17000000
2018,"Hill, Rich",lhp-s,8.127,16666666
2018,"Zobrist, Ben",2b-rf,10.134,16500000
2018,"Fowler, Dexter",rf,8.168,16500000
2018,"Pedroia, Dustin",2b,11.041,16125000
2018,"Upton, Justin",lf,10.06,16000000
2018,"Kennedy, Ian",rhp-s,8.124,16000000
2018,"Davis, Wade",rhp-c,8.032,16000000
2018,"Machado, Manny",ss,5.056,16000000
2018,"Andrus, Elvis",ss,9,15250000
2018,"Crawford, Brandon",ss,6.094,15200000
2018,"McCutchen, Andrew",rf,8.123,14750000
2018,"Cruz, Nelson",dh-rf,10.082,14250000
2018,"Zimmerman, Ryan",1b,12.032,14000000
2018,"Duffy, Danny",lhp-s,6.085,14000000
2018,"Cain, Lorenzo",cf-rf,6.074,14000000
2018,"Cobb, Alex",rhp-s,6.061,14000000
2018,"Holland, Greg",rhp-c,6.028,14000000
2018,"Blackmon, Charlie",cf,5.102,14000000
2018,"Carpenter, Matt",1b,6.012,13750000
2018,"Longoria, Evan",3b,9.17,13666667
2018,"Kipnis, Jason",2b,6.069,13666666
2018,"Santana, Ervin",rhp-s,12.104,13500000
2018,"Prado, Martin",3b,10.105,13500000
2018,"Tomas, Yasmany",lf,3,13500000
2018,"Hughes, Phil",rhp-s,10.113,13200000
2018,"Keuchel, Dallas",lhp-s,5.089,13200000
2018,"Mesoraco, Devin",c,6.028,13125000
2018,"Headley, Chase",3b,9.123,13000000
2018,"Robertson, David",rhp,9.07,13000000
2018,"Happ, J.A.",lhp-s,9.047,13000000
2018,"Estrada, Marco",rhp-s,8.035,13000000
2018,"Kimbrel, Craig",rhp-c,7.066,13000000
2018,"Reddick, Josh",rf,7.05,13000000
2018,"Abreu, Jose",1b,4,13000000
2018,"Cozart, Zack",3b,6.084,12666666
2018,"Sale, Chris",lhp-s,7.061,12500000
2018,"Trumbo, Mark",dh-rf,7.027,12500000
2018,"Chatwood, Tyler",rhp-s,6.039,12500000
2018,"Gurriel, Yulieski",1b,1.043,12400000
2018,"Rendon, Anthony",3b,4.13,12300000
2018,"Gonzalez, Gio",lhp-s,8.162,12000000
2018,"Bumgarner, Madison",lhp-s,7.127,12000000
2018,"Turner, Justin",3b,7.045,12000000
2018,"Lynn, Lance",rhp-s,6.119,12000000
2018,"Britton, Zach",lhp-c,5.158,12000000
2018,"Springer, George",cf,3.166,12000000
2018,"Martinez, Carlos",rhp-s,4.073,11700000
2018,"McCarthy, Brandon",rhp-s,11.122,11500000
2018,"Gardner, Brett",lf,9.072,11500000
2018,"Brantley, Michael",lf,7.131,11500000
2018,"Jansen, Kenley",rhp-c,7.073,11333333
2018,"Markakis, Nick",rf,12,11000000
2018,"Kinsler, Ian",2b,12,11000000
2018,"Morales, Kendrys",dh-1b,9.17,11000000
2018,"Bruce, Jay",rf,9.125,11000000
2018,"Span, Denard",cf,9.111,11000000
2018,"Goldschmidt, Paul",1b,6.059,11000000
2018,"Simmons, Andrelton",ss,5.125,11000000
2018,"Castro, Starlin",2b,7.15,10857143
2018,"Bryant, Kris",3b,2.171,10850000
2018,"Gordon, Dee",2b-cf,5.154,10800000
2018,"Kluber, Corey",rhp-s,5.074,10700000
2018,"Allen, Cody",rhp,5.076,10575000
2018,"Wieters, Matt",c,8.129,10500000
2018,"Cervelli, Francisco",c,7.146,10500000
2018,"Ramos, Wilson",c,7.047,10500000
2018,"Davis, Khris",lf,4.104,10500000
2018,"Betts, Mookie",rf,3.07,10500000
2018,"Harrison, Josh",2b,6.033,10250000
2018,"Sabathia, CC",lhp-s,17,10000000
2018,"Parra, Gerardo",lf,8.145,10000000
2018,"Chen, Wei-Yin",lhp-s,6,10000000
2018,"Segura, Jean",ss,5.065,9600000
2018,"Ramos, A.J.",rhp-c,5.03,9225000
2018,"Puig, Yasiel",rf,4.102,9214286
2018,"Nova, Ivan",rhp-s,7.024,9166667
2018,"Soria, Joakim",rhp,11,9000000
2018,"Hammel, Jason",rhp-s,10.153,9000000
2018,"Ziegler, Brad",rhp-c,9.122,9000000
2018,"O'Day, Darren",rhp,9.103000000000002,9000000
2018,"Morrow, Brandon",rhp-c,9.086,9000000
2018,"Miller, Andrew",lhp,9.062000000000001,9000000
2018,"Hunter, Tommy",rhp,8.066,9000000
2018,"Forsythe, Logan",2b,6.113,9000000
2018,"Altuve, Jose",2b,6.072,9000000
2018,"Moore, Matt",lhp-s,6,9000000
2018,"Dozier, Brian",2b,5.1,9000000
2018,"Gyorko, Jedd",2b-3b,4.164,9000000
2018,"Ozuna, Marcell",lf,4.124,9000000
2018,"Quintana, Jose",lhp-s,5.133,8850000
2018,"Chacin, Jhoulys",rhp-s,7.054,8750000
2018,"Perez, Salvador",c,6.05,8700000
2018,"LeMahieu, D.J.",2b,5.128,8500000
2018,"Pomeranz, Drew",lhp-s,5.013,8500000
2018,"Calhoun, Kole",rf,4.13,8500000
2018,"Schoop, Jonathan",2b-3b,4.027,8500000
2018,"Minor, Mike",lhp,6.138,8333333
2018,"Cabrera, Asdrubal",ss,10.027,8250000
2018,"Reed, Addison",rhp,6.001,8250000
2018,"Gregorius, Didi",ss,4.159,8250000
2018,"Teheran, Julio",rhp-s,5.062,8166667
2018,"Garcia, Jaime",lhp-s,9.047,8000000
2018,"Valbuena, Luis",1b-3b,7.148,8000000
2018,"Castro, Jason",c,7.104,8000000
2018,"Carrasco, Carlos",rhp-s,6.147,8000000
2018,"Frazier, Todd",3b,6.071,8000000
2018,"Herrera, Kelvin",rhp,5.157,7937500
2018,"Familia, Jeurys",rhp-c,5.023,7925000
2018,"Grandal, Yasmani",c,5.115,7900000
2018,"Ryu, Hyun-Jin",lhp-s,5,7833333
2018,"Marte, Starling",cf,4.163,7833333
2018,"Neshek, Pat",rhp,9.159,7750000
2018,"Cecil, Brett",lhp,7.152,7750000
2018,"Nicasio, Juan",rhp,6.084,7750000
2018,"Pollock, A.J.",cf,5.052,7750000
2018,"Madson, Ryan",rhp-c,12.155,7666666
2018,"Shaw, Bryan",rhp,6.081,7500000
2018,"Corbin, Patrick",lhp-s,5.105,7500000
2018,"Mikolas, Miles",rhp-s,1.037,7500000
2018,"deGrom, Jacob",rhp-s,3.139,7400000
2018,"Richards, Garrett",rhp-s,5.148,7300000
2018,"Rizzo, Anthony",1b,5.168,7285714
2018,"Moss, Brandon",dh-1b,7.16,7250000
2018,"Castillo, Welington",c,6.009,7250000
2018,"Bogaerts, Xander",ss,4.042,7050000
2018,"Smith, Joe",rhp,10.091,7000000
2018,"Morton, Charlie",rhp-s,9.01,7000000
2018,"Blevins, Jerry",lhp,8.081,7000000
2018,"Tazawa, Junichi",rhp,7.086,7000000
2018,"Dunn, Michael",lhp,7.079,7000000
2018,"McGee, Jake",lhp,6.127,7000000
2018,"Alonso, Yonder",1b,6.116,7000000
2018,"Ottavino, Adam",rhp,6.087,7000000
2018,"Yelich, Christian",cf,4.069,7000000
2018,"Galvis, Freddy",ss,5.021,6825000
2018,"Mercer, Jordy",ss,5.095,6750000
2018,"Cole, Gerrit",rhp-s,4.111,6750000
2018,"Gattis, Evan",dh-c,5,6700000
2018,"Garcia, Avisail",rf,4.167,6700000
2018,"Bauer, Trevor",rhp-s,3.158,6525000
2018,"Lucroy, Jonathan",c,7.136,6500000
2018,"Cashner, Andrew",rhp-s,7.126,6500000
2018,"Moreland, Mitch",1b-dh,7.067,6500000
2018,"Cishek, Steve",rhp,6.143,6500000
2018,"Lagares, Juan",cf,4.16,6500000
2018,"Gray, Sonny",rhp-s,4.061,6500000
2018,"Stroman, Marcus",rhp-s,3.148,6500000
2018,"Roark, Tanner",rhp-s,4.055,6475000
2018,"Archer, Chris",rhp-s,4.156,6416667
2018,"Odorizzi, Jake",rhp-s,4.042,6300000
2018,"Iglesias, Jose",ss,5.036,6275000
2018,"Pearce, Steve",1b-lf,8.116000000000001,6250000
2018,"Bradley, Jackie Jr.",cf,3.15,6100000
2018,"Castellanos, Nick",3b,4.029,6050000
2018,"Gomes, Yan",c,5.083,6033333
2018,"Casilla, Santiago",rhp,10.148,6000000
2018,"Vargas, Jason",lhp-s,10.114,6000000
2018,"Lowrie, Jed",2b,9.111,6000000
2018,"Joyce, Matt",rf,8.123,6000000
2018,"Sipp, Tony",lhp,8.1,6000000
2018,"Perez, Martin",lhp-s,5.038,6000000
2018,"Eaton, Adam",cf,5.03,6000000
2018,"Wood, Alex",lhp-s,4.123,6000000
2018,"Fiers, Michael",rhp-s,4.085,6000000
2018,"Dickerson, Corey",lf,4.101,5950000
2018,"Hechavarria, Adeiny",ss,5.06,5900000
2018,"Strop, Pedro",rhp,6.156,5850000
2018,"Rodriguez, Sean",2b-3b,8.133,5750000
2018,"Gennett, Scooter",2b,4.071,5700000
2018,"Kiermaier, Kevin",cf,3.131,5666666
2018,"Harvey, Matt",rhp-s,5.072,5625000
2018,"Gausman, Kevin",rhp-s,3.151,5600000
2018,"Chisenhall, Lonnie",rf,5.158,5587500
2018,"Phelps, David",rhp,5.156,5550000
2018,"Kelley, Shawn",rhp,8.128,5500000
2018,"Rzepczynski, Marc",lhp,7.132,5500000
2018,"Hudson, Daniel",rhp,7.117,5500000
2018,"Morrison, Logan",1b,7.069,5500000
2018,"Moustakas, Mike",3b,6.111,5500000
2018,"Swarzak, Anthony",rhp,6.024,5500000
2018,"Wacha, Michael",rhp-s,4.062,5300000
2018,"Colome, Alex",rhp-c,3.118,5300000
2018,"Osuna, Roberto",rhp-c,3,5300000
2018,"Iglesias, Raisel",rhp-c,2.154,5214286
2018,"Brach, Brad",rhp,5.063,5165000
2018,"Gonzalez, Marwin",1b-3b,5.133,5125000
2018,"Betances, Dellin",rhp,4.078,5100000
2018,"Hernandez, Cesar",2b,3.154,5100000
2018,"Granderson, Curtis",cf-rf,12.077,5000000
2018,"Johnson, Jim",rhp,9.161,5000000
2018,"Gonzalez, Carlos",rf,9.059,5000000
2018,"Gregerson, Luke",rhp-c,9,5000000
2018,"Kintzler, Brandon",rhp,6.003,5000000
2018,"McHugh, Collin",rhp-s,4.085,5000000
2018,"Salazar, Danny",rhp-s,3.162,5000000
2018,"Thames, Eric",1b,2.063,5000000
2018,"Miller, Shelby",rhp-s,4.166,4900000
2018,"Paxton, James",lhp-s,3.151,4900000
2018,"Escobar, Eduardo",ss,5.128,4850000
2018,"Walker, Taijuan",rhp-s,3.142,4825000
2018,"Gonzalez, Miguel",rhp-s,6.084,4750000
2018,"Anderson, Chase",rhp-s,3.146,4750000
2018,"Inciarte, Ender",cf,3.157,4700000
2018,"Soler, Jorge",rf,2.143,4666667
2018,"Hamilton, Billy",cf,4.028,4600000
2018,"Giles, Ken",rhp-c,3.113,4600000
2018,"Myers, Wil",of-1b,4.104,4500000
2018,"Miller, Brad",2b,4.094,4500000
2018,"Barnhart, Tucker",c,3.075,4437500
2018,"Dyson, Sam",rhp,3.142,4425000
2018,"Doolittle, Sean",lhp-c,5.122,4380000
2018,"Lamb, Jake",3b,3.053,4275000
2018,"Rodney, Fernando",rhp-c,14.137,4250000
2018,"Freese, David",3b,8.028,4250000
2018,"Wilson, Justin",lhp,5.035,4250000
2018,"Ramirez, Erasmo",rhp,4.158,4200000
2018,"Gibson, Kyle",rhp-s,4.039,4200000
2018,"Hendricks, Kyle",rhp-s,3.081,4175000
2018,"Smoak, Justin",1b,7.077,4125000
2018,"Solarte, Yangervis",3b,4,4125000
2018,"Shoemaker, Matt",rhp-s,3.166,4125000
2018,"Polanco, Gregory",lf,3.103,4100000
2018,"Hand, Brad",lhp,4.092,4083333
2018,"Liriano, Francisco",lhp-s,11.104,4000000
2018,"Gomez, Carlos",cf,10.141,4000000
2018,"Avila, Alex",c,8.061000000000002,4000000
2018,"Walker, Neil",2b,7.166,4000000
2018,"Flowers, Tyler",c,6.148,4000000
2018,"Nunez, Eduardo",2b,6.09,4000000
2018,"Adams, Matt",1b-lf,5.033,4000000
2018,"Rondon, Hector",rhp,5,4000000
2018,"Wong, Kolten",2b,4.045,4000000
2018,"Jones, Nate",rhp-c,6,3950000
2018,"Ray, Robbie",lhp-s,3.007,3950000
2018,"Maldonado, Martin",c,5.156,3900000
2018,"Kelly, Joe",rhp,5.029,3825000
2018,"Dyson, Jarrod",lf-cf,6.088,3750000
2018,"Nelson, Jimmy",rhp-s,3.107,3700000
2018,"Knebel, Corey",rhp,2.151,3650000
2018,"Iannetta, Chris",c,11.013,3600000
2018,"Souza, Steven",rf,3.072,3550000
2018,"Suzuki, Kurt",c,10.113,3500000
2018,"Duensing, Brian",lhp,8.055,3500000
2018,"Fister, Doug",rhp-s,7.158,3500000
2018,"Petit, Yusmeiro",rhp,7.016,3500000
2018,"Duda, Lucas",1b,6.137,3500000
2018,"d'Arnaud, Travis",c,4.044,3475000
2018,"Panik, Joe",2b,3.1,3450000
2018,"Vizcaino, Arodys",rhp-c,4.168,3400000
2018,"Owings, Chris",ss,4.027,3400000
2018,"Flores, Wilmer",2b-3b,4.003,3400000
2018,"Bour, Justin",1b,3.064,3400000
2018,"Straily, Dan",rhp-s,3.126,3370000
2018,"Beckham, Tim",3b,3.134,3350000
2018,"Herrera, Odubel",cf,3,3350000
2018,"Odor, Rougned",2b,3.121,3333333
2018,"Warren, Adam",rhp,5.036,3315000
2018,"Peralta, David",rf,3.12,3300000
2018,"Maybin, Cameron",lf-cf,8.073,3250000
2018,"Pillar, Kevin",cf,3.113,3250000
2018,"Russell, Addison",ss,2.167,3200000
2018,"Semien, Marcus",ss,3.118,3125000
2018,"Maeda, Kenta",rhp-s,2,3125000
2018,"Vogt, Stephen",c,4.084,3065000
2018,"Kendrick, Howie",lf-2b,11.091,3000000
2018,"Rasmus, Colby",lf-cf,8.103000000000002,3000000
2018,"Norris, Bud",rhp,8.068,3000000
2018,"Jackson, Austin",cf,8,3000000
2018,"Richard, Clayton",lhp-s,7.163,3000000
2018,"Jay, Jon",cf,7.134,3000000
2018,"Tomlin, Josh",rhp-s,7.033,3000000
2018,"Tillman, Chris",rhp-s,6.113,3000000
2018,"Watson, Tony",lhp,6.101,3000000
2018,"Smyly, Drew",lhp-s,5.154,3000000
2018,"Hutchison, Drew",rhp-s,3.165,3000000
2018,"Rivero, Felipe",lhp,2.162,3000000
2018,"Kang, Jung-Ho",3b,2,3000000
2018,"Hirano, Yoshihisa",rhp,0,3000000
2018,"Zunino, Mike",c,3.16,2975000
2018,"Syndergaard, Noah",rhp-s,2.149,2975000
2018,"Maurer, Brandon",rhp,4.089,2950000
2018,"Franco, Maikel",3b,2.17,2950000
2018,"Dietrich, Derek",lf-2b,3.151,2900000
2018,"Realmuto, J.T.",c,3.038,2900000
2018,"Ramirez, Jose",3b,3.074,2828000
2018,"Hicks, Aaron",of,4.041,2825000
2018,"Rivera, Rene",c,6.07,2800000
2018,"Harris, Will",rhp,4.102,2800000
2018,"Grichuk, Randal",lf,3.033,2800000
2018,"Guyer, Brandon",of,5.066,2750000
2018,"Vincent, Nick",rhp,4.067,2750000
2018,"Kontos, George",rhp,4.171,2725000
2018,"Diekman, Jake",lhp,5.05,2712500
2018,"Sanchez, Aaron",rhp-s,3.069,2700000
2018,"Pederson, Joc",cf,3.023,2600000
2018,"Villar, Jonathan",2b,3.113,2550000
2018,"Suarez, Eugenio",3b,3.061,2535714
2018,"Taylor, Michael",of,3.01,2525000
2018,"Albers, Matt",rhp,10.141,2500000
2018,"Romo, Sergio",rhp,9.097,2500000
2018,"Hundley, Nick",c,9.059,2500000
2018,"Hernandez, David",rhp,8.084,2500000
2018,"Escobar, Alcides",ss,8.082,2500000
2018,"Smith, Will",lhp,4.155,2500000
2018,"McAllister, Zach",rhp,5.077,2450000
2018,"Avilan, Luis",lhp,4.146,2450000
2018,"McCullers Jr., Lance",rhp-s,2.14,2450000
2018,"Peacock, Brad",rhp,3.165,2440000
2018,"Sogard, Eric",2b,6.035,2400000
2018,"Jennings, Dan",lhp,4.171,2375000
2018,"McCann, James",c,3.028,2375000
2018,"Rodriguez, Eduardo",lhp-s,2.13,2375000
2018,"Graveman, Kendall",rhp-s,3.014,2360000
2018,"Sanchez, Yolmer Carlos",2b,2.134,2350000
2018,"Butera, Drew",c,7.018,2300000
2018,"Cingrani, Tony",lhp,4.088,2300000
2018,"Cron, C.J.",1b-dh,3.097,2300000
2018,"Rodon, Carlos",lhp-s,2.168,2300000
2018,"De La Rosa, Jorge",lhp,13.015,2250000
2018,"Stammen, Craig",rhp,6.16,2250000
2018,"Chirinos, Robinson",c,5.103,2250000
2018,"Delgado, Randall",rhp,5.1,2250000
2018,"Holt, Brock",3b-rf,4.052,2225000
2018,"Fields, Josh",rhp,4.083,2200000
2018,"Foltynewicz, Mike",rhp-s,2.163,2200000
2018,"Duke, Zach",lhp,11.054,2150000
2018,"Hatcher, Chris",rhp,4.146,2150000
2018,"Treinen, Blake",rhp-c,3.065,2150000
2018,"Hughes, Jared",rhp,5.162,2125000
2018,"Thornburg, Tyler",rhp,4.057,2050000
2018,"Reyes, Jose",ss-3b,14.052,2000000
2018,"Young, Chris",rf-lf,11.039,2000000
2018,"Mathis, Jeff",c,11.012,2000000
2018,"Descalso, Daniel",3b-ss,7.016,2000000
2018,"Pineda, Michael",rhp-s,6.099,2000000
2018,"Santiago, Hector",lhp-s,6.016,2000000
2018,"Eovaldi, Nate",rhp-s,6.013,2000000
2018,"Koehler, Tom",rhp-s,4.152,2000000
2018,"Turner, Jacob",rhp-s,4.013,2000000
2018,"Bettis, Chad",rhp-s,3.096,2000000
2018,"Grossman, Robbie",lf,3.06,2000000
2018,"Diaz, Aledmys",ss,1.1,2000000
2018,"Perez, Hernan",3b,3.079,1975000
2018,"Leon, Sandy",c,3.149,1950000
2018,"Greene, Shane",rhp,3.075,1950000
2018,"Wilson, Alex",rhp,4.038,1925000
2018,"Hendriks, Liam",rhp,4.038,1900000
2018,"Marisnick, Jake",cf,3.145,1900000
2018,"Ramirez, J.C.",rhp,2.139,1900000
2018,"Makita, Kazuhisa",rhp,0,1900000
2018,"Logan, Boone",lhp,10.14,1875000
2018,"Skaggs, Tyler",lhp-s,3.135,1875000
2018,"Boxberger, Brad",rhp,4.109,1850000
2018,"Loup, Aaron",lhp,5.04,1812500
2018,"Parker, Blake",rhp,3.036,1800000
2018,"Davis, Rajai",cf,10.167,1750000
2018,"Holland, Derek",lhp-s,8.105,1750000
2018,"Ross, Tyson",rhp-s,6.118,1750000
2018,"Martin, Leonys",cf,4.161,1750000
2018,"Oh, Seung-hwan",rhp,2,1750000
2018,"Martin, Chris",rhp,0.133,1750000
2018,"Jeffress, Jeremy",rhp,4.104,1700000
2018,"Spangenberg, Cory",3b,3.016,1700000
2018,"Gearrin, Cory",rhp,4.136,1675000
2018,"Bundy, Dylan",rhp-s,2.026,1640000
2018,"Perez, Roberto",c,3.083,1625000
2018,"Pressly, Ryan",rhp,4.039,1600000
2018,"Hernandez, Enrique",2b-ss,3.054,1600000
2018,"Strickland, Hunter",rhp,2.163,1550000
2018,"Belisle, Matt",rhp,12.019,1500000
2018,"Clippard, Tyler",rhp,8.148,1500000
2018,"Pennington, Cliff",ss-2b,8.114,1500000
2018,"Axford, John",rhp,7.118,1500000
2018,"Salas, Fernando",rhp,7.044,1500000
2018,"Peralta, Wily",rhp,4.112,1500000
2018,"Baez, Pedro",rhp,3.059,1500000
2018,"Barnette, Tony",rhp,2,1500000
2018,"Wood, Blake",rhp,5.131,1450000
2018,"Travis, Devon",2b,3,1450000
2018,"Gurriel, Lourdes",ss-2b,0,1428571
2018,"Vazquez, Christian",c,3.031,1425000
2018,"Karns, Nate",rhp-s,3.033,1375000
2018,"Piscotty, Stephen",rf,2.075,1333333
2018,"Kahnle, Tommy",rhp,3.015,1312500
2018,"Lorenzen, Michael",rhp,2.159,1312500
2018,"Montero, Miguel",c,11.031,1300000
2018,"Herrmann, Chris",c,4.001,1300000
2018,"Rusin, Chris",lhp-s,3.092,1287500
2018,"Ahmed, Nick",ss,3.054,1275000
2018,"Ellis, A.J.",c,7.151,1250000
2018,"Jepsen, Kevin",rhp,6.163,1250000
2018,"Grimm, Justin",rhp,4.153,1250000
2018,"Joseph, Caleb",c,3.145,1250000
2018,"Gosselin, Phil",2b,3.006,1250000
2018,"Valencia, Danny",1b,6.118,1200000
2018,"Van Slyke, Scott",1b-of,4.022,1200000
2018,"Lyons, Tyler",lhp,3.07,1200000
2018,"Garcia, Luis",rhp,3.006,1200000
2018,"Kela, Keone",rhp,2.168,1200000
2018,"Chafin, Andrew",lhp,3.02,1195000
2018,"Rojas, Miguel",ss,3.043,1180000
2018,"Garcia, Leury",cf-2b,3.025,1175000
2018,"DeJong, Paul",ss,0.124,1166667
2018,"Barraclough, Kyle",rhp,2.059,1113000
2018,"Otero, Danny",rhp,4.124,1100000
2018,"Brothers, Rex",lhp,4.078,1100000
2018,"Romine, Austin",c,4.045,1100000
2018,"Wright, Steven",rhp-s,3.089,1100000
2018,"Bedrosian, Cam",rhp,2.153,1100000
2018,"Despaigne, Odrisamer",rhp,2.075,1090000
2018,"Steckenrider, Drew",rhp,0.094,1090000
2018,"O'Grady, Chris",lhp,0.087,1090000
2018,"Smith, Caleb",lhp,0.062,1090000
2018,"Peters, Dillon",lhp,0.031,1090000
2018,"Graves, Brett",rhp,0,1090000
2018,"Hernandez, Elieser",rhp,0,1090000
2018,"Lee, Braxton",of,0,1090000
2018,"Leone, Dominic",rhp,2.119,1085000
2018,"Freeman, Sam",lhp,3.066,1075000
2018,"Yates, Kirby",rhp,3.022,1062500
2018,"Romine, Andrew",ss-2b,5.049,1050000
2018,"Profar, Jurickson",lf,3.165,1050000
2018,"Farquhar, Danny",rhp,3.135,1050000
2018,"Alvarez, Jose",lhp,3.035,1050000
2018,"Benoit, Joaquin",rhp,15.04,1000000
2018,"Utley, Chase",2b,14.027,1000000
2018,"Lincecum, Tim",rhp-s,9.032,1000000
2018,"Boyer, Blaine",rhp,8.025,1000000
2018,"Blanco, Gregor",cf-lf,7.142,1000000
2018,"Chavez, Jesse",rhp-s,7.108,1000000
2018,"Bourjos, Peter",cf,7.062,1000000
2018,"Alvarez, Pedro",1b,6.116,1000000
2018,"Adrianza, Ehire",2b-ss,3.131,1000000
2018,"Goins, Ryan",ss,3.106,1000000
2018,"Holaday, Bryan",c,3.056,1000000
2018,"Correa, Carlos",ss,2.119,1000000
2018,"Marte, Ketel",2b,1.162,1000000
2018,"Anderson, Tim",ss,1.115,1000000
2018,"Kingery, Scott",2b,0,1000000
2018,"La Stella, Tommy",2b-3b,3.057,950000
2018,"Szczur, Matt",of,2.134,950000
2018,"Duffy, Matt",ss,3.059,930000
2018,"Sucre, Jesus",c,3.137,925000
2018,"Phegley, Josh",c,3.114,905000
2018,"Gentry, Craig",cf-rf,6.065,900000
2018,"Rua, Ryan",lf-rf,2.129,870000
2018,"DeSclafani, Anthony",rhp-s,3.062,860000
2018,"McFarland, T.J.",lhp,3.164,850000
2018,"Smith, Carson",rhp,3.028,850000
2018,"Choi, Ji-Man",1b,0.148,850000
2018,"Shreve, Chasen",lhp,2.167,825000
2018,"Lindgren, Jacob",lhp,1.134,820000
2018,"Whitley, Chase",rhp,3.099,800000
2018,"Heaney, Andrew",lhp-s,2.15,800000
2018,"Hardy, Blaine",lhp,2.13,795000
2018,"Heredia, Guillermo",of,1.054,782000
2018,"Smolinski, Jake",cf,3.016,775000
2018,"Suzuki, Ichiro",rf-lf,17,750000
2018,"Lyles, Jordan",rhp,6.002,750000
2018,"Flaherty, Ryan",3b-ss,6,750000
2018,"Shuck, J.B.",lf,3.08,750000
2018,"Roe, Chaz",rhp,2.094,720000
2018,"Quackenbush, Kevin",rhp,3.015,690000
2018,"Baez, Javier",2b,2.089,657000
2018,"LeBlanc, Wade",lhp,4.131,650000
2018,"Erlin, Robbie",lhp,3.078,650000
2018,"May, Trevor",rhp,3.051,650000
2018,"Pena, Francisco",c,1.009,650000
2018,"Goodrum, Niko",rf,0.031,650000
2018,"Duvall, Adam",lf,2.096,645000
2018,"Garcia, Yimi",rhp,3.004,630000
2018,"Lindor, Francisco",ss,2.113,623200
2018,"Judge, Aaron",rf-dh,1.051,622300
2018,"Drury, Brandon",3b,2.034,621900
2018,"Benintendi, Andrew",lf,1.062,620500
2018,"Sanchez, Gary",c,1.086,620400
2018,"Torreyes, Ronnie",2b,2.022,615500
2018,"Montgomery, Mike",lhp-s,2.089,611250
2018,"Winkler, Daniel",rhp,3,610000
2018,"Rosscup, Zac",lhp,2.164,610000
2018,"Conforto, Michael",lf-rf,2.043,605094
2018,"Barnes, Matt",rhp,2.11,605000
2018,"Seager, Corey",ss,2.032,605000
2018,"Severino, Luis",rhp-s,1.17,604975
2018,"Schwarber, Kyle",lf-c,2.083,604500
2018,"Contreras, Willson",c,1.108,604500
2018,"Rosario, Eddie",lf,2.12,602500
2018,"Sano, Miguel",rf,2.095,602500
2018,"Florimon Jr, Pedro",ss,2.126,600000
2018,"Centeno, Juan",c,1.14,600000
2018,"Devenski, Chris",rhp,2,599200
2018,"Bregman, Alex",3b,1.07,599000
2018,"Edwards, Carl (C.J.)",rhp,1.134,594000
2018,"Kepler, Max",rf,1.152,587500
2018,"Bellinger, Cody",1b-of,0.16,585000
2018,"LaMarre, Ryan",cf,0.076,585000
2018,"Almora, Albert",cf,1.073,584500
2018,"Neris, Hector",rhp,2.104,582500
2018,"Bird, Greg",1b,2.053,582000
2018,"Bradley, Archie",rhp,2.112,581900
2018,"Hembree, Heath",rhp,2.106,581500
2018,"Montgomery, Jordan",lhp-s,0.153,580450
2018,"Buxton, Byron",cf,2.064,580000
2018,"Schebler, Scott",rf,1.132,580000
2018,"Lopez, Raffy",c,0.13,580000
2018,"Godley, Zack",rhp-s,1.112,579200
2018,"Finnegan, Brandon",lhp-s,2.107,577500
2018,"Turner, Trea",ss,1.135,577200
2018,"Matz, Steven",lhp-s,2.099,577000
2018,"Feliz, Michael",rhp,2.038,575500
2018,"Fulmer, Michael",rhp-s,1.157,575200
2018,"Moylan, Peter",rhp,8.003,575000
2018,"Stewart, Chris",c,7.091,575000
2018,"Culberson, Charlie",inf,2.084,575000
2018,"Taylor, Chris",cf,2.031,575000
2018,"Polanco, Jorge",2b,1.105,575000
2018,"Adams, Lane",rf,0.151,575000
2018,"Tepera, Ryan",rhp,2.008,574700
2018,"Hahn, Jesse",rhp,2.067,574000
2018,"Flynn, Brian",lhp,2.086,573500
2018,"Cuthbert, Cheslor",3b,2.03,573500
2018,"Nola, Aaron",rhp-s,2.076,573000
2018,"Bell, Josh",1b-rf,1.053,572500
2018,"Santana, Domingo",rf,2.079,572400
2018,"Davies, Zach",rhp-s,2.02,572000
2018,"Taillon, Jameson",rhp-s,1.11,571000
2018,"Frazier, Adam",ss-of,1.101,571000
2018,"Musgrove, Joe",rhp-s,1.063,571000
2018,"Diaz, Edwin",rhp-c,1.121,570800
2018,"Green, Chad",rhp,1.05,570800
2018,"Butler, Eddie",rhp,1.141,570750
2018,"Kuhl, Chad",rhp-s,1.079,570500
2018,"Smoker, Josh",lhp,1.044,570500
2018,"Pham, Tommy",cf,2.107,570100
2018,"Davidson, Matt",dh-3b,1.145,570000
2018,"Peraza, Jose",2b,1.141,570000
2018,"Berrios, Jose O.",rhp,1.044,570000
2018,"Happ, Ian",of,0.142,570000
2018,"Garcia, Greg",ss,2.083,569600
2018,"Merrifield, Whit",2b,1.096,569500
2018,"Williams, Trevor",rhp-s,1.027,569500
2018,"Orlando, Paulo",rf-cf,2.099,568500
2018,"Claudio, Alex",lhp,2.114,568450
2018,"Eickhoff, Jerad",rhp-s,2.045,568000
2018,"Ross, Joe",rhp-s,2.067,567900
2018,"Hoyt, James",rhp,1.034,567700
2018,"Shaw, Travis",3b,2.088,567400
2018,"Schugel, A.J.",rhp,1.096,567000
2018,"Perdomo, Luis",rhp-s,2,566800
2018,"Givens, Mychal",rhp,2.069,566500
2018,"Bowman, Matt",rhp,2,565900
2018,"Saladino, Tyler",2b,2.087,565000
2018,"Romero, Enny",lhp,2.072,565000
2018,"Ramirez, Jose A.",rhp,1.153,565000
2018,"Rogers, Taylor",lhp,1.145,565000
2018,"Tucker, Preston",of,1.095,565000
2018,"Swanson, Dansby",ss,1.045,565000
2018,"Blach, Ty",lhp-s,1.032,565000
2018,"Naquin, Tyler",cf,1.033,564800
2018,"Devers, Rafael",3b,0.07,564500
2018,"Lugo, Seth",rhp-s,1.082,564000
2018,"Mazara, Nomar",rf,2,563560
2018,"Swihart, Blake",c,1.164,563500
2018,"Gsellman, Robert",rhp-s,1.042,562375
2018,"Boyd, Matt",lhp-s,1.136,562000
2018,"Bonifacio, Jorge",rf,0.164,561900
2018,"Barnes, Danny",rhp,1.027,561600
2018,"DeShields Jr., Delino",cf-lf,2.116,561500
2018,"Hernandez, Gorkys",of,2.013,561500
2018,"Goody, Nick",rhp,1.159,561500
2018,"Marrero, Deven",ss,1.049,561500
2018,"Norris, Daniel",lhp-s,2.073,561400
2018,"Altherr, Aaron",of,2.054,561000
2018,"Mahtook, Mikie",cf,2.011,560400
2018,"Martinez, Jose",lf-rf,1.027,560400
2018,"Solis, Sammy",lhp,2.077,560300
2018,"Haniger, Mitch",rf,1.048,560200
2018,"Pina, Manny",c,2.046,560100
2018,"Tomlinson, Kelby",2b,2.001,560000
2018,"Gallo, Joey",3b,1.103,560000
2018,"Narvaez, Omar",c,1.089,560000
2018,"Smith, Kevan",c,1.043,560000
2018,"Arcia, Orlando",ss,1.062,559600
2018,"Healy, Ryon",1b-dh,1.08,559200
2018,"Frazier, Clint",of,0.093,559200
2018,"Velasquez, Vincent",rhp-s,2.086,559000
2018,"Morgan, Adam",lhp,2.017,559000
2018,"Marte, Jefry",3b-lf,1.146,559000
2018,"Diaz, Elias",c,1.088,559000
2018,"Barnes, Jacob",rhp,1.123,558900
2018,"Austin, Tyler",of,1.029,558600
2018,"Clevinger, Mike",rhp,1.041,558500
2018,"Andriese, Matt",rhp-s,2.071,558400
2018,"Maile, Luke",c,1.099,558400
2018,"Snell, Blake",lhp-s,1.072,558200
2018,"Gamel, Ben",of,1.029,558100
2018,"Montero, Rafael",rhp,2.068,558025
2018,"Osich, Josh",lhp,2.075,558000
2018,"Murphy, John Ryan",c,2.043,558000
2018,"Minaya, Juan",rhp,1.002,558000
2018,"Infante, Gregory",rhp,0.166,558000
2018,"Difo, Wilmer",ss,1.11,557900
2018,"Peralta, Wandy",lhp,1.031,557500
2018,"Neverauskas, Dovydas",rhp,0.051,557500
2018,"Plawecki, Kevin",c,1.167,557471
2018,"Aguilar, Jesus",1b,1.082,557200
2018,"Stassi, Max",c,1.049,557100
2018,"Grace, Matt",lhp,1.065,557000
2018,"Brault, Steven",lhp-s,0.085,557000
2018,"Margot, Manuel",cf,1.012,556900
2018,"Mancini, Trey",1b,1.015,556500
2018,"Suter, Brent",lhp,0.161,556500
2018,"Glasnow, Tyler",rhp-s,0.158,556500
2018,"Hader, Josh",lhp,0.115,556500
2018,"Santana, Edgar",rhp,0.048,556500
2018,"Gustave, Jandel",rhp,1.036,556400
2018,"Pirela, Jose",lf,1.096,556200
2018,"Rivera, T.J.",2b-1b,1.054,556071
2018,"Bleier, Richard",lhp,1.074,556000
2018,"Nimmo, Brandon",lf-cf,1.042,555968
2018,"Bush, Matt",rhp,1.143,555950
2018,"Lamet, Dinelson",rhp-s,0.13,555700
2018,"Rea, Colin",rhp,2.055,555600
2018,"Cole, A.J.",rhp-s,0.152,555300
2018,"Oberg, Scott",rhp,2.08,555000
2018,"Anderson, Tyler",lhp-s,2.065,555000
2018,"Gray, Jon",rhp-s,2.062,555000
2018,"Dull, Ryan",rhp,2.034,555000
2018,"Buchter, Ryan",lhp,2.01,555000
2018,"Story, Trevor",ss,2,555000
2018,"Barnes, Austin",c,1.124,555000
2018,"Stripling, Ross",rhp,1.112,555000
2018,"Alexander, Scott",lhp,1.097,555000
2018,"Garcia, Jarlin",lhp,1.003,555000
2018,"Gott, Trevor",rhp,0.153,555000
2018,"Camargo, Johan",2b,0.137,555000
2018,"Newcomb, Sean",lhp,0.114,555000
2018,"Faria, Jacob",rhp,0.112,555000
2018,"Moncada, Yoan",2b-3b,0.106,555000
2018,"Castillo, Luis",rhp,0.101,555000
2018,"Hildenberger, Trevor",rhp,0.101,555000
2018,"Lopez, Reynaldo",rhp,0.096,555000
2018,"Giolito, Lucas",rhp,0.08,555000
2018,"Albies, Ozzie",ss,0.062,555000
2018,"Minter, A.J.",lhp,0.04,555000
2018,"Carle, Shane",rhp,0.032,555000
2018,"Gohara, Luiz",lhp,0.027,555000
2018,"Evans, Phillip",3b-2b,0.024,555000
2018,"Farmer, Buck",rhp,1.083,554800
2018,"Tuivailala, Sam",rhp,1.082,554600
2018,"Fisher, Derek",lf,0.075,554400
2018,"Drake, Oliver",lhp,1.094,554300
2018,"Junis, Jake",rhp-s,0.087,554250
2018,"Hernandez, Marco",ss,1.105,554000
2018,"Ramos, Edubray",rhp,1.076,554000
2018,"Pazos, James",lhp,1.067,553900
2018,"Goodwin, Brian",of,1.019,553900
2018,"Holder, Jonathan",rhp,0.144,553850
2018,"Machado, Dixon",ss,1.075,553600
2018,"Wright, Mike",rhp,1.111,553500
2018,"Sewald, Paul",rhp,0.16,553250
2018,"Hedges, Austin",c,1.166,553100
2018,"Smith, Mallex",lf-cf,1.125,553000
2018,"Castro, Miguel",rhp,1.079,553000
2018,"Williams, Nick",of,0.094,553000
2018,"Delmonico, Nick",1b,0.062,553000
2018,"Mitchell, Bryan",rhp-s,2.049,552800
2018,"Strahm, Matt",lhp,1.064,552700
2018,"Refsnyder, Rob",2b-of,1.107,552500
2018,"Stratton, Chris",rhp-s,0.12,552500
2018,"Hoskins, Rhys",1b,0.053,552500
2018,"Smith, Burch",rhp,1.051,552450
2018,"Stumpf, Daniel",lhp,1.063,552000
2018,"Engel, Adam",of,0.118,552000
2018,"Fulmer, Carson",rhp,0.065,552000
2018,"Maddox, Austin",rhp,0.042,552000
2018,"Glover, Koda",rhp,1.051,551700
2018,"Dickerson, Alex",lf,1.146,551600
2018,"Meyer, Alex",rhp-s,1.013,551500
2018,"VerHagen, Drew",rhp-s,1.149,551400
2018,"Hicks, John",c,1.001,551300
2018,"Wade, Tyler",2b,0.081,551300
2018,"Zimmer, Bradley",of,0.139,551200
2018,"Middleton, Keynan",rhp,0.15,551000
2018,"Pivetta, Nick",rhp,0.129,551000
2018,"Weaver, Luke",rhp-s,0.112,550800
2018,"Bandy, Jett",c,1.161,550700
2018,"Saupold, Warwick",rhp,1.035,550400
2018,"Gonzales, Marco",lhp,0.102,550300
2018,"Pruitt, Austin",rhp,0.132,550200
2018,"Asuaje, Carlos",2b,0.116,550100
2018,"Woodruff, Brandon",rhp,0.089,550100
2018,"Davis, J.D.",3b,0.058,550100
2018,"Wolters, Tony",c,1.161,550000
2018,"Manaea, Sean",lhp-s,1.157,550000
2018,"Coulombe, Daniel",lhp,1.149,550000
2018,"Triggs, Andrew",rhp-s,1.123,550000
2018,"Estevez, Carlos",rhp,1.085,550000
2018,"Pinder, Chad",2b,1.044,550000
2018,"Marquez, German",rhp,1.023,550000
2018,"Valaika, Pat",ss,1.022,550000
2018,"Cotton, Jharel",rhp-s,1.021,550000
2018,"Maxwell, Bruce",c,1.016,550000
2018,"Freeland, Kyle",lhp-s,1,550000
2018,"Senzatela, Antonio",rhp-s,1,550000
2018,"Urias, Julio",lhp-s,0.123,550000
2018,"Moran, Colin",3b,0.107,550000
2018,"Font, Wilmer",rhp,0.085,550000
2018,"Lively, Ben",rhp,0.083,550000
2018,"Gomez, Roberto",rhp,0.027,550000
2018,"Altavilla, Dan",rhp,0.15,549900
2018,"Alvarado, Jose",lhp,0.093,549800
2018,"Leiter, Mark",rhp,0.136,549500
2018,"Jones, JaCoby",cf,0.125,549400
2018,"Ynoa, Gabriel",rhp,0.093,549000
2018,"Bummer, Aaron",lhp,0.067,549000
2018,"Rosario, Amed",ss,0.062,548940
2018,"Barbato, Johnny",rhp,0.113,548600
2018,"Villanueva, Christian",3b,1.014,548500
2018,"Cordoba, Allen",inf,1,548500
2018,"Ramirez, Noe",rhp,0.139,548500
2018,"Urshela, Giovanny",3b,1.032,548300
2018,"Robertson, Daniel",ss,0.156,548300
2018,"Olson, Tyler",lhp,0.126,548300
2018,"Candelario, Jeimer",3b,0.056,548300
2018,"Kittredge, Andrew",rhp,0.04,548100
2018,"Knapp, Andrew",c,1,548000
2018,"Milner, Hoby",lhp,0.104,548000
2018,"Johnson, Brian",lhp,0.043,548000
2018,"Gonzalez, Erik",3b,1.007,547800
2018,"Brice, Austin",rhp,1,547500
2018,"Reed, Cody",lhp,0.166,547500
2018,"Mengden, Daniel",rhp-s,0.157,547500
2018,"Chapman, Matt",3b,0.109,547500
2018,"Olson, Matt",1b,0.103,547500
2018,"Powell, Boog",of,0.1,547500
2018,"Garrett, Amir",lhp-s,0.099,547500
2018,"Pagan, Emilio",rhp,0.098,547500
2018,"Blackburn, Paul",rhp,0.093,547500
2018,"Gossett, Daniel",rhp,0.091,547500
2018,"Alcantara, Raul",rhp-s,0.083,547500
2018,"Garver, Mitch",c,0.045,547500
2018,"Jimenez, Joe",rhp,0.077,547200
2018,"Mondesi, Adalberto",ss,0.121,547125
2018,"Hoffman, Jeff",rhp,0.155,547000
2018,"Rodriguez, Ricardo",rhp,0.055,547000
2018,"Velazquez, Hector",rhp,0.048,547000
2018,"Tauchman, Mike",cf,0.047,547000
2018,"McMahon, Ryan",1b-3b,0.039,547000
2018,"Alfaro, Jorge",c,0.024,547000
2018,"Wendle, Joey",2b,0.088,546900
2018,"McGrath, Kyle",lhp,0.058,546900
2018,"Skoglund, Eric",lhp,0.068,546625
2018,"Santander, Anthony",of,1,546500
2018,"Cordero, Franchy",cf,0.038,546500
2018,"Sisco, Chance",c,0.031,546500
2018,"Gallagher, Cam",c,0.048,546400
2018,"Starling, Bubba",of,0.037,546200
2018,"Lawrence, Casey",rhp,0.093,546000
2018,"Blackburn, Clayton",rhp,0.007,546000
2018,"Herrera, Ronald",rhp,0.007,546000
2018,"Merritt, Ryan",lhp,0.075,545800
2018,"Vogelbach, Dan",1b,0.059,545700
2018,"Marjama, Mike",c,0.031,545700
2018,"Rhame, Jacob",rhp,0.03,545650
2018,"Reyes, Alex",rhp-s,1.055,545600
2018,"De Leon, Jose",rhp,0.03,545600
2018,"Moronta, Reyes",rhp,0.028,545500
2018,"Crawford, J.P.",ss,0.027,545500
2018,"Anderson, Cody",rhp-s,2.017,545000
2018,"Telis, Tomas",c,1.044,545000
2018,"Riddle, J.T.",ss,0.158,545000
2018,"Romano, Sal",rhp,0.081,545000
2018,"Winker, Jesse",of,0.08,545000
2018,"Shackelford, Kevin",rhp,0.069,545000
2018,"Alford, Anthony",of,0.068,545000
2018,"Davis, Rookie",rhp-s,0.065,545000
2018,"Rodgers, Brady",rhp,0.063,545000
2018,"Ervin, Phillip",of,0.057,545000
2018,"Cooper, Garrett",1b,0.053,545000
2018,"Nunez, Renato",dh-lf,0.048,545000
2018,"Turley, Nik",lhp-s,0.048,545000
2018,"Mayers, Mike",rhp,0.038,545000
2018,"Mahle, Tyler",rhp,0.036,545000
2018,"Wallach, Chad",c,0.035,545000
2018,"Stephens, Jackson",rhp,0.034,545000
2018,"Anderson, Brian",3b,0.031,545000
2018,"Flaherty, Jack",rhp-s,0.031,545000
2018,"Brinson, Lewis",of,0.025,545000
2018,"Quinn, Roman",of,0.022,545000
2018,"Moya, Gabriel",lhp,0.02,545000
2018,"Arano, Victor",rhp,0.02,545000
2018,"Johnson, Pierce",rhp,0.014,545000
2018,"Guerrero, Tayron",rhp,0.004,545000
2018,"Araujo, Pedro",rhp,0,545000
2018,"Cortes, Nestor",lhp,0,545000
2018,"Poyner, Bobby",lhp,0,545000
2018,"Walden, Marcus",rhp,0,545000
2018,"Weiss, Zack",rhp,0,545000
2018,"Gonzalez, Rayan",rhp,0,545000
2018,"Reyes, Victor",of,0,545000
2018,"Hill, Tim",lhp,0,545000
2018,"Keller, Brad",rhp,0,545000
2018,"Bard, Luke",rhp,0,545000
2018,"Ohtani, Shohei",rhp-s,0,545000
2018,"Kinley, Tyler",rhp,0,545000
2018,"Burdi, Nick",rhp,0,545000
2018,"Cimber, Adam",rhp,0,545000
2018,"Fernandez, Julian",rhp,0,545000
2018,"Hicks, Jordan",rhp,0,545000
2018,"Munoz, Yairo",ss,0,545000
2018,"Chirinos, Yonny",rhp,0,545000
2018,"Yarbrough, Ryan",lhp,0,545000
2018,"Palumbo, Joe",lhp,0,545000
2018,"Tocci, Carlos",of,0,545000
2018,"Cahill, Trevor",rhp-s,8.098,
2018,"Wheeler, Zack",rhp-s,4.098,
2018,"Workman, Brandon",rhp,3.115,
2018,"Simmons, Shae",rhp,3.111,
2018,"Robles, Hansel",rhp,2.129,
2018,"Elias, Roenis",lhp,2.116,
2018,"Canha, Mark",1b-lf,2.092,
2018,"Liberatore, Adam",lhp,2.086,
2018,"Bassitt, Chris",rhp,2.07,
2018,"Tropeano, Nick",rhp-s,2.068,
2018,"Duffey, Tyler",rhp,2.042,
2018,"Urena, Jose",rhp-s,2.04,
2018,"Jankowski, Travis",cf,2.014,
2018,"Conley, Adam",lhp-s,2.011,
2018,"Rickard, Joey",of,1.168,
2018,"Susac, Andrew",c,1.164,
2018,"Wisler, Matt",rhp-s,1.161,
2018,"Biagini, Joe",rhp,1.161,
2018,"Guerra, Junior",rhp-s,1.155,
2018,"Broxton, Keon",cf,1.137,
2018,"Wittgren, Nick",rhp,1.135,
2018,"Boshers, Buddy",lhp,1.127,
2018,"Baumann, Buddy",lhp,1.125,
2018,"Diaz, Jairo",rhp,1.124,
2018,"Barrett, Jake",rhp,1.12,
2018,"Pompey, Dalton",cf,1.119,
2018,"Law, Derek",rhp,1.11,
2018,"Toles, Andrew",lf-rf,1.087,
2018,"Ellington, Brian",rhp,1.076,
2018,"Dayton, Grant",lhp,1.069,
2018,"Alvarez, Dario",lhp,1.066,
2018,"Tilson, Charlie",of,1.062,
2018,"Miranda, Ariel",lhp,1.061,
2018,"Garneau, Dustin",c,1.055,
2018,"Hazelbaker, Jeremy",rf-cf,1.052,
2018,"Hart, Donnie",lhp,1.049,
2018,"Williamson, Mac",lf-rf,1.049,
2018,"Reynolds, Matt",ss,1.048,
2018,"Gant, John",rhp-s,1.047,
2018,"Eflin, Zach",rhp-s,1.045,
2018,"Leclerc, Jose",rhp,1.041,
2018,"Segedin, Rob",1b,1.038,
2018,"Motter, Taylor",of,1.033,
2018,"Graterol, Juan",c,1.031,
2018,"Brito, Socrates",of,1.03,
2018,"Blash, Jabari",rf,1.023,
2018,"Scott, Robby",lhp,1.021,
2018,"Montas, Frankie",rhp,1.015,
2018,"Bracho, Silvino",rhp,1.014,
2018,"Cessa, Luis",rhp,1.013,
2018,"Torres, Jose",lhp,1.012,
2018,"Schimpf, Ryan",2b,1.008,
2018,"Dahl, David",lf,1.007,
2018,"Stewart, Brock",rhp,1.007,
2018,"White, Tyler",1b,1.006,
2018,"Murphy, Tom",c,1.004,
2018,"Biddle, Jesse",lhp,1,
2018,"Turner, Stuart",c,1,
2018,"Diaz, Miguel",rhp,1,
2018,"Torrens, Luis",c,1,
2018,"Cowart, Kaleb",3b,0.17,
2018,"Stephenson, Robert",rhp,0.167,
2018,"Osuna, Jose",of,0.167,
2018,"Renfroe, Hunter",rf,0.165,
2018,"Okert, Steven",lhp,0.155,
2018,"Mejia, Adalberto",lhp-s,0.151,
2018,"Reed, A.J.",1b,0.15,
2018,"Valdez, Cesar",rhp,0.143,
2018,"Severino, Pedro",c,0.142,
2018,"Tapia, Raimel",of,0.136,
2018,"Kemp, Tony",2b,0.132,
2018,"Pena, Felix",rhp,0.132,
2018,"Bell, Chad",lhp,0.129,
2018,"Brebbia, John",rhp,0.128,
2018,"McCarthy, Kevin",rhp,0.124,
2018,"Slater, Austin",of,0.122,
2018,"Moroff, Max",2b,0.121,
2018,"Leathersich, Jack",lhp,0.116,
2018,"Martes, Francis",rhp,0.116,
2018,"Maton, Phil",rhp,0.113,
2018,"Shipley, Braden",rhp,0.109,
2018,"Rivera, Yadiel",ss-3b,0.105,
2018,"Bridwell, Parker",rhp,0.104,
2018,"Thompson, Jake",rhp-s,0.104,
2018,"Crick, Kyle",rhp,0.104,
2018,"Robinson, Drew",2b,0.103,
2018,"Hernandez, Teoscar",of,0.103,
2018,"Kelly, Carson",c,0.102,
2018,"Paulino, David",rhp,0.101,
2018,"Owens, Henry",lhp,0.1,
2018,"Curtis, Zac",lhp,0.097,
2018,"Heller, Ben",rhp,0.096,
2018,"Gaviglio, Sam",rhp,0.096,
2018,"Almonte, Miguel",rhp,0.095,
2018,"Fowler, Dustin",of,0.095,
2018,"Whalen, Rob",rhp,0.095,
2018,"Voit, Luke",1b,0.093,
2018,"Blair, Aaron",rhp-s,0.092,
2018,"Dozier, Hunter",3b,0.092,
2018,"Rumbelow, Nick",rhp,0.092,
2018,"Torres, Ramon",2b,0.09,
2018,"Pinto, Ricardo",rhp,0.087,
2018,"Gomez, Miguel",c,0.087,
2018,"Bradford, Chase",rhp,0.087,
2018,"Busenitz, Alan",rhp,0.086,
2018,"Perkins, Cameron",of-1b,0.086,
2018,"Sanchez, Adrian",2b-3b,0.085,
2018,"Chargois, J.T.",rhp,0.084,
2018,"Jones, Ryder",3b,0.084,
2018,"Ruiz, Rio",3b,0.083,
2018,"Cecchini, Gavin",ss,0.082,
2018,"Zastryzny, Rob",lhp,0.079,
2018,"Travis, Sam",1b,0.076,
2018,"Mazzoni, Cory",rhp,0.076,
2018,"Caratini, Victor",c,0.075,
2018,"Stallings, Jacob",c,0.075,
2018,"German, Domingo",rhp,0.071,
2018,"Paredes, Eduardo",rhp,0.07,
2018,"Diaz, Yandy",3b,0.068,
2018,"Guduan, Reymin",lhp,0.068,
2018,"Granite, Zach",of,0.067,
2018,"Flexen, Chris",rhp,0.067,
2018,"Stanek, Ryne",rhp,0.067,
2018,"Hernandez, Ariel",rhp,0.063,
2018,"Sims, Luke",rhp,0.062,
2018,"Gallegos, Giovanny",rhp,0.062,
2018,"Moore, Andrew",rhp,0.062,
2018,"Stevenson, Andrew",cf,0.062,
2018,"Brentz, Bryce",lf-rf,0.061,
2018,"Marmolejos, Jose",1b,0.061,
2018,"Mendez, Yohander",lhp,0.059,
2018,"Walker, Christian",1b,0.055,
2018,"Diaz, Dayan",rhp,0.054,
2018,"Lin, Tzu-Wei",ss,0.053,
2018,"Paredes, Edward",lhp,0.053,
2018,"Phillips, Brett",of,0.053,
2018,"Smith, Dominic",1b,0.052,
2018,"Scribner, Troy",rhp,0.051,
2018,"Fried, Max",lhp,0.05,
2018,"Mayza, Tim",lhp,0.047,
2018,"Farmer, Kyle",c,0.046,
2018,"Barreto, Franklin",ss,0.045,
2018,"Hursh, Jason",rhp,0.042,
2018,"Sierra, Magneuris",of,0.042,
2018,"Arroyo, Christian",ss,0.042,
2018,"Rios, Yacksel",rhp,0.041,
2018,"Luplow, Jordan",of,0.041,
2018,"Fontana, Nolan",ss,0.04,
2018,"Curtiss, John",rhp,0.04,
2018,"Sherriff, Ryan",lhp,0.04,
2018,"Yacabonis, Jimmy",rhp,0.039,
2018,"Reininger, Zac",rhp,0.039,
2018,"Fedde, Erick",rhp,0.039,
2018,"Bader, Harrison",of,0.038,
2018,"Banda, Anthony",lhp,0.037,
2018,"Bautista, Rafael",of,0.037,
2018,"Ngoepe, Gift",2b,0.036,
2018,"Adams, Austin",rhp,0.035,
2018,"Bostick, Chris",2b,0.034,
2018,"Gardewine, Nick",rhp,0.034,
2018,"Koch, Matt",rhp,0.033,
2018,"Sherfy, Jimmie",rhp,0.033,
2018,"Morimando, Shawn",lhp,0.033,
2018,"Freitas, David",c,0.033,
2018,"Morris, Akeel",rhp,0.031,
2018,"Farrell, Luke",rhp-s,0.031,
2018,"Maples, Dillon",rhp,0.031,
2018,"Allen, Greg",of,0.031,
2018,"Mejia, Francisco",c,0.031,
2018,"Machado, Andres",rhp,0.031,
2018,"Baker, Dylan",rhp,0.031,
2018,"Verdugo, Alex",of,0.031,
2018,"Alcantara, Sandy",rhp,0.031,
2018,"Williams, Taylor",rhp,0.031,
2018,"De Jong, Chase",rhp,0.031,
2018,"Ramirez, Carlos",rhp,0.031,
2018,"Urena, Richard",ss,0.031,
2018,"Read, Raudy",c,0.031,
2018,"Higashioka, Kyle",c,0.03,
2018,"Callahan, Jamie",rhp,0.03,
2018,"Lewicki, Artie",rhp-s,0.029,
2018,"Slegers, Aaron",rhp,0.029,
2018,"Plutko, Adam",rhp,0.028,
2018,"Patterson, Jordan",rf,0.028,
2018,"Hu, Chih-Wei",rhp,0.028,
2018,"Vargas, Ildemaro",ss,0.027,
2018,"Hays, Austin",of,0.027,
2018,"Fry, Jace",lhp,0.027,
2018,"Enns, Dietrich",lhp,0.027,
2018,"Guerrieri, Taylor",rhp,0.027,
2018,"Buehler, Walker",rhp,0.026,
2018,"Webb, Tyler",lhp,0.026,
2018,"Robles, Victor",of,0.025,
2018,"Mills, Alec",rhp,0.022,
2018,"Mella, Keury",rhp,0.02,
2018,"Andujar, Miguel",3b,0.02,
2018,"Nido, Tomas",c,0.02,
2018,"Calhoun, Willie",2b,0.02,
2018,"Tseng, Jen-Ho",rhp,0.019,
2018,"Lee, Chris",lhp,0.018,
2018,"Smith Jr., Dwight",lf,0.018,
2018,"Wilkerson, Aaron",rhp,0.017,
2018,"Povse, Max",rhp,0.016,
2018,"Scott, Tanner",lhp,0.015,
2018,"Lopez, Jorge",rhp,0.015,
2018,"Rondon, Jose",ss,0.013,
2018,"Houser, Adrian",rhp,0.013,
2018,"Rosario, Randy",lhp,0.01,
2018,"Zagunis, Mark",of,0.01,
2018,"Anderson, Drew",rhp,0.005,
2018,"Reinheimer, Jack",ss,0.004,
2018,"Locastro, Tim",2b,0.003,
2018,"Vieira, Thyago",rhp,0.002,
2018,"Jorge, Felix",rhp,0.002,
2018,"Frankoff, Seth",rhp,0.002,
2018,"Wood, Hunter",rhp,0.001,
2018,"Leyba, Domingo",2b-ss,0,
2018,"Miller, Jared",lhp,0,
2018,"McCreery, Adam",lhp,0,
2018,"Sanchez, Ricardo",lhp,0,
2018,"Harvey, Hunter",rhp,0,
2018,"Hess, David",rhp,0,
2018,"Ramirez, Yefry",rhp,0,
2018,"Vielma, Engelb",ss,0,
2018,"Wynns, Austin",c,0,
2018,"Beeks, Jalen",lhp,0,
2018,"Buttrey, Ty",rhp,0,
2018,"Jerez, Williams",lhp,0,
2018,"Shepherd, Chandler",rhp,0,
2018,"Adolfo, Micker",of,0,
2018,"Alexander, Luis",of,0,
2018,"Clarkin, Ian",lhp,0,
2018,"Cordell, Ryan",of,0,
2018,"Gillaspie, Casey",1b,0,
2018,"Jimenez, Eloy",of,0,
2018,"Palka, Daniel",of,0,
2018,"Alzolay, Adbert",rhp,0,
2018,"Bote, David",2b,0,
2018,"De La Cruz, Oscar",rhp,0,
2018,"Underwood, Duane",rhp,0,
2018,"Aquino, Aristides",rf,0,
2018,"Blandino, Alex",2b-ss,0,
2018,"Long, Shed",2b,0,
2018,"Lopez, Jose",rhp,0,
2018,"Reyes, Jesus",rhp,0,
2018,"Siri, Jose",of,0,
2018,"Castro, Willi",ss,0,
2018,"Chang, Yu-Cheng",ss,0,
2018,"Haase, Eric",c,0,
2018,"Merryweather, Julian",rhp,0,
2018,"Milbrath, Jordan",rhp,0,
2018,"Stamets, Eric",ss,0,
2018,"Almonte, Yency",rhp,0,
2018,"Cuevas, Noel",rf,0,
2018,"Daza, Yonathan",of,0,
2018,"Howard, Sam",lhp,0,
2018,"Jemiola, Zach",rhp,0,
2018,"Rabago, Chris",c,0,
2018,"Tinoco, Jesus",rhp,0,
2018,"Alcantara, Sergio",ss,0,
2018,"Baez, Sandy",rhp,0,
2018,"Carpenter, Ryan",lhp,0,
2018,"Gerber, Mike",of,0,
2018,"Greiner, Grayson",c,0,
2018,"Jimenez, Eduardo",rhp,0,
2018,"Lugo, Dawel",3b,0,
2018,"Moreno, Gerson",rhp,0,
2018,"Soto, Gregory",lhp,0,
2018,"Turnbull, Spencer",rhp,0,
2018,"Deetz, Dean",rhp,0,
2018,"Perez, Cionel",lhp,0,
2018,"Barlow, Scott",rhp,0,
2018,"Duenez, Samir",of,0,
2018,"Fillmyer, Heath",rhp,0,
2018,"Oaks, Trevor",rhp-s,0,
2018,"Stout, Eric",lhp,0,
2018,"Viloria, Meibrys",c,0,
2018,"Barria, Jaime",rhp,0,
2018,"Castillo, Jesus",rhp,0,
2018,"Hermosillo, Michael",of,0,
2018,"Jewell, Jake",rhp,0,
2018,"Santana, Dennis",rhp,0,
2018,"Del Pozo, Miguel",lhp,0,
2018,"Gonzalez, Merandy",rhp,0,
2018,"Lopez, Pablo",rhp,0,
2018,"Needy, James",rhp,0,
2018,"Diplan, Marcos",rhp,0,
2018,"Dubon, Mauricio",ss,0,
2018,"Nottingham, Jacob",c,0,
2018,"Peralta, Freddy",rhp,0,
2018,"Cave, Jake",of,0,
2018,"Gonsalves, Stephen",lhp,0,
2018,"Littell, Zack",rhp,0,
2018,"Romero, Fernando",rhp,0,
2018,"Thorpe, Lewis",lhp,0,
2018,"Abreu, Albert",rhp,0,
2018,"Acevedo, Domingo",rhp,0,
2018,"Estrada, Thairo",2b-ss,0,
2018,"Loaisiga, Jonathan",rhp,0,
2018,"McKinney, Billy",of,0,
2018,"Torres, Gleyber",ss,0,
2018,"Bashlor, Tyler",rhp,0,
2018,"Bautista, Gerson",rhp,0,
2018,"Guillorme, Luis",inf,0,
2018,"Molina, Marcos",rhp,0,
2018,"Oswalt, Corey",rhp,0,
2018,"Laureano, Ramon",of,0,
2018,"Mateo, Jorge",ss,0,
2018,"Trivino, Lou",rhp,0,
2018,"Cozens, Dylan",of,0,
2018,"Dominguez, Seranthony",rhp,0,
2018,"Kilome, Franklyn",rhp,0,
2018,"Suarez, Ranger",lhp,0,
2018,"Taveras, Jose",rhp,0,
2018,"Valentin, Jesmuel",2b,0,
2018,"Agrazal, Dario",rhp,0,
2018,"Escobar, Luis",rhp,0,
2018,"Holmes, Clay",rhp,0,
2018,"Kingham, Nick",rhp,0,
2018,"Meadows, Austin",cf,0,
2018,"Brewer, Colten",rhp,0,
2018,"Castillo, Jose",lhp,0,
2018,"Guerra, Javier",ss,0,
2018,"Lockett, Walker",rhp,0,
2018,"Wieck, Brad",lhp,0,
2018,"Beede, Tyler",rhp,0,
2018,"Garcia, Aramis",c,0,
2018,"Herb, Tyler",rhp,0,
2018,"Johnson, Chase",rhp,0,
2018,"Snelten, D.J.",lhp,0,
2018,"Gomber, Austin",lhp,0,
2018,"Gonzalez, Derian",rhp,0,
2018,"Greene, Conner",rhp,0,
2018,"Mercado, Oscar",of,0,
2018,"O'Neill, Tyler",of,0,
2018,"Sosa, Edmundo",ss,0,
2018,"Adames, Willy",ss,0,
2018,"Bauers, Jake",1b-of,0,
2018,"Castillo, Diego",rhp,0,
2018,"Honeywell, Brent",rhp,0,
2018,"Mujica, Jose",rhp,0,
2018,"Schultz, Jaime",rhp,0,
2018,"Williams, Justin",of,0,
2018,"Alvarez, Eli",2b,0,
2018,"Guzman, Ronald",1b,0,
2018,"Hernandez, Jonathan",rhp,0,
2018,"Jurado, Ariel",rhp,0,
2018,"Kiner-Falefa, Isiah",2b,0,
2018,"Martin, Brett",lhp,0,
2018,"Sadzeck, Connor",rhp,0,
2018,"Trevino, Jose",c,0,
2018,"Borucki, Ryan",lhp,0,
2018,"Jansen, Danny",c,0,
2018,"McGuire, Reese",c,0,
2018,"Pannone, Tom",lhp,0,
2018,"Tellez, Rowdy",1b,0,
2018,"Gutierrez, Kelvin",3b,0,
2018,"Rodriguez, Jefry",rhp,0,
2018,"Suero, Wander",rhp,0,
2018,"Voth, Austin",rhp,0,
2017,"Kershaw, Clayton",lhp-s,8.105,35571429
2017,"Greinke, Zack",rhp-s,12.057,34000000
2017,"Price, David",lhp-s,7.164,30000000
2017,"Hamilton, Josh",,,28410000
2017,"Heyward, Jason",rf,7,28166667
2017,"Cabrera, Miguel",1b,13.101,28000000
2017,"Verlander, Justin",rhp-s,11.002,28000000
2017,"Hernandez, Felix",rhp-s,11.06,26857143
2017,"Pujols, Albert",dh-1b,16,26000000
2017,"Sabathia, CC",lhp-s,16,25000000
2017,"Lester, Jon",lhp-s,10.075,25000000
2017,"Cano, Robinson",2b,11.153,24000000
2017,"Hamels, Cole",lhp-s,10.143,23500000
2017,"Cueto, Johnny",rhp-s,9,23500000
2017,"Mauer, Joe",1b,13,23000000
2017,"Ramirez, Hanley",dh-1b,11.014,22750000
2017,"Cespedes, Yoenis",lf,5,22500000
2017,"Gonzalez, Adrian",1b,11.108,22357143
2017,"Posey, Buster",c-1b,6.161,22177778
2017,"Scherzer, Max",rhp-s,8.079,22142857
2017,"Upton, Justin",lf,9.06,22125000
2017,"Reyes, Jose",ss-3b,13.038,22000000
2017,"Votto, Joey",1b,9.027000000000001,22000000
2017,"Tanaka, Masahiro",rhp-s,3,22000000
2017,"Crawford, Carl",,,21857143
2017,"Kemp, Matt",lf,10.049,21750000
2017,"Werth, Jayson",lf,13.102,21571429
2017,"Reyes, Jose",,,21465000
2017,"Ellsbury, Jacoby",cf,9.037,21142857
2017,"Davis, Chris",1b,7.061,21118782
2017,"Shields, James",rhp-s,10.125,21000000
2017,"Rodriguez, Alex",,,21000000
2017,"Freeman, Freddie",1b,6.033,20859375
2017,"Cain, Matt",rhp-s,11.038,20833333
2017,"Gonzalez, Carlos",rf,8.059,20428571
2017,"Porcello, Rick",rhp-s,7.17,20125000
2017,"Trout, Mike",cf,5.07,20083333
2017,"Wright, David",3b,12.075,20000000
2017,"Martin, Russell",c,10.15,20000000
2017,"Tulowitzki, Troy",ss,10.033,20000000
2017,"Braun, Ryan",lf,9.129,20000000
2017,"Choo, Shin-Soo",dh-rf,9.119,20000000
2017,"Samardzija, Jeff",rhp-s,7.028,19800000
2017,"Wainwright, Adam",rhp-s,11.027,19500000
2017,"Bailey, Homer",rhp-s,8.017000000000001,19000000
2017,"Pence, Hunter",rf,9.156,18500000
2017,"Strasburg, Stephen",rhp-s,6.118,18333333
2017,"Beltre, Adrian",3b,18.096,18000000
2017,"Martinez, Victor",dh,13.114,18000000
2017,"Bautista, Jose",rf,11.165,18000000
2017,"Zimmermann, Jordan",rhp-s,7.154,18000000
2017,"Kazmir, Scott",lhp-s,10.119,17666667
2017,"Sandoval, Pablo",3b,8.047,17600000
2017,"Ethier, Andre",lf,10.153,17500000
2017,"Walker, Neil",2b,6.166,17200000
2017,"Hellickson, Jeremy",rhp-s,6.045,17200000
2017,"Chapman, Aroldis",lhp-c,6.009,17200000
2017,"McCann, Brian",c,11.117,17000000
2017,"Donaldson, Josh",3b,4.158,17000000
2017,"Sanchez, Anibal",rhp,10.099,16800000
2017,"Zobrist, Ben",2b-rf,9.134,16500000
2017,"Fowler, Dexter",cf,7.168,16500000
2017,"Jones, Adam",cf,9.139,16333333
2017,"Upton, Melvin Jr.",,,16050000
2017,"Beltran, Carlos",dh-lf,18.014,16000000
2017,"Lackey, John",rhp-s,14.095,16000000
2017,"Gordon, Alex",lf,9.092,16000000
2017,"Arrieta, Jake",rhp-s,5.145,15637500
2017,"Chen, Wei-Yin",lhp-s,5,15500000
2017,"Andrus, Elvis",ss,8,15250000
2017,"Pedroia, Dustin",2b,10.041,15125000
2017,"Granderson, Curtis",cf-rf,11.077,15000000
2017,"Cabrera, Melky",lf,10.148,15000000
2017,"Leake, Mike",rhp-s,7,15000000
2017,"Encarnacion, Edwin",1b-dh,11.085,14666666
2017,"Estrada, Marco",rhp-s,7.035,14500000
2017,"Stanton, Giancarlo",rf,6.118,14500000
2017,"Gurriel, Yulieski",1b,0.043,14400000
2017,"Cruz, Nelson",dh-rf,9.082,14250000
2017,"McCutchen, Andrew",rf,7.123,14208333
2017,"Molina, Yadier",c,12.123,14200000
2017,"Phillips, Brandon",2b,12.022,14000000
2017,"Hardy, J.J.",ss,11.164,14000000
2017,"Zimmerman, Ryan",1b,11.032,14000000
2017,"Montero, Miguel",c,10.031,14000000
2017,"Melancon, Mark",rhp-c,6.098,14000000
2017,"Iwakuma, Hisashi",rhp-s,5,14000000
2017,"Liriano, Francisco",lhp-s,10.104,13666666
2017,"Harper, Bryce",rf,4.159,13625000
2017,"Santana, Ervin",rhp-s,11.104,13500000
2017,"Jimenez, Ubaldo",rhp-s,9.087000000000002,13500000
2017,"Buchholz, Clay",rhp-s,8.059000000000001,13500000
2017,"Kennedy, Ian",rhp-s,7.124,13500000
2017,"Hughes, Phil",rhp-s,9.113000000000001,13200000
2017,"Harrison, Matt",,,13200000
2017,"Longoria, Evan",3b,8.17,13166667
2017,"Holliday, Matt",dh,13,13000000
2017,"Bruce, Jay",rf,8.125,13000000
2017,"Headley, Chase",3b,8.123000000000001,13000000
2017,"Happ, J.A.",lhp-s,8.047,13000000
2017,"Kimbrel, Craig",rhp-c,6.066,13000000
2017,"Reddick, Josh",rf,6.05,13000000
2017,"Turner, Justin",3b,6.045,13000000
2017,"Hill, Rich",lhp-s,7.127,12666667
2017,"Colon, Bartolo",rhp-s,18.061,12500000
2017,"Garza, Matt",rhp-s,9.149,12500000
2017,"Gardner, Brett",lf,8.072000000000001,12500000
2017,"Hosmer, Eric",1b,5.146,12250000
2017,"Nolasco, Ricky",rhp-s,10.142,12000000
2017,"Robertson, David",rhp-c,8.07,12000000
2017,"Garcia, Jaime",lhp-s,8.047,12000000
2017,"Gonzalez, Gio",lhp-s,7.162,12000000
2017,"Murphy, Daniel",2b,7.109,12000000
2017,"Santana, Carlos",dh-1b,6.115,12000000
2017,"Sale, Chris",lhp-s,6.061,12000000
2017,"Frazier, Todd",3b,5.071,12000000
2017,"Martinez, J.D.",rf,5.036,11750000
2017,"Arenado, Nolan",3b,3.155,11750000
2017,"Bumgarner, Madison",lhp-s,6.127,11700000
2017,"Butler, Billy",,,11666667
2017,"McCarthy, Brandon",rhp-s,10.122,11500000
2017,"Gomez, Carlos",cf,9.141,11500000
2017,"Prado, Martin",3b,9.105,11500000
2017,"Trumbo, Mark",dh-rf,6.027,11500000
2017,"Machado, Manny",3b,4.056,11500000
2017,"Britton, Zach",lhp-c,4.158,11400000
2017,"Jansen, Kenley",rhp-c,6.073,11333333
2017,"Castillo, Rusney",,,11271429
2017,"Markakis, Nick",rf,11,11000000
2017,"Kinsler, Ian",2b,11,11000000
2017,"Gallardo, Yovani",rhp-s,9.108,11000000
2017,"Span, Denard",cf,8.111,11000000
2017,"Seager, Kyle",3b,5.085,11000000
2017,"Cain, Lorenzo",cf,5.074,11000000
2017,"Darvish, Yu",rhp-s,5,11000000
2017,"Craig, Allen",,,11000000
2017,"Abreu, Jose",1b,3,10825000
2017,"Wieters, Matt",c,7.129,10500000
2017,"Tillman, Chris",rhp-s,5.113,10050000
2017,"Peralta, Jhonny",3b,12.118,10000000
2017,"Kendrick, Howie",lf-2b,10.091,10000000
2017,"Morales, Kendrys",dh-1b,8.17,10000000
2017,"Davis, Wade",rhp-c,7.032,10000000
2017,"Cashner, Andrew",rhp-s,6.126,10000000
2017,"Carpenter, Matt",1b,5.012,10000000
2017,"Castro, Starlin",2b,6.15,9857143
2017,"Tomas, Yasmany",lf,2,9500000
2017,"Kipnis, Jason",2b,5.069,9166667
2017,"Keuchel, Dallas",lhp-s,4.089,9150000
2017,"Street, Huston",rhp-c,12,9000000
2017,"Volquez, Edinson",rhp-s,9.059000000000001,9000000
2017,"Miller, Andrew",lhp,8.062,9000000
2017,"Maybin, Cameron",lf-cf,7.073,9000000
2017,"Cervelli, Francisco",c,6.146,9000000
2017,"Johnson, Chris",,,9000000
2017,"Goldschmidt, Paul",1b,5.059,8850000
2017,"Miley, Wade",lhp-s,5.044,8750000
2017,"Moustakas, Mike",3b,5.111,8700000
2017,"Castro, Jason",c,6.104,8500000
2017,"Brantley, Michael",lf,6.131,8375000
2017,"Cabrera, Asdrubal",ss,9.027000000000001,8250000
2017,"Puig, Yasiel",rf,3.102,8214286
2017,"Crawford, Brandon",ss,5.094,8200000
2017,"Soria, Joakim",rhp,10,8000000
2017,"Vargas, Jason",lhp-s,9.114,8000000
2017,"Parra, Gerardo",lf,7.145,8000000
2017,"Desmond, Ian",1b-of,7.027,8000000
2017,"Saunders, Michael",rf,6.138,8000000
2017,"Jay, Jon",cf,6.134,8000000
2017,"Santiago, Hector",lhp-s,5.016,8000000
2017,"Simmons, Andrelton",ss,4.125,8000000
2017,"Pelfrey, Mike",,,8000000
2017,"Infante, Omar",,,8000000
2017,"Ryu, Hyun-Jin",lhp-s,4,7833333
2017,"Gordon, Dee",2b,4.154,7800000
2017,"Cecil, Brett",lhp,6.152,7750000
2017,"Harrison, Josh",2b,5.033,7750000
2017,"Reed, Addison",rhp,5.001,7750000
2017,"Kluber, Corey",rhp-s,4.074,7700000
2017,"Madson, Ryan",rhp-c,11.155,7666666
2017,"Nova, Ivan",rhp-s,6.024,7666666
2017,"Benoit, Joaquin",rhp,14.04,7500000
2017,"Dickey, R.A.",rhp-s,11.007,7500000
2017,"Lynn, Lance",rhp-s,5.119,7500000
2017,"Guerrero, Alexander",,,7500000
2017,"Familia, Jeurys",rhp-c,4.03,7425000
2017,"Pineda, Michael",rhp-s,5.099,7400000
2017,"Allen, Cody",rhp,4.076,7350000
2017,"Mesoraco, Devin",c,5.028,7325000
2017,"Blackmon, Charlie",cf,4.102,7300000
2017,"Rizzo, Anthony",1b,4.168,7285714
2017,"Duda, Lucas",1b,5.137,7250000
2017,"Escobar, Yunel",3b,9.121,7000000
2017,"Ziegler, Brad",rhp,8.122,7000000
2017,"Smith, Seth",rf,8.119,7000000
2017,"O'Day, Darren",rhp,8.103000000000002,7000000
2017,"Morton, Charlie",rhp-s,8.01,7000000
2017,"Forsythe, Logan",2b,5.113,7000000
2017,"Moore, Matt",lhp-s,5,7000000
2017,"Quintana, Jose",lhp-s,4.133,7000000
2017,"Smyly, Drew",lhp-s,4.154,6850000
2017,"Richards, Garrett",rhp-s,4.148,6850000
2017,"Pollock, A.J.",cf,4.052,6750000
2017,"Bastardo, Antonio",lhp,7.054,6625000
2017,"Ramos, A.J.",rhp-c,4.03,6550000
2017,"Young, Chris",rf-lf,10.039,6500000
2017,"Perkins, Glen",lhp-c,9.01,6500000
2017,"Neshek, Pat",rhp,8.159,6500000
2017,"Lowrie, Jed",2b,8.111,6500000
2017,"Escobar, Alcides",ss,7.082,6500000
2017,"Valbuena, Luis",1b-3b,6.148,6500000
2017,"Carrasco, Carlos",rhp-s,5.147,6500000
2017,"Teheran, Julio",rhp-s,4.062,6466667
2017,"Rosenthal, Trevor",rhp,4.058,6400000
2017,"Gregerson, Luke",rhp,8,6250000
2017,"Pearce, Steve",1b-lf,7.116,6250000
2017,"Freese, David",3b,7.028,6250000
2017,"Segura, Jean",ss,4.065,6200000
2017,"Clippard, Tyler",rhp,7.148,6150000
2017,"Rodriguez, Francisco",rhp-c,13.115,6000000
2017,"Napoli, Mike",1b,10.151,6000000
2017,"Davis, Rajai",cf,9.167000000000002,6000000
2017,"Uehara, Koji",rhp,8,6000000
2017,"Holland, Derek",lhp-s,7.12,6000000
2017,"Sipp, Tony",lhp,7.1,6000000
2017,"Cishek, Steve",rhp-c,5.143,6000000
2017,"Ross, Tyson",rhp-s,5.126,6000000
2017,"Holland, Greg",rhp-c,5.028,6000000
2017,"Castillo, Welington",c,5.009,6000000
2017,"Dozier, Brian",2b,4.1,6000000
2017,"Gyorko, Jedd",2b-3b,3.164,6000000
2017,"Calhoun, Kole",rf,3.13,6000000
2017,"McGee, Jake",lhp,5.127,5900000
2017,"Gonzalez, Miguel",rhp-s,5.084,5900000
2017,"Rondon, Hector",rhp,4,5800000
2017,"Rendon, Anthony",3b,3.13,5800000
2017,"Young, Chris",rhp,10.162,5750000
2017,"Rodriguez, Sean",2b-3b,7.133,5750000
2017,"Chavez, Jesse",rhp-s,6.108,5750000
2017,"Koehler, Tom",rhp-s,4.016,5750000
2017,"Watson, Tony",lhp-c,5.101,5600000
2017,"Valencia, Danny",1b,5.118,5550000
2017,"Duke, Zach",lhp,10.054,5500000
2017,"Logan, Boone",lhp,9.14,5500000
2017,"Kelley, Shawn",rhp,7.128,5500000
2017,"Blevins, Jerry",lhp,7.081,5500000
2017,"Axford, John",rhp,6.17,5500000
2017,"Rzepczynski, Marc",lhp,6.132,5500000
2017,"Hudson, Daniel",rhp,6.117,5500000
2017,"Moreland, Mitch",1b-dh,6.067,5500000
2017,"Strop, Pedro",rhp,5.156,5500000
2017,"Aoki, Nori",lf,4.148,5500000
2017,"Grandal, Yasmani",c,4.115,5500000
2017,"Lowe, Mark",,,5500000
2017,"Arruebarruena, Erisbel",,,5500000
2017,"Espinosa, Danny",2b,5.113,5425000
2017,"Feliz, Neftali",rhp-c,6.151,5350000
2017,"Marte, Starling",cf,4.07,5333333
2017,"Cozart, Zack",ss,5.084,5325000
2017,"Herrera, Kelvin",rhp-c,4.157,5325000
2017,"Lucroy, Jonathan",c,6.136,5250000
2017,"Plouffe, Trevor",3b,5.162,5250000
2017,"Gattis, Evan",dh-c,4,5200000
2017,"Harvey, Matt",rhp-s,4.072,5125000
2017,"Gregorius, Didi",ss,3.159,5100000
2017,"Hammel, Jason",rhp-s,9.153,5000000
2017,"Casilla, Santiago",rhp,9.148,5000000
2017,"Johnson, Jim",rhp-c,8.161000000000001,5000000
2017,"Rasmus, Colby",lf-cf,8,5000000
2017,"Joyce, Matt",rf,7.123,5000000
2017,"Tazawa, Junichi",rhp,6.086,5000000
2017,"Duffy, Danny",lhp-s,5.085,5000000
2017,"Davis, Khris",lf,3.104,5000000
2017,"Motte, Jason",,,5000000
2017,"Archer, Chris",rhp-s,3.156,4916667
2017,"Martin, Leonys",cf,4.078,4850000
2017,"LeMahieu, D.J.",2b,4.128,4800000
2017,"Miller, Shelby",rhp-s,3.166,4700000
2017,"Altuve, Jose",2b,5.072,4687500
2017,"Olivera, Hector",,,4666666
2017,"Perez, Martin",lhp-s,4.038,4650000
2017,"Shaw, Bryan",rhp,5.081,4600000
2017,"Phelps, David",rhp,4.156,4600000
2017,"Gomes, Yan",c,4.083,4583333
2017,"Ruiz, Carlos",c,10.069,4500000
2017,"Lagares, Juan",cf,3.16,4500000
2017,"Myers, Wil",1b,3.104,4500000
2017,"Bogaerts, Xander",ss,3.042,4500000
2017,"Pomeranz, Drew",lhp-s,4.013,4450000
2017,"Chatwood, Tyler",rhp-s,5.039,4400000
2017,"Hechavarria, Adeiny",ss,4.06,4350000
2017,"Galvis, Freddy",ss,4.021,4350000
2017,"Mercer, Jordy",ss,4.095,4325000
2017,"Roark, Tanner",rhp-s,3.055,4315000
2017,"Chisenhall, Lonnie",rf,4.158,4300000
2017,"Peralta, Wily",rhp-s,3.16,4275000
2017,"Iglesias, Raisel",rhp-c,1.154,4214286
2017,"Nunez, Eduardo",3b,5.09,4200000
2017,"Gomez, Jeanmar",rhp-c,5.063,4200000
2017,"Cobb, Alex",rhp-s,5.061,4200000
2017,"Perez, Salvador",c,5.05,4200000
2017,"Kim, Hyun-soo",lf,1,4200000
2017,"Smoak, Justin",1b,6.077,4125000
2017,"Iglesias, Jose",ss,4.036,4100000
2017,"Odorizzi, Jake",rhp-s,3.042,4100000
2017,"deGrom, Jacob",rhp-s,2.139,4050000
2017,"Perez, Oliver",lhp,12.144,4000000
2017,"Blanton, Joe",rhp,10.158,4000000
2017,"Jaso, John",1b-rf,7.032,4000000
2017,"Dunn, Michael",lhp,6.079,4000000
2017,"Ramos, Wilson",c,6.047,4000000
2017,"Wood, Travis",lhp,6.004,4000000
2017,"Revere, Ben",lf-rf,5.149,4000000
2017,"Minor, Mike",lhp,5.138,4000000
2017,"Belt, Brandon",1b,5.128,4000000
2017,"Alonso, Yonder",1b,5.116,4000000
2017,"Eaton, Adam",cf,4.03,4000000
2017,"Thames, Eric",1b,1.063,4000000
2017,"Corbin, Patrick",lhp-s,4.105,3950000
2017,"Springer, George",cf,2.166,3900000
2017,"McHugh, Collin",rhp-s,3.085,3850000
2017,"Qualls, Chad",rhp,12.058,3750000
2017,"Broxton, Jonathan",rhp,11.02,3750000
2017,"Moss, Brandon",dh-of,6.16,3750000
2017,"Cole, Gerrit",rhp-s,3.111,3750000
2017,"Gonzalez, Marwin",1b-3b,4.133,3725000
2017,"Martinez, Carlos",rhp-s,3.073,3700000
2017,"Soler, Jorge",rf,2.033,3666667
2017,"Nicasio, Juan",rhp,5.084,3650000
2017,"Bradley, Jackie Jr.",cf,2.15,3600000
2017,"Miller, Brad",2b,3.094,3575000
2017,"Gray, Sonny",rhp-s,3.061,3575000
2017,"Bauer, Trevor",rhp-s,2.158,3550000
2017,"Dyson, Sam",rhp-c,2.142,3520000
2017,"Drew, Stephen",2b-ss,10.038,3500000
2017,"Anderson, Brett",lhp-s,8,3500000
2017,"Carter, Chris",1b-dh,4.159,3500000
2017,"Ozuna, Marcell",lf,3.124,3500000
2017,"Yelich, Christian",cf,3.069,3500000
2017,"Sierra, Yaisel",,,3500000
2017,"Schoop, Jonathan",2b-3b,3.027,3475000
2017,"Fiers, Michael",rhp-s,3.085,3450000
2017,"Gausman, Kevin",rhp-s,2.151,3450000
2017,"Salazar, Danny",rhp-s,2.162,3400000
2017,"Stroman, Marcus",rhp-s,2.148,3400000
2017,"Shoemaker, Matt",rhp-s,2.166,3325000
2017,"Ramirez, Erasmo",rhp,3.158,3215000
2017,"Lyles, Jordan",rhp,5.021,3175000
2017,"Kiermaier, Kevin",cf,2.131,3166666
2017,"Maeda, Kenta",rhp-s,1,3125000
2017,"Brach, Brad",rhp,4.063,3050000
2017,"Locke, Jeff",lhp,4.02,3025000
2017,"Dickerson, Corey",dh-lf,3.101,3025000
2017,"Weaver, Jered",rhp-s,10.129,3000000
2017,"Grilli, Jason",rhp,10.016,3000000
2017,"Howell, J.P.",lhp,10.007,3000000
2017,"Smith, Joe",rhp,9.091000000000001,3000000
2017,"Romo, Sergio",rhp,8.097000000000001,3000000
2017,"Storen, Drew",rhp,6.14,3000000
2017,"Salas, Fernando",rhp,6.048,3000000
2017,"Blanco, Andres",ss-2b,6.007,3000000
2017,"Flowers, Tyler",c,5.148,3000000
2017,"Garcia, Avisail",rf,3.167,3000000
2017,"Betances, Dellin",rhp,3.078,3000000
2017,"Castellanos, Nick",3b,3.029,3000000
2017,"Vogt, Stephen",c,3.084,2965000
2017,"Kintzler, Brandon",rhp,5.003,2950000
2017,"Gibson, Kyle",rhp-s,3.056,2900000
2017,"Barney, Darwin",2b,5.085,2887500
2017,"Dyson, Jarrod",lf-cf,5.088,2800000
2017,"Adams, Matt",1b-lf,4.033,2800000
2017,"Kelly, Joe",rhp,4.029,2800000
2017,"Wood, Alex",lhp-s,3.123,2800000
2017,"Wacha, Michael",rhp-s,3.062,2775000
2017,"Rodney, Fernando",rhp-c,13.137,2750000
2017,"Kang, Jung-Ho",3b,2,2750000
2017,"Oh, Seung-hwan",rhp-c,1,2750000
2017,"Wilson, Justin",lhp,4.035,2700000
2017,"Inciarte, Ender",cf,2.157,2700000
2017,"Doolittle, Sean",lhp,4.122,2630000
2017,"Hamilton, Billy",cf,3.028,2625000
2017,"Solarte, Yangervis",3b,3,2625000
2017,"Gutierrez, Franklin",lf,9.011000000000001,2600000
2017,"Escobar, Eduardo",ss,4.128,2600000
2017,"Diekman, Jake",lhp,4.05,2550000
2017,"Hernandez, Cesar",2b,2.154,2550000
2017,"Gennett, Scooter",2b,3.071,2525000
2017,"Ellis, A.J.",c,6.151,2500000
2017,"Morrison, Logan",1b,6.069,2500000
2017,"Tomlin, Josh",rhp-s,6.033,2500000
2017,"Smith, Will",lhp,3.155,2500000
2017,"Wong, Kolten",2b,3.045,2500000
2017,"Diaz, Aledmys",ss,1,2500000
2017,"Pena, Brayan",,,2500000
2017,"Anderson, Chase",rhp,2.146,2450000
2017,"Paxton, James",lhp-s,2.151,2350000
2017,"Feldman, Scott",rhp-s,10.091,2300000
2017,"Owings, Chris",ss,3.027,2300000
2017,"Warren, Adam",rhp,4.036,2290000
2017,"De La Rosa, Jorge",lhp,12.015,2250000
2017,"Pennington, Cliff",ss-2b,7.114,2250000
2017,"Petit, Yusmeiro",rhp,6.016,2250000
2017,"Walker, Taijuan",rhp-s,2.142,2250000
2017,"Harris, Will",rhp,3.102,2200000
2017,"Flores, Wilmer",2b-3b,3.003,2200000
2017,"Torres, Carlos",rhp,4.114,2175000
2017,"Ottavino, Adam",rhp,5.087,2100000
2017,"Jeffress, Jeremy",rhp,3.087,2100000
2017,"Belisle, Matt",rhp,11.019,2050000
2017,"Thornburg, Tyler",rhp,3.057,2050000
2017,"Suzuki, Ichiro",rf-lf,16,2000000
2017,"Utley, Chase",2b,13.027,2000000
2017,"Hill, Aaron",2b,11.136,2000000
2017,"Mathis, Jeff",c,10.012,2000000
2017,"Soto, Geovany",c,9.096,2000000
2017,"Hundley, Nick",c,8.059,2000000
2017,"Avila, Alex",c,7.061,2000000
2017,"Duensing, Brian",lhp,7.055,2000000
2017,"Abad, Fernando",lhp,5.073,2000000
2017,"Eovaldi, Nate",rhp-s,5.013,2000000
2017,"Guyer, Brandon",of,4.066,2000000
2017,"Griffin, A.J.",rhp-s,4.034,2000000
2017,"Singleton, Jonathan",,,2000000
2017,"Chirinos, Robinson",c,4.103,1950000
2017,"Holt, Brock",3b-rf,3.052,1950000
2017,"Jones, Nate",rhp-c,5,1900000
2017,"Maurer, Brandon",rhp,3.089,1900000
2017,"d'Arnaud, Travis",c,3.044,1875000
2017,"Ross, Robbie",lhp,4.1,1825000
2017,"McAllister, Zach",rhp,4.077,1825000
2017,"Grimm, Justin",rhp,3.17,1825000
2017,"Cingrani, Tony",lhp,3.088,1825000
2017,"Flaherty, Ryan",3b-ss,5,1800000
2017,"Friedrich, Christian",lhp-s,3.046,1790000
2017,"Delgado, Randall",rhp,4.1,1775000
2017,"Aybar, Erick",ss,10.086,1750000
2017,"McGowan, Dustin",rhp,9.161000000000001,1750000
2017,"Cahill, Trevor",rhp-s,7.098,1750000
2017,"Norris, Bud",rhp-s,7.068,1750000
2017,"Richard, Clayton",lhp-s,6.163,1750000
2017,"Chacin, Jhoulys",rhp-s,6.054,1750000
2017,"Rivera, Rene",c,5.07,1750000
2017,"Kontos, George",rhp,3.171,1750000
2017,"Barnette, Tony",rhp,1,1750000
2017,"Maldonado, Martin",c,4.156,1725000
2017,"Dietrich, Derek",3b-2b,2.151,1700000
2017,"Bundy, Dylan",rhp-s,1.026,1640000
2017,"Siegrist, Kevin",lhp,3.116,1637500
2017,"Boxberger, Brad",rhp,3.109,1600000
2017,"Polanco, Gregory",lf,2.103,1600000
2017,"Herrera, Odubel",cf,2,1600000
2017,"Toscano, Dian",,,1600000
2017,"Lobaton, Jose",c,5.138,1575000
2017,"Vizcaino, Arodys",rhp,3.168,1550000
2017,"Weeks, Rickie",2b-of,11.036,1500000
2017,"Iannetta, Chris",c,10.013,1500000
2017,"Reynolds, Mark",1b,9.138,1500000
2017,"Suzuki, Kurt",c,9.113000000000001,1500000
2017,"Jackson, Austin",cf,7,1500000
2017,"Butera, Drew",c,6.018,1500000
2017,"Avilan, Luis",lhp,3.146,1500000
2017,"Hunter, Tommy",rhp,7.066,1400000
2017,"Stewart, Chris",c,6.091,1400000
2017,"Heisey, Chris",of,6.042,1400000
2017,"Gillaspie, Conor",3b-1b,4.028,1400000
2017,"Jennings, Dan",lhp,3.171,1400000
2017,"Hand, Brad",lhp,3.092,1375000
2017,"Bourjos, Peter",cf,6.062,1350000
2017,"Descalso, Daniel",3b-ss,6.016,1350000
2017,"Nava, Daniel",lf,5.024,1350000
2017,"Hicks, Aaron",of,3.041,1350000
2017,"Odor, Rougned",2b,2.121,1333333
2017,"Piscotty, Stephen",rf,1.076,1333333
2017,"Van Slyke, Scott",1b-of,3.151,1325000
2017,"Vincent, Nick",rhp,3.067,1325000
2017,"Romine, Andrew",ss-2b,4.049,1300000
2017,"Cedeno, Xavier",lhp,3.06,1300000
2017,"Leon, Sandy",c,2.149,1300000
2017,"Wood, Blake",rhp,4.131,1275000
2017,"O'Flaherty, Eric",lhp,9.062000000000001,1250000
2017,"Saltalamacchia, Jarrod",c,9.031,1250000
2017,"Breslow, Craig",lhp,8.129,1250000
2017,"Bonifacio, Emilio",of,7.069,1250000
2017,"Rosales, Adam",inf,6.163,1250000
2017,"Wilhelmsen, Tom",rhp,5.072,1250000
2017,"Milone, Tom",lhp-s,4.113,1250000
2017,"Hatcher, Chris",rhp,3.146,1250000
2017,"Collmenter, Josh",rhp,5.144,1200000
2017,"Norris, Derek",c,4.102,1200000
2017,"Pressly, Ryan",rhp,3.053,1175000
2017,"Wilson, Alex",rhp,3.038,1175000
2017,"Carrera, Ezequiel",lf-rf,3.039,1162500
2017,"Loup, Aaron",lhp,4.04,1125000
2017,"Nuno, Vidal",lhp,3.015,1125000
2017,"Putnam, Zach",rhp,3.135,1117500
2017,"Amarista, Alexi",2b-ss,5.04,1100000
2017,"Fien, Casey",rhp,4.118,1100000
2017,"Hendriks, Liam",rhp,3.038,1100000
2017,"Marisnick, Jake",cf,2.145,1100000
2017,"Layne, Tommy",lhp,2.144,1075000
2017,"Otero, Danny",rhp,3.124,1055000
2017,"Gearrin, Cory",rhp,3.136,1050000
2017,"Bryant, Kris",3b,1.171,1050000
2017,"Gurriel, Lourdes",inf,0,1028571
2017,"Lindgren, Jacob",lhp,0.049,1025000
2017,"Profar, Jurickson",lf,3.124,1005000
2017,"Lind, Adam",1b-dh,9.058000000000002,1000000
2017,"Moylan, Peter",rhp,7.003,1000000
2017,"Bailey, Andrew",rhp,6.002,1000000
2017,"Tolleson, Shawn",rhp-c,4.109,1000000
2017,"Moore, Tyler",1b-lf,3.018,1000000
2017,"Capps, Carter",rhp,4.007,987500
2017,"Scheppers, Tanner",rhp,4.094,975000
2017,"Ramirez, Jose",3b,2.074,971400
2017,"Gimenez, Chris",c,4.163,950000
2017,"Hughes, Jared",rhp,4.162,950000
2017,"Betts, Mookie",rf,2.07,950000
2017,"Herrmann, Chris",c,3.001,937500
2017,"Scribner, Evan",rhp,3.142,907500
2017,"Stammen, Craig",rhp,5.16,900000
2017,"Swarzak, Anthony",rhp,5.024,900000
2017,"Nieuwenhuis, Kirk",of,3.112,900000
2017,"Hoover, J.J.",rhp,3.102,900000
2017,"Farquhar, Danny",rhp,2.17,900000
2017,"Krol, Ian",lhp,2.149,900000
2017,"Beckham, Tim",2b-ss,2.134,885000
2017,"Gentry, Craig",cf-rf,5.103,850000
2017,"Rondon, Bruce",rhp,3.037,850000
2017,"Anderson, Tim",ss,0.115,850000
2017,"Petricka, Jake",rhp,3.044,825000
2017,"Romine, Austin",c,3.045,805000
2017,"Recker, Anthony",c,4,800000
2017,"Wheeler, Zack",rhp-s,3.098,800000
2017,"Heredia, Guillermo",of,0.054,782000
2017,"Hendricks, Kyle",rhp-s,2.081,760500
2017,"Sanchez, Hector",c-1b,4.018,750000
2017,"LeBlanc, Wade",lhp,3.131,750000
2017,"Ramirez, Neil",rhp,2.095,750000
2017,"Roe, Chaz",rhp,1.136,720000
2017,"Joseph, Caleb",c,2.145,700000
2017,"McFarland, T.J.",lhp,3.007,685000
2017,"Edgin, Josh",lhp,3.097,675000
2017,"Fryer, Eric",c,2.108,675000
2017,"Perez, Roberto",c,2.083,675000
2017,"Russell, Addison",ss,1.167,644000
2017,"Sucre, Jesus",c,2.137,630000
2017,"Marrero, Chris",1b,0.134,610000
2017,"Baez, Javier",2b,1.089,609000
2017,"Syndergaard, Noah",rhp-s,1.149,605500
2017,"Martinez, Michael",2b,3.104,600000
2017,"Rutledge, Josh",3b-ss,3.09,600000
2017,"Adrianza, Ehire",2b-ss,2.131,600000
2017,"Panik, Joe",2b,2.1,600000
2017,"d'Arnaud, Chase",2b-ss,2.045,600000
2017,"Rodon, Carlos",lhp-s,1.168,600000
2017,"Suarez, Eugenio",3b,2.061,595000
2017,"Wright, Steve",rhp-s,2.089,593500
2017,"DeSclafani, Anthony",rhp-s,2.062,585000
2017,"Rodriguez, Eduardo",lhp-s,1.13,584500
2017,"Elias, Roenis",lhp,1.119,582500
2017,"Lindor, Francisco",ss,1.113,579300
2017,"Duvall, Adam",lf,1.096,577500
2017,"Kozma, Pete",ss-2b,2.108,575000
2017,"Barnhart, Tucker",c,2.075,575000
2017,"Seager, Corey",ss,1.032,575000
2017,"La Stella, Tommy",2b-3b,2.102,573500
2017,"Lamb, Jake",3b,2.053,573300
2017,"Sano, Miguel",rf,1.095,572500
2017,"Peralta, David",rf,2.12,572200
2017,"Karns, Nate",rhp-s,2.033,571000
2017,"Montgomery, Mike",lhp-s,1.089,570500
2017,"Ray, Robbie",lhp-s,2.007,570400
2017,"Zunino, Mike",c,2.165,570000
2017,"Finnegan, Brandon",lhp-s,1.107,567000
2017,"Cosart, Jarred",rhp,2.113,566300
2017,"Ahmed, Nick",ss,2.054,566000
2017,"Schwarber, Kyle",lf-c,1.086,565500
2017,"Cron, C.J.",1b-dh,2.11,565000
2017,"Rupp, Cameron",c,2.089,565000
2017,"Naquin, Tyler",cf,0.163,564800
2017,"Rivero, Felipe",lhp,1.162,564500
2017,"Colon, Christian",2b,2.008,564000
2017,"Treinen, Blake",rhp-c,2.065,563700
2017,"Barnes, Matt",rhp,1.11,563500
2017,"Realmuto, J.T.",c,2.038,562500
2017,"Matz, Steven",lhp-s,1.099,562250
2017,"Torreyes, Ronnie",2b,1.022,561900
2017,"Vazquez, Christian",c,2.031,561000
2017,"Parker, Blake",rhp,2.036,560000
2017,"Franco, Maikel",3b,1.17,560000
2017,"Gosselin, Phil",2b,2.085,559500
2017,"Chafin, Andrew",lhp,2.02,559300
2017,"Orlando, Paulo",rf-cf,1.137,558250
2017,"Taylor, Michael",of,2.01,557900
2017,"Sanchez, Gary",c,0.086,557900
2017,"Alvarez, Jose",lhp,2.059,557500
2017,"Diaz, Jose ""Jumbo""",rhp,2.02,557500
2017,"Neris, Hector",rhp,1.104,557500
2017,"Grichuk, Randal",lf,2.048,557200
2017,"Smith, Carson",rhp,2.028,556750
2017,"Flynn, Brian",lhp,1.135,556000
2017,"Edwards, Carl (C.J.)",rhp,0.134,556000
2017,"Skaggs, Tyler",lhp-s,2.135,555000
2017,"Pillar, Kevin",cf,2.113,555000
2017,"Hernandez, Enrique",2b-ss,2.054,555000
2017,"May, Trevor",rhp,2.051,555000
2017,"Peterson, Jace",2b-3b,2.031,555000
2017,"Pederson, Joc",cf,2.028,555000
2017,"Garcia, Yimi",rhp,2.004,555000
2017,"Strickland, Hunter",rhp,1.163,555000
2017,"Lorenzen, Michael",rhp,1.159,555000
2017,"Bedrosian, Cam",rhp,1.153,555000
2017,"Taillon, Jameson",rhp-s,0.11,555000
2017,"Conforto, Michael",lf-rf,1.043,554904
2017,"Turner, Trea",ss,0.135,554900
2017,"Villar, Jonathan",2b,2.113,554500
2017,"Devenski, Chris",rhp,1,554500
2017,"Contreras, Willson",c,0.108,554500
2017,"Drury, Brandon",2b,1.034,553900
2017,"Robles, Hansel",rhp,2,553125
2017,"Bour, Justin",1b,2.064,552500
2017,"Grossman, Robbie",lf,2.06,552500
2017,"Rosario, Eddie",lf,1.12,552500
2017,"Shreve, Chasen",lhp,2.015,552425
2017,"Osuna, Roberto",rhp-c,2,552400
2017,"Cuthbert, Cheslor",3b,1.03,552250
2017,"Straily, Dan",rhp-s,2.126,552100
2017,"McCann, James",c,2.028,552100
2017,"Eickhoff, Jerad",rhp-s,1.045,552000
2017,"Almora, Albert",cf,0.073,552000
2017,"Fulmer, Michael",rhp-s,0.157,551900
2017,"Romero, Enny",lhp,1.072,551000
2017,"Severino, Luis",rhp-s,0.17,550975
2017,"Mitchell, Bryan",rhp-s,1.129,550625
2017,"Greene, Shane",rhp,2.075,550600
2017,"Giles, Ken",rhp-c,2.113,550100
2017,"Baez, Pedro",rhp,2.059,550000
2017,"Ramirez, J.C.",rhp,1.139,550000
2017,"Kuhl, Chad",rhp-s,0.079,550000
2017,"Lyons, Tyler",lhp,2.07,549800
2017,"Szczur, Matt",of,1.134,549500
2017,"Frazier, Adam",ss-of,0.101,549500
2017,"Benintendi, Andrew",lf,0.062,549000
2017,"Bell, Josh",1b-rf,0.053,549000
2017,"Barrett, Jake",rhp,1,548300
2017,"Goins, Ryan",ss,2.106,548200
2017,"Leone, Dominic",rhp,1.123,548200
2017,"McCullers Jr., Lance",rhp-s,1.14,548000
2017,"Colome, Alex",rhp-c,2.118,547900
2017,"Garcia, Greg",ss,1.083,547900
2017,"Perez, Carlos",c,1.144,547500
2017,"Andriese, Matt",rhp-s,1.071,547500
2017,"Garcia, Adonis",3b,1.067,547500
2017,"Kepler, Max",rf,0.152,547500
2017,"Nelson, Jimmy",rhp-s,2.107,547000
2017,"Hembree, Heath",rhp,1.106,547000
2017,"Saladino, Tyler",2b,1.087,547000
2017,"Velasquez, Vincent",rhp-s,1.086,547000
2017,"Marte, Jefry",3b-lf,1.034,547000
2017,"Souza, Steven",rf,2.072,546700
2017,"Bowman, Matt",rhp,1,546600
2017,"Garcia, Leury",cf-2b,2.025,546500
2017,"Mazara, Nomar",rf,1,546450
2017,"Ryan, Kyle",lhp,1.113,546400
2017,"Feliz, Michael",rhp,1.038,546200
2017,"Davies, Zach",rhp-s,1.02,546200
2017,"Guerra, Junior",rhp-s,1.005,546200
2017,"Schimpf, Ryan",2b,0.111,546200
2017,"Sanchez, Yolmer Carlos",2b,1.134,546000
2017,"Givens, Mychal",rhp,1.069,546000
2017,"Rea, Colin",rhp,1.055,545800
2017,"Perez, Hernan",3b,2.079,545700
2017,"Solis, Sammy",lhp,1.084,545700
2017,"Erlin, Robbie",lhp-s,2.078,545500
2017,"Norris, Daniel",lhp-s,1.073,545500
2017,"Bird, Greg",1b,1.053,545500
2017,"Duffy, Matt",ss,2.059,545300
2017,"Travis, Devon",2b,2,545200
2017,"Claudio, Alex",lhp,1.114,545050
2017,"Semien, Marcus",ss,2.118,545000
2017,"Phegley, Josh",c,2.114,545000
2017,"Santana, Danny",cf-rf,2.111,545000
2017,"Bettis, Chad",rhp-s,2.096,545000
2017,"Rusin, Chris",lhp-s,2.092,545000
2017,"Smolinski, Jake",cf,2.016,545000
2017,"Graveman, Kendall",rhp-s,2.014,545000
2017,"Winkler, Daniel",rhp,2,545000
2017,"Canha, Mark",1b-lf,2,545000
2017,"Ravin, Josh",rhp,1.054,545000
2017,"Wilson, Tyler",rhp,1.037,545000
2017,"Law, Derek",rhp,1,545000
2017,"Diaz, Edwin",rhp-c,0.121,545000
2017,"Snell, Blake",lhp-s,0.11,545000
2017,"Bush, Matt",rhp,0.143,544920
2017,"Rua, Ryan",lf-rf,2.008,544740
2017,"Collins, Tyler",of,1.08,544700
2017,"Buchter, Ryan",lhp,1.01,544700
2017,"Judge, Aaron",rf,0.051,544500
2017,"Shaw, Travis",3b,1.088,544400
2017,"Jankowski, Travis",cf,1.047,544300
2017,"Perdomo, Luis",rhp-s,1,544300
2017,"Almonte, Abraham",of,2.052,544200
2017,"Boyd, Matt",lhp-s,0.169,544200
2017,"Bradley, Archie",rhp,1.112,544100
2017,"Foltynewicz, Mike",rhp-s,1.163,544000
2017,"Nola, Aaron",rhp-s,1.076,544000
2017,"O'Malley, Shawn",ss,1.032,544000
2017,"Austin, Tyler",of,0.051,544000
2017,"Williams, Trevor",rhp-s,0.027,544000
2017,"Lugo, Seth",rhp-s,0.082,543500
2017,"Musgrove, Joe",rhp-s,0.063,543400
2017,"Heaney, Andrew",lhp-s,1.15,543000
2017,"Schultz, Bo",rhp,1.085,543000
2017,"Biagini, Joe",rhp,1,543000
2017,"Joseph, Tommy",1b,0.143,543000
2017,"Tepera, Ryan",rhp,1.008,542700
2017,"Tonkin, Michael",rhp,2.005,542500
2017,"Tropeano, Nick",rhp-s,1.068,542500
2017,"Duffey, Tyler",rhp,1.042,542500
2017,"Hazelbaker, Jeremy",rf-cf,0.15,542500
2017,"Rogers, Taylor",lhp,0.145,542500
2017,"Santana, Domingo",rf,1.079,542200
2017,"Bethancourt, Christian",c-lf,2.014,541800
2017,"Sardinas, Luis",ss,1.088,541800
2017,"Gsellman, Robert",rhp-s,0.042,541750
2017,"Peacock, Brad",rhp,2.165,541500
2017,"Dickerson, Alex",lf,0.146,541500
2017,"Hanson, Alen",ss,0.038,541500
2017,"Montero, Rafael",rhp,1.09,541400
2017,"Mahtook, Mikie",cf,1.011,541300
2017,"Broxton, Keon",cf,0.137,541200
2017,"Glasnow, Tyler",rhp-s,0.066,541000
2017,"Miranda, Ariel",lhp,0.061,540500
2017,"DeShields Jr., Delino",cf-lf,1.116,540300
2017,"Marinez, Jhan",rhp,1.095,540200
2017,"Bassitt, Chris",rhp,1.127,540000
2017,"Oberg, Scott",rhp,1.081,540000
2017,"Anderson, Tyler",lhp-s,1.065,540000
2017,"Diaz, Jairo",rhp,1.064,540000
2017,"Vargas, Kennys",1b,1.064,540000
2017,"Gray, Jon",rhp-s,1.062,540000
2017,"Adames, Cristhian",ss,1.052,540000
2017,"Dull, Ryan",rhp,1.034,540000
2017,"O'Rourke, Ryan",lhp,1.006,540000
2017,"Story, Trevor",ss,1,540000
2017,"Wolters, Tony",c,1,540000
2017,"Peraza, Jose",2b,0.141,540000
2017,"Schebler, Scott",rf,0.132,540000
2017,"Barnes, Austin",c,0.124,540000
2017,"Stripling, Ross",rhp,0.115,540000
2017,"Ynoa, Michael",rhp,0.113,540000
2017,"Polanco, Jorge",2b,0.105,540000
2017,"Ramos, Edubray",rhp,0.101,540000
2017,"Narvaez, Omar",c,0.089,540000
2017,"Toles, Andrew",lf-rf,0.087,540000
2017,"Dayton, Grant",lhp,0.074,540000
2017,"Swanson, Dansby",ss,0.047,540000
2017,"Rivera, T.J.",2b-1b,0.054,539958
2017,"Bandy, Jett",c,1,539800
2017,"Smith, Mallex",lf-cf,1,539800
2017,"Zych, Tony",rhp,1.006,539600
2017,"Brito, Socrates",of,0.131,539500
2017,"Bregman, Alex",3b,0.07,539400
2017,"Anderson, Cody",rhp-s,1.017,539100
2017,"Morgan, Adam",lhp,1.054,539000
2017,"Rickard, Joey",of,1,539000
2017,"Williamson, Mac",lf-rf,0.151,539000
2017,"Parker, Jarrett",lf,0.143,539000
2017,"Pompey, Dalton",cf,0.119,539000
2017,"Knebel, Corey",rhp,1.151,538900
2017,"Strahm, Matt",lhp,0.064,538900
2017,"Alvarez, Dario",lhp,0.151,538790
2017,"Altherr, Aaron",of,1.054,538500
2017,"Hart, Donnie",lhp,0.08,538500
2017,"Glover, Koda",rhp,0.051,538300
2017,"Pina, Manny",c,1.046,538200
2017,"Hathaway, Steve",lhp,0.065,538200
2017,"Arcia, Orlando",ss,0.062,538100
2017,"Alcantara, Arismendy",ss,0.145,538000
2017,"Drake, Oliver",lhp,0.094,538000
2017,"Haniger, Mitch",rf,0.047,538000
2017,"Difo, Wilmer",ss,0.11,537800
2017,"Machado, Dixon",ss,0.075,537800
2017,"Barnes, Jacob",rhp,0.123,537700
2017,"Jungmann, Taylor",rhp,1,537600
2017,"Conley, Adam",lhp-s,1.07,537500
2017,"Socolovich, Miguel",rhp,1.027,537500
2017,"Manaea, Sean",lhp-s,0.157,537500
2017,"Coulombe, Daniel",lhp,0.149,537500
2017,"Triggs, Andrew",rhp-s,0.123,537500
2017,"Montas, Frankie",rhp,0.106,537500
2017,"Cabrera, Mauricio",rhp,0.098,537500
2017,"Healy, Ryon",1b-dh,0.08,537500
2017,"Mengden, Daniel",rhp-s,0.076,537500
2017,"Whalen, Rob",rhp,0.061,537500
2017,"Stewart, Brock",rhp,0.037,537500
2017,"Susac, Andrew",c,1.092,537400
2017,"Alberto, Hanser",ss,1.023,537360
2017,"Mondesi, Raul A.",2b,0.069,537250
2017,"Kelly, Ty",2b-lf,0.076,537208
2017,"Motter, Taylor",of,0.049,537200
2017,"Gustave, Jandel",rhp,0.036,537200
2017,"Gallo, Joey",3b,0.103,537120
2017,"Hedges, Austin",c,0.166,537100
2017,"Hernandez, Gorkys",of,1.013,537000
2017,"Estevez, Carlos",rhp,0.162,537000
2017,"Garneau, Dustin",c,0.124,537000
2017,"Ogando, Nefi",rhp,0.123,537000
2017,"Reed, Cody",lhp,0.107,537000
2017,"Gonzalez, Alex ""Chi Chi""",rhp-s,0.078,537000
2017,"Dahl, David",lf,0.07,537000
2017,"Nicholas, Brett",c,0.056,537000
2017,"Murphy, Tom",c,0.055,537000
2017,"Scott, Robby",lhp,0.031,537000
2017,"Marquez, German",rhp,0.027,537000
2017,"Holder, Jonathan",rhp,0.031,536875
2017,"Smoker, Josh",lhp,0.046,536625
2017,"Gant, John",rhp,0.134,536600
2017,"Overton, Dillon",lhp-s,0.032,536600
2017,"Barraclough, Kyle",rhp,1.059,536500
2017,"Davidson, Matt",dh-3b,0.145,536500
2017,"Gore, Terrance",of,0.129,536500
2017,"Tuivailala, Sam",rhp,0.128,536500
2017,"Pazos, James",lhp,0.067,536500
2017,"Blach, Ty",lhp-s,0.03,536500
2017,"Ramirez, Jose A.",rhp,0.153,536250
2017,"Nimmo, Brandon",lf-cf,0.061,536240
2017,"Simmons, Shae",rhp,2.111,536200
2017,"Altavilla, Dan",rhp,0.037,536100
2017,"Jones, JaCoby",cf,0.034,536100
2017,"Paulino, David",rhp,0.027,536100
2017,"Aguilar, Jesus",1b,0.082,536000
2017,"Tilson, Charlie",of,0.062,536000
2017,"Leclerc, Jose",rhp,0.041,536000
2017,"Mancini, Trey",1b,0.015,536000
2017,"Renfroe, Hunter",rf,0.012,535900
2017,"Baumann, Buddy",lhp,0.125,535700
2017,"Armstrong, Shawn",rhp,0.074,535700
2017,"Margot, Manuel",cf,0.012,535600
2017,"Torres, Jose",lhp,0.012,535400
2017,"Asche, Cody",3b-lf,3.045,535000
2017,"Sanchez, Aaron",rhp-s,2.069,535000
2017,"Rojas, Miguel",ss,2.043,535000
2017,"Despaigne, Odrisamer",rhp,1.166,535000
2017,"Correa, Carlos",ss,1.119,535000
2017,"Buxton, Byron",cf,1.064,535000
2017,"Urena, Jose",rhp-s,1.04,535000
2017,"Wittgren, Nick",rhp,0.143,535000
2017,"Johnson, Micah",2b,0.083,535000
2017,"Reyes, Alex",rhp-s,0.055,535000
2017,"Selsky, Steve",of,0.043,535000
2017,"Brice, Austin",rhp,0.042,535000
2017,"Cardullo, Stephen",ss-of,0.038,535000
2017,"Stephenson, Robert",rhp,0.036,535000
2017,"Wendle, Joey",2b,0.033,535000
2017,"Minaya, Juan",rhp,0.032,535000
2017,"Peralta, Wandy",lhp,0.031,535000
2017,"Alcantara, Raul",rhp-s,0.028,535000
2017,"Martinez, Jose",lf-rf,0.027,535000
2017,"Cotton, Jharel",rhp-s,0.026,535000
2017,"Rodriguez, Joely",lhp,0.023,535000
2017,"Kivlehan, Patrick",3b,0.011,535000
2017,"Campos, Vicente",rhp,0.006,535000
2017,"Mejia, Adalberto",lhp-s,0.001,535000
2017,"Rivero, Armando",rhp,0,535000
2017,"Santander, Anthony",of,0,535000
2017,"Taylor, Ben",rhp,0,535000
2017,"Covey, Dylan",rhp,0,535000
2017,"May, Jacob",cf,0,535000
2017,"Astin, Barrett",rhp,0,535000
2017,"Davis, Rookie",rhp-s,0,535000
2017,"Garrett, Amir",lhp-s,0,535000
2017,"Travieso, Nick",rhp,0,535000
2017,"Turner, Stuart",c,0,535000
2017,"Diaz, Yandy",3b,0,535000
2017,"Freeland, Kyle",lhp-s,0,535000
2017,"Senzatela, Antonio",rhp-s,0,535000
2017,"Haley, Justin",rhp,0,535000
2017,"Knapp, Andrew",c,0,535000
2017,"Stassi, Brock",1b-of,0,535000
2017,"Cordoba, Allen",inf,0,535000
2017,"Diaz, Miguel",rhp,0,535000
2017,"Torrens, Luis",c,0,535000
2017,"Gadea, Kevin",rhp,0,535000
2017,"Pruitt, Austin",rhp,0,535000
2017,"Robertson, Daniel",ss,0,535000
2017,"Hauschild, Mike",rhp-s,0,535000
2017,"Robinson, Drew",2b,0,535000
2017,"Sparkman, Glenn",rhp,0,535000
2017,"Marmolejos, Jose",1b,0,535000
2017,"Gee, Dillon",rhp-s,5.108,
2017,"Hutchison, Drew",rhp-s,3.165,
2017,"Fields, Josh",rhp,3.092,
2017,"Workman, Brandon",rhp,3.018,
2017,"Gosewisch, Tuffy",c,2.154,
2017,"Whitley, Chase",rhp,2.125,
2017,"Quackenbush, Kevin",rhp,2.115,
2017,"Morin, Mike",rhp,2.11,
2017,"Blazek, Michael",rhp,2.067,
2017,"Martinez, Nick",rhp,2.046,
2017,"Hardy, Blaine",lhp,2.037,
2017,"Spangenberg, Cory",3b,2.028,
2017,"Burns, Billy",cf,2.02,
2017,"Garcia, Luis",rhp,2.017,
2017,"Kahnle, Tommy",rhp,2.015,
2017,"Murphy, John Ryan",c,2.012,
2017,"Kela, Keone",rhp,2,
2017,"Casali, Curt",c,1.17,
2017,"Hahn, Jesse",rhp,1.15,
2017,"Heston, Chris",rhp,1.14,
2017,"Swihart, Blake",c,1.133,
2017,"Pham, Tommy",of,1.129,
2017,"Goeddel, Erik",rhp,1.126,
2017,"Crockett, Kyle",lhp,1.119,
2017,"Liberatore, Adam",lhp,1.106,
2017,"Tucker, Preston",of,1.095,
2017,"Osich, Josh",lhp,1.094,
2017,"Ross, Joe",rhp-s,1.094,
2017,"Wisler, Matt",rhp-s,1.092,
2017,"Plawecki, Kevin",c,1.087,
2017,"Verrett, Logan",rhp,1.079,
2017,"VerHagen, Drew",rhp-s,1.079,
2017,"Frias, Carlos",rhp,1.076,
2017,"Butler, Eddie",rhp,1.074,
2017,"Brooks, Aaron",rhp,1.07,
2017,"Williams, Mason",of,1.07,
2017,"Marte, Ketel",ss,1.066,
2017,"Thompson, Trayce",of,1.063,
2017,"Gilmartin, Sean",lhp,1.054,
2017,"Burgos, Enrique",rhp,1.052,
2017,"Taylor, Chris",ss,1.037,
2017,"Farmer, Buck",rhp,1.031,
2017,"Wright, Mike",rhp,1.027,
2017,"Bonilla, Lisalverto",rhp,1.027,
2017,"Tomlinson, Kelby",2b,1.026,
2017,"Hernandez, Oscar",c,1.022,
2017,"Brown, Trevor",c,1.019,
2017,"Boshers, Buddy",lhp,1.009,
2017,"Schugel, A.J.",rhp,1.004,
2017,"Garcia, Jason",rhp,1.002,
2017,"Biddle, Jesse",lhp,1,
2017,"Cervenka, Hunter",lhp,1,
2017,"Diaz, Elias",c,0.167,
2017,"Goody, Nick",rhp,0.16,
2017,"Refsnyder, Rob",2b-of,0.158,
2017,"Adleman, Tim",rhp-s,0.155,
2017,"Nicolino, Justin",lhp-s,0.155,
2017,"Cravy, Tyler",rhp,0.146,
2017,"Gott, Trevor",rhp,0.145,
2017,"Grace, Matt",lhp,0.145,
2017,"Ellington, Brian",rhp,0.144,
2017,"Godley, Zack",rhp-s,0.142,
2017,"Buchanan, Jake",rhp,0.137,
2017,"Telis, Tomas",c,0.134,
2017,"White, Tyler",1b,0.13,
2017,"Gonzalez, Severino",rhp,0.127,
2017,"Ceciliani, Darrell",cf,0.127,
2017,"Bracho, Silvino",rhp,0.125,
2017,"Suarez, Albert",rhp-s,0.125,
2017,"Eibner, Brett",of,0.121,
2017,"Herrera, Dilson",2b,0.119,
2017,"Urshela, Giovanny",3b,0.118,
2017,"Stumpf, Daniel",lhp,0.114,
2017,"Eflin, Zach",rhp-s,0.111,
2017,"Marrero, Deven",ss,0.106,
2017,"Hernandez, Marco",ss,0.105,
2017,"Ramirez, Noe",rhp,0.102,
2017,"Merrifield, Whit",2b-lf,0.101,
2017,"Bleier, Richard",lhp,0.1,
2017,"Owens, Henry",lhp,0.1,
2017,"Reed, A.J.",1b,0.1,
2017,"Cowart, Kaleb",3b,0.099,
2017,"Urias, Julio",lhp-s,0.099,
2017,"Cessa, Luis",rhp,0.098,
2017,"Kemp, Tony",2b,0.097,
2017,"Alexander, Scott",lhp,0.097,
2017,"Garton, Ryan",rhp,0.097,
2017,"Severino, Pedro",c,0.094,
2017,"Rivera, Yadiel",ss,0.093,
2017,"Cole, A.J.",rhp-s,0.092,
2017,"Leathersich, Jack",lhp,0.091,
2017,"Campos, Leonel",rhp,0.089,
2017,"Blair, Aaron",rhp-s,0.088,
2017,"Jackson, Luke",rhp,0.088,
2017,"Reynolds, Matt",ss,0.087,
2017,"O'Brien, Peter",of,0.082,
2017,"Jenkins, Tyrell",rhp,0.082,
2017,"Martin, Rafael",rhp,0.08,
2017,"Clevinger, Mike",rhp,0.079,
2017,"Green, Chad",rhp-s,0.079,
2017,"Beck, Chris",rhp,0.074,
2017,"Berrios, Jose O.",rhp,0.074,
2017,"Colon, Joseph",rhp,0.072,
2017,"Maxwell, Bruce",c,0.072,
2017,"Curtis, Zac",lhp,0.071,
2017,"Faulkner, Andrew",lhp,0.071,
2017,"Shipley, Braden",rhp,0.07,
2017,"LaMarre, Ryan",cf,0.07,
2017,"Hicks, John",c,0.069,
2017,"Saupold, Warwick",rhp,0.068,
2017,"Asher, Alec",rhp-s,0.061,
2017,"Hoyt, James",rhp,0.061,
2017,"Mahle, Greg",lhp,0.059,
2017,"Thompson, Jake",rhp-s,0.058,
2017,"Segedin, Rob",1b,0.057,
2017,"Chargois, J.T.",rhp,0.057,
2017,"Light, Pat",rhp,0.054,
2017,"Gonzalez, Erik",3b,0.053,
2017,"Heller, Ben",rhp,0.053,
2017,"Hernandez, Teoscar",of,0.052,
2017,"Pounders, Brooks",rhp,0.051,
2017,"Weaver, Luke",rhp,0.051,
2017,"Wright, Daniel",rhp,0.05,
2017,"Okert, Steven",lhp,0.049,
2017,"Meyer, Alex",rhp-s,0.047,
2017,"Pinder, Chad",2b,0.047,
2017,"Alvarez, Dariel",of,0.045,
2017,"Pena, Felix",rhp,0.045,
2017,"Zastryzny, Rob",lhp,0.045,
2017,"Suter, Brent",lhp,0.045,
2017,"Lopez, Reynaldo",rhp,0.044,
2017,"Hoffman, Jeff",rhp,0.044,
2017,"Goodwin, Brian",of,0.044,
2017,"Gonzales, Marco",lhp,0.043,
2017,"Gamel, Ben",of,0.042,
2017,"Giolito, Lucas",rhp,0.039,
2017,"Barbato, Johnny",rhp,0.039,
2017,"Barnes, Danny",rhp,0.039,
2017,"Ynoa, Gabriel",rhp,0.038,
2017,"Brault, Steven",lhp-s,0.037,
2017,"Graterol, Juan",c,0.037,
2017,"Almonte, Miguel",rhp,0.036,
2017,"Aquino, Jayson",lhp,0.034,
2017,"German, Domingo",rhp,0.034,
2017,"Fulmer, Carson",rhp,0.033,
2017,"Garner, Perci",rhp,0.033,
2017,"Esch, Jacob",rhp,0.033,
2017,"Stratton, Chris",rhp,0.033,
2017,"Gamboa, Eddie",rhp,0.033,
2017,"Merritt, Ryan",lhp,0.032,
2017,"Hood, Destin",of,0.032,
2017,"Perez, Yefri",of,0.032,
2017,"Moncada, Yoan",2b-3b,0.031,
2017,"Tapia, Raimel",of,0.031,
2017,"Moran, Colin",3b,0.031,
2017,"Rodgers, Brady",rhp,0.031,
2017,"Dozier, Hunter",3b,0.031,
2017,"Magnifico, Damien",rhp,0.031,
2017,"Mendez, Yohander",lhp,0.031,
2017,"Dermody, Matt",lhp,0.031,
2017,"Reed, Michael",rf,0.029,
2017,"Kelly, Carson",c,0.029,
2017,"De Leon, Jose",rhp,0.029,
2017,"Mayers, Mike",rhp,0.028,
2017,"Koch, Matt",rhp,0.027,
2017,"Patterson, Jordan",rf,0.027,
2017,"Valaika, Pat",ss,0.027,
2017,"McCarthy, Kevin",rhp,0.027,
2017,"Cecchini, Gavin",ss,0.027,
2017,"Alfaro, Jorge",c,0.024,
2017,"Mills, Alec",rhp,0.022,
2017,"Quinn, Roman",of,0.022,
2017,"Wagner, Tyler",rhp,0.022,
2017,"Nunez, Renato",dh-3b,0.021,
2017,"Olson, Matt",1b,0.021,
2017,"Vogelbach, Dan",1b,0.021,
2017,"Lee, Chris",lhp,0.018,
2017,"Calixte, Orlando",ss,0.018,
2017,"Ruiz, Rio",3b,0.016,
2017,"Tolliver, Ashur",lhp,0.014,
2017,"Plutko, Adam",rhp,0.013,
2017,"Houser, Adrian",rhp,0.013,
2017,"Lopez, Jorge",rhp,0.013,
2017,"Rondon, Jose",ss,0.013,
2017,"Johnson, Brian",lhp,0.012,
2017,"Asuaje, Carlos",2b,0.012,
2017,"Lee, Zach",rhp,0.011,
2017,"Hursh, Jason",rhp,0.006,
2017,"Candelario, Jeimer",3b,0.006,
2017,"Smith, Chris",rhp,0.006,
2017,"Danish, Tyler",rhp,0.005,
2017,"Morris, Akeel",rhp,0.004,
2017,"Bridwell, Parker",rhp,0.004,
2017,"Garcia, Jarlin",lhp,0.004,
2017,"Guerrero, Tayron",rhp,0.004,
2017,"Moroff, Max",2b,0.004,
2017,"Blackburn, Clayton",rhp,0.004,
2017,"Morimando, Shawn",lhp,0.002,
2017,"Banda, Anthony",lhp,0,
2017,"Leyba, Domingo",2b-ss,0,
2017,"Lugo, Dawel",3b,0,
2017,"Reinheimer, Jack",ss,0,
2017,"Sherfy, Jimmie",rhp,0,
2017,"Vargas, Ildemaro",ss,0,
2017,"Camargo, Johan",2b,0,
2017,"Fried, Max",lhp,0,
2017,"Sims, Luke",rhp,0,
2017,"Gunkel, Joe",rhp,0,
2017,"Liranzo, Jesus",rhp,0,
2017,"Martin, Kyle",rhp,0,
2017,"Ysla, Luis",lhp,0,
2017,"Caratini, Victor",c,0,
2017,"Hannemann, Jacob",cf,0,
2017,"Johnson, Pierce",rhp,0,
2017,"Rosario, Jose",rhp,0,
2017,"Underwood, Duane",rhp,0,
2017,"Engel, Adam",of,0,
2017,"Garcia, Willy",of,0,
2017,"Goldberg, Brad",rhp,0,
2017,"Gonzalez, Alfredo",c,0,
2017,"Aquino, Aristides",rf,0,
2017,"Castillo, Luis",rhp,0,
2017,"Ervin, Phillip",of,0,
2017,"Hernandez, Ariel",rhp,0,
2017,"Mella, Keury",rhp,0,
2017,"Morris, A.J.",rhp,0,
2017,"Romano, Sal",rhp,0,
2017,"Stephens, Jackson",rhp,0,
2017,"Winker, Jesse",of,0,
2017,"Baker, Dylan",rhp,0,
2017,"Mejia, Francisco",c,0,
2017,"Almonte, Yency",rhp,0,
2017,"Carle, Shane",rhp,0,
2017,"Gonzalez, Rayan",rhp,0,
2017,"Jemiola, Zach",rhp,0,
2017,"Moll, Sam",lhp,0,
2017,"Alcantara, Victor",rhp,0,
2017,"Baez, Sandy",rhp,0,
2017,"Bell, Chad",lhp,0,
2017,"Jaye, Myles",rhp,0,
2017,"Labourt, Jairo",lhp,0,
2017,"Aplin, Andrew",of,0,
2017,"Guduan, Reymin",lhp,0,
2017,"Bonifacio, Jorge",of,0,
2017,"Duenez, Samir",of,0,
2017,"Edwards, Andrew",rhp,0,
2017,"Gallagher, Cam",c,0,
2017,"Junis, Jake",rhp,0,
2017,"Starling, Bubba",of,0,
2017,"Torres, Ramon",2b,0,
2017,"Zimmer, Kyle",rhp,0,
2017,"Fontana, Nolan",ss,0,
2017,"Middleton, Keynan",rhp,0,
2017,"Paredes, Eduardo",rhp,0,
2017,"Smith, Nate",lhp,0,
2017,"Farmer, Kyle",c,0,
2017,"Rhame, Jacob",rhp,0,
2017,"Nola, Austin",ss,0,
2017,"Riddle, J.T.",ss,0,
2017,"Steckenrider, Drew",rhp,0,
2017,"Brinson, Lewis",of,0,
2017,"Cordell, Ryan",of,0,
2017,"Hader, Josh",lhp,0,
2017,"Phillips, Brett",of,0,
2017,"Williams, Taylor",rhp,0,
2017,"Garver, Mitch",c,0,
2017,"Granite, Zach",of,0,
2017,"Jorge, Felix",rhp,0,
2017,"Melotakis, Mason",lhp,0,
2017,"Palka, Daniel",of,0,
2017,"Romero, Fernando",rhp,0,
2017,"Rosario, Randy",lhp,0,
2017,"Vielma, Engelb",ss,0,
2017,"Becerra, Wuilmer",of,0,
2017,"Flexen, Chris",rhp,0,
2017,"Molina, Marcos",rhp,0,
2017,"Nido, Tomas",c,0,
2017,"Rosario, Amed",ss,0,
2017,"Andujar, Miguel",3b,0,
2017,"Enns, Dietrich",lhp,0,
2017,"Gallegos, Giovanny",rhp,0,
2017,"Herrera, Ronald",rhp,0,
2017,"Higashioka, Kyle",c,0,
2017,"Mateo, Jorge",ss,0,
2017,"Ramirez, Yefrey",rhp,0,
2017,"Barreto, Franklin",ss,0,
2017,"Blackburn, Paul",rhp,0,
2017,"Brugman, Jaycob",of,0,
2017,"Munoz, Yairo",ss,0,
2017,"Wahl, Bobby",rhp,0,
2017,"Anderson, Drew",rhp,0,
2017,"Appel, Mark",rhp,0,
2017,"Cozens, Dylan",of,0,
2017,"Garcia, Elniery",lhp,0,
2017,"Lively, Ben",rhp,0,
2017,"Pinto, Ricardo",rhp,0,
2017,"Pivetta, Nick",rhp,0,
2017,"Tirado, Alberto",rhp,0,
2017,"Valentin, Jesmuel",2b,0,
2017,"Williams, Nick",of,0,
2017,"Bostick, Chris",2b,0,
2017,"Holmes, Clay",rhp,0,
2017,"Kingham, Nick",rhp,0,
2017,"Neverauskas, Dovydas",rhp,0,
2017,"Ngoepe, Gift",2b,0,
2017,"Osuna, Jose",of,0,
2017,"Cordero, Franchy",cf,0,
2017,"Guerra, Javier",ss,0,
2017,"Lockett, Walker",rhp,0,
2017,"Ruiz, Jose",rhp,0,
2017,"Crick, Kyle",rhp,0,
2017,"Gomez, Miguel",c,0,
2017,"Gregorio, Joan",rhp,0,
2017,"Johnson, Chase",rhp,0,
2017,"Moronta, Reyes",rhp,0,
2017,"Slania, Dan",rhp,0,
2017,"De Jong, Chase",rhp,0,
2017,"Fry, Paul",lhp,0,
2017,"Peterson, D.J.",1b,0,
2017,"Powell, Boog",of,0,
2017,"Vieira, Thyago",rhp,0,
2017,"Alvarez, Eli",2b,0,
2017,"Garcia, Anthony",of,0,
2017,"Sierra, Magneuris",of,0,
2017,"Sosa, Edmundo",ss,0,
2017,"Valera, Breyvic",2b,0,
2017,"Wick, Rowan",rhp,0,
2017,"Adames, Willy",ss,0,
2017,"Alvarado, Jose",lhp,0,
2017,"Faria, Jacob",rhp,0,
2017,"Guerrieri, Taylor",rhp,0,
2017,"Hu, Chih-Wei",rhp,0,
2017,"Schultz, Jaime",rhp,0,
2017,"Stanek, Ryne",rhp,0,
2017,"Wood, Hunter",rhp,0,
2017,"Guzman, Ronald",1b,0,
2017,"Sadzeck, Connor",rhp,0,
2017,"Alford, Anthony",of,0,
2017,"Borucki, Ryan",lhp,0,
2017,"Ramirez, Harold",of,0,
2017,"Urena, Richard",ss,0,
2017,"Adams, Austin",rhp,0,
2017,"Bautista, Rafael",of,0,
2017,"Cordero, Jimmy",rhp,0,
2017,"Read, Raudy",c,0,
2017,"Skole, Matt",3b,0,
2017,"Voth, Austin",rhp,0,
2016,"Kershaw, Clayton",lhp-s,7.105,34571429
2016,"Greinke, Zack",rhp-s,11.057,34000000
2016,"Price, David",lhp-s,6.164,30000000
2016,"Hamilton, Josh",lf,9,28410000
2016,"Cabrera, Miguel",1b,12.101,28000000
2016,"Verlander, Justin",rhp-s,10.002,28000000
2016,"Cespedes, Yoenis",lf,4,27500000
2016,"Hernandez, Felix",rhp-s,10.06,25857143
2016,"Howard, Ryan",1b,10.145,25000000
2016,"Lester, Jon",lhp-s,9.075,25000000
2016,"Pujols, Albert",1b,15,25000000
2016,"Sabathia, CC",lhp-s,15,25000000
2016,"Cano, Robinson",2b,10.153,24000000
2016,"Fielder, Prince",1b,10.068,24000000
2016,"Hamels, Cole",lhp-s,9.143,23500000
2016,"Teixeira, Mark",1b,13,23125000
2016,"Mauer, Joe",1b,12,23000000
2016,"Ramirez, Hanley",lf,10.014,22750000
2016,"Scherzer, Max",rhp-s,7.079,22142857
2016,"Upton, Justin",lf,8.06,22125000
2016,"Reyes, Jose",ss,12.111,22000000
2016,"Tanaka, Masahiro",rhp-s,2,22000000
2016,"Gonzalez, Adrian",1b,10.108,21857143
2016,"Kemp, Matt",rf,9.049,21750000
2016,"Heyward, Jason",rf,6,21666667
2016,"Crawford, Carl",lf,13.072,21607143
2016,"Werth, Jayson",lf,12.102,21571429
2016,"Ellsbury, Jacoby",cf,8.037,21142857
2016,"Davis, Chris",1b,6.061,21118782
2016,"Rodriguez, Alex",3b,21.011,21000000
2016,"Shields, James",rhp-s,9.125,21000000
2016,"Cain, Matt",rhp-s,10.038,20833333
2016,"Posey, Buster",c,5.161,20777777
2016,"Wilson, C.J.",lhp-s,10.055,20500000
2016,"Weaver, Jered",rhp-s,9.129,20200000
2016,"Porcello, Rick",rhp-s,6.17,20125000
2016,"Braun, Ryan",lf,8.129,20000000
2016,"Choo, Shin-Soo",lf,8.119,20000000
2016,"Tulowitzki, Troy",ss,9.033,20000000
2016,"Votto, Joey",1b,8.027,20000000
2016,"Wright, David",3b,11.075,20000000
2016,"Wainwright, Adam",rhp-s,10.027,19500000
2016,"Pence, Hunter",rf,8.156,18500000
2016,"Bailey, Homer",rhp-s,7.017,18000000
2016,"Beltre, Adrian",3b,17.096,18000000
2016,"Ethier, Andre",cf,9.153,18000000
2016,"Martinez, Victor",dh,12.114,18000000
2016,"Zimmermann, Jordan",rhp-s,6.154,18000000
2016,"Sandoval, Pablo",3b,7.047,17600000
2016,"Cueto, Johnny",rhp-s,8,17500000
2016,"Gonzalez, Carlos",cf,7.059,17428571
2016,"Holliday, Matt",lf,12,17000000
2016,"McCann, Brian",c,10.117,17000000
2016,"Sanchez, Anibal",rhp-s,9.099,16800000
2016,"Jones, Adam",cf,8.139,16333333
2016,"Trout, Mike",cf,4.07,16083333
2016,"Upton, Melvin Jr. (B.J.)",lf,9.126,16050000
2016,"Granderson, Curtis",rf,10.077,16000000
2016,"Lackey, John",rhp-s,13.095,16000000
2016,"Ortiz, David",dh,17.048,16000000
2016,"Anderson, Brett",lhp-s,7,15800000
2016,"Rasmus, Colby",cf-lf,7,15800000
2016,"Wieters, Matt",c,6.129,15800000
2016,"Danks, John",lhp-s,9,15750000
2016,"Andrus, Elvis",ss,7,15250000
2016,"Beltran, Carlos",rf,17.014,15000000
2016,"Martin, Russell",c,9.15,15000000
2016,"Peavy, Jake",rhp-s,13.101,15000000
2016,"Swisher, Nick",1b-of,,15000000
2016,"Cruz, Nelson",dh-rf,8.082,14250000
2016,"Molina, Yadier",c,11.123,14200000
2016,"Bautista, Jose",rf,10.165,14000000
2016,"Bourn, Michael",of,,14000000
2016,"Cabrera, Melky",lf,9.148,14000000
2016,"Kinsler, Ian",2b,10,14000000
2016,"Montero, Miguel",c,9.031,14000000
2016,"Zimmerman, Ryan",1b,10.032,14000000
2016,"Liriano, Francisco",lhp-s,9.104,13666667
2016,"Gardner, Brett",lf,7.072,13500000
2016,"Santana, Ervin",rhp-s,10.101,13500000
2016,"McCutchen, Andrew",cf,6.123,13208333
2016,"Harrison, Matt",lhp-s,7.083,13200000
2016,"Pedroia, Dustin",2b,9.041,13125000
2016,"Buchholz, Clay",rhp-s,7.059,13000000
2016,"Headley, Chase",3b,7.123,13000000
2016,"Jackson, Edwin",rhp-s,10.064,13000000
2016,"Jimenez, Ubaldo",rhp-s,8.087,13000000
2016,"Phillips, Brandon",2b,11.022,13000000
2016,"Kazmir, Scott",lhp-s,9.119,12666667
2016,"Bruce, Jay",rf,7.125,12541667
2016,"Chen, Wei-Yin",lhp-s,4,12500000
2016,"De La Rosa, Jorge",lhp-s,11.015,12500000
2016,"Garza, Matt",rhp-s,8.149,12500000
2016,"Hardy, J.J.",ss,10.164,12500000
2016,"McCarthy, Brandon",rhp-s,9.122,12500000
2016,"Peralta, Jhonny",ss,11.118,12500000
2016,"Freeman, Freddie",1b,5.033,12359375
2016,"Gonzalez, Gio",lhp-s,6.162,12100000
2016,"Longoria, Evan",3b,7.17,12100000
2016,"Dickey, R.A.",rhp-s,10.007,12000000
2016,"Gordon, Alex",lf,8.092,12000000
2016,"Hill, Aaron",2b,10.136,12000000
2016,"Leake, Mike",rhp-s,6,12000000
2016,"Nolasco, Ricky",rhp-s,9.142,12000000
2016,"Abreu, Jose",1b,2,11666667
2016,"Butler, Billy",dh-1b,8.102,11666667
2016,"Donaldson, Josh",3b,3.158,11650000
2016,"Estrada, Marco",rhp-s,6.035,11500000
2016,"Garcia, Jaime",lhp-s,7.047,11500000
2016,"Chapman, Aroldis",lhp-c,5.034,11325000
2016,"Castillo, Rusney",of,0.115,11271429
2016,"Kimbrel, Craig",rhp-c,5.066,11250000
2016,"Pagan, Angel",lf,9.144,11250000
2016,"Crisp, Covelli",cf,12.158,11000000
2016,"Iwakuma, Hisashi",rhp-s,4,11000000
2016,"Markakis, Nick",rf,10,11000000
2016,"Papelbon, Jonathan",rhp-c,10.064,11000000
2016,"Prado, Martin",3b,8.105,11000000
2016,"Robertson, David",rhp-c,7.07,11000000
2016,"Samardzija, Jeff",rhp-s,6.028,10800000
2016,"Arrieta, Jake",rhp-s,4.145,10700000
2016,"Jansen, Kenley",rhp-c,5.073,10650000
2016,"Walker, Neil",2b,5.166,10550000
2016,"Zobrist, Ben",2b,8.134,10500000
2016,"Strasburg, Stephen",rhp-s,5.118,10400000
2016,"Darvish, Yu",rhp-s,4,10000000
2016,"Encarnacion, Edwin",1b,10.085,10000000
2016,"Happ, J.A.",lhp-s,7.047,10000000
2016,"Holland, Derek",lhp-s,6.12,10000000
2016,"Kendrick, Howie",2b,9.091,10000000
2016,"Bumgarner, Madison",lhp-s,5.127,9950000
2016,"Melancon, Mark",rhp,5.098,9650000
2016,"Ross, Tyson",rhp-s,4.126,9625000
2016,"Volquez, Edinson",rhp-s,8.059,9500000
2016,"Hughes, Phil",rhp-s,8.113,9200000
2016,"Sale, Chris",lhp-s,5.061,9150000
2016,"Trumbo, Mark",rf-1b,5.027,9150000
2016,"Niese, Jon",lhp-s,6.107,9050000
2016,"Craig, Allen",1b-of,,9000000
2016,"Gallardo, Yovani",rhp-s,8.108,9000000
2016,"Gomez, Carlos",cf,8.141,9000000
2016,"Hammel, Jason",rhp-s,8.153,9000000
2016,"Miller, Andrew",lhp,7.062,9000000
2016,"Morales, Kendrys",dh-1b,7.17,9000000
2016,"Romo, Sergio",rhp,7.097,9000000
2016,"Stanton, Giancarlo",rf,5.118,9000000
2016,"Uehara, Koji",rhp-c,7,9000000
2016,"Aybar, Erick",ss,9.086,8750000
2016,"Olivera, Hector",2b-3b,0.034,8666666
2016,"Morse, Michael",1b-lf,8.114,8500000
2016,"Ruiz, Carlos",c,9.069,8500000
2016,"Vargas, Jason",lhp-s,8.114,8500000
2016,"Santana, Carlos",dh-1b,5.115,8450000
2016,"Storen, Drew",rhp,5.14,8375000
2016,"Cabrera, Asdrubal",ss-2b,8.027,8250000
2016,"Frazier, Todd",3b,4.071,8250000
2016,"Hosmer, Eric",1b,4.146,8250000
2016,"Moss, Brandon",1b,5.16,8250000
2016,"Maybin, Cameron",cf,6.073,8100000
2016,"Benoit, Joaquin",rhp,13.04,8000000
2016,"Davis, Wade",rhp-c,6.032,8000000
2016,"Desmond, Ian",lf-ss,6.027,8000000
2016,"Feldman, Scott",rhp-s,9.091,8000000
2016,"Fowler, Dexter",cf,6.168,8000000
2016,"Lind, Adam",1b-dh,8.058,8000000
2016,"Morton, Charlie",rhp-s,7.01,8000000
2016,"Murphy, Daniel",2b,6.109,8000000
2016,"Parra, Gerardo",rf,6.145,8000000
2016,"Pelfrey, Mike",rhp-s,8.122,8000000
2016,"Seager, Kyle",3b,4.085,8000000
2016,"Street, Huston",rhp-c,11,8000000
2016,"Castro, Starlin",2b,5.15,7857142
2016,"Ryu, Hyun-Jin",lhp-s,3,7833333
2016,"Infante, Omar",2b,12.12,7750000
2016,"Guerrero, Alexander",2b,1.031,7500000
2016,"Johnson, Chris",3b,5.144,7500000
2016,"Kennedy, Ian",rhp-s,6.124,7500000
2016,"Lowrie, Jed",ss,7.111,7500000
2016,"Lynn, Lance",rhp-s,4.119,7500000
2016,"Rodriguez, Francisco",rhp-c,12.115,7500000
2016,"Tomas, Yasmany",lf,1,7500000
2016,"Brantley, Michael",lf,5.131,7375000
2016,"Colon, Bartolo",rhp-s,17.061,7250000
2016,"Keuchel, Dallas",lhp-s,3.089,7250000
2016,"Plouffe, Trevor",3b,4.162,7250000
2016,"Puig, Yasiel",rf,2.119,7214286
2016,"Cashner, Andrew",rhp-s,5.126,7150000
2016,"Escobar, Yunel",2b-ss,8.121,7000000
2016,"Fister, Doug",rhp-s,6.058,7000000
2016,"Hellickson, Jeremy",rhp-s,5.045,7000000
2016,"Napoli, Mike",1b,9.151,7000000
2016,"Soria, Joakim",rhp,9,7000000
2016,"Utley, Chase",2b,12.027,7000000
2016,"Jay, Jon",cf,5.134,6850000
2016,"Britton, Zach",lhp,3.158,6750000
2016,"Gregerson, Luke",rhp-c,7,6750000
2016,"Martinez, J.D.",rf,4.036,6750000
2016,"Smith, Seth",lf-rf,7.119,6750000
2016,"Duda, Lucas",1b,4.137,6725000
2016,"Madson, Ryan",rhp,10.155,6666667
2016,"Reddick, Josh",rf,5.05,6575000
2016,"Cain, Lorenzo",cf,4.074,6500000
2016,"Carpenter, Matt",3b,4.012,6500000
2016,"Casilla, Santiago",rhp-c,8.148,6500000
2016,"Neshek, Pat",rhp,7.159,6500000
2016,"Young, Chris",rf,9.039,6500000
2016,"Richards, Garrett",rhp-s,3.148,6425000
2016,"Perkins, Glen",lhp-c,8.01,6300000
2016,"Howell, J.P.",lhp,9.007,6250000
2016,"Logan, Boone",lhp,8.14,6250000
2016,"Revere, Ben",cf,4.149,6250000
2016,"Tillman, Chris",rhp-s,4.113,6225000
2016,"Belt, Brandon",1b,4.128,6200000
2016,"Wood, Travis",lhp,5.004,6170000
2016,"Kipnis, Jason",2b,4.069,6166667
2016,"Valbuena, Luis",3b,5.148,6125000
2016,"Clippard, Tyler",rhp,6.148,6100000
2016,"Crawford, Brandon",ss,4.094,6000000
2016,"Hill, Rich",lhp-s,6.127,6000000
2016,"Lewis, Colby",rhp-s,9.132,6000000
2016,"Miley, Wade",lhp-s,4.044,6000000
2016,"O'Day, Darren",rhp,7.103,6000000
2016,"Simmons, Andrelton",ss,3.125,6000000
2016,"Sipp, Tony",lhp,6.1,6000000
2016,"Suzuki, Kurt",c,8.113,6000000
2016,"Goldschmidt, Paul",1b,4.059,5850000
2016,"Alvarez, Pedro",1b,5.085,5750000
2016,"De Aza, Alejandro",cf-lf,6.139,5750000
2016,"Moreland, Mitch",dh-1b,5.067,5700000
2016,"Eovaldi, Nate",rhp-s,4.013,5600000
2016,"Moustakas, Mike",3b,4.111,5600000
2016,"Rosenthal, Trevor",rhp-c,3.058,5600000
2016,"Aoki, Nori",rf,4,5500000
2016,"Hochevar, Luke",rhp,7.151,5500000
2016,"Lowe, Mark",rhp,7.159,5500000
2016,"Medlen, Kris",rhp-s,6.137,5500000
2016,"Ziegler, Brad",rhp-c,7.122,5500000
2016,"Quintana, Jose",lhp-s,3.133,5400000
2016,"Bastardo, Antonio",lhp,6.054,5375000
2016,"Ramos, Wilson",c,5.047,5350000
2016,"Jepsen, Kevin",rhp,5.163,5312500
2016,"Reed, Addison",rhp,4.001,5300000
2016,"Rizzo, Anthony",1b,3.168,5285714
2016,"Davis, Rajai",lf,8.167,5250000
2016,"Escobar, Alcides",ss,6.082,5250000
2016,"Harrison, Josh",3b-ss,4.033,5250000
2016,"Smith, Joe",rhp,8.091,5250000
2016,"Moore, Matt",lhp-s,4,5100000
2016,"Turner, Justin",3b,5.045,5100000
2016,"Mesoraco, Devin",c,4.028,5025000
2016,"Arenado, Nolan",3b,2.155,5000000
2016,"Castro, Jason",c,5.104,5000000
2016,"Duke, Zach",lhp,9.054,5000000
2016,"Harper, Bryce",rf,3.159,5000000
2016,"Jackson, Austin",cf,6,5000000
2016,"Lopez, Javier",lhp,10.167,5000000
2016,"Machado, Manny",3b,3.056,5000000
2016,"Motte, Jason",rhp-c,7.027,5000000
2016,"Santiago, Hector",lhp-s,4.016,5000000
2016,"Span, Denard",cf,7.111,5000000
2016,"Coghlan, Chris",lf,5.148,4800000
2016,"McGee, Jake",lhp,4.127,4800000
2016,"Pearce, Steve",1b-lf,6.116,4750000
2016,"Kluber, Corey",rhp-s,3.074,4700000
2016,"Axford, John",rhp,5.17,4500000
2016,"Carrasco, Carlos",rhp-s,4.147,4500000
2016,"Ellis, A.J.",c,5.151,4500000
2016,"Milone, Tom",lhp-s,3.143,4500000
2016,"Strop, Pedro",rhp,4.156,4400000
2016,"Lucroy, Jonathan",c,5.136,4350000
2016,"Miller, Shelby",rhp-s,3.03,4350000
2016,"Harvey, Matt",rhp-s,3.072,4325000
2016,"Pineda, Michael",rhp-s,4.099,4300000
2016,"Alvarez, Henderson",rhp-s,4.051,4250000
2016,"Cahill, Trevor",rhp,6.098,4250000
2016,"Iannetta, Chris",c,9.013,4250000
2016,"Young, Chris",rhp-s,9.162,4250000
2016,"Duffy, Danny",lhp-s,4.085,4225000
2016,"Morrison, Logan",1b,5.069,4200000
2016,"Rondon, Hector",rhp-c,3,4200000
2016,"Allen, Cody",rhp,3.076,4150000
2016,"Martin, Leonys",cf,3.078,4150000
2016,"Lawrie, Brett",2b,4.055,4125000
2016,"Familia, Jeurys",rhp-c,3.03,4100000
2016,"Nova, Ivan",rhp-s,5.024,4100000
2016,"Blanton, Joe",rhp,9.158,4000000
2016,"Blevins, Jerry",lhp,6.081,4000000
2016,"Chavez, Jesse",rhp,5.108,4000000
2016,"Cishek, Steve",rhp-c,4.143,4000000
2016,"Cobb, Alex",rhp-s,4.061,4000000
2016,"Gyorko, Jedd",2b,2.164,4000000
2016,"Jaso, John",1b,6.032,4000000
2016,"Kelley, Shawn",rhp,6.128,4000000
2016,"Navarro, Dioner",c,9.091,4000000
2016,"Uribe, Juan",3b,14.089,4000000
2016,"Blanco, Gregor",cf-lf,5.164,3900000
2016,"Feliz, Neftali",rhp,5.151,3900000
2016,"Hernandez, David",rhp,6.095,3900000
2016,"Matusz, Brian",lhp,5.156,3900000
2016,"Smoak, Justin",1b,5.077,3900000
2016,"Cecil, Brett",lhp,5.152,3800000
2016,"Broxton, Jonathan",rhp,10.02,3750000
2016,"Smyly, Drew",lhp-s,3.154,3750000
2016,"Castillo, Welington",c,4.009,3700000
2016,"Hanigan, Ryan",c,7.077,3700000
2016,"Altuve, Jose",2b,4.072,3687500
2016,"Walden, Jordan",rhp,5.043,3675000
2016,"Soler, Jorge",lf-rf,1.033,3666667
2016,"Blackmon, Charlie",of,3.102,3500000
2016,"Cervelli, Francisco",c,5.146,3500000
2016,"Grilli, Jason",rhp,9.016,3500000
2016,"Koehler, Tom",rhp-s,3.016,3500000
2016,"Pollock, A.J.",cf,3.052,3500000
2016,"Teheran, Julio",rhp-s,3.062,3466666
2016,"Dunn, Michael",lhp,5.079,3450000
2016,"Watson, Tony",lhp,4.101,3450000
2016,"Calhoun, Kole",rf,2.13,3400000
2016,"Ramos, A.J.",rhp-c,3.03,3400000
2016,"Tazawa, Junichi",rhp,5.086,3375000
2016,"Marte, Starling",lf,3.07,3333333
2016,"Gattis, Evan",dh-lf,3,3300000
2016,"Gordon, Dee",2b,3.154,3300000
2016,"Jennings, Desmond",lf,4.101,3300000
2016,"Tolleson, Shawn",rhp-c,3.122,3275000
2016,"Iglesias, Raisel",rhp-s,0.154,3214286
2016,"Ackley, Dustin",lf,4.087,3200000
2016,"Hundley, Nick",c,7.059,3150000
2016,"Perez, Martin",lhp-s,3.038,3150000
2016,"Valencia, Danny",3b,4.064,3150000
2016,"Maeda, Kenta",rhp-s,0,3125000
2016,"Wilhelmsen, Tom",rhp,4.091,3100000
2016,"Locke, Jeff",lhp-s,3.02,3025000
2016,"Dozier, Brian",2b,3.1,3000000
2016,"Drew, Stephen",2b-ss,9.038,3000000
2016,"Freese, David",3b,6.028,3000000
2016,"Latos, Mat",rhp-s,6.079,3000000
2016,"LeMahieu, D.J.",2b,3.128,3000000
2016,"Nicasio, Juan",rhp,4.084,3000000
2016,"Perez, Oliver",lhp,11.058,3000000
2016,"Pierzynski, A.J.",c,15.1,3000000
2016,"Ramirez, Alexei",ss,8,3000000
2016,"Lyles, Jordan",rhp-s,4.06,2975000
2016,"Rzepczynski, Marc",lhp,5.132,2950000
2016,"Cozart, Zack",ss,4.084,2925000
2016,"Norris, Derek",c,3.102,2925000
2016,"Archer, Chris",rhp-s,2.156,2916667
2016,"Saunders, Michael",lf,5.138,2900000
2016,"Espinosa, Danny",ss,4.113,2875000
2016,"Fernandez, Jose",rhp-s,3,2800000
2016,"Grandal, Yasmani",c,3.115,2800000
2016,"Kim, Hyun-soo",lf-1b,0,2800000
2016,"Peralta, Wily",rhp-s,3.033,2800000
2016,"Rendon, Anthony",3b,2.13,2800000
2016,"Soto, Geovany",c,8.096,2800000
2016,"Eaton, Adam",cf,3.03,2750000
2016,"Park, Byung Ho",dh-1b,0,2750000
2016,"Shaw, Bryan",rhp,4.081,2750000
2016,"Chisenhall, Lonnie",3b,3.158,2725000
2016,"Hudson, Daniel",rhp,5.117,2700000
2016,"Alonso, Yonder",1b,4.116,2650000
2016,"Hechavarria, Adeiny",ss,3.06,2625000
2016,"Kelly, Joe",rhp-s,3.101,2600000
2016,"Reynolds, Mark",1b,8.138,2600000
2016,"Segura, Jean",ss,3.065,2600000
2016,"Worley, Vance",rhp-s,3.112,2600000
2016,"Gomes, Yan",c,3.083,2583333
2016,"Herrera, Kelvin",rhp,3.157,2550000
2016,"Corbin, Patrick",lhp-s,3.105,2525000
2016,"Avila, Alex",c,6.061,2500000
2016,"Carter, Chris",dh-1b,3.159,2500000
2016,"Johnson, Jim",rhp-c,7.161,2500000
2016,"Kang, Jung-Ho",ss,1,2500000
2016,"Lagares, Juan",cf,2.16,2500000
2016,"Norris, Bud",rhp-s,6.068,2500000
2016,"Oh, Seung-hwan",rhp,0,2500000
2016,"Pena, Brayan",c,8.081,2500000
2016,"Petit, Yusmeiro",rhp,5.016,2500000
2016,"Phelps, David",rhp-s,3.156,2500000
2016,"Rodriguez, Sean",2b-3b,6.133,2500000
2016,"Ross, David",c,13.001,2500000
2016,"Gregorius, Didi",ss,2.159,2425000
2016,"Salas, Fernando",rhp,5.048,2400000
2016,"Ramirez, Erasmo",rhp-s,2.158,2375000
2016,"De La Rosa, Rubby",rhp-s,3.097,2350000
2016,"Fien, Casey",rhp,3.143,2275000
2016,"Forsythe, Logan",2b,4.113,2250000
2016,"Qualls, Chad",rhp-c,11.058,2250000
2016,"Tomlin, Josh",rhp,5.033,2250000
2016,"Hughes, Jared",rhp,3.162,2175000
2016,"Escobar, Eduardo",ss,3.128,2150000
2016,"Descalso, Daniel",3b-ss,5.016,2100000
2016,"Garcia, Avisail",rf,2.167,2100000
2016,"Iglesias, Jose",ss,3.036,2100000
2016,"Mercer, Jordy",ss,3.095,2075000
2016,"Albers, Matt",rhp,8.141,2000000
2016,"Aviles, Mike",inf,7.091,2000000
2016,"Bourjos, Peter",rf,5.062,2000000
2016,"Doubront, Felix",lhp-s,4.041,2000000
2016,"Flowers, Tyler",c,4.148,2000000
2016,"Galvis, Freddy",ss,3.021,2000000
2016,"Gee, Dillon",rhp-s,4.108,2000000
2016,"Gonzalez, Marwin",2b-ss,3.133,2000000
2016,"Hunter, Tommy",rhp,6.066,2000000
2016,"Johnson, Kelly",3b,10.127,2000000
2016,"Minor, Mike",lhp-s,4.138,2000000
2016,"Morales, Franklin",lhp,7.007,2000000
2016,"Ogando, Alexi",rhp,5.114,2000000
2016,"Perez, Salvador",c,4.05,2000000
2016,"Richard, Clayton",lhp,5.163,2000000
2016,"Rollins, Jimmy",ss,15.015,2000000
2016,"Sierra, Yaisel",rhp,0,2000000
2016,"Simon, Alfredo",rhp-s,6.142,2000000
2016,"Suzuki, Ichiro",rf,15,2000000
2016,"Vogelsong, Ryan",rhp-s,9.02,2000000
2016,"Fuld, Sam",of,5.14,1925000
2016,"Collmenter, Josh",rhp,5,1850000
2016,"Bundy, Dylan",rhp,0.026,1800000
2016,"O'Flaherty, Eric",lhp,8.062,1750000
2016,"Dyson, Jarrod",cf,4.088,1725000
2016,"Warren, Adam",rhp-s,3.036,1700000
2016,"Bauer, Trevor",rhp-s,1.158,1697500
2016,"Adams, Matt",1b,3.033,1650000
2016,"Ruggiano, Justin",cf,4.123,1650000
2016,"Furbush, Charlie",lhp,4.121,1600000
2016,"Rodney, Fernando",rhp-c,12.137,1600000
2016,"Thornton, Matt",lhp,11.129,1600000
2016,"Doolittle, Sean",lhp-c,3.122,1580000
2016,"Chirinos, Robinson",c,3.103,1550000
2016,"Wilson, Justin",lhp,3.035,1525000
2016,"Barnette, Tony",rhp,0,1500000
2016,"Breslow, Craig",lhp,8.088,1500000
2016,"Capuano, Chris",lhp-s,10.152,1500000
2016,"Conger, Hank",c,4.051,1500000
2016,"Flaherty, Ryan",3b-ss,4,1500000
2016,"Gutierrez, Franklin",lf,8.011,1500000
2016,"Mathis, Jeff",c,9.012,1500000
2016,"Pennington, Cliff",ss-2b,6.114,1500000
2016,"Raburn, Ryan",lf-rf,8.109,1500000
2016,"Russell, James",lhp,5.122,1500000
2016,"Sogard, Eric",2b,4.064,1500000
2016,"Tejada, Ruben",ss,5,1500000
2016,"Villanueva, Carlos",rhp,9.03,1500000
2016,"Weeks, Rickie",2b-of,10.036,1500000
2016,"Collins, Tim",lhp,4.097,1475000
2016,"Nunez, Eduardo",ss-2b,4.09,1475000
2016,"Smith, Will",lhp,2.155,1475000
2016,"Blanco, Andres",ss,5.007,1450000
2016,"Gomez, Jeanmar",rhp,4.063,1400000
2016,"Hoover, J.J.",rhp-c,3.102,1400000
2016,"Maness, Seth",rhp,2.154,1400000
2016,"Avilan, Luis",lhp,3.077,1390000
2016,"Lobaton, Jose",c,4.138,1387500
2016,"Nava, Daniel",lf,4.045,1375000
2016,"Amarista, Alexi",2b-ss,4.053,1350000
2016,"Morris, Bryan",rhp,3.011,1350000
2016,"Pomeranz, Drew",lhp-s,3.013,1350000
2016,"Stewart, Chris",c,5.091,1350000
2016,"McAllister, Zach",rhp-s,3.077,1300000
2016,"Ottavino, Adam",rhp,4.087,1300000
2016,"Reimold, Nolan",lf,5.113,1300000
2016,"Toscano, Dian",of,,1300000
2016,"Delgado, Randall",rhp,3.1,1275000
2016,"Grimm, Justin",rhp,2.17,1275000
2016,"Diekman, Jake",lhp,3.05,1255000
2016,"Beckham, Gordon",2b,6.123,1250000
2016,"Belisle, Matt",rhp,10.019,1250000
2016,"Bonifacio, Emilio",2b-3b,,1250000
2016,"Brach, Brad",rhp,3.063,1250000
2016,"Heisey, Chris",of,5.042,1250000
2016,"Peralta, Joel",rhp,9.132,1250000
2016,"Ross, Robbie",lhp,3.1,1250000
2016,"Wong, Kolten",2b,2.045,1250000
2016,"Van Slyke, Scott",of-1b,2.151,1225000
2016,"Narveson, Chris",lhp,4.073,1200000
2016,"Ventura, Yordano",rhp-s,2.013,1200000
2016,"Guyer, Brandon",of,3.066,1185000
2016,"Butera, Drew",c,5.018,1162500
2016,"Kontos, George",rhp,2.171,1150000
2016,"Maldonado, Martin",c,3.156,1125000
2016,"Cook, Ryan",rhp,3.086,1100000
2016,"Hatcher, Chris",rhp,2.146,1065000
2016,"Barney, Darwin",2b,4.085,1050000
2016,"Loup, Aaron",lhp,3.083,1050000
2016,"Rodriguez, Fernando",rhp,4.032,1050000
2016,"Barnes, Brandon",lf-cf,3.024,1000000
2016,"Byrd, Marlon",lf,11.115,1000000
2016,"Chatwood, Tyler",rhp-s,4.039,1000000
2016,"Cowgill, Collin",cf-rf,3.151,1000000
2016,"Detwiler, Ross",lhp-s,6.002,1000000
2016,"Floyd, Gavin",rhp,9.045,1000000
2016,"Francoeur, Jeff",rf,9.075,1000000
2016,"Gentry, Craig",cf-rf,4.152,1000000
2016,"Joyce, Matt",of,6.123,1000000
2016,"Lee, Dae-ho",1b,0,1000000
2016,"Luebke, Cory",lhp,5.033,1000000
2016,"McGowan, Dustin",rhp,8.17,1000000
2016,"Wallace, Brett",1b,3.003,1000000
2016,"Wang, Chien-Ming",rhp-s,8.016,1000000
2016,"Webb, Ryan",rhp,6.003,1000000
2016,"Yelich, Christian",lf,2.069,1000000
2016,"Capps, Carter",rhp,3.007,987500
2016,"Gimenez, Chris",c,3.163,975000
2016,"Putnam, Zach",rhp,2.135,975000
2016,"Boyer, Blaine",rhp,6.07,950000
2016,"Torres, Carlos",rhp,3.114,950000
2016,"Burriss, Emmanuel",ss,3.164,925000
2016,"Fields, Josh",rhp,3,900000
2016,"Jones, Nate",rhp-c,4,900000
2016,"Moore, Tyler",1b-of,,900000
2016,"Romine, Andrew",ss-2b,3.049,900000
2016,"Scheppers, Tanner",rhp,3.094,900000
2016,"Vizcaino, Arodys",rhp,2.168,897500
2016,"Eveland, Dana",lhp,4.055,895000
2016,"Kratz, Erik",c,3.075,850000
2016,"Parker, Jarrod",rhp-s,4,850000
2016,"Jennings, Dan",lhp,2.171,810000
2016,"Scribner, Evan",rhp,2.142,807500
2016,"Ohlendorf, Ross",rhp,6.108,800000
2016,"Rosales, Adam",inf,5.163,800000
2016,"Thole, Josh",c,4.165,800000
2016,"Manship, Jeff",rhp,2.13,765000
2016,"Coleman, Louis",rhp,3.018,725000
2016,"Gurka, Jason",lhp,0.038,660000
2016,"Bryant, Kris",3b,0.171,652000
2016,"Bogaerts, Xander",ss,2.042,650000
2016,"Choi, Ji-Man",1b,0,650000
2016,"Edgin, Josh",lhp,3.015,625000
2016,"deGrom, Jacob",rhp-s,1.139,607000
2016,"Holt, Brock",ss,2.052,606000
2016,"Henderson, Jim",rhp,2.07,600000
2016,"Wood, Blake",rhp,3.131,600000
2016,"Gibson, Kyle",rhp,2.056,587500
2016,"Fryer, Eric",c,1.108,575000
2016,"Kensing, Logan",rhp,4.086,575000
2016,"Hicks, Aaron",of,2.041,574000
2016,"Hamilton, Billy",cf,2.028,570000
2016,"Ozuna, Marcell",cf,2.124,570000
2016,"Betts, Mookie",cf,1.07,566000
2016,"Layne, Tommy",lhp,1.144,563750
2016,"Romine, Austin",c,2.045,556000
2016,"Cosart, Jarred",rhp-s,2.02,550000
2016,"Gearrin, Cory",rhp,2.136,550000
2016,"Cole, Gerrit",rhp-s,2.111,548000
2016,"Sano, Miguel Jean",rf,0.095,547500
2016,"Bradley, Jackie Jr.",cf,1.15,546500
2016,"Wheeler, Zack",rhp-s,2.098,546250
2016,"May, Trevor",rhp,1.051,545000
2016,"Panik, Joe",2b,1.1,545000
2016,"Suarez, Eugenio",ss-2b,1.061,545000
2016,"Roark, Tanner",rhp-s,2.055,543400
2016,"d'Arnaud, Travis",c,2.044,542604
2016,"Rosario, Eddie",lf,0.154,542500
2016,"Hendricks, Kyle",rhp-s,1.081,541000
2016,"Lindor, Francisco",ss,0.113,540300
2016,"DeSclafani, Anthony",rhp,1.062,540000
2016,"Workman, Brandon",rhp,2.018,539500
2016,"Martinez, Carlos",rhp-s,2.073,539000
2016,"Siegrist, Kevin",lhp,2.116,539000
2016,"Wacha, Michael",rhp-s,2.062,539000
2016,"Bour, Justin",1b,1.064,537500
2016,"Duffy, Matt",3b,1.059,537500
2016,"Santana, Danny",ss,1.111,537500
2016,"Castellanos, Nick",3b,2.029,536500
2016,"Salazar, Danny",rhp-s,1.162,536200
2016,"Syndergaard, Noah",rhp-s,0.149,535375
2016,"Arcia, Oswaldo",lf-rf,2.02,535000
2016,"Culberson, Charlie",inf,1.137,535000
2016,"Petricka, Jake",rhp,2.044,535000
2016,"Polanco, Gregory",rf,1.103,535000
2016,"Sands, Jerry",of-1b,1.142,535000
2016,"Robinson, Clint",1b,1.028,534900
2016,"Shreve, Chasen",lhp,1.041,533400
2016,"Nuno, Vidal",lhp,2.015,532900
2016,"Caminero, Arquimedes",rhp,1.06,532500
2016,"Giavotella, Johnny",2b,2.055,532500
2016,"Realmuto, J.T.",c,1.038,532500
2016,"Gausman, Kevin",rhp-s,1.151,532000
2016,"La Stella, Tommy",2b,1.124,532000
2016,"Owings, Chris",2b,2.027,530500
2016,"Asche, Cody",3b-lf,2.062,530000
2016,"Cingrani, Tony",lhp,2.088,530000
2016,"Heston, Chris",rhp-s,1.027,530000
2016,"Shoemaker, Matt",rhp-s,1.166,530000
2016,"Wood, Alex",lhp-s,2.123,530000
2016,"Peralta, David",rf,1.12,529600
2016,"McHugh, Collin",rhp-s,2.085,529000
2016,"Smith, Carson",rhp,1.028,529000
2016,"Murphy, John Ryan",c,1.12,528700
2016,"Walker, Taijuan",rhp-s,1.142,528600
2016,"Giles, Ken",rhp,1.113,528200
2016,"Herrera, Odubel",cf,1,528000
2016,"Miller, Brad",ss,2.094,527600
2016,"Gray, Sonny",rhp-s,2.061,527500
2016,"Vogt, Stephen",c,2.084,527500
2016,"Farquhar, Danny",rhp,2.08,527000
2016,"Ruf, Darin",1b-of,2.066,527000
2016,"Russell, Addison",ss,0.167,527000
2016,"Maurer, Brandon",rhp,2.089,526400
2016,"Flores, Wilmer",ss,2.003,526014
2016,"Harris, Will",rhp,2.102,525500
2016,"Solarte, Yangervis",2b-3b,2,525500
2016,"Vincent, Nick",rhp,2.067,525500
2016,"Bird, Greg",1b,0.053,525300
2016,"Dyson, Sam",rhp,1.142,525270
2016,"Cron, C.J.",1b,1.11,525000
2016,"Diaz, Jose ""Jumbo""",rhp,1.073,525000
2016,"Gose, Anthony",of,2.082,525000
2016,"Hernandez, Cesar",2b,1.154,525000
2016,"Treinen, Blake",rhp,1.065,524900
2016,"Whitley, Chase",rhp-s,1.125,524525
2016,"Davis, Khris",lf,2.104,524500
2016,"Ramirez, Neil",rhp,1.158,524500
2016,"Rosscup, Zac",lhp,1.105,524500
2016,"Cedeno, Xavier",lhp,2.06,524100
2016,"Fiers, Michael",rhp,2.085,524100
2016,"Taylor, Michael",of,1.037,524000
2016,"Myers, Wil",1b,2.104,523900
2016,"Karns, Nate",rhp,1.033,523700
2016,"Joseph, Caleb",c,1.145,523500
2016,"McFarland, T.J.",lhp,2.061,523500
2016,"Hendriks, Liam",rhp,2.038,523400
2016,"Inciarte, Ender",of,1.157,523000
2016,"Dickerson, Corey",lf-dh,2.101,522900
2016,"Odor, Rougned",2b,1.121,522700
2016,"Dietrich, Derek",2b-ss,1.151,522500
2016,"Schoop, Jonathan",2b-3b,2.027,522500
2016,"Wilson, Alex",rhp,2.038,522500
2016,"Springer, George",rf,1.166,522400
2016,"Nelson, Jimmy",rhp-s,1.107,522300
2016,"Schwarber, Kyle",lf,0.086,522000
2016,"Carrera, Ezequiel",of,2.039,521800
2016,"Colome, Alex",rhp-s,1.118,521700
2016,"Ahmed, Nick",ss,1.054,521600
2016,"Colabello, Chris",1b,1.157,521300
2016,"Severino, Luis",rhp,0.061,521300
2016,"Quackenbush, Kevin",rhp,1.136,521200
2016,"Pillar, Kevin",cf,1.113,521100
2016,"Ray, Robbie",lhp-s,1.007,521000
2016,"Rodriguez, Eduardo",lhp,0.13,521000
2016,"Shuck, J.B.",lf,2.111,521000
2016,"Odorizzi, Jake",rhp-s,2.042,520700
2016,"Hardy, Blaine",lhp,1.106,520500
2016,"Peterson, Jace",2b,1.058,520500
2016,"Rodriguez, Paco",lhp,2.12,520500
2016,"Lamb, Jake",3b,1.053,520300
2016,"Anderson, Chase",rhp,1.146,520200
2016,"Goins, Ryan",ss,1.116,520200
2016,"Baez, Pedro",rhp,1.059,520000
2016,"Baumann, Buddy",lhp,0,520000
2016,"Buchter, Ryan",lhp,0.01,520000
2016,"Grichuk, Randal",cf,1.061,520000
2016,"Hernandez, Enrique ""Kike""",2b-ss,1.054,520000
2016,"Lobstein, Kyle",lhp,1.033,520000
2016,"Morin, Mike",rhp,1.137,520000
2016,"Otero, Danny",rhp,2.124,520000
2016,"Paredes, Jimmy",3b-rf,2.059,520000
2016,"Pederson, Joc",cf,1.028,520000
2016,"Pressly, Ryan",rhp,2.053,520000
2016,"Chafin, Andrew",lhp,1.02,519700
2016,"Alvarez, Jose",lhp,1.059,519500
2016,"Marisnick, Jake",cf-rf,1.145,519500
2016,"McCann, James",c,1.028,519500
2016,"Barrett, Aaron",rhp,1.144,519400
2016,"Geltz, Steve",rhp,1.035,519300
2016,"Boxberger, Brad",rhp,2.109,519200
2016,"Jeffress, Jeremy",rhp,2.104,519100
2016,"Holaday, Bryan",c,2.025,519000
2016,"Jungmann, Taylor",rhp,0.118,518500
2016,"Swihart, Blake",c,0.156,518500
2016,"Colon, Christian",2b,1.022,518425
2016,"Ramirez, Jose",2b-ss,1.074,518200
2016,"Gennett, Scooter",2b-ss,2.071,518100
2016,"Kela, Keone",rhp,1,518000
2016,"Oberholtzer, Brett",lhp,1.127,518000
2016,"Rodon, Carlos",lhp,0.168,518000
2016,"Rupp, Cameron",c,1.089,518000
2016,"Sanchez, Aaron",rhp-s,1.069,517800
2016,"Spangenberg, Cory",2b,1.028,517700
2016,"Barnhart, Tucker",c,1.075,517500
2016,"Franco, Maikel",3b,0.17,517500
2016,"Frias, Carlos",rhp-s,1.047,517500
2016,"Garcia, Yimi",rhp,1.004,517500
2016,"Nola, Aaron",rhp-s,0.076,517500
2016,"Strickland, Hunter",rhp,0.163,517500
2016,"DeShields Jr., Delino",2b-of,1,517300
2016,"Conforto, Michael",lf,0.073,517246
2016,"DeJesus Jr., Ivan",ss,1.099,517000
2016,"Greene, Shane",rhp,1.075,517000
2016,"Correa, Carlos",ss,0.119,516700
2016,"McCullers Jr., Lance",rhp,0.139,516700
2016,"Mitchell, Bryan",rhp,0.129,516650
2016,"Clevenger, Steve",c,2.123,516500
2016,"Lorenzen, Michael",rhp,0.159,516500
2016,"Robles, Hansel",rhp,1,516500
2016,"Osuna, Roberto",rhp-c,1,516100
2016,"Rivero, Felipe",lhp,0.162,516100
2016,"Souza, Steven",rf,1.072,516100
2016,"Eickhoff, Jerad",rhp-s,0.045,516000
2016,"Velasquez, Vincent",rhp-s,0.086,516000
2016,"Herrmann, Chris",c,2.001,515900
2016,"Stroman, Marcus",rhp,1.148,515900
2016,"Perez, Roberto",c,1.083,515800
2016,"Matz, Steven",lhp-s,0.099,515750
2016,"Altherr, Aaron",lf,0.054,515500
2016,"Marte, Ketel",ss,0.066,515400
2016,"Bolsinger, Mike",rhp,0.168,515000
2016,"Heaney, Andrew",lhp,0.15,515000
2016,"Montgomery, Mike",lhp,0.089,515000
2016,"Neris, Hector",rhp,0.104,515000
2016,"Ravin, Josh",rhp,0.059,515000
2016,"Shaw, Travis",1b,0.088,515000
2016,"Tonkin, Michael",rhp,1.005,515000
2016,"Tucker, Preston",of,0.15,515000
2016,"Verrett, Logan",rhp,0.094,514875
2016,"Beckham, Tim",2b-ss,1.145,514500
2016,"Norris, Daniel",lhp,0.122,514500
2016,"Rasmus, Cory",rhp,1.155,514500
2016,"Wright, Steve",rhp,1.089,514500
2016,"Kiermaier, Kevin",cf,1.131,514400
2016,"Ross, Joe",rhp-s,0.094,514400
2016,"Orlando, Paulo",of,0.137,514250
2016,"Blazek, Michael",rhp,1.067,514200
2016,"Hinojosa, Dalier",rhp,0.046,514000
2016,"Nieuwenhuis, Kirk",cf-lf,2.112,514000
2016,"Gosselin, Phil",2b,1.085,513900
2016,"Thornburg, Tyler",rhp-s,2.057,513900
2016,"Santana, Domingo",rf,0.079,513800
2016,"Casali, Curt",c,1.015,513600
2016,"Campbell, Eric",1b-3b,1.112,513308
2016,"Schultz, Bo",rhp,0.146,513300
2016,"Knebel, Corey",rhp,0.166,513000
2016,"Perez, Carlos",c,0.154,513000
2016,"Saladino, Tyler",ss,0.087,513000
2016,"Vazquez, Christian",c,1.082,513000
2016,"Villar, Jonathan",ss,1.113,512900
2016,"Adrianza, Ehire",ss,1.131,512500
2016,"Barnes, Austin",c,0.06,512500
2016,"Bergman, Christian",rhp,1.112,512500
2016,"Bettis, Chad",rhp-s,1.096,512500
2016,"Burns, Billy",cf,1.02,512500
2016,"Buxton, Byron",cf,0.113,512500
2016,"Canha, Mark",1b-dh,1,512500
2016,"Conley, Adam",lhp,0.07,512500
2016,"Graveman, Kendall",rhp-s,1.014,512500
2016,"Hollands, Mario",lhp,2,512500
2016,"Lyons, Tyler",lhp,1.07,512500
2016,"Mariot, Michael",rhp,0.122,512500
2016,"Osich, Josh",lhp,0.094,512500
2016,"Paulsen, Ben",1b,1.012,512500
2016,"Phegley, Josh",c,1.114,512500
2016,"Piscotty, Stephen",rf,0.076,512500
2016,"Rusin, Chris",lhp-s,1.092,512500
2016,"Semien, Marcus",ss,1.118,512500
2016,"Thompson, Trayce",of,0.063,512500
2016,"Tomlinson, Kelby",2b,0.063,512500
2016,"Straily, Dan",rhp,1.126,512100
2016,"Baez, Javier",ss,0.089,512000
2016,"Sardinas, Luis",2b,0.143,512000
2016,"Sucre, Jesus",c,1.169,512000
2016,"Yates, Kirby",rhp,1.066,511900
2016,"McKirahan, Andrew",lhp,0.168,511750
2016,"Alberto, Hanser",ss,0.086,511500
2016,"Finnegan, Brandon",lhp-s,0.107,511500
2016,"Givens, Mychal",rhp,0.069,511500
2016,"Szczur, Matt",of,0.134,511500
2016,"Wilson, Tyler",rhp,0.068,511500
2016,"Anderson, Cody",rhp,0.106,511400
2016,"Plawecki, Kevin",c,0.147,511360
2016,"Perez, Williams",rhp,0.149,511250
2016,"Bethancourt, Christian",c,1.014,511200
2016,"Travis, Devon",2b,1,511200
2016,"Barnes, Matt",rhp,0.11,511000
2016,"Rojas, Miguel",ss,1.043,511000
2016,"Zych, Tony",rhp,0.034,511000
2016,"Bedrosian, Cam",rhp,0.161,510500
2016,"Collins, Tyler",of,0.145,510500
2016,"Leon, Arnold",rhp,0.073,510500
2016,"Wright, Mike",rhp,0.1,510500
2016,"Duffy, Matt",3b,1.059,510200
2016,"Rea, Colin",rhp-s,0.055,510200
2016,"Rua, Ryan",inf,1.008,510120
2016,"Pena, Ariel",rhp,0.031,510100
2016,"Alvarez, R.J.",rhp,0.091,510000
2016,"Bassitt, Chris",rhp-s,0.127,510000
2016,"Brooks, Aaron",rhp,0.07,510000
2016,"Diaz, Elias",c,0.034,510000
2016,"Duvall, Adam",lf,0.096,510000
2016,"Montas, Frankie",rhp,0.035,510000
2016,"Pham, Tommy",of,0.149,510000
2016,"Romero, Enny",lhp-s,0.072,510000
2016,"Seager, Corey",ss,0.032,510000
2016,"Nolin, Sean",lhp-s,0.1,509700
2016,"Williams, Mason",of,0.116,509700
2016,"Cotham, Caleb",rhp,0.042,509675
2016,"Edwards, Jon",rhp,0.111,509600
2016,"Adames, Cristhian",ss,0.052,509500
2016,"Anderson, Tyler",lhp,0.087,509500
2016,"Castro, Miguel",rhp,0.063,509500
2016,"Diaz, Jairo",rhp,0.064,509500
2016,"Farmer, Buck",rhp,0.128,509500
2016,"Gray, Jon",rhp-s,0.062,509500
2016,"Klein, Phil",rhp,0.086,509500
2016,"Matzek, Tyler",lhp,0.144,509500
2016,"Miller, Justin",rhp,0.171,509500
2016,"Ramirez, Noe",rhp,0.044,509500
2016,"Ryan, Kyle",lhp-s,0.113,509500
2016,"VerHagen, Drew",rhp-s,0.029,509500
2016,"Bracho, Silvino",rhp,0.036,509300
2016,"Barrios, Yhonathan",rhp,0.013,509200
2016,"Harris, Mitch",rhp,0.117,509000
2016,"Drury, Brandon",3b,0.034,508900
2016,"Flores, Ramon",lf,0.021,508800
2016,"Jankowski, Travis",of,0.047,508800
2016,"Garcia, Adonis",of,0.076,508750
2016,"Rivera, Yadiel",ss,0.013,508600
2016,"Torreyes, Ronnie",2b,0.022,508600
2016,"Beeler, Dallas",rhp,0.05,508500
2016,"Brito, Socrates",of,0.027,508500
2016,"Broxton, Keon",of,0.014,508500
2016,"Faulkner, Andrew",lhp,0.038,508500
2016,"Gore, Terrance",of,0.066,508500
2016,"Jackson, Luke",rhp,0.04,508500
2016,"Lazo, Raudel",lhp,0.033,508500
2016,"Liriano, Rymer",of,0.049,508500
2016,"Nesbitt, Angel",rhp,0.069,508500
2016,"Winkler, Daniel",rhp,1,508500
2016,"Fuentes, Reymond",of,0.037,508450
2016,"Feliz, Michael",rhp,0.038,508200
2016,"Stassi, Max",c,0.105,508200
2016,"Brown, Trevor",c,0.019,508000
2016,"Moscot, Jon",rhp-s,0.122,508000
2016,"Simmons, Shae",rhp,1.121,508000
2016,"Skipworth, Kyle",c,0.029,508000
2016,"Banuelos, Manny",lhp,0.095,507500
2016,"Barbato, Johnny",rhp,0,507500
2016,"Barrett, Jake",rhp,0,507500
2016,"Betances, Dellin",rhp,2.078,507500
2016,"Biagini, Joe",rhp,0,507500
2016,"Biddle, Jesse",lhp,0,507500
2016,"Blash, Jabari",rf,0,507500
2016,"Bowman, Matt",rhp,0,507500
2016,"Cessa, Luis",rhp,0,507500
2016,"Dull, Ryan",rhp,0.034,507500
2016,"Ferrell, Jeff",rhp,0.04,507500
2016,"Gant, John",rhp,0,507500
2016,"Garcia, Greg",ss,0.11,507500
2016,"Goeddel, Tyler",lf,0,507500
2016,"Hazelbaker, Jeremy",of,0,507500
2016,"Holt, Tyler",of,0.075,507500
2016,"Hunter, Cedric",of,0.01,507500
2016,"Jones, Zach",rhp,0,507500
2016,"Lamb, John",lhp-s,0.054,507500
2016,"Naquin, Tyler",of,0,507500
2016,"Peraza, Jose",2b,0.042,507500
2016,"Perdomo, Luis",rhp,0,507500
2016,"Ramirez, Jose A.",rhp,0.074,507500
2016,"Rickard, Joey",of,0,507500
2016,"Rodriguez, Yorman",of,0.032,507500
2016,"Saltalamacchia, Jarrod",c,8.031,507500
2016,"Sampson, Keyvius",rhp,0.067,507500
2016,"Schebler, Scott",of,0.035,507500
2016,"Story, Trevor",ss,0,507500
2016,"Stubbs, Drew",lf,6.005,507500
2016,"Stumpf, Daniel",lhp,0,507500
2016,"Villanueva, Christian",3b,0,507500
2016,"Walsh, Colin",2b,0,507500
2016,"White, Tyler",1b,0,507500
2016,"Wisler, Matt",rhp-s,0.108,507500
2016,"Wolters, Tony",c,0,507500
2015,"Kershaw, Clayton",lhp-s,6.105,32571429
2015,"Verlander, Justin",rhp-s,9.002,28000000
2015,"Hamilton, Josh",lf,8,25400000
2015,"Howard, Ryan",1b,9.145,25000000
2015,"Greinke, Zack",rhp-s,10.057,25000000
2015,"Lee, Cliff",lhp-s,11.1,25000000
2015,"Hernandez, Felix",rhp-s,9.06,24857143
2015,"Sabathia, CC",lhp-s,14,24285714
2015,"Fielder, Prince",1b,9.068000000000001,24000000
2015,"Cano, Robinson",2b,9.153,24000000
2015,"Pujols, Albert",1b,14,24000000
2015,"Hamels, Cole",lhp-s,8.143,23500000
2015,"Teixeira, Mark",1b,12,23125000
2015,"Mauer, Joe",1b,11,23000000
2015,"Tanaka, Masahiro",rhp-s,1,22000000
2015,"Cabrera, Miguel",1b,11.101,22000000
2015,"Reyes, Jose",ss,11.111,22000000
2015,"Rodriguez, Alex",3b,20.011,22000000
2015,"Gonzalez, Adrian",1b,9.108,21857143
2015,"Werth, Jayson",rf,11.102,21571429
2015,"Crawford, Carl",lf,12.072,21357143
2015,"Kemp, Matt",cf,8.049,21250000
2015,"Ellsbury, Jacoby",cf,7.037,21142857
2015,"Cain, Matt",rhp-s,9.038,20833333
2015,"Tulowitzki, Troy",ss,8.033000000000001,20000000
2015,"Lester, Jon",lhp-s,8.075,20000000
2015,"Wright, David",3b,10.075,20000000
2015,"Buehrle, Mark",lhp-s,14.078,20000000
2015,"Price, David",lhp-s,5.164,19750000
2015,"Ramirez, Hanley",lf,9.014000000000001,19750000
2015,"Wainwright, Adam",rhp-s,9.027000000000001,19500000
2015,"Pence, Hunter",rf,7.156,18500000
2015,"Wilson, C.J.",lhp-s,9.055,18500000
2015,"Weaver, Jered",rhp-s,8.129,18200000
2015,"Lincecum, Tim",rhp-s,7.148,18000000
2015,"Ethier, Andre",cf,8.153,18000000
2015,"Sandoval, Pablo",3b,6.047,17600000
2015,"Posey, Buster",c,4.161,17277777
2015,"Scherzer, Max",rhp-s,6.079,17142857
2015,"McCann, Brian",c,9.117,17000000
2015,"Holliday, Matt",lf,11,17000000
2015,"Sanchez, Anibal",rhp-s,8.099,16800000
2015,"Zimmermann, Jordan",rhp-s,5.154,16500000
2015,"Gonzalez, Carlos",cf,6.059,16428571
2015,"Napoli, Mike",1b,8.151000000000002,16000000
2015,"Kinsler, Ian",2b,9,16000000
2015,"Granderson, Curtis",lf-cf,9.077000000000002,16000000
2015,"Ortiz, David",dh,16.048,16000000
2015,"Beltre, Adrian",3b,16.096,16000000
2015,"Danks, John",lhp-s,8,15750000
2015,"Andrus, Elvis",ss,6,15250000
2015,"Molina, Yadier",c,10.123,15200000
2015,"Upton, Melvin Jr. (B.J.)",cf,8.126000000000001,15050000
2015,"Swisher, Nick",1b,10.031,15000000
2015,"Peralta, Jhonny",ss,10.118,15000000
2015,"Utley, Chase",2b,11.027,15000000
2015,"Beltran, Carlos",rf,16.014,15000000
2015,"Upton, Justin",lf,7.06,14708333
2015,"Cruz, Nelson",dh-rf,7.082,14250000
2015,"Votto, Joey",1b,7.027,14000000
2015,"Gordon, Alex",lf,7.092,14000000
2015,"Gallardo, Yovani",rhp-s,7.108,14000000
2015,"Choo, Shin-Soo",lf,7.119,14000000
2015,"Zimmerman, Ryan",1b,9.032,14000000
2015,"Bautista, Jose",rf,9.165,14000000
2015,"Martinez, Victor",dh,11.114,14000000
2015,"Ramirez, Aramis",3b,15.111,14000000
2015,"Bourn, Michael",cf,8.028,13500000
2015,"Santana, Ervin",rhp-s,9.104000000000001,13500000
2015,"Jones, Adam",cf,7.139,13333333
2015,"Harrison, Matt",lhp-s,6.083,13200000
2015,"Uggla, Dan",2b,8.125,13200000
2015,"Headley, Chase",3b,6.123,13000000
2015,"Braun, Ryan",rf,7.129,13000000
2015,"Kazmir, Scott",lhp-s,8.119,13000000
2015,"Cabrera, Melky",lf,8.148,13000000
2015,"Papelbon, Jonathan",rhp-c,9.064,13000000
2015,"Jackson, Edwin",rhp-s,9.07,13000000
2015,"Victorino, Shane",rf,9.092,13000000
2015,"Pedroia, Dustin",2b,8.041,12625000
2015,"Porcello, Rick",rhp-s,5.17,12500000
2015,"Gardner, Brett",lf,6.072,12500000
2015,"Garza, Matt",rhp-s,7.149,12500000
2015,"McCarthy, Brandon",rhp-s,8.122,12500000
2015,"De La Rosa, Jorge",lhp-s,10.015,12500000
2015,"Buchholz, Clay",rhp-s,6.059,12250000
2015,"Jimenez, Ubaldo",rhp-s,7.087,12250000
2015,"Cahill, Trevor",rhp-s,5.16,12200000
2015,"Bruce, Jay",rf,6.125,12041667
2015,"Davis, Chris",1b,5.061,12000000
2015,"Montero, Miguel",c,8.031,12000000
2015,"Nolasco, Ricky",rhp-s,8.142,12000000
2015,"Dickey, R.A.",rhp-s,9.007000000000001,12000000
2015,"Hill, Aaron",2b,9.136000000000001,12000000
2015,"Phillips, Brandon",2b,10.022,12000000
2015,"LaRoche, Adam",1b,11,12000000
2015,"Hudson, Tim",rhp-s,15.119,12000000
2015,"Liriano, Francisco",lhp-s,8.104000000000001,11666667
2015,"Hardy, J.J.",ss,9.164000000000001,11500000
2015,"Fister, Doug",rhp-s,5.058,11400000
2015,"Castillo, Rusney",of,0.012,11271429
2015,"Gonzalez, Gio",lhp-s,5.162,11100000
2015,"Desmond, Ian",ss,5.027,11000000
2015,"Longoria, Evan",3b,6.17,11000000
2015,"Prado, Martin",3b,7.105,11000000
2015,"Markakis, Nick",rf,9,11000000
2015,"Crisp, Covelli",cf,11.158,11000000
2015,"Lohse, Kyle",rhp-s,13.092,11000000
2015,"Rollins, Jimmy",ss,14.015,11000000
2015,"Colon, Bartolo",rhp-s,16.061,11000000
2015,"Cespedes, Yoenis",lf,3,10500000
2015,"Hunter, Torii",rf,15.132,10500000
2015,"Pagan, Angel",cf,8.144,10250000
2015,"McCutchen, Andrew",cf,5.123,10208333
2015,"Darvish, Yu",rhp-s,3,10000000
2015,"Anderson, Brett",lhp-s,6,10000000
2015,"Bailey, Homer",rhp-s,6.017,10000000
2015,"Robertson, David",rhp-c,6.07,10000000
2015,"Ramirez, Alexei",ss,7,10000000
2015,"Cueto, Johnny",rhp-s,7,10000000
2015,"Feldman, Scott",rhp-s,8.091000000000001,10000000
2015,"Shields, James",rhp-s,8.125,10000000
2015,"Encarnacion, Edwin",1b,9.085,10000000
2015,"Haren, Dan",rhp-s,10.154,10000000
2015,"Nathan, Joe",rhp-c,13.12,10000000
2015,"Kennedy, Ian",rhp-s,5.124,9850000
2015,"Kendrick, Howie",2b,8.091000000000001,9850000
2015,"Samardzija, Jeff",rhp-s,5.028,9800000
2015,"Leake, Mike",rhp-s,5,9775000
2015,"Fowler, Dexter",cf,5.168,9500000
2015,"Masterson, Justin",rhp-s,6.108,9500000
2015,"Wilson, Brian",rhp,7.059,9500000
2015,"Ross, Cody",of,9.058000000000002,9500000
2015,"Rios, Alex",rf,10.13,9500000
2015,"Arroyo, Bronson",rhp-s,12.15,9500000
2015,"Latos, Mat",rhp-s,5.079,9400000
2015,"Garcia, Jaime",lhp-s,6.047,9375000
2015,"Kimbrel, Craig",rhp-c,4.066,9250000
2015,"Hughes, Phil",rhp-s,7.113,9200000
2015,"Uehara, Koji",rhp-c,6,9000000
2015,"Miller, Andrew",lhp,6.062,9000000
2015,"Span, Denard",cf,6.111,9000000
2015,"Hammel, Jason",rhp-s,7.153,9000000
2015,"Guthrie, Jeremy",rhp-s,8.13,9000000
2015,"Broxton, Jonathan",rhp,9.02,9000000
2015,"Peavy, Jake",rhp-s,12.101,9000000
2015,"Freeman, Freddie",1b,4.033,8859375
2015,"Norris, Bud",rhp-s,5.068,8800000
2015,"Aybar, Erick",ss,8.086,8750000
2015,"Abreu, Jose",1b,1,8666667
2015,"Loney, James",1b,8.012,8666667
2015,"Vargas, Jason",lhp-s,7.114,8500000
2015,"Ruiz, Carlos",c,8.069,8500000
2015,"League, Brandon",rhp,8.145,8500000
2015,"Cuddyer, Michael",rf,11.157,8500000
2015,"Burnett, A.J.",rhp-s,15.038,8500000
2015,"Heyward, Jason",rf,5,8300000
2015,"Wieters, Matt",c,5.129,8300000
2015,"Clippard, Tyler",rhp,5.148,8300000
2015,"Holland, Greg",rhp-c,4.028,8250000
2015,"Chapman, Aroldis",lhp-c,4.034,8050000
2015,"Walker, Neil",2b,4.166,8000000
2015,"Murphy, Daniel",2b,5.109,8000000
2015,"Rasmus, Colby",cf,6,8000000
2015,"Morton, Charlie",rhp-s,6.01,8000000
2015,"Lowrie, Jed",ss,6.111,8000000
2015,"Gomez, Carlos",cf,7.141,8000000
2015,"Quentin, Carlos",lf,8.065,8000000
2015,"Byrd, Marlon",lf,10.115,8000000
2015,"Benoit, Joaquin",rhp-c,12.04,8000000
2015,"Jackson, Austin",cf,5,7700000
2015,"Cabrera, Asdrubal",ss-2b,7.027,7500000
2015,"Lind, Adam",1b-dh,7.058,7500000
2015,"Volquez, Edinson",rhp-s,7.059,7500000
2015,"Morse, Michael",1b-lf,7.114,7500000
2015,"Zobrist, Ben",2b,7.134,7500000
2015,"Balfour, Grant",rhp-c,10.099,7500000
2015,"Infante, Omar",2b,11.12,7500000
2015,"Uribe, Juan",3b,13.089,7500000
2015,"Jansen, Kenley",rhp-c,4.073,7400000
2015,"Strasburg, Stephen",rhp-s,4.118,7400000
2015,"Holland, Derek",lhp-s,5.12,7400000
2015,"Maybin, Cameron",cf,5.073,7100000
2015,"Niese, Jon",lhp-s,5.107,7050000
2015,"Iwakuma, Hisashi",rhp-s,3,7000000
2015,"Lynn, Lance",rhp-s,3.119,7000000
2015,"Davis, Wade",rhp,5.032,7000000
2015,"Saltalamacchia, Jarrod",c,7.043,7000000
2015,"Soria, Joakim",rhp,8,7000000
2015,"Martin, Russell",c,8.15,7000000
2015,"Street, Huston",rhp-c,10,7000000
2015,"Rodney, Fernando",rhp-c,11.137,7000000
2015,"Bumgarner, Madison",lhp-s,4.127,6950000
2015,"Trumbo, Mark",rf-1b,4.027,6900000
2015,"Castro, Starlin",ss,4.15,6857143
2015,"Morneau, Justin",1b,10.168,6750000
2015,"Happ, J.A.",lhp-s,6.047,6700000
2015,"Butler, Billy",1b-dh,7.102,6666667
2015,"Scutaro, Marcos",2b,11.138,6666667
2015,"Cishek, Steve",rhp-c,3.143,6650000
2015,"Guerrero, Alexander",2b,0.031,6500000
2015,"Stanton, Giancarlo",rf,4.118,6500000
2015,"Moss, Brandon",1b,4.16,6500000
2015,"Morales, Kendrys",1b,6.17,6500000
2015,"Marshall, Sean",lhp,8.088000000000001,6500000
2015,"Freese, David",3b,5.028,6425000
2015,"Parra, Gerardo",rf,5.145,6237000
2015,"Puig, Yasiel",rf,1.119,6214286
2015,"Santana, Carlos",dh-1b,4.115,6200000
2015,"Trout, Mike",cf,3.07,6083333
2015,"Sale, Chris",lhp-s,4.061,6000000
2015,"Johnson, Chris",3b,4.144,6000000
2015,"Gregerson, Luke",rhp,6,6000000
2015,"Romo, Sergio",rhp,6.097,6000000
2015,"Smith, Seth",lf-rf,6.119,6000000
2015,"Murphy, David",rf,7.087,6000000
2015,"Suzuki, Kurt",c,7.113,6000000
2015,"Affeldt, Jeremy",lhp,13,6000000
2015,"Brantley, Michael",lf,4.131,5875000
2015,"Stubbs, Drew",lf,5.047,5825000
2015,"Alvarez, Pedro",1b,4.085,5750000
2015,"Storen, Drew",rhp,4.14,5700000
2015,"Wood, Travis",lhp-s,4.004,5685000
2015,"Hosmer, Eric",1b,3.146,5650000
2015,"Minor, Mike",lhp-s,3.138,5600000
2015,"Simon, Alfredo",rhp-s,5.142,5550000
2015,"Iannetta, Chris",c,8.013000000000002,5525000
2015,"Tomas, Yasmany",of,0,5500000
2015,"Craig, Allen",rf,4.077,5500000
2015,"Kendrick, Kyle",rhp-s,6.159,5500000
2015,"Neshek, Pat",rhp,6.159,5500000
2015,"O'Flaherty, Eric",lhp,7.062,5500000
2015,"Pelfrey, Mike",rhp-s,7.122,5500000
2015,"Logan, Boone",lhp,7.14,5500000
2015,"Howell, J.P.",lhp,8.007000000000001,5500000
2015,"Melancon, Mark",rhp,4.098,5400000
2015,"Avila, Alex",c,5.061,5400000
2015,"Luebke, Cory",lhp-s,4.033,5375000
2015,"Gee, Dillon",rhp-s,4.028,5300000
2015,"Rizzo, Anthony",1b,2.168,5285714
2015,"Ross, Tyson",rhp-s,3.126,5250000
2015,"Smith, Joe",rhp,7.091,5250000
2015,"DeJesus, David",lf,10.146,5125000
2015,"De Aza, Alejandro",cf-lf,5.139,5000000
2015,"Jones, Garrett",1b,5.158,5000000
2015,"Ziegler, Brad",rhp,6.122,5000000
2015,"Escobar, Yunel",2b-ss,7.121,5000000
2015,"Casilla, Santiago (Garcia, Jairo)",rhp,7.148,5000000
2015,"Davis, Rajai",lf,7.167,5000000
2015,"Drew, Stephen",ss,8.038,5000000
2015,"Navarro, Dioner",c,8.091000000000001,5000000
2015,"McLouth, Nate",of,8.152000000000001,5000000
2015,"Capuano, Chris",lhp-s,9.161000000000001,5000000
2015,"Harang, Aaron",rhp-s,12.061,5000000
2015,"Reed, Addison",rhp-c,3.027,4875000
2015,"Ryu, Hyun-Jin",lhp-s,2,4833333
2015,"Plouffe, Trevor",3b,3.162,4800000
2015,"McGehee, Casey",3b,5.028,4800000
2015,"Martin, Leonys",cf,2.113,4750000
2015,"Chen, Wei-Yin",lhp-s,3,4750000
2015,"Joyce, Matt",of,5.123,4750000
2015,"Mujica, Edward",rhp,7.115,4750000
2015,"Hunter, Tommy",rhp,5.066,4650000
2015,"Perkins, Glen",lhp-c,7.01,4650000
2015,"Arruebarruena, Erisbel",ss,0.074,4500000
2015,"Seager, Kyle",3b,3.085,4500000
2015,"Motte, Jason",rhp,6.027,4500000
2015,"Duke, Zach",lhp,8.054,4500000
2015,"Tillman, Chris",rhp-s,3.113,4315000
2015,"Donaldson, Josh",3b,2.158,4300000
2015,"Hellickson, Jeremy",rhp-s,4.045,4275000
2015,"Ellis, A.J.",c,4.151,4250000
2015,"Venable, Will",rf,5.155,4250000
2015,"O'Day, Darren",rhp,6.103,4250000
2015,"Grilli, Jason",rhp,8.016,4250000
2015,"Duda, Lucas",1b-lf,3.137,4200000
2015,"Valbuena, Luis",3b,4.148,4200000
2015,"Carter, Chris",dh-1b,2.159,4175000
2015,"Kipnis, Jason",2b,3.069,4166667
2015,"Jay, Jon",cf,4.134,4125000
2015,"Feliz, Neftali",rhp-c,4.151,4125000
2015,"Revere, Ben",cf,3.149,4100000
2015,"Reddick, Josh",rf,4.05,4100000
2015,"Cashner, Andrew",rhp-s,4.126,4050000
2015,"Wada, Tsuyoshi",lhp-s,1.145,4000000
2015,"Aoki, Norichika",rf,3,4000000
2015,"Alvarez, Henderson",rhp-s,3.051,4000000
2015,"Cobb, Alex",rhp-s,3.061,4000000
2015,"Castro, Jason",c,4.104,4000000
2015,"Hochevar, Luke",rhp,6.151,4000000
2015,"Vogelsong, Ryan",rhp-s,8.02,4000000
2015,"Floyd, Gavin",rhp-s,8.045,4000000
2015,"Lewis, Colby",rhp-s,8.132,4000000
2015,"Gomes, Jonny",lf,9.097000000000001,4000000
2015,"Lopez, Javier",lhp,9.167000000000002,4000000
2015,"Estrada, Marco",rhp-s,5.035,3900000
2015,"Davis, Ike",1b,4.155,3800000
2015,"Carpenter, Matt",3b,3.012,3750000
2015,"Frazier, Todd",3b,3.071,3750000
2015,"Pearce, Steve",1b-lf,5.116,3700000
2015,"Parnell, Bobby",rhp-c,5.132,3700000
2015,"Gonzalez, Miguel",rhp-s,0.122,3666667
2015,"Miley, Wade",lhp-s,3.044,3666667
2015,"Arrieta, Jake",rhp-s,3.145,3630000
2015,"Belt, Brandon",1b,3.128,3600000
2015,"Blanco, Gregor",cf-lf,4.164,3600000
2015,"McGee, Jake",lhp,3.127,3550000
2015,"Ramos, Wilson",c,4.047,3550000
2015,"Hanigan, Ryan",c,6.077,3500000
2015,"Aviles, Mike",inf,6.091,3500000
2015,"Parra, Manny",lhp,7.063,3500000
2015,"Janssen, Casey",rhp-c,8.063,3500000
2015,"Belisle, Matt",rhp,9.019,3500000
2015,"Thornton, Matt",lhp,10.129,3500000
2015,"Rodriguez, Francisco",rhp,11.115,3500000
2015,"Detwiler, Ross",lhp-s,5.002,3450000
2015,"Quintana, Jose",lhp-s,2.133,3400000
2015,"Lucroy, Jonathan",c,4.136,3400000
2015,"Eovaldi, Nate",rhp-s,3.013,3300000
2015,"Nova, Ivan",rhp-s,4.024,3300000
2015,"Gonzalez, Miguel",rhp-s,3.095,3275000
2015,"Pennington, Cliff",ss-2b,5.114,3275000
2015,"Richards, Garrett",rhp-s,2.148,3200000
2015,"Britton, Zach",lhp,2.158,3200000
2015,"Matusz, Brian",lhp,4.156,3200000
2015,"Crawford, Brandon",ss,3.094,3175000
2015,"Jaso, John",c,5.032,3175000
2015,"Simmons, Andrelton",ss,2.125,3142857
2015,"Moore, Matt",lhp-s,3.017,3100000
2015,"Goldschmidt, Paul",1b,3.059,3100000
2015,"Jennings, Desmond",cf,3.101,3100000
2015,"Bastardo, Antonio",lhp,5.054,3100000
2015,"Hundley, Nick",c,6.059,3100000
2015,"Jepsen, Kevin",rhp,4.163,3025000
2015,"Martinez, J.D.",rf,3.036,3000000
2015,"Escobar, Alcides",ss,5.082,3000000
2015,"Cotts, Neal",lhp,6.041,3000000
2015,"Bonifacio, Emilio",3b-2b,6.066,3000000
2015,"Callaspo, Alberto",3b,7.135,3000000
2015,"Izturis, Maicer",2b-3b,10.038,3000000
2015,"Qualls, Chad",rhp-c,10.058,3000000
2015,"Choate, Randy",lhp,10.073,3000000
2015,"Bloomquist, Willie",ss-3b,12.029,3000000
2015,"Moreland, Mitch",dh-1b,4.067,2950000
2015,"Saunders, Michael",cf,4.138,2875000
2015,"Kelley, Shawn",rhp,5.128,2835000
2015,"Rosario, Wilin",c,3.023,2800000
2015,"Harrison, Josh",3b-ss,3.033,2800000
2015,"Milone, Tom",lhp-s,2.165,2775000
2015,"Beachy, Brandon",rhp-s,4.014,2750000
2015,"Webb, Ryan",rhp,5.011,2750000
2015,"Punto, Nick",ss-2b,12.051,2750000
2015,"Molina, Jose",c,13.026,2750000
2015,"Cain, Lorenzo",cf,3.074,2725000
2015,"Morrison, Logan",rf,4.069,2725000
2015,"Duensing, Brian",lhp,5.104,2700000
2015,"Altuve, Jose",2b,3.072,2687500
2015,"Flowers, Tyler",c,3.148,2675000
2015,"Walden, Jordan",rhp,4.043,2675000
2015,"Soler, Jorge",of,0.033,2666667
2015,"Smyly, Drew",lhp-s,2.154,2650000
2015,"Hernandez, Roberto",rhp-s,8.004000000000001,2650000
2015,"Moustakas, Mike",3b,3.111,2640000
2015,"Brown, Domonic",lf,3.078,2600000
2015,"Ackley, Dustin",lf,3.087,2600000
2015,"Axford, John",rhp-c,4.17,2600000
2015,"Denorfia, Chris",of,7.041,2600000
2015,"Mejia, Jenrry",rhp-s,2.14,2595000
2015,"Mesoraco, Devin",c,3.028,2525000
2015,"Strop, Pedro",rhp,3.156,2525000
2015,"Barney, Darwin",2b,4.053,2525000
2015,"Ruggiano, Justin",cf,4.019,2505000
2015,"Coghlan, Chris",lf,4.148,2505000
2015,"Kang, Jung-Ho",ss,0,2500000
2015,"Rendon, Anthony",3b,1.13,2500000
2015,"Gordon, Dee",2b,2.154,2500000
2015,"Harper, Bryce",lf,2.159,2500000
2015,"Turner, Justin",inf,4.045,2500000
2015,"Williams, Jerome",rhp-s,6.043,2500000
2015,"Morrow, Brandon",rhp-s,7.091,2500000
2015,"Raburn, Ryan",lf-rf,7.109,2500000
2015,"Young, Chris",rf,8.039,2500000
2015,"Schumaker, Skip",2b-of,8.051,2500000
2015,"Peralta, Joel",rhp,8.132,2500000
2015,"Hart, Corey",1b-rf,9.038,2500000
2015,"Perez, Oliver",lhp,10.144,2500000
2015,"Ross, David",c,12.001,2500000
2015,"Lyles, Jordan",rhp-s,3.06,2475000
2015,"Cecil, Brett",lhp,4.152,2475000
2015,"Worley, Vance",rhp-s,2.139,2450000
2015,"Duffy, Danny",lhp-s,3.085,2425000
2015,"Russell, James",lhp,5,2425000
2015,"Rzepczynski, Marc",lhp,4.132,2400000
2015,"Cabrera, Everth",ss,4.144,2400000
2015,"Blevins, Jerry",lhp,5.081,2400000
2015,"Sipp, Tony",lhp,5.1,2400000
2015,"Cozart, Zack",ss,3.084,2350000
2015,"Dunn, Michael",lhp,4.079,2350000
2015,"Carrasco, Carlos",rhp-s,3.147,2337500
2015,"Nicasio, Juan",rhp-s,3.084,2300000
2015,"Santiago, Hector",lhp-s,3.016,2290000
2015,"Chisenhall, Lonnie",3b,3.027,2250000
2015,"Tazawa, Junichi",rhp,4.086,2250000
2015,"Stammen, Craig",rhp,4.16,2250000
2015,"Coke, Phil",lhp,6.028,2250000
2015,"Young, Delmon",lf,8.028,2250000
2015,"Hawkins, LaTroy",rhp-c,18.054,2250000
2015,"Stauffer, Tim",rhp,6.143,2200000
2015,"Heisey, Chris",of,4.157,2160000
2015,"Chavez, Jesse",rhp,4.108,2150000
2015,"Castillo, Welington",c,3.009,2100000
2015,"Pineda, Michael",rhp-s,3.099,2100000
2015,"Petit, Yusmeiro",rhp-s,4.016,2100000
2015,"Snider, Travis",lf-rf,4.091,2100000
2015,"Baker, Jeff",1b-of,8.049,2100000
2015,"Diaz, Aledmys",ss,0,2000000
2015,"Singleton, Jonathan",1b,0.119,2000000
2015,"Gyorko, Jedd",2b,2,2000000
2015,"Dozier, Brian",2b,2.1,2000000
2015,"Stults, Eric",lhp-s,4.075,2000000
2015,"Hernandez, David",rhp,5.095,2000000
2015,"Beckham, Gordon",2b,5.123,2000000
2015,"Medlen, Kris",rhp-s,5.137,2000000
2015,"Ryan, Brendan",ss-2b,7.082,2000000
2015,"Breslow, Craig",lhp,7.088,2000000
2015,"Reynolds, Mark",1b,7.138,2000000
2015,"Villanueva, Carlos",rhp,8.03,2000000
2015,"Sizemore, Grady",cf,9.045,2000000
2015,"Weeks, Rickie",2b,9.131,2000000
2015,"Suzuki, Ichiro",rf,14,2000000
2015,"Pierzynski, A.J.",c,14.1,2000000
2015,"Crow, Aaron",rhp,4,1975000
2015,"Noesi, Hector",rhp,3.006,1950000
2015,"Bauer, Trevor",rhp-s,0.158,1940000
2015,"Hechavarria, Adeiny",ss,2.06,1925000
2015,"Lawrie, Brett",3b,3.055,1925000
2015,"Doubront, Felix",lhp-s,3.12,1925000
2015,"Rodriguez, Sean",2b-3b,5.133,1900000
2015,"Tejada, Ruben",ss,3.171,1880000
2015,"Nava, Daniel",lf,3.045,1850000
2015,"LeCure, Sam",rhp,4.072,1850000
2015,"Morales, Franklin",lhp,6.007,1850000
2015,"Espinosa, Danny",2b-ss,3.113,1800000
2015,"Perez, Salvador",c,3.05,1750000
2015,"Watson, Tony",lhp,3.101,1750000
2015,"Thole, Josh",c,4.085,1750000
2015,"Fuld, Sam",of,4.14,1750000
2015,"Alburquerque, Al",rhp,3.147,1725000
2015,"Iglesias, Raisel",rhp,0,1714286
2015,"Wright, Wesley",lhp,5.105,1700000
2015,"Valencia, Danny",3b,3.118,1675000
2015,"Alonso, Yonder",1b,3.116,1650000
2015,"Bourjos, Peter",cf,4.062,1650000
2015,"Herrera, Kelvin",rhp,2.157,1600000
2015,"Gentry, Craig",cf-rf,4.084,1600000
2015,"Johnson, Jim",rhp-c,6.161,1600000
2015,"Shaw, Bryan",rhp,3.081,1550000
2015,"Schafer, Jordan",cf,4.121,1550000
2015,"Descalso, Daniel",3b-ss,4.016,1500000
2015,"Tomlin, Josh",rhp,4.033,1500000
2015,"Ogando, Alexi",rhp,4.114,1500000
2015,"Sweeney, Ryan",cf,7.028,1500000
2015,"Soto, Geovany",c,7.096,1500000
2015,"Albers, Matt",rhp,7.141,1500000
2015,"Mathis, Jeff",c,8.012,1500000
2015,"Billingsley, Chad",rhp-s,8.11,1500000
2015,"Johnson, Kelly",3b,9.127,1500000
2015,"Gregg, Kevin",rhp,10.091,1500000
2015,"Marquis, Jason",rhp-s,13.012,1500000
2015,"Rogers, Esmil",rhp-s,4.088,1480000
2015,"Collins, Tim",lhp,3.097,1475000
2015,"Collmenter, Josh",rhp,4,1450000
2015,"Mayberry Jr., John",of,4.095,1450000
2015,"Arias, Joaquin",ss-3b,5.071,1450000
2015,"Iglesias, Jose",ss,2.036,1443750
2015,"Phelps, David",rhp-s,2.156,1400000
2015,"Cook, Ryan",rhp,3.036,1400000
2015,"Wilhelmsen, Tom",rhp,3.091,1400000
2015,"Pena, Brayan",c,7.081,1400000
2015,"Fien, Casey",rhp,2.143,1375000
2015,"Thayer, Dale",rhp,3.071,1375000
2015,"Salas, Fernando",rhp,4.048,1370000
2015,"Marte, Starling",lf,2.07,1333333
2015,"Ramos, Cesar",lhp,4.003,1312000
2015,"Ottavino, Adam",rhp,3.087,1300000
2015,"Furbush, Charlie",lhp,3.121,1300000
2015,"Barmes, Clint",ss,9.122,1300000
2015,"Carpenter, David",rhp,3.016,1275000
2015,"Perez, Martin",lhp-s,2.038,1250000
2015,"Boesch, Brennan",rf-lf,3.102,1250000
2015,"Kelly, Don",of-3b,5.138,1250000
2015,"Frasor, Jason",rhp,10.134,1250000
2015,"Dyson, Jarrod",cf,3.088,1225000
2015,"Stewart, Chris",c,4.091,1225000
2015,"Kluber, Corey",rhp-s,2.074,1200000
2015,"Rivera, Rene",c,3.082,1200000
2015,"Lobaton, Jose",c,3.138,1200000
2015,"Archer, Chris",rhp-s,1.156,1166667
2015,"Teheran, Julio",rhp-s,2.062,1166667
2015,"Amarista, Alexi",2b-ss,3.053,1150000
2015,"Pestano, Vinnie",rhp,3.054,1150000
2015,"Toscano, Dian",lf,0,1100000
2015,"Forsythe, Logan",inf,3.113,1100000
2015,"Ishikawa, Travis",1b-lf,4.006,1100000
2015,"McKenry, Michael",c,3.097,1087600
2015,"Abad, Fernando",lhp,3.073,1087500
2015,"Gomes, Yan",c,2.083,1083334
2015,"Hughes, Jared",rhp,2.162,1075000
2015,"Flaherty, Ryan",3b-ss,3,1075000
2015,"Conger, Hank",c,3.051,1075000
2015,"Sogard, Eric",2b,3.064,1075000
2015,"Kintzler, Brandon",rhp,3.101,1075000
2015,"Gonzalez, Marwin",2b-ss,2.133,1062500
2015,"Nunez, Eduardo",ss-2b,3.09,1025000
2015,"Liz, Radhames",rhp,0.135,1000000
2015,"Fujikawa, Kyuji",rhp,2,1000000
2015,"Turner, Jacob",rhp-s,2.033,1000000
2015,"Presley, Alex",lf,2.162,1000000
2015,"Chatwood, Tyler",rhp-s,3.039,1000000
2015,"Maxwell, Justin",rf,3.14,1000000
2015,"Smoak, Justin",1b,4.077,1000000
2015,"Young Jr., Eric",lf,4.123,1000000
2015,"Frandsen, Kevin",2b-ss,5.151,1000000
2015,"Thatcher, Joe",lhp,6.068,1000000
2015,"Badenhop, Burke",rhp,6.116,1000000
2015,"Chamberlain, Joba",rhp,7.055,1000000
2015,"Gorzelanny, Tom",lhp,7.16,1000000
2015,"Johnson, Josh",rhp-s,9.026000000000002,1000000
2015,"Laird, Gerald",c,10.077,1000000
2015,"Betancourt, Rafael",rhp-c,10.079,1000000
2015,"Johnson, Reed",of,11.145,1000000
2015,"Cowgill, Collin",cf-rf,2.151,995000
2015,"Butera, Drew",c,4.018,987500
2015,"Cervelli, Francisco",c,4.146,987500
2015,"Corporan, Carlos",c,3.019,975000
2015,"Ventura, Yordano",rhp-s,1.013,950000
2015,"Swarzak, Anthony",rhp,4.038,950000
2015,"Francoeur, Jeff",rf,8.075,950000
2015,"Guerra, Javy",rhp,2.133,937500
2015,"Outman, Josh",lhp,4.155,925000
2015,"Pacheco, Jordan",c-1b,3.005,900000
2015,"Herrera, Jonathan",inf,4.101,900000
2015,"Rosales, Adam",inf,5.022,900000
2015,"Atchison, Scott",rhp,5.168,900000
2015,"Eaton, Adam",cf,2.03,850000
2015,"Parker, Jarrod",rhp-s,3,850000
2015,"Blanco, Andres",ss,4.007,850000
2015,"Nieves, Wil",c,7.127,850000
2015,"Madson, Ryan",rhp,9.155,850000
2015,"Maldonado, Martin",c,2.156,825000
2015,"Sanchez, Hector",c,2.166,800000
2015,"Gomez, Jeanmar",rhp,3.063,800000
2015,"Frieri, Ernesto",rhp,4.066,800000
2015,"Hudson, Daniel",rhp-s,4.117,800000
2015,"Doolittle, Sean",lhp,2.122,780000
2015,"Cruz, Tony",c,3.105,775000
2015,"Boyer, Blaine",rhp,5.07,750000
2015,"Bass, Anthony",rhp,2.148,725000
2015,"Coleman, Louis",rhp,2.162,725000
2015,"Carlyle, Buddy",rhp,4.002,725000
2015,"Wilson, Bobby",c,3.09,700000
2015,"Grandal, Yasmani",c,2.115,693000
2015,"Young, Chris",rhp-s,8.162,675000
2015,"Jones, Nate",rhp-c,3,660000
2015,"Fernandez, Jose",rhp-s,2,651000
2015,"Cordier, Erik",rhp,0.027,650000
2015,"McGowan, Dustin",rhp,8.113000000000001,650000
2015,"Rodriguez, Fernando",rhp,3.053,635000
2015,"Harvey, Matt",rhp-s,2.072,614125
2015,"Kelly, Joe",rhp-s,2.116,603000
2015,"Richardson, Antoan",of,0.052,600000
2015,"Reynolds, Matt",lhp,4.046,600000
2015,"Torres, Carlos",rhp-s,2.114,582125
2015,"Varvaro, Anthony",rhp,2.121,576500
2015,"Jimenez, Cesar",lhp,3.02,575000
2015,"Warren, Adam",rhp-s,2.036,572600
2015,"Yelich, Christian",lf,1.069,570000
2015,"Ross, Robbie",lhp,2.112,566500
2015,"Layne, Tommy",lhp,0.16,557000
2015,"deGrom, Jacob",rhp,0.139,556875
2015,"Wilson, Justin",lhp,2.035,556000
2015,"Koehler, Tom",rhp-s,2.016,555000
2015,"Romine, Austin",c,2.007,554100
2015,"Gregorius, Didi",ss,1.159,553900
2015,"Lagares, Juan",cf,1.16,553696
2015,"Gillaspie, Conor",3b,2.069,550000
2015,"Robinson, Shane",of,2.141,550000
2015,"Machado, Manny",3b,2.056,548000
2015,"Allen, Cody",rhp,2.076,547100
2015,"Wheeler, Zack",rhp-s,1.098,546250
2015,"Hamilton, Billy",cf,1.028,545000
2015,"Ozuna, Marcell",of,1.153,545000
2015,"Norris, Derek",c,2.102,545000
2015,"Rondon, Hector",rhp,2,544000
2015,"Bogaerts, Xander",ss,1.042,543000
2015,"Middlebrooks, Will",3b,2.121,540500
2015,"Cosart, Jarred",rhp-s,1.07,540000
2015,"Mercer, Jordy",ss,2.095,538000
2015,"Gibson, Kyle",rhp,1.056,537500
2015,"Calhoun, Kole",rf,1.13,537500
2015,"Diekman, Jacob",lhp,2.05,535500
2015,"Miller, Shelby",rhp-s,2.03,535000
2015,"Rosenthal, Trevor",rhp-c,2.058,535000
2015,"Hoover, J.J.",rhp,2.102,535000
2015,"Adams, Matt",1b,2.033,534000
2015,"Segura, Jean",ss,2.065,534000
2015,"Arcia, Oswaldo",rf,1.132,532500
2015,"Escobar, Eduardo",inf,2.128,532500
2015,"Kratz, Erik",c,2.129,532500
2015,"Grimm, Justin",rhp,1.17,531500
2015,"Morris, Bryan",rhp,2.011,531500
2015,"Solano, Donovan",2b-3b,2.126,531500
2015,"Cole, Gerrit",rhp-s,1.111,531000
2015,"Locke, Jeff",lhp-s,2.02,531000
2015,"Holt, Brock",ss,1.052,530500
2015,"Santana, Danny",ss,0.149,530000
2015,"Maness, Seth",rhp,1.154,530000
2015,"Ramos, A.J.",rhp,2.03,530000
2015,"Avilan, Luis",lhp,2.077,530000
2015,"Roark, Tanner",rhp-s,1.055,529600
2015,"De Fratus, Justin",rhp,2.09,528000
2015,"Miller, Brad",ss,1.094,527600
2015,"Machi, Jean",rhp,1.154,527500
2015,"Medina, Yoervis",rhp,2,527300
2015,"Farquhar, Danny",rhp,1.158,527000
2015,"Loup, Aaron",lhp,2.083,527000
2015,"Gattis, Evan",lf-c,2,526500
2015,"Delgado, Randall",rhp-s,2.1,526000
2015,"Cingrani, Tony",lhp-s,1.074,525500
2015,"Lough, David",rf,1.169,525500
2015,"Peralta, Wily",rhp-s,2.033,525500
2015,"d'Arnaud, Travis",c,1.044,525424
2015,"Nieuwenhuis, Kirk",of,1.123,525415
2015,"Vincent, Nick",rhp,2.007,525300
2015,"Deduno, Samuel",rhp,2.096,525100
2015,"Robinson, Clint",1b,0.028,525000
2015,"Polanco, Gregory",rf,0.103,525000
2015,"Castellanos, Nick",3b,1.029,525000
2015,"Putnam, Zach",rhp,1.135,525000
2015,"Keuchel, Dallas",lhp-s,2.089,524500
2015,"Corbin, Patrick",lhp-s,2.105,524000
2015,"Familia, Jeurys",rhp,2.03,523925
2015,"Zunino, Mike",c,1.111,523500
2015,"Garcia, Avisail",rf,1.167,523000
2015,"Jennings, Dan",lhp,1.171,523000
2015,"Brach, Brad",rhp,2.063,523000
2015,"Torres, Alex",lhp,1.141,522900
2015,"Ramirez, Erasmo",rhp-s,1.1,522800
2015,"Panik, Joe",ss,0.1,522500
2015,"Rodriguez, Paco",lhp,1.12,522500
2015,"Withrow, Chris",rhp,1.132,522500
2015,"Hatcher, Chris",rhp,1.146,522500
2015,"Van Slyke, Scott",of-1b,1.151,522500
2015,"Bourgeois, Jason",of,2.121,522500
2015,"Gausman, Kevin",rhp-s,0.164,522000
2015,"Odorizzi, Jake",rhp-s,1.042,522000
2015,"Kozma, Pete",ss,1.108,522000
2015,"Boxberger, Brad",rhp,1.109,521400
2015,"Edgin, Josh",lhp,2.015,520625
2015,"Cumpton, Brandon",rhp,0.127,520500
2015,"McAllister, Zach",rhp-s,2.077,520400
2015,"Hutchison, Drew",rhp-s,2.128,520100
2015,"Thompson, Aaron",lhp,0.053,520000
2015,"Olt, Mike",1b-3b,1.03,520000
2015,"Petricka, Jake",rhp,1.044,520000
2015,"Wong, Kolten",2b,1.045,520000
2015,"Wacha, Michael",rhp-s,1.062,520000
2015,"Martinez, Carlos",rhp,1.073,520000
2015,"Hand, Brad",lhp,1.092,520000
2015,"Wood, Alex",lhp-s,1.123,520000
2015,"Redmond, Todd",rhp-s,1.129,520000
2015,"Romine, Andrew",ss-2b,2.049,520000
2015,"Myers, Wil",rf,1.104,519800
2015,"Tolleson, Shawn",rhp,2.122,519700
2015,"Davis, Khris",lf,1.104,519500
2015,"Pollock, A.J.",cf,2.052,519500
2015,"Giles, Ken",rhp,0.113,519000
2015,"Paxton, James",lhp-s,1.027,519000
2015,"Murphy, John Ryan",c,0.12,518700
2015,"Sellers, Justin",2b-3b,1.124,518500
2015,"Hendriks, Liam",rhp-s,1.001,518400
2015,"Chirinos, Robinson",c,2.103,518290
2015,"Moore, Tyler",1b-lf,2.018,518200
2015,"Drabek, Kyle",rhp,2.08,518200
2015,"Sanchez, Tony",c,0.142,518000
2015,"Siegrist, Kevin",lhp,1.116,518000
2015,"Recker, Anthony",c,2.128,517880
2015,"Vargas, Kennys",1b,0.06,517500
2015,"Scahill, Rob",rhp,0.147,517500
2015,"Shoemaker, Matt",rhp-s,0.166,517500
2015,"Asche, Cody",3b,1.062,517500
2015,"Kontos, George",rhp,1.171,517500
2015,"Pomeranz, Drew",lhp-s,2.013,517500
2015,"Blackmon, Charlie",of,2.102,517500
2015,"Griffin, A.J.",rhp-s,2.102,517500
2015,"LeMahieu, D.J.",2b,2.128,517500
2015,"Despaigne, Odrisamer",rhp-s,0.098,517300
2015,"Tolleson, Steve",inf,1.14,517300
2015,"Hagadone, Nick",lhp,2.056,517100
2015,"Freeman, Sam",lhp,1.066,517000
2015,"Fields, Josh",rhp,2,516700
2015,"Cedeno, Xavier",lhp,1.06,516500
2015,"Gennett, Scooter",2b-ss,1.084,516500
2015,"Solarte, Yangervis",2b-3b,1,516400
2015,"McHugh, Collin",rhp-s,1.085,516300
2015,"Giavotella, Johnny",2b,1.055,516250
2015,"Shuck, J.B.",lf,1.111,516000
2015,"Surkamp, Eric",lhp-s,2.032,516000
2015,"De La Rosa, Rubby",rhp,2.097,516000
2015,"Oberholtzer, Brett",lhp-s,1.04,515800
2015,"Peacock, Brad",rhp-s,1.124,515800
2015,"Guyer, Brandon",of,2.066,515800
2015,"Caminero, Arquimedes",rhp,0.06,515500
2015,"Lambo, Andrew",of,0.079,515500
2015,"Black, Vic",rhp,0.166,515500
2015,"Scheppers, Tanner",rhp,2.119,515200
2015,"Greene, Shane",rhp,0.093,515000
2015,"Joseph, Caleb",c,0.145,515000
2015,"Martinez, Nick",rhp,1,515000
2015,"Schoop, Jonathan",2b-3b,1.027,515000
2015,"Grossman, Robbie",lf-cf,1.057,515000
2015,"Paredes, Jimmy",3b-rf,1.059,515000
2015,"Skaggs, Tyler",lhp-s,1.066,515000
2015,"Ruf, Darin",1b-of,1.066,515000
2015,"Gose, Anthony",of,1.082,515000
2015,"Krol, Ian",lhp,1.082,515000
2015,"Stroman, Marcus",rhp,0.147,514700
2015,"Betts, Mookie",cf,0.07,514500
2015,"Ramirez, Neil",rhp,0.158,514500
2015,"Gosewisch, Tuffy",c,1.06,514500
2015,"Barrett, Aaron",rhp,0.144,514200
2015,"Morin, Mike",rhp,0.155,514000
2015,"Clevenger, Steve",c,2.058,514000
2015,"Harris, Will",rhp,1.159,513900
2015,"Odor, Rougned",2b,0.144,513850
2015,"Kiermaier, Kevin",cf,0.131,513800
2015,"Beliveau, Jeff",lhp,0.154,513600
2015,"Flores, Wilmer",2b-3b,1.003,513543
2015,"Galvis, Freddy",ss,2.021,513500
2015,"Walker, Taijuan",rhp-s,0.142,513100
2015,"La Stella, Tommy",2b,0.124,513000
2015,"Inciarte, Ender",of,0.157,513000
2015,"Rasmus, Cory",rhp,0.169,513000
2015,"den Dekker, Matt",cf-rf,0.109,512972
2015,"Springer, George",rf,0.166,512900
2015,"Treinen, Blake",rhp,0.065,512800
2015,"Yates, Kirby",rhp,0.114,512800
2015,"Olmos, Edgar",lhp,0.016,512500
2015,"Baez, Pedro",rhp,0.059,512500
2015,"Vazquez, Christian",c,0.082,512500
2015,"Buchanan, David",rhp,0.102,512500
2015,"Cron, C.J.",1b,0.124,512500
2015,"Negron, Kris",ss,0.128,512500
2015,"Anderson, Chase",rhp,0.146,512500
2015,"Hollands, Mario",lhp,1,512500
2015,"Owings, Chris",ss,1.027,512500
2015,"Gray, Sonny",rhp-s,1.061,512500
2015,"Friedrich, Christian",lhp-s,1.075,512500
2015,"Freiman, Nate",1b,1.081,512500
2015,"Vogt, Stephen",c,1.084,512500
2015,"Fiers, Michael",rhp,1.085,512500
2015,"Dickerson, Corey",rf-lf,1.101,512500
2015,"Scribner, Evan",rhp,1.142,512500
2015,"Arenado, Nolan",3b,1.155,512500
2015,"Smith, Will",lhp,1.155,512500
2015,"Otero, Danny",rhp,1.169,512500
2015,"Taylor, Chris",ss,0.067,512400
2015,"Federowicz, Tim",c,1.107,512400
2015,"Pillar, Kevin",cf,0.113,512000
2015,"Peralta, David",of,0.12,512000
2015,"Marshall, Evan",rhp,0.146,512000
2015,"Henderson, Jim",rhp-c,2.07,512000
2015,"House, T.J.",lhp,0.104,511900
2015,"Nelson, Jimmy",rhp-s,0.107,511500
2015,"Ramirez, Jose",2b-ss,0.115,511300
2015,"Marisnick, Jake",cf-rf,0.145,511200
2015,"Campbell, Eric",1b-of,0.142,511065
2015,"Martin, Chris",rhp,0.043,511025
2015,"Montero, Rafael",rhp,0.051,511000
2015,"Navarro, Efren",1b,0.141,511000
2015,"Crockett, Kyle",lhp,0.115,510900
2015,"Franklin, Nick",inf,0.162,510900
2015,"Sanchez, Aaron",rhp,0.069,510800
2015,"Hynes, Colt",lhp,0.078,510800
2015,"Colome, Alex",rhp-s,0.118,510800
2015,"Stites, Matt",rhp,0.102,510500
2015,"Wright, Steve",rhp,0.133,510500
2015,"Jeffress, Jeremy",rhp,1.104,510500
2015,"Thornburg, Tyler",rhp-s,1.146,510500
2015,"Schafer, Logan",of,2.018,510500
2015,"Leon, Sandy",c,1.05,510400
2015,"Shreve, Chasen",lhp,0.041,510275
2015,"Pirela, Jose",2b,0.013,510000
2015,"Dominguez, Chris",3b-rf,0.028,510000
2015,"Garcia, Yimi",rhp,0.028,510000
2015,"Pederson, Joc",of,0.028,510000
2015,"Decker, Jaff",of,0.032,510000
2015,"Sanchez, Carlos",2b,0.045,510000
2015,"Grichuk, Randal",rf,0.061,510000
2015,"Hendricks, Kyle",rhp,0.08,510000
2015,"Alcantara, Arismendy",ss,0.082,510000
2015,"Diaz, Jose ""Jumbo""",rhp,0.101,510000
2015,"Phegley, Josh",c,0.114,510000
2015,"Semien, Marcus",inf,0.118,510000
2015,"Petit, Gregorio",inf,0.14,510000
2015,"Hernandez, Cesar",2b,0.154,510000
2015,"Pettibone, Jonathan",rhp-s,0.168,510000
2015,"Herrmann, Chris",dh-c,1.02,510000
2015,"Rondon, Bruce",rhp,1.103,510000
2015,"Walters, Zach",ss,0.128,509600
2015,"Colon, Christian",2b,0.071,509525
2015,"Smith, Carson",rhp,0.028,509500
2015,"Butler, Eddie",rhp,0.057,509500
2015,"Alvarez, Jose",lhp,0.059,509500
2015,"Klein, Phil",rhp,0.059,509500
2015,"Mendez, Roman",rhp,0.084,509500
2015,"Brown, Brooks",rhp,0.085,509500
2015,"Matzek, Tyler",lhp,0.11,509500
2015,"Adrianza, Ehire",ss,1.027,509500
2015,"Profar, Jurickson",2b,1.167,509500
2015,"Sucre, Jesus",c,0.169,509300
2015,"Goeddel, Erik",rhp,0.028,509125
2015,"Duffy, Matt",ss,0.059,509000
2015,"Garcia, Luis",rhp,0.143,509000
2015,"Geltz, Steve",rhp,0.035,508900
2015,"Davis, Erik",rhp,1.045,508900
2015,"Karns, Nate",rhp,0.033,508800
2015,"Simmons, Shae",rhp,0.121,508750
2015,"Norris, Daniel",lhp,0,508700
2015,"Taylor, Michael",of,0.037,508700
2015,"Souza, Steven",of,0.072,508700
2015,"Perez, Roberto",c,0.083,508600
2015,"Escobar, Edwin",lhp,0.016,508500
2015,"Bonilla, Lisalverto",rhp,0.027,508500
2015,"Pompey, Dalton",cf,0.027,508500
2015,"Spangenberg, Cory",2b,0.028,508500
2015,"Rua, Ryan",inf,0.031,508500
2015,"Garces, Frank",lhp,0.04,508500
2015,"Szczur, Matt",of,0.043,508500
2015,"Lamb, Jake",3b,0.053,508500
2015,"Ahmed, Nick",ss,0.054,508500
2015,"Blazek, Michael",rhp,0.067,508500
2015,"Smolinski, Jake",of,0.084,508500
2015,"Perez, Hernan",2b-ss,0.093,508500
2015,"Jimenez, Luis",3b,0.109,508500
2015,"Beckham, Tim",2b-ss,0.0145,508100
2015,"Beeler, Dallas",rhp,0.002,508000
2015,"Rupp, Cameron",c,0.089,508000
2015,"Adams, Austin",rhp,0.04,507700
2015,"Bradley, Archie",rhp,0,507500
2015,"Hernandez, Oscar",c,0,507500
2015,"Martin, Cody",rhp,0,507500
2015,"McKirahan, Andrew",lhp,0,507500
2015,"Winkler, Daniel",rhp,0,507500
2015,"Johnson, Micah",2b,0,507500
2015,"Nesbitt, Angel",rhp,0,507500
2015,"Featherston, Taylor",2b-ss,0,507500
2015,"Graham, J.R.",rhp,0,507500
2015,"Gilmartin, Sean",lhp,0,507500
2015,"Puello, Cesar",of,0,507500
2015,"Herrera, Odubel",2b-of,0,507500
2015,"Olson, Tyler",lhp,0,507500
2015,"Andriese, Matt",rhp,0,507500
2015,"DeShields Jr., Delino",2b-of,0,507500
2015,"Kela, Keone",rhp,0,507500
2015,"Verrett, Logan",rhp,0,507500
2015,"Castro, Miguel",rhp,0,507500
2015,"Osuna, Roberto",rhp,0,507500
2015,"Travis, Devon",2b,0,507500
2015,"Thompson, Taylor",rhp,0.015,507500
2015,"Chafin, Andrew",lhp,0.02,507500
2015,"Alvarez, R.J.",rhp,0.027,507500
2015,"McCann, James",c,0.028,507500
2015,"Graveman, Kendall",rhp-s,0.028,507500
2015,"Nolin, Sean",lhp-s,0.028,507500
2015,"Oliver, Andy",lhp-s,0.034,507500
2015,"Jaime, Juan",rhp,0.056,507500
2015,"Peterson, Jace",2b,0.058,507500
2015,"DeSclafani, Anthony",rhp,0.062,507500
2015,"Bethancourt, Christian",c,0.072,507500
2015,"Gosselin, Phil",2b,0.084,507500
2015,"Hahn, Jesse",rhp,0.086,507500
2015,"Terdoslavich, Joey",rf,0.116,507500
2015,"Gomez, Hector",ss,0.126,507500
2015,"Dyson, Sam",rhp,0.142,507500
2015,"Betances, Dellin",rhp,1.078,507500
2015,"Lackey, John",rhp-s,12.095,507500
2015,"Carbonell, Daniel",of,0,
2015,"Olivera, Hector",2b-3b,0,
2015,"Brito, Socrates",of,0,
2015,"Burgos, Enrique",rhp,0,
2015,"Drury, Brandon",3b,0,
2015,"Locante, Will",lhp,0,
2015,"Munson, Kevin",rhp,0,
2015,"Schugel, A.J.",rhp,0,
2015,"Rodriguez, Santos",lhp,0,
2015,"Banuelos, Manny",lhp,0,
2015,"Cabrera, Mauricio",rhp,0,
2015,"Cunniff, Brandon",rhp,0,
2015,"Gil, Yean Carlos",lhp,0,
2015,"Jenkins, Tyrell",rhp,0,
2015,"Peraza, Jose",ss,0,
2015,"Perez, Williams",rhp,0,
2015,"Reyes, Elmer",ss,0,
2015,"Drake, Oliver",lhp,0,
2015,"Gamboa, Eddie",rhp,0,
2015,"Garcia, Jason",rhp,0,
2015,"Navarro, Rey",ss,0,
2015,"Wilson, Tyler",rhp,0,
2015,"Wright, Mike",rhp,0,
2015,"McDade, Mike",1b,0,
2015,"Coyle, Sean",2b,0,
2015,"Rodriguez, Eduardo",lhp,0,
2015,"Shaw, Travis",1b,0,
2015,"Swihart, Blake",c,0,
2015,"Molina, Nestor",rhp,0,
2015,"Moncada, Yoan",inf,0,
2015,"Edwards, C.J.",rhp,0,
2015,"Villianueva, Christain",3b,0,
2015,"Fernandez, Raul",rhp,0,
2015,"Montas, Frankie",rhp,0,
2015,"Saladino, Tyler",ss,0,
2015,"Smith, Kevan",c,0,
2015,"Thompson, Trayce",of,0,
2015,"Ynoa, Michael",rhp,0,
2015,"Mitchell, Jared",of,0,
2015,"Duran, Juan",of,0,
2015,"Garrett, Amir",lhp,0,
2015,"Sampson, Keyvius",rhp,0,
2015,"Waldrop, Kyle Michael",of,0,
2015,"Guillon, Ismael",lhp,0,
2015,"Anderson, Cody",rhp,0,
2015,"Armstrong, Shawn",rhp,0,
2015,"Gonzalez, Erik",3b,0,
2015,"Merritt, Ryan",lhp,0,
2015,"Moncrief, Carlos",rf,0,
2015,"Urshela, Giovanny",3b,0,
2015,"Wolters, Tony",2b,0,
2015,"Weathers, Casey",rhp,0,
2015,"Anderson, Tyler",lhp,0,
2015,"Herrera, Rosell",ss,0,
2015,"Sitton, Kraig",lhp,0,
2015,"Bernard, Wynton",of,0,
2015,"Fields, Daniel",cf,0,
2015,"Machado, Dixon",ss,0,
2015,"Valdez, Jose",rhp,0,
2015,"Cruz, Luis",lhp,0,
2015,"Feliz, Michael",rhp,0,
2015,"Torreyes, Ronnie",2b,0,
2015,"Velasquez, Vince",rhp,0,
2015,"Gustave, Jandel",rhp,0,
2015,"Bonifacio, Jorge",of,0,
2015,"Calixte, Orlando (prev Paul)",ss,0,
2015,"Cuthbert, Cheslor",3b,0,
2015,"Lamb, John",lhp-s,0,
2015,"Orlando, Paulo",of,0,
2015,"Bandy, Jett",c,0,
2015,"Kubitza, Kyle",3b,0,
2015,"McBryde, Jeremy",rhp,0,
2015,"Perez, Carlos",c,0,
2015,"Reynolds, Danny",rhp,0,
2015,"Suarez, Albert",rhp-s,0,
2015,"Barnes, Austin",c,0,
2015,"Lee, Zach",rhp,0,
2015,"Liberatore, Adam",lhp,0,
2015,"Reed, Chris",lhp,0,
2015,"Schebler, Scott",of,0,
2015,"Jensen, Kyle",of,0,
2015,"Martin, Jarret",lhp,0,
2015,"Conley, Adam",lhp,0,
2015,"Dayton, Grant",lhp,0,
2015,"Flores, Kendry",rhp,0,
2015,"Nicolino, Justin",lhp,0,
2015,"Ramsey, Matt",rhp,0,
2015,"Urena, Jose",rhp,0,
2015,"Wilson, Kenny",of,0,
2015,"De Los Santos (Yan), Miguel",lhp,0,
2015,"Jungmann, Taylor",rhp,0,
2015,"Rivera, Yadiel",ss,0,
2015,"Strong, Michael",lhp,0,
2015,"Hall, Brooks",rhp,0,
2015,"Pena, Ariel",rhp,0,
2015,"Kepler, Max",of,0,
2015,"Meyer, Alex",rhp,0,
2015,"Rosario, Eddie",2b,0,
2015,"Sano, Miguel Jean",ss,0,
2015,"Wheeler, Jason",lhp,0,
2015,"Hermsen, B.J.",rhp,0,
2015,"Leathersich, Jack",lhp,0,
2015,"Matz, Steve",lhp,0,
2015,"Morris, Akeel",rhp,0,
2015,"Robles, Hansel",rhp,0,
2015,"Syndergaard, Noah",rhp-s,0,
2015,"Ynoa, Gabriel",rhp,0,
2015,"Walters, Jeff",rhp,0,
2015,"Austin, Tyler",of,0,
2015,"Burawa, Danny",rhp,0,
2015,"De Paula, Jose",lhp,0,
2015,"Flores, Ramon",of,0,
2015,"German, Domingo",rhp,0,
2015,"Pinder, Branden",rhp,0,
2015,"Sanchez, Gary",c,0,
2015,"Williams, Mason",of,0,
2015,"Campos, Jose",rhp,0,
2015,"Alcantara, Raul",rhp,0,
2015,"Canha, Mark",1b,0,
2015,"Ladendorf, Tyler",ss,0,
2015,"Nunez, Renato",3b,0,
2015,"Ravelo, Rangel",1b,0,
2015,"Araujo, Elvis",lhp,0,
2015,"Biddle, Jesse",lhp,0,
2015,"Dugan, Kelly",of,0,
2015,"Joseph, Tommy",c,0,
2015,"Morgan, Adam",lhp,0,
2015,"Nesseth, Mike",rhp,0,
2015,"Ogando, Nefi",rhp,0,
2015,"Rodriguez, Joely",lhp,0,
2015,"Diaz, Elias",c,0,
2015,"Garcia, Willy",of,0,
2015,"Hanson, Alen",ss,0,
2015,"Kingham, Nick",rhp,0,
2015,"Taillon, Jameson",rhp-s,0,
2015,"Morris, Hunter",1b,0,
2015,"Sanchez, Angel",rhp,0,
2015,"Cabrera, Ramon",c,0,
2015,"Dickerson, Alex",rf,0,
2015,"Guerrero, Tayron",rhp,0,
2015,"Lindsey, Taylor",2b,0,
2015,"Mazzoni, Cory",rhp,0,
2015,"Asencio, Yeison",of,0,
2015,"Black, Ray",rhp,0,
2015,"Gregorio, Joan",rhp,0,
2015,"Hall, Cody",rhp,0,
2015,"Law, Derek",rhp,0,
2015,"Lara, Braulio",lhp,0,
2015,"Turley, Nik",lhp,0,
2015,"Villalona, Angel",1b,0,
2015,"Guaipe, Mayckol",rhp,0,
2015,"Hicks, John",c,0,
2015,"Hultzen, Danny",lhp,0,
2015,"Marte, Ketel",ss,0,
2015,"Montgomery, Mike",lhp,0,
2015,"Morban, Julio",of,0,
2015,"Rollins, David",lhp,0,
2015,"Bawcom, Logan",rhp,0,
2015,"Choi, Ji-Man",1b,0,
2015,"Fernandez, Anthony",lhp,0,
2015,"Siverio, Misael",lhp,0,
2015,"Easley, Ed",c,0,
2015,"Kelly, Ty",2b,0,
2015,"Ohlman, Michael",c,0,
2015,"Stanley, Cody",c,0,
2015,"O'Neill, Mike",lf,0,
2015,"Brett, Ryan",2b,0,
2015,"Garvin, Grayson",lhp,0,
2015,"Lee, Hak-Ju",ss,0,
2015,"Mahtook, Mikie",of,0,
2015,"O'Conner, Justin",c,0,
2015,"Alberto, Hanser",ss,0,
2015,"Alfaro, Jorge",c,0,
2015,"Eickhoff, Jerad",rhp,0,
2015,"Jackson, Luke",rhp,0,
2015,"Aquino, Jayson",lhp,0,
2015,"Jimenez, A.J.",c,0,
2015,"Schultz, Bo",rhp,0,
2015,"Tepera, Ryan",rhp,0,
2015,"Oramas, Juan",lhp,0,
2015,"Cole, A.J.",rhp,0,
2015,"Difo, Wilmer",ss,0,
2015,"Goodwin, Brian",of,0,
2015,"Grace, Matt",lhp,0,
2015,"Rivero, Felipe",lhp,0,
2015,"Solis, Sammy",lhp,0,
2015,"Skelton, James",c,0,
2015,"Leon, Arnold",rhp,0.001,
2015,"Berry, Tim",lhp,0.002,
2015,"Peterson, Shane",of,0.002,
2015,"Northcraft, Aaron",rhp,0.002,
2015,"Parker, Jarrett",rf,0.002,
2015,"Mercedes, Melvin",rhp,0.003,
2015,"Neris, Hector",rhp,0.003,
2015,"Verdugo, Ryan",lhp-s,0.004,
2015,"Oretga, Rafael",cf,0.004,
2015,"Altherr, Aaron",of,0.006,
2015,"Hill, Taylor",rhp,0.006,
2015,"Hagens, Bradin",rhp,0.007,
2015,"Polanco, Jorge",2b,0.007,
2015,"Rodriguez, Wilking",rhp,0.008,
2015,"Romero, Enny",lhp-s,0.008,
2015,"Brooks, Aaron",rhp,0.009,
2015,"Rodriguez, Eddy",c,0.009,
2015,"Belnome, Vince",inf,0.009,
2015,"Rondon, Jorge",rhp,0.01,
2015,"Hassan, Alex",of,0.011,
2015,"Walker, Christian",1b,0.012,
2015,"Brentz, Bryce",of,0.012,
2015,"Curtis, Jermaine",3b,0.012,
2015,"Rucinski, Drew",rhp,0.013,
2015,"Coulombe, Daniel",lhp,0.013,
2015,"Whelan, Kevin",rhp,0.013,
2015,"McGuiness, Chris",1b,0.013,
2015,"Brewer, Charles",rhp,0.014,
2015,"Glenn, Brad",rf,0.014,
2015,"Bundy, Dylan",rhp,0.015,
2015,"Crosby, Casey",lhp,0.015,
2015,"Santana, Domingo",rf,0.015,
2015,"Cecchini, Garin",3b,0.016,
2015,"Adames, Cristhian",ss,0.016,
2015,"Tovar, Wilfredo",ss,0.016,
2015,"Riefenhauser, C.J.",lhp,0.016,
2015,"Cunningham, Todd",of,0.019,
2015,"Diaz, Juan",ss,0.019,
2015,"Skipworth, Kyle",c,0.02,
2015,"Barnes, Matt",rhp,0.021,
2015,"Diaz, Jairo",rhp,0.021,
2015,"Pham, Tommy",of,0.021,
2015,"Tuivailala, Sam",rhp,0.021,
2015,"Benson, Joe",of,0.023,
2015,"Stange, Daniel",rhp,0.023,
2015,"Rowen, Ben",rhp,0.024,
2015,"Scruggs, Xavier",1b,0.025,
2015,"Patton, Spencer",rhp,0.025,
2015,"Magill, Matt",rhp,0.026,
2015,"Anna, Dean",2b,0.026,
2015,"Joseph, Corban",ss,0.027,
2015,"Jokisch, Eric",lhp,0.027,
2015,"Lopez, Rafael",c,0.027,
2015,"Dennick, Ryan",lhp,0.027,
2015,"Rodriguez, Yorman",of,0.027,
2015,"Tropeano, Nick",rhp,0.027,
2015,"Clark, Matt",1b,0.027,
2015,"Rogers, Jason",1b,0.027,
2015,"Achter, A.J.",rhp,0.027,
2015,"Monell, Johnny",c,0.027,
2015,"Heathcott, Slade",cf,0.027,
2015,"Franco, Maikel",3b,0.027,
2015,"Heston, Chris",rhp,0.027,
2015,"Bochy, Brett",rhp,0.027,
2015,"Brown, Gary",of,0.027,
2015,"Price, Bryan",rhp,0.028,
2015,"Ynoa, Rafael",2b,0.028,
2015,"Moya, Steven",rf,0.028,
2015,"Adams, Lane",rf,0.028,
2015,"Finnegan, Brandon",lhp,0.028,
2015,"Severino, Atahualpa",lhp,0.028,
2015,"Alvarez, Dario",lhp,0.028,
2015,"Holdzkom, John",rhp,0.028,
2015,"Campos, Leonel",rhp,0.028,
2015,"Strickland, Hunter",rhp,0.028,
2015,"O'Malley, Shawn",ss,0.028,
2015,"Rasmussen, Rob",lhp,0.028,
2015,"Ryan, Kyle",lhp-s,0.029,
2015,"VerHagen, Drew",rhp-s,0.029,
2015,"Gore, Terrance",of,0.029,
2015,"Snodgress, Scott",lhp,0.029,
2015,"Knebel, Corey",rhp,0.029,
2015,"Ramirez, Jose A.",rhp,0.029,
2015,"Bassitt, Chris",rhp-s,0.029,
2015,"Wilkins, Andy",1b,0.029,
2015,"Perez, Audry",c,0.03,
2015,"De La Torre, Jose",rhp,0.031,
2015,"Herrera, Dilson",2b,0.031,
2015,"Smith, Chad",rhp,0.031,
2015,"Romak, Jamie",3b-of,0.032,
2015,"Holmberg, David",lhp,0.032,
2015,"Flynn, Brian",lhp,0.032,
2015,"Mitchell, Bryan",rhp,0.032,
2015,"Burns, Billy",of,0.032,
2015,"Leesman, Charlie",lhp,0.032,
2015,"Ranaudo, Anthony",rhp,0.032,
2015,"Fornataro, Eric",rhp,0.032,
2015,"Lobstein, Kyle",lhp,0.033,
2015,"Corcino, Daniel",rhp,0.034,
2015,"Pena, Francisco",c,0.034,
2015,"Fuentes, Reymond",of,0.035,
2015,"Romero, Niuman",inf,0.035,
2015,"Rivero, Carlos",ss,0.035,
2015,"Telis, Tomas",c,0.035,
2015,"Williams, Jackson",c,0.036,
2015,"Mesa, Melky",of,0.037,
2015,"Parker, Kyle",of,0.038,
2015,"Realmuto, J.T.",c,0.038,
2015,"Farris, Eric",2b,0.038,
2015,"Schwinden, Chris",rhp,0.038,
2015,"Atkins, Mitch",rhp,0.039,
2015,"Reid, Ryan",rhp,0.04,
2015,"Gonzales, Marco",lhp-s,0.041,
2015,"Diaz, Jonathan",ss,0.041,
2015,"Spruill, Zeke",rhp,0.042,
2015,"Hellweg, Johnny",rhp,0.042,
2015,"Darnell, Logan",lhp,0.042,
2015,"Peterson, Brock",1b,0.043,
2015,"Garcia, Greg",ss,0.043,
2015,"Aguilar, Jesus",1b,0.044,
2015,"Paulsen, Ben",1b,0.045,
2015,"Farmer, Buck",rhp,0.045,
2015,"Solis, Ali",c,0.045,
2015,"Edwards, Jon",rhp,0.045,
2015,"Butler, Dan",c,0.045,
2015,"Heaney, Andrew",lhp,0.047,
2015,"Claudio, Alex",lhp,0.047,
2015,"Hembree, Heath",rhp,0.048,
2015,"Collins, Tyler",of,0.048,
2015,"Pino, Yohan",rhp,0.048,
2015,"Lalli, Blake",c,0.049,
2015,"Liriano, Rymer",of,0.049,
2015,"Martinez, David",rhp,0.049,
2015,"Davidson, Matt",3b,0.05,
2015,"Sadler, Casey",rhp,0.05,
2015,"Boshers, Buddy",lhp,0.051,
2015,"Bolsinger, Mike",rhp,0.051,
2015,"May, Trevor",rhp,0.051,
2015,"Canzler, Russ",1b,0.051,
2015,"Smith, Burch",rhp,0.051,
2015,"Wilk, Adam",lhp,0.052,
2015,"West, Matt",rhp,0.053,
2015,"Ray, Robbie",lhp,0.055,
2015,"Baez, Javier",ss,0.055,
2015,"Johnson, Erik",rhp-s,0.055,
2015,"Holt, Tyler",of,0.056,
2015,"Frias, Carlos",rhp,0.056,
2015,"Montz, Luke",c,0.058,
2015,"Foltynewicz, Mike",rhp,0.059,
2015,"Ortega, Jose",rhp,0.059,
2015,"Bedrosian, Cam",rhp,0.059,
2015,"Thomas, Ian",lhp,0.06,
2015,"Vitters, Josh",of,0.06,
2015,"Hague, Matt",1b,0.06,
2015,"Lerud, Steve",c,0.06,
2015,"Duvall, Adam",3b,0.061,
2015,"Billings, Bruce",rhp,0.061,
2015,"Schlosser, Gus",rhp,0.062,
2015,"Wall, Josh",rhp,0.062,
2015,"Centeno, Juan",c,0.063,
2015,"Bour, Justin",1b,0.064,
2015,"Figueroa, Cole",2b,0.064,
2015,"Avery, Xavier",of,0.065,
2015,"Susac, Andrew",c,0.065,
2015,"Roach, Donn",rhp,0.066,
2015,"Hernandez, Enrique ""Kike""",inf,0.066,
2015,"Castellanos, Alex",of,0.066,
2015,"Purke, Matt",lhp-s,0.066,
2015,"Stassi, Max",c,0.068,
2015,"Lo, Chia-Jen",rhp,0.068,
2015,"Diaz, Argenis",ss,0.068,
2015,"Wheeler, Zelous",3b,0.069,
2015,"Guilmet, Preston",rhp,0.069,
2015,"Urrutia, Henry",of,0.07,
2015,"Flande, Yohan",lhp-s,0.07,
2015,"LaFromboise, Bobby",lhp,0.07,
2015,"Field, Tommy",ss,0.07,
2015,"Burgos, Hiram",rhp,0.071,
2015,"Casali, Curt",c,0.072,
2015,"Butler, Keith",rhp,0.074,
2015,"Barnhart, Tucker",c,0.075,
2015,"Herrera, Yoslan",rhp,0.077,
2015,"Jackson, Brett",of,0.077,
2015,"Roe, Chaz",rhp,0.079,
2015,"Villarreal, Pedro",rhp,0.079,
2015,"Ramirez, J.C.",rhp,0.08,
2015,"Hernandez, Pedro",lhp,0.08,
2015,"Buchanan, Jake",rhp,0.08,
2015,"De Leon, Jorge",rhp,0.081,
2015,"Storey, Mickey",rhp,0.082,
2015,"McBride, Matt",1b-of,0.083,
2015,"Roth, Michael",lhp,0.086,
2015,"Wojciechowski, Asher",rhp,0.087,
2015,"Kickham, Mike",lhp-s,0.087,
2015,"Maronde, Nick",lhp,0.088,
2015,"Contreras, Carlos",rhp,0.089,
2015,"Sardinas, Luis",ss,0.089,
2015,"Taylor, Michael",of,0.091,
2015,"Oliveros, Lester",rhp,0.091,
2015,"Watkins, Logan",2b,0.094,
2015,"Cloyd, Tyler",rhp,0.094,
2015,"Miller, Justin",rhp,0.096,
2015,"Tonkin, Michael",rhp,0.096,
2015,"Korecky, Bobby",rhp,0.097,
2015,"Cabrera, Alberto",rhp,0.098,
2015,"Gindl, Caleb",of,0.098,
2015,"McCoy, Pat",lhp,0.099,
2015,"Tekotte, Blake",of,0.1,
2015,"Soto, Neftali",3b,0.1,
2015,"Goebbert, Jake",lf,0.101,
2015,"Britton, Drake",lhp,0.103,
2015,"Kieschnick, Roger",rf-lf,0.103,
2015,"Mariot, Michael",rhp,0.104,
2015,"Greenwood, Nick",lhp,0.104,
2015,"Marinez, Jhan",rhp,0.105,
2015,"Hardy, Blaine",lhp,0.106,
2015,"Robertson, Tyler",lhp,0.108,
2015,"Webster, Allen",rhp,0.109,
2015,"Brown, Corey",of,0.109,
2015,"Laird, Brandon",inf,0.109,
2015,"Hernandez, Gorkys",of,0.111,
2015,"Bergman, Christian",rhp,0.112,
2015,"Bernier, Doug",ss,0.112,
2015,"Barnes, Scott",lhp,0.112,
2015,"Rojas, Miguel",ss,0.115,
2015,"Burns, Cory",rhp,0.115,
2015,"Chapman, Kevin",lhp,0.116,
2015,"Goins, Ryan",ss,0.116,
2015,"Suarez, Eugenio",ss-2b,0.117,
2015,"Noonan, Nick",2b,0.117,
2015,"Jackson, Ryan",ss,0.118,
2015,"Dominguez, Jose",rhp,0.119,
2015,"Falu, Irving",inf,0.12,
2015,"Rosscup, Zac",lhp,0.123,
2015,"Bettis, Chad",rhp,0.124,
2015,"Irwin, Phil",rhp,0.125,
2015,"Almonte, Abraham",of,0.126,
2015,"Marte, Alfredo",of,0.127,
2015,"Aumont, Phillippe",rhp,0.127,
2015,"Robinson, Trayvon",of,0.127,
2015,"Martin, Ethan",rhp,0.128,
2015,"Triunfel, Carlos",ss-3b,0.128,
2015,"Partch, Curtis",rhp,0.13,
2015,"Rusin, Chris",lhp-s,0.131,
2015,"Pinto, Josmil",c,0.131,
2015,"Jones, James",rf,0.131,
2015,"Chambers, Adron",of,0.134,
2015,"Lutz, Donald",inf,0.134,
2015,"Mills, Brad",lhp,0.134,
2015,"Almonte, Zoilo",rf,0.136,
2015,"Lee, Chen (C.C.)",rhp,0.136,
2015,"Stinson, Josh",rhp,0.136,
2015,"Romero, Stefen",2b,0.136,
2015,"Whitley, Chase",rhp-s,0.137,
2015,"Gast, John",lhp-s,0.139,
2015,"Poreda, Aaron",lhp,0.139,
2015,"Rosin, Seth",rhp,0.145,
2015,"Sappelt, Dave",of,0.145,
2015,"Perez, Eury",cf,0.147,
2015,"DeJesus Jr., Ivan",ss,0.147,
2015,"De La Rosa, Eury",lhp,0.148,
2015,"Carroll, Scott",rhp-s,0.154,
2015,"Pina, Manuel",c,0.155,
2015,"Anderson, Bryan",c,0.156,
2015,"Quackenbush, Kevin",rhp,0.157,
2015,"Stewart, Zach",rhp-s,0.158,
2015,"Robertson, Daniel",of,0.159,
2015,"Wheeler, Ryan",3b,0.159,
2015,"Salazar, Danny",rhp-s,0.162,
2015,"Rienzo, Andre",lhp-s,0.162,
2015,"Kobernus, Jeff",2b,0.162,
2015,"Choice, Michael",of,0.164,
2015,"Rosenberg, B.J.",rhp,0.166,
2015,"Lyons, Tyler",lhp-s,0.166,
2015,"Cleto, Maikel",rhp,0.169,
2015,"Nieto, Adrian",c,1,
2015,"Kahnle, Tommy",rhp,1,
2015,"Boscan, J.C.",c,1,
2015,"Wang, Wei-Chung",lhp,1,
2015,"Elias, Roenis",lhp,1,
2015,"Leone, Dominic",rhp,1,
2015,"Moran, Brian",lhp,1,
2015,"Perez, Juan",of,1.003,
2015,"Colabello, Chris",1b,1.004,
2015,"Medica, Tommy",1b,1.005,
2015,"Jordan, Taylor",rhp-s,1.005,
2015,"Wooten, Rob",rhp,1.007,
2015,"Wagner, Neil",rhp,1.007,
2015,"Peguero, Carlos",of,1.008,
2015,"Rohlinger, Ryan",inf,1.01,
2015,"Asencio, Jairo",rhp,1.011,
2015,"Johnson, Steve",rhp,1.012,
2015,"Christian, Justin",of,1.014,
2015,"Zeid, Josh",rhp,1.017,
2015,"Enright, Barry",rhp,1.017,
2015,"Workman, Brandon",rhp,1.018,
2015,"Berry, Quintin",of,1.018,
2015,"Villar, Jonathan",ss,1.018,
2015,"Garcia, Onelki",lhp,1.019,
2015,"Clemens, Paul",rhp-s,1.024,
2015,"Hale, David",rhp-s,1.025,
2015,"Webb, Daniel",rhp,1.027,
2015,"Solano, Jhonatan",c,1.027,
2015,"Threets, Erick",lhp,1.028,
2015,"Adduci, Jim",lf,1.029,
2015,"Reed, Evan",rhp,1.03,
2015,"Pimentel, Stolmy",rhp,1.03,
2015,"Miller, Jim",rhp,1.031,
2015,"Green, Grant",2b-3b,1.033,
2015,"Dietrich, Derek",2b-ss,1.036,
2015,"Mikolas, Miles",rhp,1.037,
2015,"Brantly, Rob",c,1.038,
2015,"Wilson, Alex",rhp,1.038,
2015,"Constanza, Jose",cf,1.039,
2015,"Germen, Gonzalez",rhp,1.041,
2015,"Allen, Brandon",1b,1.041,
2015,"Sands, Jerry",of-1b,1.042,
2015,"Fryer, Eric",c,1.042,
2015,"d'Arnaud, Chase",2b-ss,1.042,
2015,"Satin, Josh",1b-3b,1.043,
2015,"Rhymes, Will",2b,1.044,
2015,"Claiborne, Preston",rhp,1.049,
2015,"Hoes, L.J.",rf-lf,1.05,
2015,"Below, Duane",lhp,1.05,
2015,"Paterson, Joe",lhp,1.052,
2015,"Nuno, Vidal",lhp,1.055,
2015,"Erlin, Robbie",lhp-s,1.057,
2015,"Jenkins, Chad",rhp,1.057,
2015,"Bradley, Jackie Jr.",cf,1.059,
2015,"Pridie, Jason",of,1.06,
2015,"Ortiz, Joe",lhp,1.062,
2015,"Krauss, Marc",lf-rf,1.062,
2015,"Savery, Joe",lhp,1.066,
2015,"Hicks, Aaron",of,1.067,
2015,"Pressly, Ryan",rhp,1.068,
2015,"Carrera, Ezequiel",of,1.069,
2015,"Herrera, Elian",of,1.071,
2015,"Brown, Andrew",rf-lf,1.071,
2015,"Moore, Scott",3b,1.071,
2015,"Lake, Junior",lf-cf,1.073,
2015,"Rice, Scott",lhp,1.073,
2015,"Culberson, Charlie",inf,1.074,
2015,"Burke, Greg",rhp,1.074,
2015,"Parrino, Andy",2b,1.077,
2015,"Adcock, Nathan",rhp,1.084,
2015,"Ramirez, Wilkin",of,1.084,
2015,"Villareral, Brayan",rhp,1.084,
2015,"Buckner, Billy",rhp-s,1.085,
2015,"Rosario, Sandy",rhp,1.086,
2015,"Coleman, Casey",rhp,1.087,
2015,"Maurer, Brandon",rhp,1.089,
2015,"Elmore, Jake",2b,1.089,
2015,"Santos, Omir",c,1.091,
2015,"Cisnero, Jose",rhp,1.092,
2015,"Valaika, Chris",2b,1.093,
2015,"Montero, Jesus",c,1.096,
2015,"LaHair, Bryan",of-1b,1.1,
2015,"Straily, Dan",rhp-s,1.1,
2015,"Dolis, Rafael",rhp,1.101,
2015,"Lindblom, Josh",rhp,1.101,
2015,"Sierra, Moises",of,1.105,
2015,"Gillespie, Cole",of,1.105,
2015,"Holaday, Bryan",c,1.107,
2015,"Nickeas, Mike",c,1.108,
2015,"Bueno, Francisley",lhp,1.111,
2015,"Walters, P.J.",rhp-s,1.114,
2015,"Garcia, Leury",3b-of,1.116,
2015,"De La Rosa, Dane",rhp,1.123,
2015,"Coello, Robert",rhp,1.124,
2015,"Lucas, Ed",inf,1.124,
2015,"Sanabia, Alex",rhp-s,1.127,
2015,"Hester, John",c,1.127,
2015,"Cabral, Cesar",lhp,1.128,
2015,"Lavarnway, Ryan",c,1.133,
2015,"Thielbar, Caleb",lhp,1.133,
2015,"Pastornicky, Tyler",ss-2b,1.134,
2015,"Danks, Jordan",of,1.135,
2015,"Tepesch, Nick",rhp-s,1.136,
2015,"McFarland, T.J.",lhp,1.138,
2015,"Florimon Jr, Pedro",ss,1.139,
2015,"Valdespin, Jordany",inf,1.141,
2015,"Axelrod, Dylan",rhp-s,1.143,
2015,"Pryor, Stephen",rhp,1.144,
2015,"Balester, Collin",rhp,1.145,
2015,"Parker, Blake",rhp,1.148,
2015,"Ambriz, Hector",rhp,1.151,
2015,"Cunningham, Aaron",of,1.158,
2015,"Horst, Jeremy",lhp,1.16,
2015,"Diamond, Scott",lhp-s,1.161,
2015,"O'Sullivan, Sean",rhp-s,1.167,
2015,"Beato, Pedro",rhp,1.169,
2015,"Luetge, Lucas",lhp,2,
2015,"Thomas, Clete",of,2.007,
2015,"Weeks, Jemile",2b,2.011,
2015,"Putkonen, Luke",rhp,2.018,
2015,"Mastroianni, Darin",cf,2.018,
2015,"Veal, Donald",lhp,2.021,
2015,"Manship, Jeff",rhp,2.021,
2015,"Rutledge, Josh",2b-ss,2.022,
2015,"Figaro, Alfredo",rhp,2.022,
2015,"Mateo, Marcos",rhp,2.025,
2015,"McCutchen, Daniel",rhp,2.026,
2015,"Schlitter, Brian",rhp,2.029,
2015,"Bianchi, Jeff",inf,2.033,
2015,"Capps, Carter",rhp,2.037,
2015,"Kelly, Casey",rhp,2.038,
2015,"Downs, Darin",lhp,2.044,
2015,"Lincoln, Brad",rhp,2.048,
2015,"Worth, Danny",ss-3b,2.049,
2015,"Morel, Brent",3b,2.049,
2015,"Gimenez, Hector",c,2.05,
2015,"Leroux, Chris",rhp,2.051,
2015,"Parmelee, Chris",1b,2.058,
2015,"Barnes, Brandon",lf-cf,2.058,
2015,"Lombardozzi, Steve",inf,2.058,
2015,"Campana, Tony",of,2.059,
2015,"Dominguez, Matt",3b,2.062,
2015,"Ciriaco, Pedro",ss,2.065,
2015,"Moore, Adam",c,2.065,
2015,"Wallace, Brett",1b,2.067,
2015,"Beavan, Blake",rhp-s,2.069,
2015,"Runzler, Dan",lhp,2.071,
2015,"Kawasaki, Munenori",ss,2.073,
2015,"Bogusevic, Brian",lf,2.075,
2015,"Vizcaino, Arodys",rhp,2.077,
2015,"Tuiasosopo, Matt",3b,2.079,
2015,"Kirkman, Michael",lhp,2.079,
2015,"Fox, Jake",3b-of-c,2.082,
2015,"Gomes, Brandon",rhp,2.085,
2015,"Delabar, Steve",rhp,2.097,
2015,"Carroll, Brett",lf,2.102,
2015,"Martinez, Michael",2b,2.103,
2015,"Harrell, Lucas",rhp-s,2.107,
2015,"Gearrin, Cory",rhp,2.109,
2015,"Valdes, Raul",lhp,2.109,
2015,"Schlereth, Daniel",lhp,2.111,
2015,"Velez, Eugenio",2b-lf,2.111,
2015,"Kalish, Ryan",of,2.117,
2015,"Perez, Luis",lhp,2.119,
2015,"Bell, Trevor",rhp,2.124,
2015,"Rapada, Clay",lhp,2.127,
2015,"Olmedo, Ray",ss,2.138,
2015,"Berken, Jason",rhp,2.141,
2015,"Baxter, Mike",of-1b,2.145,
2015,"Mattheus, Ryan",rhp,2.145,
2015,"Perry, Ryan",rhp,2.147,
2015,"Herrmann, Frank",rhp,2.147,
2015,"Germano, Justin",rhp,2.147,
2015,"Greene, Tyler",ss,2.15,
2015,"White, Alex",rhp,2.155,
2015,"Wieland, Joe",rhp,2.161,
2015,"Nelson, Chris",2b-3b,2.171,
2015,"Kohn, Michael",rhp,3.01,
2015,"Quiroz, Guillermo",c,3.013,
2015,"Daley, Matt",rhp,3.022,
2015,"Blackley, Travis",lhp,3.026,
2015,"Sanchez, Angel",ss,3.028,
2015,"LeBlanc, Wade",lhp,3.038,
2015,"Wells, Casper",of,3.04,
2015,"Sizemore, Scott",2b-ss,3.055,
2015,"Galarraga, Armando",rhp-s,3.055,
2015,"Zagurski, Mike",lhp,3.055,
2015,"Tolbert, Matt",inf,3.057,
2015,"Rodriguez, Henry",rhp,3.058,
2015,"Huff, David",lhp,3.062,
2015,"Roenicke, Josh",rhp,3.062,
2015,"Mazzaro, Vin",rhp,3.065,
2015,"Johnson, Elliot",2b,3.068,
2015,"Colvin, Tyler",of,3.085,
2015,"Troncoso, Ramon",rhp,3.087,
2015,"Tsao, Chin-hui",rhp,3.087,
2015,"Whiteside, Eli",c,3.088,
2015,"Gimenez, Chris",c,3.097,
2015,"Rowland-Smith, Ryan",lhp-s,3.102,
2015,"LaRoche, Andy",3b,3.103,
2015,"Brothers, Rex",lhp,3.117,
2015,"Viciedo, Dayan",lf,3.123,
2015,"Wood, Blake",rhp,3.131,
2015,"Burriss, Emmanuel",ss,3.131,
2015,"Dirks, Andy",lf,3.139,
2015,"Paul, Xavier",of,3.141,
2015,"Brignac, Reid",ss,3.142,
2015,"Meek, Evan",rhp,3.143,
2015,"Hayes, Brett",c,3.145,
2015,"Francisco, Juan",1b,3.147,
2015,"Carp, Mike",1b-lf,3.168,
2015,"Abreu, Tony",2b-3b,4.005,
2015,"Arencibia, J.P.",c,4.012,
2015,"Dickerson, Chris",lf,4.026,
2015,"Eveland, Dana",lhp,4.029,
2015,"Romero, Ricky",lhp-s,4.033,
2015,"Boggs, Mitchell",rhp,4.034,
2015,"Kensing, Logan",rhp,4.043,
2015,"Volstad, Chris",rhp-s,4.044,
2015,"Elbert, Scott",lhp,4.046,
2015,"Lopez, Wilton",rhp,4.049,
2015,"Teagarden,Taylor",c,4.061,
2015,"Lane, Jason",lhp,4.061,
2015,"Aceves, Alfredo",rhp,4.075,
2015,"Johnson, Dan",1b,4.076,
2015,"Jacobs, Mike",dh-1b,4.079,
2015,"Barton, Daric",1b,4.08,
2015,"Laffey, Aaron",lhp,4.083,
2015,"Resop, Chris",rhp,4.089,
2015,"Pena, Ramiro",inf,4.089,
2015,"Roberts, Ryan",2b,4.098,
2015,"Santos, Sergio",rhp,4.124,
2015,"Ondrusek, Logan",rhp,4.125,
2015,"Delcarmen, Manny",rhp,4.133,
2015,"Harris, Brendan",2b-ss,4.137,
2015,"Miner, Zach",rhp,4.137,
2015,"Patton, Troy",lhp,4.138,
2015,"Orr, Pete",inf,4.145,
2015,"Belisario, Ronald",rhp,4.151,
2015,"Andino, Robert",2b-ss,4.152,
2015,"Wilson, Josh",2b,4.161,
2015,"Quintanilla, Omar",ss,4.164,
2015,"Jurrjens, Jair",rhp-s,4.167,
2015,"Stewart, Ian",3b,4.171,
2015,"Bailey, Andrew",rhp-c,5,
2015,"Venters, Jonny",lhp,5,
2015,"Reimold, Nolan",lf,5.004,
2015,"Blanks, Kyle",lf-1b,5.005,
2015,"Chacin, Jhoulys",rhp-s,5.012,
2015,"Sanchez, Gaby",1b,5.025,
2015,"Murphy, Donnie",3b-ss,5.031,
2015,"Gutierrez, Juan (J.C.)",rhp,5.035,
2015,"Fontenot, Mike",2b,5.053,
2015,"Nix, Jayson",2b,5.055,
2015,"Lannan, John",lhp-s,5.064,
2015,"Richard, Clayton",lhp-s,5.07,
2015,"McDonald, James",rhp-s,5.074,
2015,"Kottaras, George",c,5.077,
2015,"Morgan, Nyjer",lf,5.077,
2015,"Flores, Jesus",c,5.079,
2015,"Bernadina, Roger",of,5.087,
2015,"Slowey, Kevin",rhp-s,5.14,
2015,"Baker, John",c,5.141,
2015,"Gwynn Jr., Tony",of,5.146,
2015,"Perez, Rafael",lhp,5.157,
2015,"Hermida, Jeremy",lf,5.167,
2015,"Ohlendorf, Ross",rhp-s,5.17,
2015,"Loe, Kameron",rhp,6.04,
2015,"Casilla, Alexi",2b,6.04,
2015,"Hannahan, Jack",3b,6.065,
2015,"Schierholtz, Nate",rf,6.078,
2015,"Hill, Rich",lhp,6.1,
2015,"Sanchez, Jonathan",lhp-s,6.11,
2015,"Perez, Chris",rhp,6.136,
2015,"Paulino, Felipe",rhp-s,6.163,
2015,"Kuroda, Hiroki",rhp-s,7,
2015,"Lowe, Mark",rhp,7.005,
2015,"Burton, Jared",rhp,7.014,
2015,"Coffey, Todd",rhp,7.024,
2015,"Aardsma, David",rhp,7.029,
2015,"Matsuzaka, Daisuke",rhp-s,7.033,
2015,"Hanrahan, Joel",rhp,7.043,
2015,"MacDougal, Mike",rhp,7.077,
2015,"Quintero, Humberto",c,7.085,
2015,"Masset, Nick",rhp,7.121,
2015,"Veras, Jose",rhp,7.124,
2015,"Marcum, Shaun",rhp-s,7.128,
2015,"Oviedo, Juan Carlos",rhp,7.136,
2015,"Saunders, Joe",lhp-s,7.138,
2015,"Lindstrom, Matt",rhp,8,
2015,"Wang, Chien-Ming",rhp-s,8.016,
2015,"Adams, Mike",rhp,8.019,
2015,"Burnett, Sean",lhp,8.085,
2015,"Hendrickson, Mark",lhp-s,8.086,
2015,"Baker, Scott",rhp-s,8.099,
2015,"Gaudin, Chad",rhp,8.104000000000001,
2015,"Betemit, Wilson",3b-1b,8.107000000000001,
2015,"Feliciano, Pedro",lhp,8.118,
2015,"Bell, Heath",rhp,8.141,
2015,"Rodriguez, Wandy",lhp-s,8.167000000000002,
2015,"Francis, Jeff",lhp-s,9.036000000000001,
2015,"Maholm, Paul",lhp-s,9.037,
2015,"Nady, Xavier",rf,9.077000000000002,
2015,"Hairston, Scott",lf-rf,9.102,
2015,"Ludwick, Ryan",lf,9.109,
2015,"Doumit, Ryan",c,9.12,
2015,"Ayala, Luis",rhp,9.121,
2015,"Willingham, Josh",lf,9.123000000000001,
2015,"Beimel, Joe",lhp,10.018,
2015,"Correia, Kevin",rhp-s,10.027,
2015,"Crain, Jesse",rhp,10.039,
2015,"Valverde, Jose",rhp,10.041,
2015,"Buck, John",c,10.064,
2015,"Santiago, Ramon",ss-2b,10.095,
2015,"Olivo, Miguel",c,10.099,
2015,"Chavez, Endy",lf,10.134,
2015,"Bedard, Erik",lhp-s,11.087,
2015,"Chen, Bruce",lhp-s,11.159,
2015,"Overbay, Lyle",1b,12.009,
2015,"Soriano, Rafael",rhp-c,12.057,
2015,"Downs, Scott",lhp,12.121,
2015,"Ellis, Mark",2b,12.136,
2015,"Penny, Brad",rhp-s,12.148,
2015,"Zito, Barry",lhp-s,13.072,
2015,"Dunn, Adam",dh-1b,13.074,
2015,"McDonald, John",ss-2b,13.118,
2015,"Wolf, Randy",lhp-s,13.151,
2015,"Santana, Johan",lhp-s,14.069,
2015,"Farnsworth, Kyle",rhp,15,
2015,"Furcal, Rafael",2b,15,
2015,"Wright, Jamey",rhp,16.086,
2015,"Abreu, Bobby",rf,16.107,
2015,"Ibanez, Raul",dh-lf,17.02,
2015,"Giambi, Jason",dh-1b,19.082,
2014,"Greinke, Zack",rhp-s,9.057,26000000
2014,"Howard, Ryan",1b,8.145,25000000
2014,"Lee, Cliff",lhp-s,10.1,25000000
2014,"Wells, Vernon",of,12.113,24642857
2014,"Fielder, Prince",1b,8.068000000000001,24000000
2014,"Cano, Robinson",2b,8.153,24000000
2014,"Hamels, Cole",lhp-s,7.143,23500000
2014,"Teixeira, Mark",1b,11,23125000
2014,"Mauer, Joe",1b,10,23000000
2014,"Pujols, Albert",1b,13,23000000
2014,"Sabathia, CC",lhp-s,13,23000000
2014,"Hernandez, Felix",rhp-s,8.06,22857143
2014,"Tanaka, Masahiro",rhp-s,0,22000000
2014,"Cabrera, Miguel",1b,10.101,22000000
2014,"Gonzalez, Adrian",1b,8.108,21857143
2014,"Kemp, Matt",cf,7.049,21250000
2014,"Ellsbury, Jacoby",cf,6.037,21142857
2014,"Crawford, Carl",lf,11.072,21107143
2014,"Cain, Matt",rhp-s,8.038,20833333
2014,"Werth, Jayson",rf,10.102,20571429
2014,"Verlander, Justin",rhp-s,8.002,20000000
2014,"Wright, David",3b,9.075,20000000
2014,"Wainwright, Adam",rhp-s,8.027000000000001,19500000
2014,"Buehrle, Mark",lhp-s,13.078,19000000
2014,"Soriano, Alfonso",dh,13.079,19000000
2014,"Hamilton, Josh",lf,7,17400000
2014,"Lincecum, Tim",rhp-s,6.148,17000000
2014,"McCann, Brian",c,8.117,17000000
2014,"Holliday, Matt",lf,10,17000000
2014,"Beckett, Josh",rhp-s,12.03,17000000
2014,"Beltre, Adrian",3b,15.096,17000000
2014,"Wilson, C.J.",lhp-s,8.055,16500000
2014,"Weaver, Jered",rhp-s,7.129,16200000
2014,"Kuroda, Hiroki",rhp-s,6,16000000
2014,"Pence, Hunter",rf,6.156,16000000
2014,"Tulowitzki, Troy",ss,7.033,16000000
2014,"Napoli, Mike",1b,7.151,16000000
2014,"Kinsler, Ian",2b,8,16000000
2014,"Ramirez, Hanley",ss,8.014000000000001,16000000
2014,"Reyes, Jose",ss,10.111,16000000
2014,"Ramirez, Aramis",3b,14.111,16000000
2014,"Lackey, John",rhp-s,11.095,15950000
2014,"Sanchez, Anibal",rhp-s,7.099,15800000
2014,"Danks, John",lhp-s,7,15750000
2014,"Scherzer, Max",rhp-s,5.079,15525000
2014,"Ethier, Andre",cf,7.153,15500000
2014,"Peralta, Jhonny",ss,9.118,15500000
2014,"Ortiz, David",dh,15.048,15500000
2014,"Markakis, Nick",rf,8,15350000
2014,"Molina, Yadier",c,9.123000000000001,15200000
2014,"Swisher, Nick",1b,9.031,15000000
2014,"Utley, Chase",2b,10.027,15000000
2014,"Dunn, Adam",dh-1b,12.074,15000000
2014,"Beltran, Carlos",rf,15.014,15000000
2014,"Peavy, Jake",rhp-s,11.101,14500000
2014,"Upton, Justin",lf,6.06,14458333
2014,"Santana, Ervin",rhp-s,8.104000000000001,14100000
2014,"Upton, B.J.",cf,7.126,14050000
2014,"Price, David",lhp-s,4.164,14000000
2014,"Choo, Shin-Soo",lf,6.119,14000000
2014,"Zimmerman, Ryan",3b,8.032,14000000
2014,"Bautista, Jose",rf,8.165,14000000
2014,"Soriano, Rafael",rhp-c,11.057,14000000
2014,"Hunter, Torii",rf,14.132,14000000
2014,"Bourn, Michael",cf,7.028,13500000
2014,"Shields, James",rhp-s,7.125,13500000
2014,"Rios, Alex",rf,9.13,13500000
2014,"Jones, Adam",cf,6.139,13333333
2014,"Uggla, Dan",2b,8,13200000
2014,"Lester, Jon",lhp-s,7.075,13000000
2014,"Papelbon, Jonathan",rhp-c,8.064,13000000
2014,"Jackson, Edwin",rhp-s,8.07,13000000
2014,"Granderson, Curtis",lf-cf,8.077000000000002,13000000
2014,"Victorino, Shane",rf,8.092,13000000
2014,"Rodriguez, Wandy",lhp-s,8.105,13000000
2014,"Pedroia, Dustin",2b,7.041,12625000
2014,"Garza, Matt",rhp-s,6.149,12500000
2014,"Votto, Joey",1b,6.027,12000000
2014,"Feldman, Scott",rhp-s,7.091,12000000
2014,"Billingsley, Chad",rhp-s,7.11,12000000
2014,"Nolasco, Ricky",rhp-s,7.142,12000000
2014,"Dickey, R.A.",rhp-s,8.007000000000001,12000000
2014,"Weeks, Rickie",2b,8.131,12000000
2014,"LaRoche, Adam",1b,10,12000000
2014,"Martinez, Victor",dh,10.114,12000000
2014,"Jeter, Derek",ss,18.043,12000000
2014,"Gallardo, Yovani",rhp-s,6.108,11500000
2014,"Cuddyer, Michael",rf,10.157,11500000
2014,"Posey, Buster",c,3.161,11277778
2014,"Jimenez, Ubaldo",rhp-s,6.087,11250000
2014,"Burnett, A.J.",rhp-s,14.038,11250000
2014,"Prado, Martin",3b,6.105,11000000
2014,"Braun, Ryan",rf,6.129,11000000
2014,"Hill, Aaron",2b,8.136000000000001,11000000
2014,"De La Rosa, Jorge",lhp-s,9.015,11000000
2014,"Phillips, Brandon",2b,9.022,11000000
2014,"Lohse, Kyle",rhp-s,12.092,11000000
2014,"Rollins, Jimmy",ss,13.015,11000000
2014,"Hudson, Tim",rhp-s,14.119,11000000
2014,"Gonzalez, Carlos",cf,5.059,10928571
2014,"Gordon, Alex",lf,6.092,10750000
2014,"Headley, Chase",3b,5.123,10525000
2014,"Cespedes, Yoenis",lf,2,10500000
2014,"Davis, Chris",1b,4.061,10350000
2014,"McCarthy, Brandon",rhp-s,7.122,10250000
2014,"Pagan, Angel",cf,7.144,10250000
2014,"Bruce, Jay",rf,5.125,10041667
2014,"Darvish, Yu",rhp-s,2,10000000
2014,"Johnson, Jim",rhp-c,5.165,10000000
2014,"Cueto, Johnny",rhp-s,6,10000000
2014,"Cabrera, Asdrubal",ss,6.027,10000000
2014,"Wilson, Brian",rhp,6.059,10000000
2014,"Montero, Miguel",c,7.031,10000000
2014,"Bell, Heath",rhp,8.099,10000000
2014,"Haren, Dan",rhp-s,9.154000000000002,10000000
2014,"Masterson, Justin",rhp-s,5.108,9762500
2014,"Kendrick, Howie",2b,7.091,9700000
2014,"Ramirez, Alexei",ss,6,9500000
2014,"Quentin, Carlos",lf,7.065,9500000
2014,"Martin, Russell",c,7.15,9500000
2014,"Ross, Cody",of,8.058000000000002,9500000
2014,"Arroyo, Bronson",rhp-s,11.15,9500000
2014,"Bailey, Homer",rhp-s,5.017,9000000
2014,"Kazmir, Scott",lhp-s,7.119,9000000
2014,"Encarnacion, Edwin",1b,8.085,9000000
2014,"Nathan, Joe",rhp-c,12.12,9000000
2014,"Colon, Bartolo",rhp-s,15.061,9000000
2014,"Aybar, Erick",ss,7.086,8750000
2014,"Abreu, Jose",1b,0,8666667
2014,"Gonzalez, Gio",lhp-s,4.162,8600000
2014,"Porcello, Rick",rhp-s,4.17,8500000
2014,"Butler, Billy",dh,6.102,8500000
2014,"Ruiz, Carlos",c,7.069,8500000
2014,"League, Brandon",rhp,7.145,8500000
2014,"Ludwick, Ryan",lf,8.109,8500000
2014,"Sandoval, Pablo",3b,5.047,8250000
2014,"Pierzynski, A.J.",c,13.1,8250000
2014,"Harrison, Matt",lhp-s,5.083,8200000
2014,"Anderson, Brett",lhp-s,5,8000000
2014,"Cruz, Nelson",rf,6.082,8000000
2014,"Morrow, Brandon",rhp-s,6.091,8000000
2014,"Hughes, Phil",rhp-s,6.113,8000000
2014,"Guthrie, Jeremy",rhp-s,7.13,8000000
2014,"Cabrera, Melky",lf,7.148,8000000
2014,"Johnson, Josh",rhp-s,8.026000000000002,8000000
2014,"Byrd, Marlon",rf,9.115,8000000
2014,"Buchholz, Clay",rhp-s,5.059,7950000
2014,"Hardy, J.J.",ss,8.164000000000001,7916667
2014,"Cahill, Trevor",rhp-s,5,7900000
2014,"Garcia, Jaime",lhp-s,5.047,7875000
2014,"Fowler, Dexter",cf,4.168,7850000
2014,"Chapman, Aroldis",lhp-c,3.034,7835772
2014,"Romero, Ricky",lhp-s,4,7750000
2014,"Wieters, Matt",c,4.129,7700000
2014,"Kendrick, Kyle",rhp-s,5.159,7675000
2014,"Zimmermann, Jordan",rhp-s,4.154,7500000
2014,"Motte, Jason",rhp,5.027,7500000
2014,"Longoria, Evan",3b,5.17,7500000
2014,"Crisp, Covelli",cf,10.158,7500000
2014,"Uribe, Juan",3b,12.089,7500000
2014,"McCutchen, Andrew",cf,4.123,7458333
2014,"Kimbrel, Craig",rhp-c,3.066,7250000
2014,"Latos, Mat",rhp-s,4.079,7250000
2014,"Young, Chris",rf,7.045,7250000
2014,"Fister, Doug",rhp-s,4.058,7200000
2014,"Rasmus, Colby",cf,5,7000000
2014,"Lind, Adam",dh,6.058,7000000
2014,"Vargas, Jason",lhp-s,6.114,7000000
2014,"Zobrist, Ben",2b,6.134,7000000
2014,"Gomez, Carlos",cf,6.141,7000000
2014,"Adams, Mike",rhp,7.019,7000000
2014,"Broxton, Jonathan",rhp,8.02,7000000
2014,"Willingham, Josh",lf,8.123000000000001,7000000
2014,"Street, Huston",rhp-c,9,7000000
2014,"Putz, J.J.",rhp,10.022,7000000
2014,"Rodney, Fernando",rhp-c,10.137,7000000
2014,"Andrus, Elvis",ss,5,6725000
2014,"Scutaro, Marcos",2b,10.138,6666667
2014,"Kershaw, Clayton",lhp-s,5.105,6571429
2014,"Guerrero, Alexander",2b,0,6500000
2014,"Iwakuma, Hisashi",rhp-s,2,6500000
2014,"Stanton, Giancarlo",rf,3.118,6500000
2014,"Desmond, Ian",ss,4.027,6500000
2014,"Span, Denard",cf,5.111,6500000
2014,"Suzuki, Ichiro",rf,13,6500000
2014,"Romo, Sergio",rhp-c,5.097,6300000
2014,"Kennedy, Ian",rhp-s,4.124,6100000
2014,"Jackson, Austin",cf,4,6000000
2014,"Saltalamacchia, Jarrod",c,6.043,6000000
2014,"Morse, Michael",lf,6.114,6000000
2014,"Hammel, Jason",rhp-s,6.153,6000000
2014,"Liriano, Francisco",lhp-s,7.104,6000000
2014,"Hart, Corey",dh,8.038,6000000
2014,"Benoit, Joaquin",rhp,11.04,6000000
2014,"Affeldt, Jeremy",lhp,12,6000000
2014,"Leake, Mike",rhp-s,4,5925000
2014,"Clippard, Tyler",rhp,4.148,5875000
2014,"Castro, Starlin",ss,3.15,5857143
2014,"Medlen, Kris",rhp-s,4.137,5800000
2014,"Walker, Neil",2b,3.166,5750000
2014,"Murphy, Daniel",2b,4.109,5700000
2014,"Gardner, Brett",lf,5.072,5600000
2014,"Murphy, David",rf,6.087,5500000
2014,"Pelfrey, Mike",rhp-s,6.122,5500000
2014,"Soria, Joakim",rhp,7,5500000
2014,"Howell, J.P.",lhp,7.007,5500000
2014,"Marshall, Sean",lhp,7.088,5500000
2014,"Correia, Kevin",rhp-s,9.027000000000001,5500000
2014,"Freeman, Freddie",1b,3.033,5484375
2014,"Holland, Derek",lhp-s,4.12,5400000
2014,"Samardzija, Jeff",rhp-s,4.028,5345000
2014,"Norris, Bud",rhp-s,4.068,5300000
2014,"Lowrie, Jed",ss,5.111,5250000
2014,"Smith, Joe",rhp,6.091,5250000
2014,"Ellis, Mark",2b,11.136,5250000
2014,"Robertson, David",rhp-c,5.07,5215000
2014,"Hochevar, Luke",rhp,5.151,5210000
2014,"Happ, J.A.",lhp-s,5.047,5200000
2014,"Maybin, Cameron",cf,4.073,5100000
2014,"Gregerson, Luke",rhp,5,5065000
2014,"Freese, David",3b,4.028,5050000
2014,"Niese, Jon",lhp-s,4.107,5050000
2014,"Heyward, Jason",rf,4,5000000
2014,"Schierholtz, Nate",rf,5.078,5000000
2014,"Volquez, Edinson",rhp-s,6.059,5000000
2014,"Escobar, Yunel",ss,6.121,5000000
2014,"Davis, Rajai",lf,6.167,5000000
2014,"Vogelsong, Ryan",rhp-s,7.02,5000000
2014,"Villanueva, Carlos",rhp,7.03,5000000
2014,"McLouth, Nate",of,7.152,5000000
2014,"Gomes, Jonny",lf-dh,8.097000000000001,5000000
2014,"Morneau, Justin",1b,9.168000000000001,5000000
2014,"Infante, Omar",2b,10.12,5000000
2014,"Iannetta, Chris",c,7.013,4975000
2014,"Callaspo, Alberto",3b,6.135,4875000
2014,"Chacin, Jhoulys",rhp-s,4.012,4850000
2014,"Parra, Gerardo",rf,4.145,4850000
2014,"Trumbo, Mark",lf,3.027,4800000
2014,"Davis, Wade",rhp,4.032,4800000
2014,"Johnson, Chris",3b,3.144,4750000
2014,"Mujica, Edward",rhp,6.115,4750000
2014,"Logan, Boone",lhp,6.14,4750000
2014,"Holland, Greg",rhp-c,3.028,4675000
2014,"Fujikawa, Kyuji",rhp,1,4500000
2014,"Axford, John",rhp-c,3.17,4500000
2014,"Smith, Seth",lf-rf,5.119,4500000
2014,"Ziegler, Brad",rhp,5.122,4500000
2014,"Casilla, Santiago (Garcia, Jairo)",rhp,6.148,4500000
2014,"Hernandez, Roberto",rhp-s,7.004,4500000
2014,"Balfour, Grant",rhp-c,9.099,4500000
2014,"DeJesus, David",lf,9.146,4375000
2014,"Ryu, Hyun-Jin",lhp-s,1,4333333
2014,"Jansen, Kenley",rhp-c,3.073,4300000
2014,"Alvarez, Pedro",3b,3.085,4250000
2014,"De Aza, Alejandro",cf-lf,4.139,4250000
2014,"Venable, Will",rf,4.155,4250000
2014,"Uehara, Koji",rhp-c,5,4250000
2014,"Grilli, Jason",rhp-c,7.016,4250000
2014,"Belisle, Matt",rhp,8.019,4250000
2014,"Betancourt, Rafael",rhp-c,10.079,4250000
2014,"Beckham, Gordon",2b,4.123,4175000
2014,"Chen, Wei-Yin",lhp-s,2,4155333
2014,"Avila, Alex",c,4.061,4150000
2014,"Moss, Brandon",1b,3.16,4100000
2014,"Stubbs, Drew",lf,4.047,4100000
2014,"Perkins, Glen",lhp-c,6.01,4025000
2014,"Morton, Charlie",rhp-s,5.01,4000000
2014,"Hundley, Nick",c,5.059,4000000
2014,"Lindstrom, Matt",rhp,7,4000000
2014,"Floyd, Gavin",rhp-s,7.045,4000000
2014,"Keppinger, Jeff",3b-2b,7.052,4000000
2014,"Janssen, Casey",rhp-c,7.063,4000000
2014,"Lopez, Javier",lhp,8.167000000000002,4000000
2014,"Strasburg, Stephen",rhp-s,3.118,3975000
2014,"Bumgarner, Madison",lhp-s,3.127,3950000
2014,"Wood, Travis",lhp-s,3.004,3900000
2014,"Burnett, Sean",lhp,7.085,3875000
2014,"Rodriguez, Alex",3b,19.011,3868852
2014,"Minor, Mike",lhp-s,2.138,3850000
2014,"Veras, Jose",rhp-c,6.128,3850000
2014,"Breslow, Craig",lhp,6.088,3825000
2014,"Cishek, Steve",rhp-c,2.143,3800000
2014,"Frieri, Ernesto",rhp-c,3.101,3800000
2014,"Martin, Leonys",cf,1.113,3750000
2014,"Santos, Sergio",rhp,4,3750000
2014,"Downs, Scott",lhp,11.121,3750000
2014,"Puig, Yasiel",rf,0.119,3714286
2014,"Santana, Carlos",dh-1b,3.115,3700000
2014,"Joyce, Matt",of,4.123,3700000
2014,"Parnell, Bobby",rhp-c,4.132,3700000
2014,"Gonzalez, Miguel",rhp-s,0,3666667
2014,"Gee, Dillon",rhp-s,3.028,3625000
2014,"Hellickson, Jeremy",rhp-s,3.045,3625000
2014,"Hosmer, Eric",1b,2.146,3600000
2014,"Ellis, A.J.",c,3.151,3550000
2014,"Sale, Chris",lhp-s,3.061,3500000
2014,"Davis, Ike",1b,3.155,3500000
2014,"Aviles, Mike",inf,5.091,3500000
2014,"Doumit, Ryan",c,8.12,3500000
2014,"Thornton, Matt",lhp,9.129,3500000
2014,"Furcal, Rafael",2b,14,3500000
2014,"Chavez, Eric",3b-1b,15.02,3500000
2014,"Storen, Drew",rhp,3.14,3450000
2014,"Estrada, Marco",rhp-s,4.035,3325000
2014,"Nova, Ivan",rhp-s,3.024,3300000
2014,"Jay, Jon",cf,3.134,3250000
2014,"Pennington, Cliff",ss-2b,4.114,3250000
2014,"Burton, Jared",rhp,6.014,3250000
2014,"Crain, Jesse",rhp,9.039,3250000
2014,"Rodriguez, Francisco",rhp,10.115,3250000
2014,"Chen, Bruce",lhp-s,10.171,3250000
2014,"O'Day, Darren",rhp,5.103,3200000
2014,"Tabata, Jose",rf,3.081,3166667
2014,"Nakajima, Hiroyuki",ss,0,3125000
2014,"Luebke, Cory",lhp-s,3.033,3125000
2014,"Ross, David",c,11.001,3100000
2014,"Soto, Geovany",c,6.096,3050000
2014,"Arruebarruena, Erisbel",ss,0,3000000
2014,"Belisario, Ronald",rhp,3.151,3000000
2014,"Detwiler, Ross",lhp-s,4.002,3000000
2014,"Feliz, Neftali",rhp-c,4.064,3000000
2014,"Hunter, Tommy",rhp,4.066,3000000
2014,"Escobar, Alcides",ss,4.082,3000000
2014,"Navarro, Dioner",c,7.091,3000000
2014,"Peralta, Joel",rhp,7.132,3000000
2014,"Johnson, Kelly",3b,8.127,3000000
2014,"Izturis, Maicer",2b-3b,9.038,3000000
2014,"Choate, Randy",lhp,9.073,3000000
2014,"Gorzelanny, Tom",lhp,6.16,2950000
2014,"Belt, Brandon",1b,2.128,2900000
2014,"Viciedo, Dayan",lf,2.123,2800000
2014,"Bloomquist, Willie",ss-3b,11.029,2800000
2014,"Stults, Eric",lhp-s,3.075,2750000
2014,"Craig, Allen",rf,3.077,2750000
2014,"Jones, Garrett",1b,4.158,2750000
2014,"Hanigan, Ryan",c,5.077,2750000
2014,"Suzuki, Kurt",c,6.113,2750000
2014,"Qualls, Chad",rhp,9.058000000000002,2750000
2014,"Punto, Nick",ss-2b,11.051,2750000
2014,"Ibanez, Raul",dh-lf,16.02,2750000
2014,"Rendon, Anthony",2b,0.13,2700000
2014,"Reddick, Josh",rf,3.05,2700000
2014,"Soler, Jorge",of,0,2666667
2014,"Loney, James",1b,7.012,2666667
2014,"Moreland, Mitch",dh-1b,3.067,2650000
2014,"Smoak, Justin",1b,3.113,2637500
2014,"Ogando, Alexi",rhp-s,3.114,2625000
2014,"Melancon, Mark",rhp,3.098,2595000
2014,"Blanco, Gregor",cf-lf,3.164,2525000
2014,"Bonifacio, Emilio",3b-2b,5.066,2500000
2014,"Chamberlain, Joba",rhp,6.055,2500000
2014,"Hairston, Scott",lf-rf,8.102,2500000
2014,"Konerko, Paul",1b-dh,15.141,2500000
2014,"Castro, Jason",c,3.104,2450000
2014,"Cabrera, Everth",ss,3.144,2450000
2014,"Cashner, Andrew",rhp-s,3.126,2400000
2014,"Matusz, Brian",lhp,3.156,2400000
2014,"Brantley, Michael",lf,3.131,2375000
2014,"Thatcher, Joe",lhp,5.068,2375000
2014,"Plouffe, Trevor",3b,2.162,2350000
2014,"Barney, Darwin",2b,3.053,2300000
2014,"Saunders, Michael",cf,3.138,2300000
2014,"Sanchez, Gaby",1b,4.025,2300000
2014,"Jaso, John",c,4.032,2300000
2014,"Perez, Chris",rhp,5.136,2300000
2014,"Denorfia, Chris",of,6.041,2250000
2014,"Raburn, Ryan",lf-rf,6.109,2250000
2014,"Albers, Matt",rhp,6.141,2250000
2014,"Capuano, Chris",lhp,9.001000000000001,2250000
2014,"Hawkins, LaTroy",rhp-c,17.054,2250000
2014,"Hechavarria, Adeiny",ss,1.06,2200000
2014,"Lopez, Wilton",rhp,4.038,2200000
2014,"Cotts, Neal",lhp,5.041,2200000
2014,"Kipnis, Jason",2b,2.069,2166667
2014,"Harper, Bryce",lf,1.159,2150000
2014,"Badenhop, Burke",rhp,5.116,2150000
2014,"Hernandez, David",rhp,4.095,2125000
2014,"Lucroy, Jonathan",c,3.136,2100000
2014,"Williams, Jerome",rhp-s,5.049,2100000
2014,"Ramos, Wilson",c,3.047,2095000
2014,"Nicasio, Juan",rhp-s,2.124,2025000
2014,"Ruggiano, Justin",cf,3.019,2000000
2014,"Bastardo, Antonio",lhp,4.054,2000000
2014,"Hanson, Tommy",rhp-s,4.097,2000000
2014,"Duensing, Brian",lhp,4.104,2000000
2014,"Parra, Manny",lhp,6.063,2000000
2014,"Ryan, Brendan",ss-2b,6.082,2000000
2014,"Reynolds, Mark",1b,6.138,2000000
2014,"Schumaker, Skip",2b-of,7.051,2000000
2014,"Barmes, Clint",ss,8.122,2000000
2014,"Kubel, Jason",lf,9.009,2000000
2014,"Roberts, Brian",2b,11.131,2000000
2014,"Ross, Tyson",rhp-s,2.126,1980000
2014,"Revere, Ben",cf,2.149,1950000
2014,"Aoki, Norichika",rf,2,1918750
2014,"Miller, Andrew",lhp,5.062,1903125
2014,"Coke, Phil",lhp,5.028,1900000
2014,"Young Jr., Eric",lf,3.123,1850000
2014,"Rogers, Esmil",rhp-s,3.135,1850000
2014,"Arencibia, J.P.",c,3.059,1800000
2014,"Wright, Jamey",rhp,15.086,1800000
2014,"Russell, James",lhp,4,1775000
2014,"Kelley, Shawn",rhp,4.128,1765000
2014,"Heisey, Chris",of,3.157,1760000
2014,"Morrison, Logan",rf,3.069,1750000
2014,"Webb, Ryan",rhp,4.029,1750000
2014,"Frasor, Jason",rhp,9.134,1750000
2014,"Perez, Oliver",lhp,9.144,1750000
2014,"Molina, Jose",c,12.026,1750000
2014,"Morales, Franklin",lhp-s,5.007,1712500
2014,"Valbuena, Luis",3b,3.148,1710000
2014,"Hultzen, Danny",lhp,0,1700000
2014,"Ackley, Dustin",lf,2.087,1700000
2014,"Dobbs, Greg",1b,8.027000000000001,1700000
2014,"Blevins, Jerry",lhp,4.081,1675000
2014,"Iglesias, Jose",ss,1.036,1650000
2014,"Duda, Lucas",1b-lf,2.137,1637500
2014,"Dirks, Andy",lf,2.139,1625000
2014,"Venters, Jonny",lhp,4,1625000
2014,"Stauffer, Tim",rhp,5.143,1600000
2014,"Baker, Jeff",1b-of,7.049,1600000
2014,"Mayberry Jr., John",of,3.095,1587500
2014,"Rizzo, Anthony",1b,1.168,1535714
2014,"Perez, Salvador",c,2.05,1500000
2014,"Simon, Alfredo",rhp,4.142,1500000
2014,"Lannan, John",lhp-s,5.046,1500000
2014,"Paulino, Felipe",rhp-s,5.163,1500000
2014,"Sweeney, Ryan",cf,6.028,1500000
2014,"O'Flaherty, Eric",lhp,6.062,1500000
2014,"Oviedo, Juan Carlos",rhp,7.009,1500000
2014,"Mathis, Jeff",c,7.012,1500000
2014,"McGowan, Dustin",rhp,7.113,1500000
2014,"Maholm, Paul",lhp-s,8.037,1500000
2014,"Laird, Gerald",c,9.077000000000002,1500000
2014,"Overbay, Lyle",1b,11.009,1500000
2014,"Walden, Jordan",rhp,3.043,1490000
2014,"Crow, Aaron",rhp,3,1475000
2014,"Rodriguez, Sean",2b-3b,4.133,1475000
2014,"Jepsen, Kevin",rhp,3.163,1462500
2014,"McGee, Jake",lhp,2.127,1450000
2014,"Beachy, Brandon",rhp-s,3.014,1450000
2014,"Altuve, Jose",2b,2.072,1437500
2014,"Ondrusek, Logan",rhp,3.125,1425000
2014,"Wright, Wesley",lhp,4.105,1425000
2014,"Carp, Mike",1b-lf,3.01,1400000
2014,"Dunn, Michael",lhp,3.079,1400000
2014,"Arguelles, Noel",lhp,0.027,1380000
2014,"Rzepczynski, Marc",lhp,3.132,1375000
2014,"Stammen, Craig",rhp,3.16,1375000
2014,"Collins, Tim",lhp,3,1362500
2014,"Francisco, Juan",1b,2.156,1350000
2014,"Strop, Pedro",rhp,2.156,1325000
2014,"Maxwell, Justin",rf,3.066,1325000
2014,"Guzman, Jesus",1b-lf,2.151,1300000
2014,"Cecil, Brett",lhp,3.152,1300000
2014,"Herrera, Jonathan",inf,4.001,1300000
2014,"Descalso, Daniel",3b-ss,3.016,1290000
2014,"Tazawa, Junichi",rhp,3.086,1275000
2014,"Carpenter, Matt",3b,2.012,1250000
2014,"Thole, Josh",c,3.085,1250000
2014,"Barton, Daric",1b,4.03,1250000
2014,"Outman, Josh",lhp,4.036,1250000
2014,"Ohlendorf, Ross",rhp-s,4.17,1250000
2014,"Marmol, Carlos",rhp,7.075,1250000
2014,"Young, Chris",rhp-s,7.162,1250000
2014,"Bundy, Dylan",rhp,0.015,1245000
2014,"Bourjos, Peter",cf,3.062,1200000
2014,"LeCure, Sam",rhp,3.072,1200000
2014,"Snider, Travis",lf-rf,3.091,1200000
2014,"Bauer, Trevor",rhp-s,0.025,1183333
2014,"Arias, Joaquin",ss-3b,4.071,1150000
2014,"Gentry, Craig",cf-rf,3.084,1145000
2014,"Simmons, Andrelton",ss,1.125,1142857
2014,"Nieves, Wil",c,6.127,1125000
2014,"Patton, Troy",lhp,3.15,1100820
2014,"Moore, Matt",lhp-s,2.017,1100000
2014,"Goldschmidt, Paul",1b,2.059,1100000
2014,"Tejada, Ruben",ss,2.171,1100000
2014,"McGehee, Casey",3b,4.028,1100000
2014,"Boggs, Mitchell",rhp,4.034,1100000
2014,"Santiago, Ramon",ss-2b,9.095,1100000
2014,"Gonzalez, Alex",ss,14.099,1100000
2014,"Schafer, Jordan",cf,3.121,1090000
2014,"Purke, Matt",lhp-s,0,1037500
2014,"Reimold, Nolan",lf,4.004,1025000
2014,"Diaz, Aledmys",ss,0,1000000
2014,"Turner, Jacob",rhp-s,1.033,1000000
2014,"Perez, Martin",lhp-s,1.038,1000000
2014,"Trout, Mike",cf,2.07,1000000
2014,"Turner, Justin",inf,3.045,1000000
2014,"Stewart, Chris",c,3.091,1000000
2014,"McDonald, James",rhp-s,4.074,1000000
2014,"Kelly, Don",of-3b,4.138,1000000
2014,"Bernadina, Roger",of,4.146,1000000
2014,"Hannahan, Jack",3b,5.065,1000000
2014,"Neshek, Pat",rhp,5.159,1000000
2014,"Young, Delmon",lf,7.028,1000000
2014,"Bartlett, Jason",ss,7.053,1000000
2014,"Buck, John",c,9.101,1000000
2014,"Valverde, Jose",rhp,9.155,1000000
2014,"Johnson, Reed",of,10.145,1000000
2014,"Harang, Aaron",rhp-s,11.061,1000000
2014,"Giambi, Jason",dh-1b,18.082,1000000
2014,"Blanks, Kyle",lf-1b,4.032,987500
2014,"Alonso, Yonder",1b,2.116,980000
2014,"Yoon, Suk-min",rhp,0,975000
2014,"Pestano, Vinnie",rhp,2.16,975000
2014,"Collmenter, Josh",rhp,3,975000
2014,"Teheran, Julio",rhp-s,1.062,966666
2014,"Lobaton, Jose",c,2.138,950000
2014,"Flowers, Tyler",c,2.148,950000
2014,"Mazzaro, Vin",rhp,3.021,950000
2014,"Nix, Jayson",2b,4.127,950000
2014,"Swarzak, Anthony",rhp,3.038,935000
2014,"Johnson, Elliot",2b,3.028,930000
2014,"Stewart, Ian",3b,4.088,900000
2014,"Frandsen, Kevin",2b-ss,4.151,900000
2014,"Gwynn Jr., Tony",of,4.171,900000
2014,"Figgins, Chone",3b,9.145,900000
2014,"Wilson, Josh",inf,4.118,875000
2014,"Morgan, Nyjer",lf,4.12,875000
2014,"Baker, John",c,4.141,875000
2014,"Pena, Brayan",c,6.081,875000
2014,"Salas, Fernando",rhp,3.048,870000
2014,"Quintana, Jose",lhp-s,1.133,850000
2014,"Gutierrez, Juan (J.C.)",rhp,4.035,850000
2014,"Pearce, Steve",1b-lf,4.116,850000
2014,"Duke, Zach",lhp-s,7.054,850000
2014,"Beimel, Joe",lhp,9.018,850000
2014,"McDonald, John",ss-2b,12.118,850000
2014,"Petit, Yusmeiro",rhp-s,3.016,845000
2014,"Alburquerque, Al",rhp,2.147,837500
2014,"Marte, Starling",lf,1.07,833333
2014,"Murphy, Donnie",3b-ss,4.101,825000
2014,"Meek, Evan",rhp,3.072,800000
2014,"Fuld, Sam",of,3.14,800000
2014,"Slowey, Kevin",rhp-s,4.053,800000
2014,"Quintanilla, Omar",ss,4.122,800000
2014,"Atchison, Scott",rhp,4.168,800000
2014,"Grandal, Yasmani",c,1.115,792000
2014,"Chavez, Jesse",rhp,3.108,775000
2014,"Nady, Xavier",rf,9.037,775000
2014,"Furbush, Charlie",lhp,2.121,750000
2014,"Rosales, Adam",inf,4.099,750000
2014,"Sizemore, Grady",cf,8.056000000000003,750000
2014,"Ramos, Cesar",lhp,3.003,749750
2014,"Abreu, Tony",2b-3b,3.17,745000
2014,"Baxter, Mike",of-1b,2.129,700000
2014,"Butera, Drew",c,3.018,700000
2014,"Pena, Ramiro",inf,3.089,700000
2014,"Hudson, Daniel",rhp-s,3.117,700000
2014,"Cervelli, Francisco",c,3.146,700000
2014,"Archer, Chris",rhp-s,0.156,666667
2014,"Fernandez, Jose",rhp-s,1,635000
2014,"Hayes, Brett",c,3.017,630000
2014,"Frazier, Todd",3b,2.071,600000
2014,"Cozart, Zack",ss,2.084,600000
2014,"Rodriguez, Fernando",rhp,2.142,600000
2014,"Doubront, Felix",lhp-s,2.12,586000
2014,"Elbert, Scott",lhp,3.069,575000
2014,"Rowland-Smith, Ryan",lhp-s,3.079,575000
2014,"Torres, Carlos",rhp-s,1.114,561875
2014,"Crawford, Brandon",ss,2.094,560000
2014,"Wood, Blake",rhp,3.108,560000
2014,"Nava, Daniel",lf,2.066,556500
2014,"Peguero, Francisco",cf-lf,0.087,550000
2014,"Escalona, Edgmer",rhp,1.152,550000
2014,"Kalish, Ryan",of,2.033,550000
2014,"Brown, Domonic",lf,2.078,550000
2014,"Reynolds, Matt",lhp,3.046,550000
2014,"Moustakas, Mike",3b,2.111,549000
2014,"Harvey, Matt",rhp-s,1.072,546625
2014,"Cain, Lorenzo",cf,2.074,546000
2014,"Tillman, Chris",rhp-s,2.113,546000
2014,"Jones, Nate",rhp-c,2,545000
2014,"Arrieta, Jake",rhp-s,2.145,544500
2014,"Rice, Scott",lhp,1,542500
2014,"Diamond, Scott",lhp-s,1.161,542500
2014,"Phelps, David",rhp-s,1.156,541425
2014,"Espinosa, Danny",2b-ss,2.113,540850
2014,"Middlebrooks, Will",3b,1.121,540500
2014,"Seager, Kyle",3b,2.085,540100
2014,"Dozier, Brian",2b,1.1,540000
2014,"Reed, Addison",rhp-c,2.027,538500
2014,"Tuiasosopo, Matt",3b,2.079,538500
2014,"Pineda, Michael",rhp-s,2.099,538475
2014,"Brown, Andrew",rf-lf,1.036,538045
2014,"Coleman, Louis",rhp,2.053,537000
2014,"Manship, Jeff",rhp,1.075,535000
2014,"Lynn, Lance",rhp-s,2.119,535000
2014,"Segura, Jean",ss,1.065,534000
2014,"Carpenter, David",rhp,2.016,532500
2014,"Valencia, Danny",3b,2.118,532500
2014,"Fien, Casey",rhp,1.143,530000
2014,"Castillo, Welington",c,2.009,530000
2014,"Santiago, Hector",lhp-s,2.024,530000
2014,"Dyson, Jarrod",cf,2.088,530000
2014,"Shaw, Bryan",rhp,2.081,529500
2014,"Gonzalez, Miguel",rhp-s,2.107,529000
2014,"Wilhelmsen, Tom",rhp,2.091,528800
2014,"Bogusevic, Brian",lf,2.071,528500
2014,"Warren, Adam",rhp-s,1.036,527400
2014,"Abad, Fernando",lhp,2.073,525900
2014,"Alvarez, Henderson",rhp-s,2.051,525400
2014,"Hicks, Brandon",ss,1.022,525000
2014,"Mesoraco, Devin",c,2.028,525000
2014,"Miley, Wade",lhp-s,2.044,523500
2014,"Kelly, Joe",rhp-s,1.06,523000
2014,"Herrera, Kelvin",rhp,1.157,522500
2014,"Britton, Zach",lhp,1.158,521500
2014,"Miller, Shelby",rhp-s,1.03,521000
2014,"Rosenthal, Trevor",rhp-c,1.058,521000
2014,"Cruz, Tony",c,2.105,521000
2014,"Gattis, Evan",c,1,520250
2014,"Deduno, Samuel",rhp-s,1.096,520000
2014,"Hoover, J.J.",rhp,1.102,520000
2014,"Richards, Garrett",rhp-s,1.148,520000
2014,"Smyly, Drew",lhp-s,1.154,520000
2014,"Machado, Manny",3b,1.056,519000
2014,"Robinson, Shane",of,2.03,519000
2014,"Watson, Tony",lhp,2.101,518500
2014,"Workman, Brandon",rhp,0.083,518000
2014,"Florimon Jr, Pedro",ss,1.073,517500
2014,"Avilan, Luis",lhp,1.091,517500
2014,"Lombardozzi, Steve",inf,2.023,517500
2014,"Conger, Hank",c,2.051,517500
2014,"Bogaerts, Xander",ss,0.042,517000
2014,"Eovaldi, Nate",rhp-s,2.013,517000
2014,"Jennings, Desmond",cf,2.101,517000
2014,"Cobb, Alex",rhp-s,2.061,516900
2014,"Lawrie, Brett",3b,2.055,516100
2014,"Adams, Matt",1b,1.033,516000
2014,"Veal, Donald",lhp,2,516000
2014,"Delabar, Steve",rhp,2.015,515900
2014,"Thayer, Dale",rhp,2.071,515800
2014,"Diekman, Jacob",lhp,1.05,515500
2014,"Mercer, Jordy",ss,1.095,515500
2014,"Allen, Cody",rhp,1.076,515400
2014,"Scheppers, Tanner",rhp,1.119,515179
2014,"Koehler, Tom",rhp-s,1.016,515000
2014,"Peralta, Wily",rhp-s,1.033,515000
2014,"Wilson, Justin",lhp,1.035,515000
2014,"De La Rosa, Dane",rhp,1.051,515000
2014,"Corbin, Patrick",lhp-s,1.105,515000
2014,"Varvaro, Anthony",rhp,1.121,515000
2014,"Gordon, Dee",ss,1.154,515000
2014,"Kohn, Michael",rhp,2.112,515000
2014,"Gomez, Jeanmar",rhp,2.063,514500
2014,"Rondon, Hector",rhp,1,514000
2014,"Kluber, Corey",rhp-s,1.074,514000
2014,"Ciriaco, Pedro",ss,1.171,513500
2014,"Locke, Jeff",lhp-s,1.068,513000
2014,"Gomes, Yan",c,1.083,513000
2014,"De Fratus, Justin",rhp,1.12,513000
2014,"Harrison, Josh",3b-ss,2.033,513000
2014,"Ross, Robbie",lhp,2,512745
2014,"Medina, Yoervis",rhp,1,512600
2014,"Cole, Gerrit",rhp-s,0.111,512500
2014,"Arcia, Oswaldo",rf,0.132,512500
2014,"Cingrani, Tony",lhp-s,0.163,512500
2014,"Rodriguez, Paco",lhp,1.029,512500
2014,"Beato, Pedro",rhp,1.134,512500
2014,"Flaherty, Ryan",3b-ss,2,512500
2014,"Loup, Aaron",lhp,1.083,512400
2014,"Noesi, Hector",rhp,2.006,512400
2014,"Wheeler, Zack",rhp-s,0.098,512375
2014,"Lincoln, Brad",rhp,2.034,512300
2014,"Gillaspie, Conor",3b,1.069,512000
2014,"Henderson, Jim",rhp-c,1.07,512000
2014,"Sanchez, Hector",c,1.166,512000
2014,"Ramirez, Erasmo",rhp-s,1.021,511800
2014,"Morris, Bryan",rhp,1.011,511500
2014,"Presley, Alex",cf,1.162,511500
2014,"Amarista, Alexi",2b-ss,2.053,511100
2014,"Eaton, Adam",cf,1.03,511000
2014,"Gyorko, Jedd",2b,1,510900
2014,"Farquhar, Danny",rhp,0.158,510800
2014,"Chisenhall, Lonnie",3b,2.027,510800
2014,"Lough, David",rf,0.169,510500
2014,"Vincent, Nick",rhp,1.007,510200
2014,"Kratz, Erik",c,1.158,510200
2014,"Miller, Brad",ss,0.094,510100
2014,"Dominguez, Matt",3b,1.062,510100
2014,"Wacha, Michael",rhp-s,0.062,510000
2014,"Lucas, Ed",inf,0.124,510000
2014,"Thielbar, Caleb",lhp,0.133,510000
2014,"Garcia, Avisail",rf,0.167,510000
2014,"Putkonen, Luke",rhp,1.018,510000
2014,"Harris, Will",rhp,1.027,510000
2014,"Ramos, A.J.",rhp,1.03,510000
2014,"Parmelee, Chris",1b,1.087,510000
2014,"Delgado, Randall",rhp-s,1.1,510000
2014,"Carter, Chris",dh-1b,1.159,510000
2014,"Milone, Tom",lhp-s,2.018,510000
2014,"Sogard, Eric",2b,2.064,510000
2014,"Gimenez, Chris",c,2.146,510000
2014,"Harrell, Lucas",rhp-s,2.083,509700
2014,"Forsythe, Logan",inf,2.113,509700
2014,"Mejia, Jenrry",rhp-s,1.14,509675
2014,"Campana, Tony",of,1.155,509500
2014,"Torres, Alex",lhp,0.141,509000
2014,"Maness, Seth",rhp,0.154,509000
2014,"Keuchel, Dallas",lhp-s,1.089,508700
2014,"Gomes, Brandon",rhp,2.003,507800
2014,"Jeffress, Jeremy",rhp,1.017,507600
2014,"Hicks, Aaron",of,0.124,507500
2014,"Van Slyke, Scott",of-1b,0.151,507500
2014,"Gearrin, Cory",rhp,1.044,507500
2014,"Escobar, Eduardo",inf,1.128,507500
2014,"Sanchez, Tony",c,0.065,507000
2014,"Pollock, A.J.",cf,1.052,507000
2014,"Kintzler, Brandon",rhp,2.101,507000
2014,"Satin, Josh",1b-3b,0.145,506809
2014,"Lagares, Juan",cf,0.16,506636
2014,"Withrow, Chris",rhp,0.132,506600
2014,"Fields, Josh",rhp,1,506500
2014,"Pryor, Stephen",rhp,1.125,506500
2014,"Rivera, Rene",c,2.082,506400
2014,"Wood, Alex",lhp-s,0.123,506250
2014,"Roark, Tanner",rhp-s,0.055,506100
2014,"Calhoun, Kole",rf,0.13,506000
2014,"Cowgill, Collin",cf-rf,1.151,506000
2014,"Profar, Jurickson",2b,0.167,505750
2014,"Redmond, Todd",rhp-s,0.129,505700
2014,"Pimentel, Stolmy",rhp,0.03,505500
2014,"Garcia, Leury",3b-of,0.116,505500
2014,"Grimm, Justin",rhp,0.17,505500
2014,"Recker, Anthony",c,1.128,505340
2014,"Corporan, Carlos",c,2.019,505300
2014,"Bass, Anthony",rhp,2.031,505200
2014,"Yelich, Christian",lf,0.069,505000
2014,"Martinez, Carlos",rhp,0.073,505000
2014,"Colabello, Chris",1b,0.081,505000
2014,"Rondon, Bruce",rhp,0.103,505000
2014,"Siegrist, Kevin",lhp,0.116,505000
2014,"Thornburg, Tyler",rhp-s,0.146,505000
2014,"Ozuna, Marcell",of,0.153,505000
2014,"Machi, Jean",rhp,0.154,505000
2014,"Straily, Dan",rhp-s,1.031,505000
2014,"Pomeranz, Drew",lhp-s,1.05,505000
2014,"Schafer, Logan",of,1.058,505000
2014,"Scribner, Evan",rhp,1.088,505000
2014,"Griffin, A.J.",rhp-s,1.102,505000
2014,"Norris, Derek",c,1.102,505000
2014,"Doolittle, Sean",lhp,1.122,505000
2014,"Clevenger, Steve",c,1.129,505000
2014,"Cook, Ryan",rhp,2.036,505000
2014,"Huff, David",lhp,2.062,505000
2014,"Germen, Gonzalez",rhp,0.087,504875
2014,"Sierra, Moises",of,0.105,504700
2014,"Carrasco, Carlos",rhp-s,2.147,504700
2014,"Kirkman, Michael",lhp,2.049,504576
2014,"Nuno, Vidal",lhp-s,0.055,504500
2014,"Erlin, Robbie",lhp-s,0.057,504500
2014,"Grossman, Robbie",lf,0.099,504500
2014,"Bueno, Francisley",lhp,0.111,504500
2014,"McAllister, Zach",rhp-s,1.124,504500
2014,"Gonzalez, Marwin",2b-ss,1.133,504500
2014,"Jordan, Taylor",rhp-s,0.093,504300
2014,"Peacock, Brad",rhp-s,0.124,504300
2014,"Valdes, Raul",lhp,2.085,504300
2014,"Myers, Wil",rf,0.104,504200
2014,"Lueke, Josh",rhp,0.17,504200
2014,"Zunino, Mike",c,0.111,504100
2014,"Gennett, Scooter",2b-ss,0.084,504000
2014,"Stinson, Josh",rhp,0.09,504000
2014,Krol. Ian,lhp,0.118,504000
2014,"Romine, Andrew",ss-2b,1.049,504000
2014,"Villar, Jonathan",ss,0.07,503800
2014,"Oberholtzer, Brett",lhp-s,0.079,503600
2014,"Paxton, James",lhp-s,0.027,503500
2014,"Chapman, Kevin",lhp,0.052,503400
2014,"Hutchison, Drew",rhp-s,1.128,503200
2014,"Odorizzi, Jake",rhp-s,0.042,503100
2014,"Reed, Evan",rhp,0.082,503000
2014,"Cabrera, Alberto",rhp,0.093,503000
2014,"Davis, Khris",lf,0.104,503000
2014,"Hoes, L.J.",rf,0.087,502900
2014,"Familia, Jeurys",rhp,1.03,502550
2014,"Hale, David",rhp-s,0.025,502500
2014,"Tonkin, Michael",rhp,0.028,502500
2014,"Gibson, Kyle",rhp,0.056,502500
2014,"Gray, Sonny",rhp-s,0.061,502500
2014,"Lake, Junior",lf-cf,0.073,502500
2014,"Otero, Danny",rhp,0.169,502500
2014,"Walker, Taijuan",rhp-s,0.031,502400
2014,"Krauss, Marc",lf-rf,0.101,502300
2014,"Skaggs, Tyler",lhp-s,0.066,502250
2014,"Chirinos, Robinson",c,1.103,502232
2014,"Betances, Dellin",rhp,0.078,502100
2014,"Tolleson, Shawn",rhp,1.122,502082
2014,"Choice, Michael",of,0.029,502000
2014,"Wright, Steve",rhp,0.033,502000
2014,"Bradley, Jackie Jr.",cf,0.059,502000
2014,"Gosewisch, Tuffy",c,0.06,502000
2014,"Olt, Mike",1b-3b,0.063,502000
2014,"Beltre, Engel",cf,0.077,502000
2014,"Holaday, Bryan",c,0.107,502000
2014,"Smith, Will",lhp-s,0.155,502000
2014,"Bianchi, Jeff",inf,1.057,502000
2014,"Maldonado, Martin",c,1.156,502000
2014,"Pacheco, Jordan",c,2.005,502000
2014,"Rosario, Wilin",c,2.023,502000
2014,"Chatwood, Tyler",rhp-s,2.039,502000
2014,"Lyles, Jordan",rhp-s,2.06,502000
2014,"Ottavino, Adam",rhp,2.087,502000
2014,"White, Alex",rhp,2.092,502000
2014,"Brothers, Rex",lhp,2.117,502000
2014,"Almonte, Abraham",of,0.031,501900
2014,"Goins, Ryan",ss,0.039,501900
2014,"Wieland, Joe",rhp,2,501600
2014,"d'Arnaud, Travis",c,0.044,501560
2014,"Salazar, Danny",rhp-s,0.055,501500
2014,"Dietrich, Derek",2b-ss,0.076,501500
2014,"Jennings, Dan",lhp,1.017,501500
2014,"Davis, Erik",rhp,0.045,501400
2014,"Kelly, Casey",rhp,1.038,501400
2014,"Medica, Tommy",1b,0.02,501200
2014,"Guyer, Brandon",of,1.066,501200
2014,"Adduci, Jim",lf,0.029,501000
2014,"Oliver, Andy",lhp-s,0.034,501000
2014,"Perez, Juan",of,0.056,501000
2014,"Maronde, Nick",lhp,0.058,501000
2014,"Cleto, Maikel",rhp,0.069,501000
2014,"Barnes, Brandon",lf-cf,1.058,501000
2014,"Blackmon, Charlie",of,1.102,501000
2014,"LeMahieu, D.J.",2b,1.128,501000
2014,"Brasier, Ryan",rhp,0.041,500750
2014,"Ventura, Yordano",rhp-s,0.013,500500
2014,"Shoemaker, Matt",rhp-s,0.014,500500
2014,"Schoop, Jonathan",2b-3b,0.027,500500
2014,"Adrianza, Ehire",ss,0.027,500500
2014,"Partch, Curtis",rhp,0.086,500500
2014,"Beckham, Tim",2b-ss,0.012,500200
2014,"Buchter, Ryan",lhp,0,500000
2014,"Schlosser, Gus",rhp,0,500000
2014,"Thomas, Ian",lhp,0,500000
2014,"Almanzar, Michael",3b,0,500000
2014,"Nieto, Adrian",c,0,500000
2014,"Barnhart, Tucker",c,0,500000
2014,"Kahnle, Tommy",rhp,0,500000
2014,"Collins, Tyler",of,0,500000
2014,"Suarez, Eugenio",ss-2b,0,500000
2014,"Wojciechowski, Asher",rhp,0,500000
2014,"Moran, Brian",lhp,0,500000
2014,"Wang, Wei-Chung",lhp,0,500000
2014,"Anna, Dean",2b,0,500000
2014,"Hollands, Mario",lhp,0,500000
2014,"Roach, Donn",rhp,0,500000
2014,"Elias, Roenis",lhp,0,500000
2014,"Romero, Stefen",2b,0,500000
2014,"Rosin, Seth",rhp,0,500000
2014,"Barrett, Aaron",rhp,0,500000
2014,"Garcia, Onelki",lhp,0.019,500000
2014,"Owings, Chris",ss,0.027,500000
2014,"Johnson, Erik",rhp-s,0.027,500000
2014,"Semien, Marcus",inf,0.027,500000
2014,"Webb, Daniel",rhp,0.027,500000
2014,"Hamilton, Billy",cf,0.028,500000
2014,"Castellanos, Nick",3b,0.029,500000
2014,"Pinto, Josmil",c,0.03,500000
2014,"Marshall, Brett",rhp,0.033,500000
2014,"Soto, Neftali",3b,0.036,500000
2014,"Christani, Nick",rhp,0.039,500000
2014,"Hernandez, Cesar",2b,0.044,500000
2014,"Wong, Kolten",2b,0.045,500000
2014,"Martin, Ethan",rhp,0.059,500000
2014,"Bettis, Chad",rhp,0.06,500000
2014,"Asche, Cody",3b,0.062,500000
2014,"Cosart, Jarred",rhp-s,0.07,500000
2014,"Culberson, Charlie",inf,0.074,500000
2014,"Hand, Brad",lhp,0.092,500000
2014,"Dickerson, Corey",rf-lf,0.101,500000
2014,"Ruf, Darin",1b-of,0.11,500000
2014,"Rosenberg, B.J.",rhp,0.125,500000
2014,"Arenado, Nolan",3b,0.155,500000
2014,"Schlitter, Brian",rhp,1.039,500000
2014,"Pastornicky, Tyler",ss-2b,1.065,500000
2014,"Galvis, Freddy",ss,1.116,500000
2014,"Bell, Trevor",rhp,1.124,500000
2014,"Donaldson, Josh",3b,1.158,500000
2014,"Parker, Jarrod",rhp-s,2,500000
2014,"Saunders, Joe",lhp-s,7.013,500000
2013,"Rodriguez, Alex",3b,18.011,29000000
2013,"Santana, Johan",lhp-s,12.122,25500000
2013,"Lee, Cliff",lhp-s,9.1,25000000
2013,"Wells, Vernon",of,11.113,24642857
2013,"Teixeira, Mark",1b,10,23125000
2013,"Sabathia, CC",lhp-s,12,23000000
2013,"Mauer, Joe",c,9,23000000
2013,"Fielder, Prince",1b,7.068,23000000
2013,"Lincecum, Tim",rhp-s,5.148,22250000
2013,"Gonzalez, Adrian",1b,7.108,21857143
2013,"Cabrera, Miguel",3b,9.101,21000000
2013,"Crawford, Carl",lf,10.072,20857143
2013,"Cain, Matt",rhp-s,7.038,20833333
2013,"Hamels, Cole",lhp-s,6.143,20500000
2013,"Kemp, Matt",cf,6.049,20250000
2013,"Zito, Barry",lhp-s,12.072,20000000
2013,"Verlander, Justin",rhp-s,7.002,20000000
2013,"Howard, Ryan",1b,7.145,20000000
2013,"Halladay, Roy",rhp-s,13.047,20000000
2013,"Hernandez, Felix",rhp-s,7.06,19857143
2013,"Votto, Joey",1b,5.027,19000000
2013,"Soriano, Alfonso",lf,12.079,19000000
2013,"Greinke, Zack",rhp-s,8.057,19000000
2013,"Hamilton, Josh",cf,6,17400000
2013,"Jeter, Derek",ss,17.043,17000000
2013,"Holliday, Matt",lf,9,17000000
2013,"Beckett, Josh",rhp-s,11.03,17000000
2013,"Werth, Jayson",rf,9.102,16571429
2013,"Burnett, A.J.",rhp-s,13.038,16500000
2013,"Arroyo, Bronson",rhp-s,10.15,16445533
2013,"Weaver, Jered",rhp-s,6.129,16200000
2013,"Young, Michael",inf-dh,11.134,16000000
2013,"Pujols, Albert",1b,12,16000000
2013,"Beltre, Adrian",3b,14.096,16000000
2013,"Lackey, John",rhp-s,10.095,15950000
2013,"Danks, John",lhp-s,6,15750000
2013,"Ramirez, Hanley",ss,7.014,15500000
2013,"Markakis, Nick",rf,7,15350000
2013,"Utley, Chase",2b,9.027000000000001,15285714
2013,"Morneau, Justin",1b,8.168000000000001,15000000
2013,"Kuroda, Hiroki",rhp-s,5,15000000
2013,"Granderson, Curtis",cf,7.077,15000000
2013,"Dunn, Adam",dh-1b,11.074,15000000
2013,"Cano, Robinson",2b,7.153,15000000
2013,"Peavy, Jake",rhp-s,10.101,14500000
2013,"Ortiz, David",dh,14.048,14500000
2013,"Molina, Yadier",c,8.123000000000001,14200000
2013,"Zimmerman, Ryan",3b,7.032,14100000
2013,"Bautista, Jose",3b-rf,7.165,14000000
2013,"Pence, Hunter",rf,5.156,13800000
2013,"Johnson, Josh",rhp-s,7.026,13750000
2013,"Rodriguez, Wandy",lhp-s,7.105,13500000
2013,"Konerko, Paul",1b,14.141,13500000
2013,"Ethier, Andre",rf,6.153,13500000
2013,"Dempster, Ryan",rhp-s,14.063,13250000
2013,"Uggla, Dan",2b,7,13200000
2013,"Lilly, Ted",lhp-s,12.102,13166667
2013,"Upton, B.J.",cf,6.126,13050000
2013,"Victorino, Shane",rf,7.092,13000000
2013,"Santana, Ervin",rhp-s,7.104,13000000
2013,"Rios, Alex",rf,8.13,13000000
2013,"Papelbon, Jonathan",rhp,7.064,13000000
2013,"Martinez, Victor",dh-1b,9.114,13000000
2013,"Kinsler, Ian",2b,7,13000000
2013,"Jackson, Edwin",rhp-s,7.07,13000000
2013,"Haren, Dan",rhp-s,8.154000000000002,13000000
2013,"Beltran, Carlos",rf,14.014,13000000
2013,"Carpenter, Chris",rhp-s,15.08,12500000
2013,"Youkilis, Kevin",1b-3b,8.093000000000002,12000000
2013,"Wainwright, Adam",rhp-s,7.027,12000000
2013,"Pettitte, Andy",lhp-s,16.144,12000000
2013,"McCann, Brian",c,7.117,12000000
2013,"Hunter, Torii",rf,13.132,12000000
2013,"Buehrle, Mark",lhp-s,12.078,12000000
2013,"Lester, Jon",lhp-s,6.075,11625000
2013,"Wilson, C.J.",lhp,7.055,11500000
2013,"Nolasco, Ricky",rhp-s,6.142,11500000
2013,"Shields, James",rhp-s,6.125,11250000
2013,"Kershaw, Clayton",lhp-s,4.105,11250000
2013,"Wright, David",3b,8.075,11000000
2013,"Weeks, Rickie",2b,7.131,11000000
2013,"Swisher, Nick",1b,8.031,11000000
2013,"Soriano, Rafael",rhp,10.057,11000000
2013,"Rollins, Jimmy",ss,12.015,11000000
2013,"Lohse, Kyle",rhp-s,11.092,11000000
2013,"De La Rosa, Jorge",lhp-s,8.015,11000000
2013,"Billingsley, Chad",rhp-s,6.11,11000000
2013,"Cruz, Nelson",rf,5.082,10750000
2013,"Cuddyer, Michael",rf,9.157,10500000
2013,"Hart, Corey",rf,7.038,10333333
2013,"Pedroia, Dustin",2b,6.041,10250000
2013,"Garza, Matt",rhp-s,5.149,10250000
2013,"Price, David",lhp-s,3.164,10112500
2013,"Tulowitzki, Troy",ss,6.033,10000000
2013,"Roberts, Brian",2b,10.131,10000000
2013,"Rivera, Mariano",rhp,17.105,10000000
2013,"Reyes, Jose",ss,9.111,10000000
2013,"Ramirez, Aramis",3b,13.111,10000000
2013,"Phillips, Brandon",2b,8.022,10000000
2013,"Montero, Miguel",c,6.031,10000000
2013,"LaRoche, Adam",1b,9,10000000
2013,"Berkman, Lance",1b-of,13.052,10000000
2013,"Bell, Heath",rhp,7.099,10000000
2013,"Upton, Justin",rf,5.06,9958333
2013,"Marmol, Carlos",rhp,6.084,9800000
2013,"Quentin, Carlos",lf,6.065,9500000
2013,"Floyd, Gavin",rhp-s,6.045,9500000
2013,"Drew, Stephen",ss,6.079,9500000
2013,"Darvish, Yu",rhp-s,1,9500000
2013,"Braun, Ryan",lf,5.129,9500000
2013,"Kendrick, Howie",2b,6.091,9100000
2013,"Hudson, Tim",rhp-s,13.119,9000000
2013,"Gordon, Alex",lf,5.092,9000000
2013,"Ellsbury, Jacoby",cf,5.037,9000000
2013,"Jones, Adam",cf,5.139,8833333
2013,"Sanchez, Anibal",rhp-s,6.099,8800000
2013,"Westbrook, Jake",rhp-s,11.144,8750000
2013,"Aybar, Erick",ss,6.086,8750000
2013,"Young, Chris",cf,6.045,8700000
2013,"Headley, Chase",3b,4.123,8575000
2013,"Vargas, Jason",lhp-s,5.114,8500000
2013,"Cespedes, Yoenis",of,1,8500000
2013,"Butler, Billy",1b-dh,5.102,8500000
2013,"Pagan, Angel",of,6.144,8250000
2013,"Morrow, Brandon",rhp,5.091,8000000
2013,"Gallardo, Yovani",rhp-s,5.108,8000000
2013,"Encarnacion, Edwin",1b,7.085,8000000
2013,"Cabrera, Melky",lf,5.148,8000000
2013,"Gonzalez, Carlos",lf,4.059,7928571
2013,"Bruce, Jay",rf,4.125,7541667
2013,"Pierzynski, A.J.",c,12.1,7500000
2013,"Martin, Russell",c,6.15,7500000
2013,"Kubel, Jason",lf,8.009,7500000
2013,"Furcal, Rafael",ss,13,7500000
2013,"Hardy, J.J.",ss,7.164,7416667
2013,"Cueto, Johnny",rhp-s,5,7400000
2013,"Choo, Shin-Soo",rf,5.119,7375000
2013,"Gutierrez, Franklin",cf,6.08,7312500
2013,"Perez, Chris",rhp-c,4.136,7300000
2013,"Hughes, Phil",rhp-s,5.113,7150000
2013,"Hanrahan, Joel",rhp,5.065,7040000
2013,"Willingham, Josh",lf,7.123,7000000
2013,"Uribe, Juan",3b-ss,11.089,7000000
2013,"Street, Huston",rhp,8,7000000
2013,"Ramirez, Alexei",ss,5,7000000
2013,"Prado, Martin",3b,5.105,7000000
2013,"Nathan, Joe",rhp,11.12,7000000
2013,"Myers, Brett",rhp-s,10.068,7000000
2013,"Morse, Michael",inf-of,5.114,7000000
2013,"Harang, Aaron",rhp-s,10.061,7000000
2013,"Crisp, Covelli",cf,9.158000000000001,7000000
2013,"Bourn, Michael",cf,6.028,7000000
2013,"Hammel, Jason",rhp-s,5.153,6750000
2013,"Francoeur, Jeff",rf,7.088,6750000
2013,"Scherzer, Max",rhp-s,4.079,6725000
2013,"Scutaro, Marcos",2b,9.138,6666667
2013,"Suzuki, Ichiro",rf,12,6500000
2013,"Saunders, Joe",lhp-s,6.013,6500000
2013,"Putz, J.J.",rhp,9.022,6500000
2013,"Maholm, Paul",lhp-s,7.037,6500000
2013,"Johnson, Jim",rhp,4.165,6500000
2013,"Iwakuma, Hisashi",rhp-s,1,6500000
2013,"Francisco, Frank",rhp,8.053,6500000
2013,"Cabrera, Asdrubal",ss,5.027,6500000
2013,"Buck, John",c,8.101,6500000
2013,"Blanton, Joe",rhp-s,8.016,6500000
2013,"Suzuki, Kurt",c,5.113,6487500
2013,"Gonzalez, Gio",lhp-s,3.162,6350000
2013,"Ross, Cody",rf,7.058,6000000
2013,"Reynolds, Mark",dh-1b,5.138,6000000
2013,"Peralta, Jhonny",ss,8.118,6000000
2013,"Longoria, Evan",3b,4.17,6000000
2013,"Feldman, Scott",rhp-s,6.091,6000000
2013,"Capuano, Chris",lhp,8.001000000000001,6000000
2013,"Affeldt, Jeremy",lhp,11,6000000
2013,"Garcia, Jaime",lhp-s,4.047,5875000
2013,"Castro, Starlin",ss,2.15,5857143
2013,"Murphy, David",lf,5.087,5775000
2013,"Jimenez, Ubaldo",rhp-s,5.087,5750000
2013,"Buchholz, Clay",rhp-s,4.059,5750000
2013,"Anderson, Brett",lhp-s,4,5750000
2013,"Volquez, Edinson",rhp-s,5.059,5725000
2013,"Sandoval, Pablo",3b,4.047,5700000
2013,"Cahill, Trevor",rhp-s,4,5700000
2013,"Masterson, Justin",rhp-s,4.108,5687500
2013,"Zobrist, Ben",rf-1b,5.134,5640475
2013,"Wieters, Matt",c,3.129,5500000
2013,"Thornton, Matt",lhp,8.129,5500000
2013,"League, Brandon",rhp,6.145,5500000
2013,"Hill, Aaron",2b,7.136,5500000
2013,"Benoit, Joaquin",rhp,10.04,5500000
2013,"Barmes, Clint",2b,7.122,5500000
2013,"Baker, Scott",rhp-s,6.128,5500000
2013,"Zimmermann, Jordan",rhp-s,3.154,5350000
2013,"Bailey, Homer",rhp-s,4.017,5350000
2013,"Morales, Kendrys",1b,5.057,5250000
2013,"McCarthy, Brandon",rhp-s,6.122,5250000
2013,"Ellis, Mark",2b,10.136,5250000
2013,"Dickey, R.A.",rhp-s,7.007,5250000
2013,"Richard, Clayton",lhp-s,4.07,5240000
2013,"Harrison, Matt",lhp-s,4.083,5200000
2013,"Lind, Adam",dh-lf,5.058,5150000
2013,"Porcello, Rick",rhp-s,3.17,5100000
2013,"Iannetta, Chris",c,6.013,5050000
2013,"Andrus, Elvis",ss,4,5050000
2013,"Vogelsong, Ryan",rhp,6.02,5000000
2013,"Villanueva, Carlos",rhp-s,6.03,5000000
2013,"Ruiz, Carlos",c,6.069,5000000
2013,"Napoli, Mike",1b,6.151,5000000
2013,"Helton, Todd",1b,15.059,5000000
2013,"Guthrie, Jeremy",rhp-s,6.13,5000000
2013,"Gomes, Jonny",of-dh,7.097,5000000
2013,"Escobar, Yuniel",ss,5.121,5000000
2013,"Downs, Scott",lhp,10.121,5000000
2013,"Axford, John",rhp,2.17,5000000
2013,"Adams, Mike",rhp,6.019,5000000
2013,"Span, Denard",cf-lf,4.111,4750000
2013,"Guerrier, Matt",rhp,8.056000000000003,4750000
2013,"McCutchen, Andrew",of,3.123,4708333
2013,"Chapman, Aroldis",lhp-s,2.034,4708333
2013,"Rasmus, Colby",cf,4,4675000
2013,"Hochevar, Luke",rhp-s,4.151,4560000
2013,"Saltalamacchia, Jarrod",c,5.043,4500000
2013,"Motte, Jason",rhp-c,4.027,4500000
2013,"Marshall, Sean",lhp,6.088,4500000
2013,"Kendrick, Kyle",rhp-s,4.159,4500000
2013,"Jones, Garrett",1b-of,3.158,4500000
2013,"Fujikawa, Kyuji",rhp,0,4500000
2013,"Crain, Jesse",rhp,8.039,4500000
2013,"Correia, Kevin",rhp-s,8.027000000000001,4500000
2013,"Chen, Bruce",lhp-s,9.171000000000001,4500000
2013,"Casilla, Santiago (Garcia, Jairo)",rhp,5.148,4500000
2013,"Balfour, Grant",rhp,8.099,4500000
2013,"O'Flaherty, Eric",lhp,5.062,4320000
2013,"Gomez, Carlos",cf,5.141,4300000
2013,"Kennedy, Ian",rhp-s,3.124,4265000
2013,"Uehara, Koji",rhp,4,4250000
2013,"Lopez, Javier",lhp,7.167,4250000
2013,"Latos, Mat",rhp-s,3.079,4250000
2013,"DeJesus, David",cf,8.146,4250000
2013,"Betancourt, Rafael",rhp-c,9.079,4250000
2013,"Wada, Tsuyoshi",lhp-s,1,4200000
2013,"Callaspo, Alberto",3b,5.135,4100000
2013,"Belisle, Matt",rhp,7.019,4100000
2013,"Bailey, Andrew",rhp-c,4,4100000
2013,"Pelfrey, Mike",rhp-s,5.122,4000000
2013,"Marcum, Shaun",rhp-s,6.128,4000000
2013,"Infante, Omar",2b,9.12,4000000
2013,"Fister, Doug",rhp-s,3.058,4000000
2013,"Clippard, Tyler",rhp,3.027,4000000
2013,"Broxton, Jonathan",rhp,7.02,4000000
2013,"Strasburg, Stephen",rhp-s,2.118,3900000
2013,"Janssen, Casey",rhp,6.063,3900000
2013,"Desmond, Ian",ss,3.027,3800000
2013,"Posey, Buster",c,2.161,3777777
2013,"Hairston Jr., Jerry",of-2b,12.127,3750000
2013,"Fowler, Dexter",cf,3.168,3750000
2013,"Carroll, Jamey",2b,10.02,3750000
2013,"Hanson, Tommy",rhp-s,3.12,3725000
2013,"Puig, Yasiel",of,0,3714286
2013,"Happ, J.A.",lhp-s,4.047,3700000
2013,"Smith, Seth",lf-rf,4.119,3675000
2013,"Chen, Wei-Yin",lhp-s,1,3655333
2013,"Heyward, Jason",rf,3,3650000
2013,"Burnett, Sean",lhp,6.085,3625000
2013,"Romo, Sergio",rhp,4.097,3500000
2013,"Madson, Ryan",rhp,9.027000000000001,3500000
2013,"Keppinger, Jeff",3b,6.052,3500000
2013,"Jackson, Austin",cf,3,3500000
2013,"Doumit, Ryan",dh-c,7.12,3500000
2013,"Dotel, Octavio",rhp,13.113,3500000
2013,"Ryu, Hyun-Jin",lhp-s,0,3333333
2013,"Walker, Neil",2b,2.166,3300000
2013,"Davis, Chris",1b,3.061,3300000
2013,"Ryan, Brendan",ss,5.082,3250000
2013,"Martin, Leonys",of,0.113,3250000
2013,"Hernandez, Roberto",rhp-s,6.004,3250000
2013,"Mujica, Edward",rhp,5.115,3200000
2013,"Holland, Derek",lhp-s,3.12,3200000
2013,"Hernandez, Ramon",c,13.099,3200000
2013,"Gregerson, Luke",rhp,4,3200000
2013,"Ziegler, Brad",rhp,4.122,3150000
2013,"Smith, Joe",rhp,5.091,3150000
2013,"Logan, Boone",lhp,5.14,3150000
2013,"Freese, David",3b,3.028,3150000
2013,"Davis, Ike",1b,2.168,3125000
2013,"Ross, David",c,10.001,3100000
2013,"Robertson, David",rhp,4.07,3100000
2013,"Maybin, Cameron",cf,3.073,3100000
2013,"Masset, Nick",rhp,5.146,3100000
2013,"Leake, Mike",rhp-s,3,3060000
2013,"Niese, Jon",lhp-s,3.107,3050000
2013,"McDonald, James",rhp-s,3.08,3025000
2013,"Peralta, Joel",rhp,6.132,3000000
2013,"Oliver, Darren",lhp,17.127,3000000
2013,"Norris, Bud",rhp-s,3.068,3000000
2013,"Niemann, Jeff",rhp-s,4.022,3000000
2013,"Marquis, Jason",rhp-s,12.012,3000000
2013,"Izturis, Maicer",2b-3b,8.038,3000000
2013,"Hundley, Nick",c,4.059,3000000
2013,"Escobar, Alcides",ss,3.082,3000000
2013,"Colon, Bartolo",rhp-s,14.061,3000000
2013,"Chavez, Eric",3b,14.02,3000000
2013,"Roberts, Ryan",2b,3.15,2950000
2013,"Avila, Alex",c,3.061,2950000
2013,"Murphy, Dan",2b-lf,3.109,2925000
2013,"Beckham, Gordon",2b,3.123,2925000
2013,"Pena, Carlos",1b,9.133000000000001,2900000
2013,"Feliz, Neftali",rhp-s,3.064,2900000
2013,"Nakajima, Hiroyuki",ss,0,2875000
2013,"Howell, J.P.",lhp,6.007,2850000
2013,"Gardner, Brett",of,4.072,2850000
2013,"Stubbs, Drew",rf,3.047,2825000
2013,"Viciedo, Dayan",lf,1.123,2800000
2013,"Davis, Wade",rhp-s,3.032,2800000
2013,"Soto, Geovany",c,5.096,2750000
2013,"Scott, Luke",dh-of,6.144,2750000
2013,"Santos, Sergio",rhp,3,2750000
2013,"Polanco, Placido",3b,14.064,2750000
2013,"Ibanez, Raul",lf,15.02,2750000
2013,"Hechavarria, Adeiny",ss,0.06,2750000
2013,"Gorzelanny, Tom",lhp-s,5.16,2750000
2013,"Ackley, Dustin",2b-of,1.105,2700000
2013,"Venable, Will",of,3.155,2675000
2013,"Aceves, Alfredo",rhp,4.001,2650000
2013,"Samardzija, Jeff",rhp-s,3.028,2640000
2013,"Medlen, Kris",rhp,3.137,2600000
2013,"Bonifacio, Emilio",3b-2b,4.066,2600000
2013,"Wigginton, Ty",3b,9.169,2500000
2013,"Storen, Drew",rhp,2.14,2500000
2013,"Rodney, Fernando",rhp-c,9.137,2500000
2013,"Perkins, Glen",lhp-c,5.01,2500000
2013,"Lannan, John",lhp-s,4.046,2500000
2013,"Karstens, Jeff",rhp-s,5.132,2500000
2013,"Hairston, Scott",of,7.102,2500000
2013,"Grilli, Jason",rhp,6.016,2500000
2013,"Davis, Rajai",of,5.167,2500000
2013,"Joyce, Matt",lf,3.123,2450000
2013,"Johnson, Kelly",2b,7.127,2450000
2013,"Lowrie, Jed",ss,4.111,2400000
2013,"Parra, Gerardo",of,3.145,2350000
2013,"Hanigan, Ryan",c,4.077,2350000
2013,"Detwiler, Ross",lhp,3.002,2337500
2013,"Breslow, Craig",lhp,5.088,2325000
2013,"Lindstrom, Matt",rhp,6,2300000
2013,"Johnson, Chris",3b,2.144,2287500
2013,"Schierholtz, Nate",rf-lf,4.078,2250000
2013,"Gonzalez, Mike",lhp,8.137,2250000
2013,"Aviles, Mike",inf,4.091,2250000
2013,"O'Day, Darren",rhp,4.103,2200000
2013,"Santiago, Ramon",ss-2b,8.095,2100000
2013,"De Aza, Alejandro",cf,3.139,2075000
2013,"Iglesias, Jose",ss,0.071,2062500
2013,"Burton, Jared",rhp,5.014,2050000
2013,"Williams, Jerome",rhp,4.049,2000000
2013,"Valverde, Jose",rhp,9.09,2000000
2013,"Torres, Andres",of,5.115,2000000
2013,"Stewart, Ian",3b,4.05,2000000
2013,"Soria, Joakim",rhp,6,2000000
2013,"Morton, Charlie",rhp,4.01,2000000
2013,"McLouth, Nate",cf,6.152,2000000
2013,"Maya, Yunesky",rhp-s,0.07,2000000
2013,"Ludwick, Ryan",lf,7.109,2000000
2013,"Loney, James",1b,6.012,2000000
2013,"Lewis, Colby",rhp-s,6.136,2000000
2013,"Harper, Bryce",c-of,0.159,2000000
2013,"Hafner, Travis",dh,10.009,2000000
2013,"Ellis, A.J.",c,2.151,2000000
2013,"Denorfia, Chris",of,5.041,2000000
2013,"Betemit, Wilson",3b-1b,7.107,2000000
2013,"Estrada, Marco",rhp-s,3.035,1955000
2013,"Bloomquist, Willie",2b-of,10.029,1900000
2013,"Chamberlain, Joba",rhp-s,5.055,1875000
2013,"Veras, Jose",rhp,5.128,1850000
2013,"Coke, Phil",lhp,4.028,1850000
2013,"Hunter, Tommy",rhp,3.066,1820000
2013,"Rendon, Anthony",3b,0,1800000
2013,"Molina, Jose",c,11.026,1800000
2013,"Mijares, Jose",lhp,4.024,1800000
2013,"Jaso, John",c,3.032,1800000
2013,"Lopez, Wilton",rhp,3.038,1762500
2013,"Sanchez, Gaby",1b-c,3.025,1750000
2013,"Pennington, Cliff",inf,3.114,1750000
2013,"Paulino, Felipe",rhp-s,4.163,1750000
2013,"Navarro, Dioner",c,6.091,1750000
2013,"Craig, Allen",1b-of,2.077,1750000
2013,"Baker, Jeff",2b-3b,6.049,1750000
2013,"Albers, Matt",rhp,5.141,1750000
2013,"Parnell, Bobby",rhp,3.132,1700000
2013,"Hultzen, Danny",lhp,0,1700000
2013,"Casilla, Alexi",2b,5.038,1700000
2013,"Soler, Jorge",of,0,1666667
2013,"Chacin, Jhoulys",rhp-s,3.012,1650000
2013,"Venters, Jonny",lhp,3,1625000
2013,"Pierre, Juan",cf-lf,12.056,1600000
2013,"Moss, Brandon",rf,2.16,1600000
2013,"Matusz, Brian",lhp,2.156,1600000
2013,"Johnson, Reed",cf,9.145,1600000
2013,"Dobbs, Greg",3b-1b,7.027,1600000
2013,"Andino, Robert",2b-ss,4.094,1600000
2013,"Badenhop, Burke",rhp,4.116,1550000
2013,"Volstad, Chris",rhp-s,4.019,1500000
2013,"Shoppach, Kelly",c,7.021,1500000
2013,"Schumaker, Skip",2b-lf,6.051,1500000
2013,"Punto, Nick",ss,10.051,1500000
2013,"Perez, Oliver",lhp-s,8.144,1500000
2013,"McGowan, Dustin",rhp-s,6.113,1500000
2013,"McDonald, John",ss-2b,11.118,1500000
2013,"Mathis, Jeff",c,6.012,1500000
2013,"Laird, Gerald",c,8.077000000000002,1500000
2013,"Frasor, Jason",rhp,8.134,1500000
2013,"Francis, Jeff",lhp-s,7.157,1500000
2013,"Choate, Randy",lhp,8.073,1500000
2013,"Boesch, Brennan",rf-lf,3,1500000
2013,"Morales, Franklin",lhp-s,4.007,1487500
2013,"Miller, Andrew",lhp,4.062,1475000
2013,"Boggs, Mitchell",rhp,3.125,1475000
2013,"Gonzalez, Alex",ss,14.034,1450000
2013,"Belisario, Ronald",rhp,2.151,1450000
2013,"Bastardo, Antonio",lhp,3.054,1400000
2013,"Arguelles, Noel",lhp,0,1380000
2013,"Sanchez, Jonathan",lhp-s,6.071,1375000
2013,"Hernandez, David",rhp,3.105,1375000
2013,"Thatcher, Joe",lhp,4.068,1350000
2013,"Resop, Chris",rhp,4.038,1350000
2013,"Nix, Laynce",of,7.07,1350000
2013,"Hinske, Eric",1b-lf,11,1350000
2013,"Camp, Shawn",rhp,7.17,1350000
2013,"Blanco, Gregor",of,2.164,1350000
2013,"Heisey, Chris",lf,2.157,1325000
2013,"Duensing, Brian",lhp,3.104,1300000
2013,"Crow, Aaron",rhp,2,1280000
2013,"Sipp, Tony",lhp,3.138,1275000
2013,"Cabrera, Everth",ss,2.144,1275000
2013,"Thole, Josh",c-1b,2.142,1250000
2013,"Overbay, Lyle",1b,10.009,1250000
2013,"Lowe, Derek",rhp-s,15.1,1250000
2013,"Kotsay, Mark",of-1b,15.018,1250000
2013,"Inge, Brandon",3b,11.095,1250000
2013,"Farnsworth, Kyle",rhp,13.1,1250000
2013,"Aoki, Norichika",of,1,1250000
2013,"Bundy, Dylan",rhp,0.015,1245000
2013,"Grandal, Yasmani",c,0.115,1240000
2013,"Bernadina, Roger",of,3.146,1212500
2013,"Concepcion, Gerardo",lhp,0,1200000
2013,"Bauer, Trevor",rhp-s,0.021,1183333
2013,"Jepsen, Kevin",rhp,2.163,1181250
2013,"Turner, Jacob",rhp,0.083,1175000
2013,"Tabata, Jose",of,2.081,1166667
2013,"Qualls, Chad",rhp,8.058000000000002,1150000
2013,"Bedard, Erik",lhp-s,9.146,1150000
2013,"Luebke, Cory",lhp,2.033,1125000
2013,"Alonso, Yonder",1b,1.116,1120000
2013,"Tejada, Miguel",3b,14.023,1100000
2013,"Rzepczynski, Marc",lhp,3.036,1100000
2013,"Moore, Matt",lhp-s,1.017,1100000
2013,"Francisco, Ben",lf,5.049,1100000
2013,"Blevins, Jerry",lhp,3.081,1100000
2013,"Barton, Daric",1b,3.148,1100000
2013,"Russell, James",lhp,3,1075000
2013,"Loe, Kameron",rhp,5.133,1050000
2013,"Getz, Chris",2b,4.05,1050000
2013,"Purke, Matt",lhp-s,0,1037500
2013,"Rizzo, Anthony",1b,0.168,1035714
2013,"Wright, Wesley",lhp,3.105,1025000
2013,"Tracy, Chad",1b,7.116,1000000
2013,"Torrealba, Yorvit",c,11.028,1000000
2013,"Takahashi, Hisanori",lhp,3,1000000
2013,"Rodriguez, Sean",ss,3.133,1000000
2013,"Reimold, Nolan",lf,3.044,1000000
2013,"Rauch, Jon",rhp,8.126000000000001,1000000
2013,"Raburn, Ryan",2b-lf,5.109,1000000
2013,"Perez, Salvador",c,1.05,1000000
2013,"Parra, Manny",lhp,5.063,1000000
2013,"Marson, Lou",c,3.036,1000000
2013,"Liriano, Francisco",lhp-s,6.104,1000000
2013,"Kottaras, George",c,3.149,1000000
2013,"Kazmir, Scott",lhp-s,6.119,1000000
2013,"Hill, Rich",lhp,5.037,1000000
2013,"Hawkins, LaTroy",rhp,16.054,1000000
2013,"Hannahan, Jack",3b,4.065,1000000
2013,"Bay, Jason",lf,9.08,1000000
2013,"Ayala, Luis",rhp,8.121,1000000
2013,"Webb, Ryan",rhp,3.029,975000
2013,"Neshek, Pat",rhp,4.159,975000
2013,"Cox, Zack",3b,0.016,950000
2013,"Bumgarner, Madison",lhp-s,2.127,950000
2013,"Kelley, Shawn",rhp,3.128,935000
2013,"Valbuena, Luis",inf,2.148,930000
2013,"Baker, John",c,4.083,930000
2013,"Arias, Joaquin",2b-ss,3.071,925000
2013,"Wright, Jamey",rhp,14.086,900000
2013,"Quintero, Humberto",c,6.062,900000
2013,"Nix, Jayson",2b,3.127,900000
2013,"Kelly, Don",rf-lf-1b,3.138,900000
2013,"Herrera, Jonathan",inf,3.001,900000
2013,"Betancourt, Yuniesky",2b-ss,7.028,900000
2013,"Simon, Alfredo",rhp,3.142,890000
2013,"Stammen, Craig",rhp,2.16,875000
2013,"Pena, Brayan",c,5.081,875000
2013,"Sale, Chris",lhp-s,2.061,850000
2013,"Lucroy, Jonathan",c,2.136,850000
2013,"Frandsen, Kevin",2b-ss,3.151,850000
2013,"Durbin, Chad",rhp,8.102,850000
2013,"Narveson, Chris",lhp-s,3.102,840000
2013,"Tazawa, Junichi",rhp,2.086,815000
2013,"Patton, Troy",lhp,2.15,815000
2013,"Olivo, Miguel",c,9.171000000000001,800000
2013,"Nieves, Wil",c,5.127,800000
2013,"Izturis, Cesar",ss,11.042,800000
2013,"Humber, Philip",rhp-s,3,800000
2013,"Young, Delmon",lf,6.034,750000
2013,"Slowey, Kevin",rhp-s,4.053,750000
2013,"Santana, Carlos",c,2.115,750000
2013,"Lyon, Brandon",rhp,10.142,750000
2013,"Lillibridge, Brent",2b-ss,3.115,750000
2013,"Gutierrez, J.C. (Juan)",rhp,3.035,750000
2013,"Giambi, Jason",dh-1b,17.082,750000
2013,"Gaudin, Chad",rhp,7.104,750000
2013,"DeRosa, Mark",3b,12.061,750000
2013,"Blanco, Henry",c,14.136,750000
2013,"Ankiel, Rick",of,8.148,750000
2013,"Martinez, Cristhian",rhp,2.158,749750
2013,"Janish, Paul",ss-2b,3.145,725000
2013,"Fuld, Sam",of,2.14,725000
2013,"Cedeno, Ronny",2b-ss,7.029,718000
2013,"Wise, Dewayne",cf,6.065,700000
2013,"Rosales, Adam",inf,3.099,700000
2013,"Pearce, Steve",1b-of,3.116,700000
2013,"Kotchman, Casey",1b,7.144,700000
2013,"Kinney, Josh",rhp,3.086,700000
2013,"Kearns, Austin",rf,10.113,700000
2013,"Duke, Zach",lhp-s,6.125,700000
2013,"Byrd, Marlon",cf,8.115,700000
2013,"Butera, Drew",c,2.156,700000
2013,"Atchison, Scott",rhp,3.168,700000
2013,"Alvarez, Pedro",3b,2.085,700000
2013,"Wood, Tim",rhp,0.164,675000
2013,"Kimbrel, Craig",rhp,2.066,655000
2013,"Wilson, Josh",inf,4.031,650000
2013,"Teagarden,Taylor",c,3.02,650000
2013,"Maine, John",rhp-s,5.013,625000
2013,"Nova, Ivan",rhp,2.035,575600
2013,"Quiroz, Guillermo",c,2.023,575000
2013,"Lowe, Mark",rhp,6.087,575000
2013,"Barney, Darwin",2b,2.053,562000
2013,"Wood, Blake",rhp,2.145,560000
2013,"Freeman, Freddie",1b,2.033,560000
2013,"Ransom, Cody",3b-2b,4.008,550000
2013,"Pena, Ramiro",inf,2.079,550000
2013,"Duncan, Shelley",inf-of,3.077,550000
2013,"Burke, Greg",rhp,0.143,550000
2013,"Walden, Jordan",rhp,2.043,541500
2013,"Trumbo, Mark",1b,2.027,540000
2013,"Holland, Greg",rhp,2.028,539500
2013,"Stanton, Giancarlo",of,2.118,537000
2013,"Rice, Scott",lhp,0,535000
2013,"Collins, Tim",lhp,2,534500
2013,"Nunez, Eduardo",ss,1.117,533300
2013,"Mendoza, Luis",rhp,2.063,532000
2013,"Belt, Brandon",of,1.128,531500
2013,"Frieri, Ernesto",rhp,2.101,530000
2013,"Diamond, Scott",lhp-s,1.016,530000
2013,"Crawford, Brandon",ss,1.094,530000
2013,"Pineda, Michael",rhp-s,2,528475
2013,"Hosmer, Eric",1b,1.146,528250
2013,"Wood, Travis",lhp-s,2.004,527500
2013,"Frazier, Todd",3b,1.071,527500
2013,"Cozart, Zack",ss,1.084,527500
2013,"Gee, Dillon",rhp-s,2.028,527375
2013,"Brantley, Michael",lf,2.131,526900
2013,"Espinosa, Danny",ss,2.033,526250
2013,"Worley, Vance",rhp-s,1.152,525000
2013,"Tuiasosopo, Matt",3b,1.079,525000
2013,"Moustakas, Mike",inf,1.111,524500
2013,"Jay, Jon",cf,2.134,524000
2013,"Melancon, Mark",rhp,2.098,521000
2013,"Johnson, Elliot",2b,2.028,520500
2013,"Reed, Addison",rhp,1.027,520000
2013,"Plouffe, Trevor",3b,1.162,520000
2013,"Duda, Lucas",of-1b,1.137,519240
2013,"Hudson, Daniel",rhp-s,2.117,518500
2013,"Doubront, Felix",lhp-s,1.12,518500
2013,"Mayberry Jr., John",of,2.095,517000
2013,"Arrieta, Jake",rhp,2.066,516500
2013,"Cervelli, Francisco",c,2.146,515350
2013,"Stewart, Chris",c,2.091,515100
2013,"Revere, Ben",of,1.149,515000
2013,"Tejada, Ruben",2b-ss,2.053,514701
2013,"Smoak, Justin",1b,2.113,514000
2013,"Lynn, Lance",rhp-s,1.119,513000
2013,"Saunders, Michael",of,2.138,512600
2013,"Schafer, Jordan",cf,2.121,512500
2013,"Bourjos, Peter",of,2.062,512500
2013,"Phelps, David",rhp-s,0.156,512425
2013,"Salas, Fernando",rhp,2.087,512000
2013,"Jansen, Kenley",rhp,2.073,512000
2013,"Descalso, Daniel",2b-3b,2.016,511000
2013,"Seager, Kyle",2b,1.085,510400
2013,"Eppley, Cody",rhp,1.022,510350
2013,"Trout, Mike",of,1.07,510000
2013,"Reddick, Josh",of,2.05,510000
2013,"LeCure, Sam",rhp,2.072,510000
2013,"Flowers, Tyler",c,1.148,510000
2013,"Cecil, Brett",lhp,2.152,510000
2013,"Burnett, Alex",rhp,2.135,510000
2013,"Beachy, Brandon",rhp-s,2.014,510000
2013,"Bowden, Michael",rhp,1.084,509500
2013,"Wilhelmsen, Tom",rhp,1.106,509100
2013,"Rogers, Esmil",rhp,2.135,509000
2013,"Kipnis, Jason",2b,1.069,509000
2013,"Tillman, Chris",rhp-s,1.113,508500
2013,"Carp, Mike",1b-lf,2.01,508500
2013,"Herrera, Kelvin",rhp,1.008,508175
2013,"Alvarez, Henderson",rhp,1.051,507900
2013,"Stults, Eric",lhp-s,2.075,507600
2013,"Jones, Nate",rhp,1,507500
2013,"Beavan, Blake",rhp-s,1.072,506700
2013,"Ogando, Alexi",rhp,2.114,506600
2013,"McGee, Jake",lhp,1.127,506200
2013,"Dyson, Jarrod",of,1.088,506000
2013,"Altuve, Jose",2b,1.072,505700
2013,"Arencibia, J.P.",c,2.059,505600
2013,"Watson, Tony",lhp,1.101,505500
2013,"Reynolds, Matt",lhp,2.046,505500
2013,"Nava, Daniel",lf,1.066,505500
2013,"Wells, Casper",of,2.04,505400
2013,"Duffy, Danny",lhp-s,1.134,505125
2013,"Valdes, Raul",lhp,2.009,505000
2013,"Snider, Travis",lf,2.091,505000
2013,"Santiago, Hector",lhp,1.024,505000
2013,"Sanchez, Angel",ss,2.144,505000
2013,"Roenicke, Josh",rhp,2.062,505000
2013,"Paul, Xavier",of,2.119,505000
2013,"Minor, Mike",lhp,1.138,505000
2013,"McKenry, Michael",c,1.136,505000
2013,"Elbert, Scott",lhp,2.069,505000
2013,"Dirks, Andy",lf,1.139,505000
2013,"Cruz, Luis",inf,1.076,505000
2013,"Cook, Ryan",rhp,1.036,505000
2013,"Cishek, Steve",rhp,1.143,505000
2013,"Turner, Justin",inf,2.045,504547
2013,"Mortensen, Clay",rhp,1.017,504500
2013,"Mattheus, Ryan",rhp,1.111,504500
2013,"Hughes, Jared",rhp,1.023,504500
2013,"Furbush, Charlie",lhp-s,1.121,504500
2013,"Collmenter, Josh",rhp,2,504000
2013,"Carpenter, Matt",2b-3b,1.012,504000
2013,"Bass, Anthony",rhp,1.108,503600
2013,"Coghlan, Chris",lf,2.171,503500
2013,"Montero, Jesus",c,1.028,503300
2013,"Guzman, Jesus",1b,1.151,503200
2013,"Cain, Lorenzo",of,1.074,503175
2013,"Hellickson, Jeremy",rhp-s,2.045,503000
2013,"Harrison, Josh",3b,1.095,503000
2013,"Cruz, Tony",c,1.105,503000
2013,"Castillo, Welington",c,1.009,503000
2013,"Moreland, Mitch",1b-of,2.067,502700
2013,"Villarreal, Brayan",rhp,1.041,502500
2013,"Swarzak, Anthony",rhp,2.038,502500
2013,"Strop, Pedro",rhp,1.156,502500
2013,"Sanchez, Hector",c,1.037,502500
2013,"Ciriaco, Pedro",inf,1.036,502500
2013,"Cobb, Alex",rhp-s,1.061,502200
2013,"Leroux, Chris",rhp,2.001,502000
2013,"Gonzalez, Miguel",rhp-s,1.107,502000
2013,"Eovaldi, Nate",rhp-s,1.013,502000
2013,"Tomlin, Josh",rhp-s,2.069,501800
2013,"Jennings, Desmond",cf,1.101,501800
2013,"Shaw, Bryan",rhp,1.081,501700
2013,"Ramos, Cesar",lhp,2.003,501300
2013,"Ramos, Wilson",c,2.047,501250
2013,"Lombardozzi, Steve",2b,1.023,501250
2013,"Rodriguez, Henry",rhp,2.114,501000
2013,"Pestano, Vinnie",rhp,2.011,501000
2013,"Gentry, Craig",cf,2.084,501000
2013,"Cashner, Andrew",rhp-s,2.126,500800
2013,"Harrell, Lucas",rhp-s,1.083,500700
2013,"Hefner, Jeremy",rhp,0.123,500625
2013,"Ross, Tyson",rhp,1.126,500500
2013,"Miley, Wade",lhp,1.044,500500
2013,"Baxter, Mike",1b,2.015,500318
2013,"Sizemore, Scott",2b-ss,2.046,500000
2013,"Shuck, J.B.",cf,0.055,500000
2013,"Quintana, Jose",lhp-s,0.133,500000
2013,"Perez, Luis",lhp,1.119,500000
2013,"Mastroianni, Darin",cf,0.149,500000
2013,"Marte, Starling",of,0.07,500000
2013,"Lawrie, Brett",3b,1.055,500000
2013,"Hendriks, Liam",rhp-s,0.118,500000
2013,"Gomez, Jeanmar",rhp,1.063,500000
2013,"Goldschmidt, Paul",1b,1.059,500000
2013,"Garland, Jon",rhp-s,11.071,500000
2013,"Fien, Casey",rhp,0.143,500000
2013,"DeVries, Cole",rhp-s,0.111,500000
2013,"Brown, Domonic",of,1.078,500000
2013,"Alburquerque, Al",rhp,2,500000
2013,"Drabek, Kyle",rhp,1.119,499500
2013,"Forsythe, Logan",3b,1.113,499000
2013,"Brignac, Reid",ss,2.12,499000
2013,"Thayer, Dale",rhp,1.071,498900
2013,"Delabar, Steve",rhp,1.015,498900
2013,"Harvey, Matt",rhp-s,0.072,498750
2013,"Brach, Brad",rhp,1.016,498200
2013,"Nieuwenhuis, Kirk",of,0.115,498124
2013,"Smyly, Drew",lhp-s,0.149,498000
2013,"Robinson, Shane",cf,1.03,498000
2013,"Middlebrooks, Will",3b,0.155,498000
2013,"Kalish, Ryan",of,1.033,498000
2013,"Fiers, Michael",rhp-s,0.147,498000
2013,"Cruz, Rhiner",rhp,1,498000
2013,"Abreu, Tony",2b-ss,2.17,498000
2013,"Martinez, J.D.",of,1.047,497800
2013,"Veal, Donald",lhp,1.056,497500
2013,"Robertson, Tyler",lhp,0.101,497500
2013,"Parmelee, Chris",rf,0.132,497500
2013,"Mesoraco, Devin",c,1.028,497500
2013,"Locke, Jeff",lhp,0.068,497500
2013,"Dozier, Brian",ss-2b,0.1,497500
2013,"Ross, Robbie",lhp,1,497400
2013,"Amarista, Alexi",2b,1.053,497400
2013,"White, Alex",rhp-s,1.092,497100
2013,"Horst, Jeremy",lhp,0.16,497000
2013,"Valdespin, Jordany",inf,0.136,496645
2013,"Castro, Jason",c,2.104,496600
2013,"Schwimer, Michael",rhp,0.141,496500
2013,"Lobaton, Jose",c,1.138,496500
2013,"McAllister, Zach",rhp-s,0.124,496400
2013,"Francisco, Juan",3b,1.156,496250
2013,"Kratz, Erik",c,0.158,496000
2013,"Clevenger, Steve",c,1.01,496000
2013,"Borbon, Julio",of,1.148,496000
2013,"Cedeno, Xavier",lhp,0.122,495900
2013,"Kirkman, Michael",lhp,1.049,495800
2013,"Luetge, Lucas",lhp,1,495500
2013,"Herrmann, Frank",rhp,1.147,495500
2013,"Wallace, Brett",1b,1.123,495000
2013,"Valaika, Chris",2b,0.089,495000
2013,"Sogard, Eric",2b,1.064,495000
2013,"Scribner, Evan",rhp,1.018,495000
2013,"Richards, Garrett",rhp-s,0.148,495000
2013,"Parker, Jarrod",rhp-s,1,495000
2013,"Milone, Tom",lhp-s,1.026,495000
2013,"Machado, Manny",ss,0.056,495000
2013,"Johnson, Steve",rhp,0.056,495000
2013,"Florimon Jr, Pedro",ss,0.073,495000
2013,"Escobar, Eduardo",ss,1.001,495000
2013,"Corporan, Carlos",c,1.019,495000
2013,"Conger, Hank",c,1.051,495000
2013,"Mejia, Jenrry",rhp-s,0.14,494925
2013,"Ruggiano, Justin",of,2.019,494500
2013,"Kontos, George",rhp,0.14,494500
2013,"Gonzalez, Marwin",3b,1,494400
2013,"Wieland, Joe",rhp,1,494300
2013,"Loup, Aaron",lhp,0.083,494200
2013,"Sellers, Justin",ss,1.048,494000
2013,"Pill, Brett",1b,0.142,494000
2013,"Maldonado, Martin",c,0.156,494000
2013,"Downs, Darin",lhp,0.093,494000
2013,"Corbin, Patrick",lhp,0.105,494000
2013,"Carter, Chris",1b-lf,0.159,494000
2013,"Darnell, James",of,1.026,493700
2013,"Scheppers, Tanner",rhp,0.119,493600
2013,"Wilson, Justin",lhp,0.035,493500
2013,"Flaherty, Ryan",3b-of,1,493500
2013,"Edgin, Josh",lhp,0.083,493500
2013,"Ambriz, Hector",rhp,1.043,493400
2013,"Cowgill, Collin",of,1.014,493250
2013,"Hutchison, Drew",rhp,0.167,493200
2013,"Septimo, Leyson",lhp,0.098,493000
2013,"Moore, Tyler",1b,0.149,493000
2013,"Martinez, Fernando",of,1.073,493000
2013,"Kelly, Joe",rhp-s,0.116,493000
2013,"Gimenez, Hector",c,1.123,493000
2013,"d'Arnaud, Chase",2b-ss,0.125,493000
2013,"Axelrod, Dylan",rhp-s,0.099,493000
2013,"Chisenhall, Lonnie",3b,1.051,492900
2013,"Allen, Cody",rhp,0.076,492600
2013,"Straily, Dan",rhp-s,0.062,492500
2013,"Romine, Andrew",ss,0.14,492500
2013,"Norris, Derek",c,0.102,492500
2013,"Maxwell, Justin",of,2.066,492500
2013,"Hoover, J.J.",rhp,0.102,492500
2013,"Griffin, A.J.",rhp-s,0.102,492500
2013,"Dunn, Michael",lhp,2.079,492500
2013,"Doolittle, Sean",lhp,0.122,492500
2013,"Donaldson, Josh",c,0.158,492500
2013,"Pryor, Stephen",rhp,0.125,492200
2013,"Hagadone, Nick",lhp,0.107,492100
2013,"Young Jr., Eric",of,2.123,492000
2013,"Segura, Jean",2b,0.065,492000
2013,"Sappelt, Dave",of,0.086,492000
2013,"Rodriguez, Fernando",rhp,1.142,492000
2013,"Perez, Martin",lhp,0.066,492000
2013,"Henderson, Jim",rhp,0.07,492000
2013,"Dominguez, Matt",3b,0.062,491800
2013,"Familia, Jeurys",rhp,0.03,491750
2013,"Capps, Carter",rhp,0.065,491700
2013,"Barnes, Brandon",of,0.058,491700
2013,"Solano, Donovan",2b,0.137,491500
2013,"Rodriguez, Paco",lhp,0.029,491500
2013,"Morrison, Logan",1b,2.069,491500
2013,"LeBlanc, Wade",lhp,2.062,491500
2013,"Kelly, Casey",rhp,0.038,491400
2013,"Simmons, Andrelton",ss,0.125,491250
2013,"Gearrin, Cory",rhp,0.119,491250
2013,"Avilan, Luis",lhp,0.091,491250
2013,"Vizcaino, Arodys",rhp,1.05,491000
2013,"Rosario, Wilin",c,1.023,491000
2013,"Rogers, Mark",rhp,0.092,491000
2013,"Pollock, A.J.",of,0.052,491000
2013,"Pacheco, Jordan",c,1.015,491000
2013,"Ottavino, Adam",rhp,1.087,491000
2013,"Nicasio, Juan",rhp-s,1.124,491000
2013,"Nelson, Chris",3b,1.159,491000
2013,"Kintzler, Brandon",rhp,1.101,491000
2013,"Gregorius, Didi",inf,0.033,491000
2013,"Green, Taylor",3b,0.124,491000
2013,"Garcia, Christian",rhp,0.031,491000
2013,"Gamel, Mat",3b,2.059,491000
2013,"Federowicz, Tim",c,0.056,491000
2013,"Escalona, Edgmer",rhp,1,491000
2013,"Eaton, Adam",of,0.03,491000
2013,"Brothers, Rex",lhp,1.117,491000
2013,"Recker, Anthony",c,0.128,490840
2013,"Warren, Adam",rhp-s,0.036,490525
2013,"Surkamp, Eric",lhp,1.033,490500
2013,"Gillaspie, Conor",3b,0.069,490500
2013,"Castellanos, Alex",of,0.041,490500
2013,"Varvaro, Anthony",rhp,0.121,490000
2013,"Teheran, Julio",rhp,0.062,490000
2013,"Taylor, Drew",lhp,0.033,490000
2013,"Skipworth, Kyle",c,0,490000
2013,"Silverio, Alfredo",of,0,490000
2013,"Schafer, Logan",of,0.058,490000
2013,"Rutledge, Josh",2b,0.083,490000
2013,"Rosenthal, Trevor",rhp,0.058,490000
2013,"Rondon, Hector",rhp,0,490000
2013,"Ramos, A.J.",rhp,0.03,490000
2013,"Ramirez, Wilkin",of,0.084,490000
2013,"Pressly, Ryan",rhp,0,490000
2013,"Peralta, Wily",rhp-s,0.033,490000
2013,"Peacock, Brad",rhp,0.023,490000
2013,"Oviedo, Juan Carlos (Nunez, Leo)",rhp,6.009,490000
2013,"Ortiz, Joe",lhp,0,490000
2013,"Noonan, Nick",2b,0,490000
2013,"Miller, Shelby",rhp-s,0.03,490000
2013,"McFarland, T.J.",lhp,0,490000
2013,"Maurer, Brandon",rhp,0,490000
2013,"Marte, Alfredo",of,0,490000
2013,"Kozma, Pete",ss,0.06,490000
2013,"Jackson, Ryan",ss,0.055,490000
2013,"Inciarte, Ender",inf,0,490000
2013,"Hicks, Aaron",of,0,490000
2013,"Gyorko, Jedd",3b,0,490000
2013,"Gattis, Evan",c,0,490000
2013,"Garcia, Leury",ss,0,490000
2013,"Garcia, Avisail",of,0.034,490000
2013,"Galvis, Freddy",ss,1,490000
2013,"Freiman, Nate",1b,0,490000
2013,"Fields, Josh",rhp,0,490000
2013,"Fernandez, Jose",rhp,0,490000
2013,"Davis, Khris",of,0,490000
2013,"Ceda, Jose",rhp,1.096,490000
2013,"Carrasco, Carlos",rhp-s,2.067,490000
2013,"Cabrera, Edwar",lhp,0.006,490000
2013,"Cabral, Cesar",lhp,1,490000
2013,"Brantly, Rob",c,0.052,490000
2013,"Bradley, Jackie Jr.",lf,0,490000
2013,"Bianchi, Jeff",2b-ss,0.057,490000
2013,"Aumont, Phillippe",rhp,0.044,490000
2013,Adams Matt,1b,0.033,490000
2012,"Rodriguez, Alex",3b,17.011,30000000
2012,"Wells, Vernon",cf,10.113,24642857
2012,"Santana, Johan",lhp-s,11.122,24000000
2012,"Teixeira, Mark",1b,9,23125000
2012,"Fielder, Prince",1b,6.068,23000000
2012,"Mauer, Joe",c,8,23000000
2012,"Sabathia, CC",lhp-s,11,23000000
2012,"Gonzalez, Adrian",1b,6.108,21857143
2012,"Lee, Cliff",lhp-s,8.1,21500000
2012,"Cabrera, Miguel",1b,8.101,21000000
2012,"Crawford, Carl",lf,9.072,20357143
2012,"Verlander, Justin",rhp-s,6.002,20100000
2012,"Halladay, Roy",rhp-s,12.047,20000000
2012,"Howard, Ryan",1b,6.145,20000000
2012,"Hernandez, Felix",rhp-s,6.06,19700000
2012,"Lee, Carlos",lf,12.15,19000000
2012,"Soriano, Alfonso",lf,11.079,19000000
2012,"Zambrano, Carlos",rhp-s,10.022,19000000
2012,"Zito, Barry",lhp-s,11.072,19000000
2012,"Hunter, Torii",cf,12.135,18500000
2012,"Lincecum, Tim",rhp-s,4.148,18250000
2012,"Bay, Jason",lf,8.08,18125000
2012,"Suzuki, Ichiro",rf,11,18000000
2012,"Beckett, Josh",rhp-s,10.03,17000000
2012,"Holliday, Matt",lf,8,17000000
2012,"Peavy, Jake",rhp-s,9.101,17000000
2012,"Burnett, A.J.",rhp-s,12.038,16500000
2012,"Jeter, Derek",ss,16.043,16000000
2012,"Young, Michael",inf-dh,10.134,16000000
2012,"Lackey, John",rhp-s,9.095,15950000
2012,"Cain, Matt",rhp-s,6.038,15833333
2012,"Utley, Chase",2b,8.027000000000001,15286000
2012,"Hamilton, Josh",cf,5,15250000
2012,"Wright, David",3b,7.075,15250000
2012,"Beltre, Adrian",3b,13.096,15000000
2012,"Hamels, Cole",lhp-s,5.143,15000000
2012,"Lowe, Derek",rhp-s,14.1,15000000
2012,"Morneau, Justin",1b,7.168,15000000
2012,"Ramirez, Hanley",ss,6.014,15000000
2012,"Rivera, Mariano",rhp,16.105,15000000
2012,"Ortiz, David",dh,13.048,14575000
2012,"Weaver, Jered",rhp-s,5.129,14200000
2012,"Bautista, Jose",3b-rf,6.165,14000000
2012,"Cano, Robinson",2b,6.153,14000000
2012,"Dempster, Ryan",rhp-s,13.063,14000000
2012,"Dunn, Adam",lf-1b,10.074,14000000
2012,"Jones, Chipper",3b,18.024,14000000
2012,"Johnson, Josh",rhp-s,6.026,13750000
2012,"Werth, Jayson",rf,8.102,13571429
2012,"Greinke, Zack",rhp-s,7.057,13500000
2012,"Uggla, Dan",2b,6,13200000
2012,"Beltran, Carlos",rf-cf,13.014,13000000
2012,"Hafner, Travis",dh,9.009,13000000
2012,"Martinez, Victor",c-1b,8.114,13000000
2012,"Haren, Dan",rhp-s,7.154,12750000
2012,"Rios, Alex",rf-cf,7.13,12500000
2012,"Markakis, Nick",rf,6,12350000
2012,"Phillips, Brandon",2b,7.022,12250000
2012,"Youkilis, Kevin",1b,7.093,12250000
2012,"Lohse, Kyle",rhp-s,10.092,12187500
2012,"Zimmerman, Ryan",3b,6.032,12100000
2012,"Arroyo, Bronson",rhp-s,9.15,12000000
2012,"Berkman, Lance",1b-of,12.052,12000000
2012,"Konerko, Paul",1b,13.141,12000000
2012,"Myers, Brett",rhp-s,9.068000000000001,12000000
2012,"Pujols, Albert",1b,11,12000000
2012,"Lilly, Ted",lhp-s,11.102,11667000
2012,"McCann, Brian",c,6.117,11666667
2012,"Votto, Joey",1b,4.027,11500000
2012,"Santana, Ervin",rhp-s,6.104,11200000
2012,"Papelbon, Jonathan",rhp,6.064,11000058
2012,"Jackson, Edwin",rhp-s,6.07,11000000
2012,"Rollins, Jimmy",ss,11.015,11000000
2012,"Soriano, Rafael",rhp,9.057,11000000
2012,"Weeks, Rickie",2b,6.131,11000000
2012,"Ethier, Andre",rf,5.153,10950000
2012,"Blanton, Joe",rhp-s,7.016,10500000
2012,"Cuddyer, Michael",rf,8.157,10500000
2012,"De La Rosa, Jorge",lhp-s,7.015,10500000
2012,"Rodriguez, Wandy",lhp-s,6.105,10500000
2012,"Wilson, C.J.",lhp,6.055,10500000
2012,"Pence, Hunter",rf,4.156,10400000
2012,"Matsuzaka, Daisuke",rhp-s,5,10333333
2012,"Kemp, Matt",cf,5.049,10250000
2012,"Swisher, Nick",lf-rf,7.031,10250000
2012,"Granderson, Curtis",cf,6.077,10000000
2012,"Huff, Aubrey",1b,11.003,10000000
2012,"Kuroda, Hiroki",rhp-s,4,10000000
2012,"Reyes, Jose",ss,8.111,10000000
2012,"Roberts, Brian",2b,9.131,10000000
2012,"Figgins, Chone",3b,8.145,9500000
2012,"Garza, Matt",rhp-s,4.149,9500000
2012,"Victorino, Shane",cf,6.092,9500000
2012,"Wolf, Randy",lhp-s,12.115,9500000
2012,"Napoli, Mike",c,5.151,9400000
2012,"Hart, Corey",rf,6.038,9333333
2012,"Abreu, Bobby",rf,14.165,9000000
2012,"Billingsley, Chad",rhp-s,5.11,9000000
2012,"Hudson, Tim",rhp-s,12.119,9000000
2012,"Nolasco, Ricky",rhp-s,5.142,9000000
2012,"Valverde, Jose",rhp,8.09,9000000
2012,"Wainwright, Adam",rhp-s,6.027,9000000
2012,"Butler, Billy",1b-dh,4.102,8500000
2012,"Carpenter, Chris",rhp-s,14.08,8500000
2012,"Pavano, Carl",rhp-s,13.161,8500000
2012,"Westbrook, Jake",rhp-s,10.144,8500000
2012,"Wilson, Brian",rhp,4.169,8500000
2012,"Pedroia, Dustin",2b,5.041,8250000
2012,"Tulowitzki, Troy",ss,5.033,8250000
2012,"Guthrie, Jeremy",rhp-s,5.13,8200000
2012,"Rolen, Scott",3b,15.06,8166667
2012,"Ellsbury, Jacoby",cf,4.037,8050000
2012,"LaRoche, Adam",1b,8,8000000
2012,"Rodriguez, Francisco",rhp,8.15,8000000
2012,"Sanchez, Anibal",rhp-s,5.099,8000000
2012,"Uribe, Juan",3b-ss,10.089,8000000
2012,"Reynolds, Mark",3b,4.138,7833333
2012,"Drew, Stephen",ss,5.079,7750000
2012,"Kershaw, Clayton",lhp-s,3.105,7750000
2012,"Marcum, Shaun",rhp-s,5.128,7725000
2012,"Lester, Jon",lhp-s,5.075,7625000
2012,"Kubel, Jason",lf,7.009,7500000
2012,"Martin, Russell",c,5.15,7500000
2012,"Shields, James",rhp-s,5.125,7500000
2012,"Street, Huston",rhp,7,7500000
2012,"Hardy, J.J.",ss,6.164,7416667
2012,"Pena, Carlos",1b,8.133000000000001,7250000
2012,"Kinsler, Ian",2b,6,7200000
2012,"Young, Chris",cf,5.045,7200000
2012,"Quentin, Carlos",lf,5.065,7025000
2012,"Bell, Heath",rhp,6.099,7000000
2012,"Braun, Ryan",lf,4.129,7000000
2012,"Buehrle, Mark",lhp-s,11.078,7000000
2012,"Floyd, Gavin",rhp-s,5.045,7000000
2012,"Marmol, Carlos",rhp,5.084,7000000
2012,"Molina, Yadier",c,7.123,7000000
2012,"Nathan, Joe",rhp,10.12,7000000
2012,"Upton, B.J.",cf,5.126,7000000
2012,"Willingham, Josh",lf-rf,6.123,7000000
2012,"Upton, Justin",rf,4.06,6958000
2012,"Bourn, Michael",cf,5.028,6845000
2012,"Francoeur, Jeff",rf,6.088,6750000
2012,"Young, Delmon",lf,5.034,6750000
2012,"Baker, Scott",rhp-s,5.128,6500000
2012,"Buck, John",c,7.101,6500000
2012,"Byrd, Marlon",cf,8.045,6500000
2012,"Cespedes, Yoenis",of,0,6500000
2012,"Feldman, Scott",rhp,5.091,6500000
2012,"Furcal, Rafael",ss,12,6500000
2012,"Polanco, Placido",3b,13.064,6417000
2012,"Johnson, Kelly",2b,6.127,6375000
2012,"Loney, James",1b,5.012,6375000
2012,"Jones, Adam",cf,4.139,6150000
2012,"Cabrera, Melky",cf,5.148,6000000
2012,"Crisp, Covelli",cf,8.158000000000001,6000000
2012,"Gordon, Alex",lf,4.092,6000000
2012,"Jenks, Bobby",rhp,6.09,6000000
2012,"Madson, Ryan",rhp,8.027000000000001,6000000
2012,"Oviedo, Juan Carlos (Nunez, Leo)",rhp,5.108,6000000
2012,"Pierzynski, A.J.",c,11.1,6000000
2012,"Ramirez, Aramis",3b,12.111,6000000
2012,"Sanchez, Freddy",2b,8.052,6000000
2012,"Saunders, Joe",lhp-s,5.013,6000000
2012,"Scutaro, Marcos",ss,8.138,6000000
2012,"Soria, Joakim",rhp,5,6000000
2012,"Montero, Miguel",c,5.031,5900000
2012,"Gutierrez, Franklin",cf,5.08,5812500
2012,"Gregg, Kevin",rhp,8.002,5800000
2012,"Gallardo, Yovani",rhp-s,4.108,5750000
2012,"Pelfrey, Mike",rhp-s,4.122,5687500
2012,"Sanchez, Jonathan",lhp-s,5.071,5600000
2012,"Bartlett, Jason",ss,6.086,5500000
2012,"Benoit, Joaquin",rhp,9.04,5500000
2012,"Darvish, Yu",rhp-s,0,5500000
2012,"Francisco, Frank",rhp,7.053,5500000
2012,"Hill, Aaron",2b,6.136,5500000
2012,"Hudson, Orlando",2b,9.068000000000001,5500000
2012,"Inge, Brandon",3b,10.095,5500000
2012,"Jurrjens, Jair",rhp-s,4.047,5500000
2012,"Liriano, Francisco",lhp-s,5.104,5500000
2012,"Lyon, Brandon",rhp,9.142,5500000
2012,"Peralta, Jhonny",ss,7.118,5500000
2012,"Thornton, Matt",lhp,7.129,5500000
2012,"Gonzalez, Carlos",of,3.059,5428571
2012,"Cueto, Johnny",rhp-s,4,5400000
2012,"Cruz, Nelson",rf,4.082,5250000
2012,"Romero, Ricky",lhp-s,3,5250000
2012,"Lind, Adam",dh-lf,4.085,5150000
2012,"Aybar, Erick",ss,5.086,5075000
2012,"Bruce, Jay",rf,3.125,5041667
2012,"Suzuki, Kurt",c,4.113,5038000
2012,"Affeldt, Jeremy",lhp,10,5000000
2012,"Barmes, Clint",2b,6.122,5000000
2012,"Downs, Scott",lhp,9.121,5000000
2012,"Escobar, Yuniel",ss,4.121,5000000
2012,"Fuentes, Brian",lhp,9.125,5000000
2012,"Lannan, John",lhp-s,4.011,5000000
2012,"League, Brandon",rhp,5.145,5000000
2012,"Ramirez, Alexei",ss,4,5000000
2012,"Scott, Luke",dh-of,5.144,5000000
2012,"Sizemore, Grady",cf,7.056,5000000
2012,"Choo, Shin Soo",rf,4.119,4900000
2012,"Helton, Todd",1b,14.059,4900000
2012,"Strasburg, Stephen",rhp-s,1.118,4875000
2012,"Kendrick, Howie",2b,5.091,4850000
2012,"Pagan, Angel",of,5.144,4850000
2012,"Vargas, Jason",lhp-s,4.114,4850000
2012,"Blackburn, Nick",rhp-s,4.017,4750000
2012,"Dickey, R.A.",rhp-s,6.007,4750000
2012,"Guerrier, Matt",rhp,7.056,4750000
2012,"Hammel, Jason",rhp,4.153,4750000
2012,"Prado, Martin",2b,4.105,4750000
2012,"Chapman, Aroldis",lhp,1.034,4708333
2012,"Zobrist, Ben",2b-rf,4.134,4641000
2012,"Cabrera, Asdrubal",2b,4.027,4550000
2012,"Bedard, Erik",lhp-s,8.171000000000001,4500000
2012,"Capps, Matt",rhp,6.017,4500000
2012,"Chen, Bruce",lhp-s,8.171000000000001,4500000
2012,"Cordero, Francisco",rhp,12.046,4500000
2012,"Crain, Jesse",rhp,7.039,4500000
2012,"Longoria, Evan",3b,3.17,4500000
2012,"Perez, Chris",rhp,3.136,4500000
2012,"Putz, J.J.",rhp,8.022,4500000
2012,"Adams, Mike",rhp,5.019,4400000
2012,"Price, David",lhp-s,2.164,4350000
2012,"Soto, Geovany",c,4.096,4300000
2012,"McCarthy, Brandon",rhp-s,5.122,4275000
2012,"DeJesus, David",rf,7.146,4250000
2012,"Lopez, Javier",lhp,6.167,4250000
2012,"Maholm, Paul",lhp-s,6.037,4250000
2012,"Jimenez, Ubaldo",rhp-s,4.087,4200000
2012,"Takahashi, Hisanori",lhp,2,4200000
2012,"Hanrahan, Joel",rhp,4.065,4100000
2012,"Wada, Tsuyoshi",lhp-s,0,4070000
2012,"Balfour, Grant",rhp,7.099,4000000
2012,"Barajas, Rod",c,11,4000000
2012,"Betancourt, Rafael",rhp,8.079,4000000
2012,"Broxton, Jonathan",rhp,6.02,4000000
2012,"Correia, Kevin",rhp-s,7.027,4000000
2012,"Garcia, Freddy",rhp-s,11.06,4000000
2012,"Gonzalez, Alex",ss,13.034,4000000
2012,"Infante, Omar",ss-2b,8.12,4000000
2012,"Morrow, Brandon",rhp,4.091,4000000
2012,"Oliver, Darren",lhp,16.127,4000000
2012,"Rivera, Juan",dh-lf,9.047,4000000
2012,"Uehara, Koji",rhp,3,4000000
2012,"Wang, Chien-Ming",rhp-s,6.159,4000000
2012,"Wigginton, Ty",3b,8.169,4000000
2012,"Izturis, Maicer",2b-3b,7.038,3966667
2012,"Bailey, Andrew",rhp,3,3900000
2012,"Masterson, Justin",rhp,3.108,3825000
2012,"Belisle, Matt",rhp,6.019,3775000
2012,"Buchholz, Clay",rhp-s,3.059,3750000
2012,"Feliciano, Pedro",lhp,7.059,3750000
2012,"Frasor, Jason",rhp,7.134,3750000
2012,"Olivo, Miguel",c,8.171000000000001,3750000
2012,"Scherzer, Max",rhp-s,3.079,3750000
2012,"Cahill, Trevor",rhp-s,3,3700000
2012,"Ruiz, Carlos",c,5.069,3700000
2012,"Iannetta, Chris",c,5.013,3633333
2012,"Murphy, David",lf,4.087,3625000
2012,"Lindstrom, Matt",rhp,5,3600000
2012,"Hochevar, Luke",rhp-s,3.151,3510000
2012,"Encarnacion, Edwin",3b,6.085,3500000
2012,"Morse, Michael",inf-of,4.114,3500000
2012,"Rauch, Jon",rhp,7.126,3500000
2012,"Headley, Chase",3b-lf,3.123,3475000
2012,"Garcia, Jaime",lhp,3.047,3375000
2012,"Braden, Dallas",lhp-s,4.039,3350000
2012,"Gonzalez, Gio",lhp-s,2.162,3350000
2012,"Farnsworth, Kyle",rhp,12.1,3300000
2012,"Anderson, Brett",lhp-s,3,3250000
2012,"Lewis, Colby",rhp-s,5.136,3250000
2012,"Torrealba, Yorvit",c,10.03,3250000
2012,"Viciedo, Dayan",3b-rf,0.123,3250000
2012,"Hernandez, Ramon",c,12.099,3200000
2012,"Hughes, Phil",rhp-s,4.113,3200000
2012,"Sandoval, Pablo",c-3b,3.047,3200000
2012,"Stauffer, Tim",rhp-s,4.007,3200000
2012,"Chen, Wei-Yin",lhp-s,0,3155333
2012,"Callaspo, Alberto",2b,4.135,3150000
2012,"Karstens, Jeff",rhp-s,4.132,3100000
2012,"Marshall, Sean",lhp-s,5.088,3100000
2012,"Porcello, Rick",rhp-s,2.17,3100000
2012,"Capuano, Chris",lhp,7.001,3000000
2012,"Dotel, Octavio",rhp,12.113,3000000
2012,"Doumit, Ryan",c,6.12,3000000
2012,"Gorzelanny, Tom",lhp-s,4.16,3000000
2012,"Harang, Aaron",rhp-s,9.061000000000002,3000000
2012,"Hawkins, LaTroy",rhp,15.054,3000000
2012,"Kendrick, Kyle",rhp,3.159,3000000
2012,"Kotchman, Casey",1b,6.144,3000000
2012,"Marquis, Jason",rhp-s,11.012,3000000
2012,"Nishioka, Tsuyoshi",2b-ss,1,3000000
2012,"Ross, Cody",rf,6.058,3000000
2012,"Span, Denard",lf,3.111,3000000
2012,"Vogelsong, Ryan",rhp,5.02,3000000
2012,"Wood, Kerry",rhp,13.169,3000000
2012,"Morales, Kendrys",1b,4.057,2975000
2012,"Harrison, Matt",lhp-s,3.083,2950000
2012,"Gardner, Brett",of,3.072,2800000
2012,"Carroll, Jamey",2b-3b,9.02,2750000
2012,"Davis, Rajai",of,4.167,2750000
2012,"Hechavarria, Adeiny",ss,0,2750000
2012,"Niemann, Jeff",rhp-s,3.022,2750000
2012,"Slowey, Kevin",rhp-s,4.053,2750000
2012,"Richard, Clayton",lhp,3.07,2705000
2012,"Wells, Randy",rhp-s,3.016,2705000
2012,"Rasmus, Colby",cf,3,2700000
2012,"Torres, Andres",of,4.115,2700000
2012,"Volstad, Chris",rhp-s,3.076,2655000
2012,"Ramirez, Ramon S.",rhp,5.113,2650000
2012,"Samardzija, Jeff",rhp,2.028,2640000
2012,"Andrus, Elvis",ss,3,2625000
2012,"Johnson, Jim",rhp,3.165,2625000
2012,"McGehee, Casey",3b,3.028,2537500
2012,"Contreras, Jose",rhp,8.134,2500000
2012,"Ellis, Mark",2b,9.136000000000001,2500000
2012,"Hernandez Heredia, Roberto",rhp-s,5.125,2500000
2012,"McClellan, Kyle",rhp,4,2500000
2012,"Ohman, Will",lhp,9.027000000000001,2500000
2012,"Saltalamacchia, Jarrod",c,4.043,2500000
2012,"O'Flaherty, Eric",lhp,4.062,2490000
2012,"Morton, Charlie",rhp,3.01,2445000
2012,"Bailey, Homer",rhp,3.017,2425000
2012,"Smith, Seth",of,3.119,2415000
2012,"Masset, Nick",rhp,4.146,2400000
2012,"Fowler, Dexter",cf,2.168,2350000
2012,"Happ, J.A.",lhp,3.047,2350000
2012,"Morgan, Nyjer",lf,3.12,2350000
2012,"Burnett, Sean",lhp,5.085,2300000
2012,"Zimmermann, Jordan",rhp-s,2.154,2300000
2012,"Villanueva, Carlos",rhp,5.03,2277500
2012,"Hairston Jr., Jerry",of-2b,11.127,2250000
2012,"Jones, Garrett",1b-of,2.158,2250000
2012,"Martin, Leonys",of,0.03,2250000
2012,"Stewart, Ian",3b,3.05,2237500
2012,"Volquez, Edinson",rhp-s,4.059,2237500
2012,"Alvarez, Pedro",3b,1.085,2200000
2012,"Bonifacio, Emilio",3b-2b,3.066,2200000
2012,"Casilla, Santiago (Garcia, Jairo)",rhp,4.148,2200000
2012,"Loe, Kameron",rhp,4.133,2175000
2012,"Peralta, Joel",rhp,5.132,2175000
2012,"Diaz, Matt",lf,6.157,2125000
2012,"Ackley, Dustin",of,0.105,2100000
2012,"Raburn, Ryan",of,4.109,2100000
2012,"Santiago, Ramon",ss-2b,7.095,2100000
2012,"Iglesias, Jose",ss,0.029,2062500
2012,"Moseley, Dustin",rhp-s,4.03,2012500
2012,"Roberts, Ryan",3b,2.15,2012500
2012,"Perez, Rafael",lhp,4.157,2005000
2012,"Betancourt, Yuniesky",ss,6.067,2000000
2012,"Colon, Bartolo",rhp-s,13.061,2000000
2012,"Danks, John",lhp-s,5,2000000
2012,"Hundley, Nick",c,3.088,2000000
2012,"Janssen, Casey",rhp,5.063,2000000
2012,"Jones, Andruw",rf-lf,15.047,2000000
2012,"Ludwick, Ryan",rf,6.109,2000000
2012,"Maya, Yunesky",rhp-s,0.07,2000000
2012,"Veras, Jose",rhp,4.128,2000000
2012,"Gomez, Carlos",cf,4.141,1962500
2012,"Motte, Jason",rhp,3.027,1950000
2012,"Bloomquist, Willie",2b-of,9.029,1900000
2012,"Paulino, Felipe",rhp-s,3.163,1900000
2012,"Logan, Boone",lhp,4.14,1875000
2012,"Rendon, Anthony",3b,0,1800000
2012,"Breslow, Craig",lhp,4.088,1795000
2012,"Ziegler, Brad",rhp,3.122,1795000
2012,"Harper, Bryce",c-of,0,1750000
2012,"McLouth, Nate",cf,6.033,1750000
2012,"Rodney, Fernando",rhp,8.137,1750000
2012,"Ryan, Brendan",ss,4.082,1750000
2012,"Saito, Takashi",rhp,6,1750000
2012,"Smith, Joe",rhp,4.091,1750000
2012,"Sweeney, Ryan",cf,4.053,1750000
2012,"Hultzen, Danny",lhp,0,1700000
2012,"Lowe, Mark",rhp,5.087,1700000
2012,"Chamberlain, Joba",rhp-s,4.055,1675000
2012,"Clippard, Tyler",rhp,2.148,1650000
2012,"Mujica, Edward",rhp,4.115,1625000
2012,"Ross, David",c,9.001000000000001,1625000
2012,"Bard, Daniel",rhp,2.148,1612500
2012,"Crow, Aaron",rhp,1,1600000
2012,"Hinske, Eric",1b-lf,10,1600000
2012,"Robertson, David",rhp,3.07,1600000
2012,"Romo, Sergio",rhp,3.097,1575000
2012,"Gregerson, Luke",rhp,3,1550000
2012,"Perkins, Glen",lhp-s,4.01,1550000
2012,"Francisco, Ben",lf,4.049,1537500
2012,"Keppinger, Jeff",2b-ss,5.052,1525000
2012,"Chavez, Endy",lf,8.031,1500000
2012,"Choate, Randy",lhp,7.073,1500000
2012,"Davis, Wade",rhp-s,2.032,1500000
2012,"Iwakuma, Hisashi",rhp-s,0,1500000
2012,"Mathis, Jeff",c,5.012,1500000
2012,"McDonald, John",ss-2b,10.118,1500000
2012,"Molina, Jose",c,10.026,1500000
2012,"Padillia, Vicente",rhp-s,11.105,1500000
2012,"Punto, Nick",ss,9.051,1500000
2012,"Schumaker, Skip",2b-lf,5.051,1500000
2012,"Venable, Will",of,2.155,1475000
2012,"Matusz, Brian",lhp,2.026,1450000
2012,"Bray, Bill",lhp,4.018,1417500
2012,"Alonso, Yonder",1b,0.116,1400000
2012,"Dobbs, Greg",3b-1b,6.027,1400000
2012,"Casilla, Alexi",2b,4.038,1382500
2012,"Arguelles, Noel",lhp,0,1380000
2012,"Baker, Jeff",2b-3b,5.049,1375000
2012,"Blum, Geoff",3b-1b,12.056,1350000
2012,"Howell, J.P.",lhp,5.007,1350000
2012,"O'Day, Darren",rhp,3.103,1350000
2012,"Shoppach, Kelly",c,6.021,1350000
2012,"Andino, Robert",2b-ss,3.094,1300000
2012,"Hanigan, Ryan",c,3.077,1300000
2012,"Schierholtz, Nate",lf-rf,3.078,1300000
2012,"Ankiel, Rick",cf,8.033000000000001,1250000
2012,"Betemit, Wilson",3b-1b,6.107,1250000
2012,"Cruz, Juan",rhp,8.121,1250000
2012,"Kotsay, Mark",of-1b,14.018,1250000
2012,"Theriot, Ryan",2b-ss,5.118,1250000
2012,"Thome, Jim",dh,19.042,1250000
2012,"Bundy, Dylan",rhp,0,1245000
2012,"Aceves, Alfredo",rhp,3.001,1200000
2012,"Aviles, Mike",inf,3.091,1200000
2012,"Blanco, Henry",c,13.136,1200000
2012,"Carrasco, D.J.",rhp,5.103,1200000
2012,"Concepcion, Gerardo",lhp,0,1200000
2012,"Parra, Manny",lhp-s,4.063,1200000
2012,"Bauer, Trevor",rhp-s,0,1183333
2012,"Turner, Jacob",rhp,0.029,1175000
2012,"Denorfia, Chris",of,4.041,1165000
2012,"Cedeno, Ronny",2b-ss,6.029,1150000
2012,"Johnson, Reed",cf,8.145,1150000
2012,"Lowrie, Jed",ss,3.111,1150000
2012,"Nix, Laynce",of,6.07,1150000
2012,"Qualls, Chad",rhp,7.058,1150000
2012,"Hannahan, Jack",3b,3.065,1135000
2012,"Barton, Daric",1b,3.057,1100000
2012,"Coke, Phil",lhp,3.028,1100000
2012,"DeWitt, Blake",2b-3b,3.048,1100000
2012,"Grilli, Jason",rhp,5.016,1100000
2012,"Hairston, Scott",of,6.102,1100000
2012,"Ibanez, Raul",lf,14.02,1100000
2012,"Moore, Matt",lhp-s,0.017,1100000
2012,"Moyer, Jamie",lhp-s,22.126,1100000
2012,"Sherrill, George",lhp,6.147,1100000
2012,"Albers, Matt",rhp,4.141,1075000
2012,"Badenhop, Burke",rhp,3.116,1075000
2012,"Miller, Andrew",lhp,3.062,1040000
2012,"Purke, Matt",lhp-s,0,1037500
2012,"Aoki, Norichika",of,0,1000000
2012,"Byrdak, Tim",lhp,6.15,1000000
2012,"Cairo, Miguel",2b-3b,13.11,1000000
2012,"Coffey, Todd",rhp,6.024,1000000
2012,"Escobar, Alcides",ss,2.082,1000000
2012,"Giambi, Jason",1b-dh,16.082,1000000
2012,"Gomes, Jonny",of,6.097,1000000
2012,"Holland, Derek",lhp-s,2.12,1000000
2012,"Laird, Gerald",c,7.077,1000000
2012,"Lidge, Brad",rhp,9.043000000000001,1000000
2012,"Millwood, Kevin",rhp-s,13.109,1000000
2012,"Mota, Guillermo",rhp,11.159,1000000
2012,"Overbay, Lyle",1b,9.026000000000002,1000000
2012,"Paulino, Ronny",c,5.112,1000000
2012,"Quintero, Humberto",c,5.141,1000000
2012,"Santos, Sergio",rhp,2,1000000
2012,"Tateyama, Yoshinori",rhp,0.129,1000000
2012,"Wilson, Jack",ss,10.147,1000000
2012,"Litsch, Jesse",rhp-s,4.098,975000
2012,"Getz, Chris",2b,3.05,967500
2012,"Valdez, Wilson",inf,3.096,930000
2012,"Mijares, Jose",lhp,3.024,925000
2012,"Tabata, Jose",of,1.117,917000
2012,"Chavez, Eric",3b,13.02,900000
2012,"Durbin, Chad",rhp,7.102,900000
2012,"Kelly, Don",ss,2.149,900000
2012,"Wheeler, Dan",rhp,9.047,900000
2012,"Wright, Jamey",rhp,13.086,900000
2012,"Acosta, Manny",rhp,3.066,875000
2012,"Izturis, Cesar",ss,10.074,875000
2012,"Meek, Evan",rhp,3.037,875000
2012,"Pena, Brayan",c,4.081,875000
2012,"Maier, Mitch",of,3.071,865000
2012,"Cox, Zack",3b,0.016,850000
2012,"Gwynn Jr., Tony",of,4.044,850000
2012,"Janish, Paul",ss-2b,3.064,850000
2012,"Linebrink, Scott",rhp,10.016,850000
2012,"Morales, Franklin",lhp,3.007,850000
2012,"Resop, Chris",rhp,3.038,850000
2012,"Treanor, Matt",c,7.093,850000
2012,"Zumaya, Joel",rhp,6,850000
2012,"Ayala, Luis",rhp,7.121,825000
2012,"Williams, Jerome",rhp,3.049,820000
2012,"Niese, Jon",lhp,2.107,819500
2012,"Flores, Jesus",c,4.079,815000
2012,"Arredondo, Jose",rhp,2.168,800000
2012,"DeRosa, Mark",3b,11.061,800000
2012,"Harris, Willie",2b-lf,8.14,800000
2012,"Hermida, Jeremy",lf,5.06,800000
2012,"Johnson, Nick",1b,9.041,800000
2012,"Kennedy, Adam",2b,12.022,800000
2012,"Lopez, Jose",2b,6.105,800000
2012,"Pierre, Juan",cf-lf,11.056,800000
2012,"Schneider, Brian",c,10.125,800000
2012,"Baker, John",c,3.083,750000
2012,"Batista, Miguel",rhp-s,13.163,750000
2012,"Burton, Jared",rhp,4.014,750000
2012,"Gonzalez, Alberto",ss,3.135,750000
2012,"Grandal, Yasmani",c,0.016,750000
2012,"Hensley, Clay",rhp,4.161,750000
2012,"Hernandez, Livan",rhp-s,14.097,750000
2012,"Perez, Salvador",c,0.05,750000
2012,"Romero, J.C.",lhp,11.014,750000
2012,"Snyder, Chris",c,7.047,750000
2012,"Tracy, Chad",1b,6,750000
2012,"Vizquel, Omar",ss-2b,22.13,750000
2012,"Devine, Joey",rhp,4.069,737500
2012,"Hill, Rich",lhp-s,4.037,725000
2012,"McCutchen, Andrew",of,2.123,708333
2012,"Kottaras, George",c,2.149,700000
2012,"Nady, Xavier",rf,8.059,700000
2012,"Thatcher, Joe",lhp,3.068,700000
2012,"Isringhausen, Jason",rhp,15.03,650000
2012,"MacDougal, Mike",rhp,7.039,650000
2012,"Kawasaki, Munenori",ss,0,625000
2012,"Luebke, Cory",lhp,1.033,625000
2012,"Posey, Buster",c,1.161,615000
2012,"Cust, Jack",dh-of,5.103,600000
2012,"Gaudin, Chad",rhp,6.104,600000
2012,"Kearns, Austin",rf,9.113000000000001,600000
2012,"Lucroy, Jonathan",c,1.136,600000
2012,"Maybin, Cameron",cf,2.073,600000
2012,"McGowan, Dustin",rhp-s,5.113,600000
2012,"Orr, Pete",inf,4.016,600000
2012,"Kimbrel, Craig",rhp,1.066,590000
2012,"Buck, Travis",rf-lf,3.048,580000
2012,"Carroll, Brett",lf,2.082,580000
2012,"Castro, Starlin",ss,1.15,567000
2012,"Heyward, Jason",of,2,565000
2012,"Bumgarner, Madison",lhp,1.127,560000
2012,"Murphy, Donnie",2b,3.075,560000
2012,"Camp, Shawn",rhp,6.17,550000
2012,"Latos, Mat",rhp,2.079,550000
2012,"Freeman, Freddie",1b,1.033,535000
2012,"Hanson, Tommy",rhp,2.12,535000
2012,"Venters, Jonny",lhp,2,533000
2012,"Humber, Philip",rhp,2,530000
2012,"Pineda, Michael",rhp,1,528475
2012,"Stubbs, Drew",of,2.047,527500
2012,"Nova, Ivan",rhp,1.035,527200
2012,"Axford, John",rhp,1.17,525000
2012,"Burroughs, Sean",3b,4.092,525000
2012,"Ishikawa, Travis",1b,2.072,525000
2012,"Rapada, Clay",lhp,1.095,525000
2012,"Nunez, Eduardo",ss,1.046,523800
2012,"Melancon, Mark",rhp,1.139,521000
2012,"Beckham, Gordon",2b,2.123,520000
2012,"Kennedy, Ian",rhp-s,2.124,519500
2012,"Blanco, Gregor",of,1.164,516000
2012,"Thomas, Justin",lhp,0.085,516000
2012,"Lopez, Wilton",rhp,2.038,515500
2012,"Duensing, Brian",lhp,2.104,515000
2012,"Valencia, Danny",3b,1.123,515000
2012,"Desmond, Ian",ss,2.027,512500
2012,"Russell, James",lhp,2,512500
2012,"Murphy, Dan",lf-1b,2.109,512196
2012,"Wright, Wesley",lhp,2.105,512000
2012,"Norris, Bud",rhp,2.068,511000
2012,"Atchison, Scott",rhp,2.168,510000
2012,"Avila, Alex",c,2.061,510000
2012,"Wade, Cory",rhp,2.119,508925
2012,"Freese, David",3b,2.028,508000
2012,"Fister, Doug",rhp,2.058,507500
2012,"Leake, Mike",rhp-s,2,507500
2012,"Davis, Ike",1b,1.168,506690
2012,"McDonald, Darnell",cf,2.143,506500
2012,"Boggs, Mitchell",rhp-s,2.125,506000
2012,"Espinosa, Danny",ss,1.033,506000
2012,"Bastardo, Antonio",lhp,2.054,505000
2012,"Sipp, Tony",lhp,2.138,504900
2012,"Hudson, Daniel",rhp-s,1.117,504000
2012,"Jay, Jon",of,1.134,504000
2012,"Parnell, Bobby",rhp,2.132,504000
2012,"Rzepczynski, Marc",lhp,2.036,504000
2012,"Boesch, Brennan",of,2,502500
2012,"Hosmer, Eric",1b,0.146,502500
2012,"McDonald, James",rhp-s,2.08,502500
2012,"Feliz, Neftali",rhp-s,2.064,502000
2012,"Gee, Dillon",rhp,1.028,502000
2012,"Parra, Gerardo",of,2.145,502000
2012,"Wood, Blake",rhp,1.145,502000
2012,"Santana, Carlos",c,1.115,501900
2012,"Jepsen, Kevin",rhp,2.041,501000
2012,"Aardsma, David",rhp,5.082,500000
2012,"Barney, Darwin",ss,1.053,500000
2012,"Bourjos, Peter",of,1.062,500000
2012,"Brackman, Andrew",rhp,1.05,500000
2012,"Coghlan, Chris",lf,2.12,500000
2012,"Duncan, Shelley",inf-of,2.099,500000
2012,"Fukudome, Kosuke",rf,4,500000
2012,"Jackson, Austin",of,2,500000
2012,"Kuo, Hong-Chih",lhp,5.114,500000
2012,"Lillibridge, Brent",2b-ss,2.115,500000
2012,"Narveson, Chris",lhp,2.102,500000
2012,"Owings, Micah",rhp-s,4.035,500000
2012,"Sale, Chris",lhp-s,1.061,500000
2012,"Trumbo, Mark",1b,1.027,500000
2012,"Walker, Neil",inf,1.166,500000
2012,"Wieters, Matt",c,2.129,500000
2012,"Joyce, Matt",of,2.123,499500
2012,"Hernandez, David",rhp,2.105,499000
2012,"Thole, Josh",c-1b,1.142,498920
2012,"Storen, Drew",rhp,1.14,498750
2012,"Salas, Fernando",rhp,1.087,498000
2012,"Ogando, Alexi",rhp,1.114,497600
2012,"Duda, Lucas",of-1b,0.158,497218
2012,"Holland, Greg",rhp,1.028,497150
2012,"Collins, Tim",lhp,1,495725
2012,"Brantley, Michael",of-1b,1.131,495300
2012,"Jaso, John",c,2.032,495200
2012,"Smoak, Justin",1b,1.116,495100
2012,"Alburquerque, Al",rhp,0.168,495000
2012,"Beachy, Brandon",rhp-s,1.014,495000
2012,"Craig, Allen",1b-of,1.077,495000
2012,"De Aza, Alejandro",of,2.139,495000
2012,"Descalso, Daniel",2b,1.016,495000
2012,"Hawksworth, Blake",rhp,2.108,495000
2012,"Heisey, Chris",of,1.157,495000
2012,"Herndon, David",rhp,1.158,495000
2012,"Johnson, Chris",3b,1.144,495000
2012,"Mayberry Jr., John",of,1.095,495000
2012,"Thompson, Rich",rhp,2.047,495000
2012,"Walden, Jordan",rhp,1.043,495000
2012,"Worley, Vance",rhp,0.152,495000
2012,"Tomlin, Josh",rhp-s,1.069,494500
2012,"Bernadina, Roger",of,2.146,493500
2012,"Hunter, Tommy",rhp,2.09,493500
2012,"Rodriguez, Sean",ss,2.133,492800
2012,"Ondrusek, Logan",rhp,1.144,492500
2012,"Revere, Ben",of,0.167,492500
2012,"Valbuena, Luis",inf,2.032,492500
2012,"Blanks, Kyle",1b,2.032,492400
2012,"Rodriguez, Fernando",rhp,0.142,492000
2012,"Marson, Lou",c,2.036,491700
2012,"Martinez, Cristhian",rhp,1.158,491250
2012,"Ramos, Wilson",c,1.047,491250
2012,"Tejada, Ruben",2b-ss,1.053,491209
2012,"Turner, Justin",inf,1.045,491209
2012,"Pestano, Vinnie",rhp,1.011,491200
2012,"Moreland, Mitch",1b-of,1.067,491100
2012,"Jansen, Kenley",c,1.073,491000
2012,"Rodriguez, Henry",rhp,1.114,491000
2012,"Brignac, Reid",ss,2.07,490600
2012,"Escalona, Sergio",lhp,1.017,490500
2012,"Reimold, Nolan",of,2.044,490500
2012,"Blevins, Jerry",lhp,2.081,490000
2012,"Burnett, Alex",rhp,1.135,490000
2012,"Cassevah, Bobby",rhp,1.007,490000
2012,"Ellis, A.J.",c,1.151,490000
2012,"Mather, Joe",3b-lf,1.054,490000
2012,"Medlen, Kris",rhp,2.137,490000
2012,"Morel, Brent",3b,1.031,490000
2012,"Pennington, Cliff",inf,2.114,490000
2012,"Schlereth, Daniel",lhp,1.111,490000
2012,"Arencibia, J.P.",c,1.059,489600
2012,"Hellickson, Jeremy",rhp,1.045,489500
2012,"Teagarden,Taylor",c,2.02,489500
2012,"Fuld, Sam",of,1.14,489400
2012,"Frieri, Ernesto",rhp,1.101,489100
2012,"Saunders, Michael",of,1.138,489100
2012,"Schafer, Jordan",cf,1.121,489000
2012,"Mendoza, Luis",rhp,1.063,488925
2012,"Carp, Mike",1b,1.01,488800
2012,"Arrieta, Jake",rhp,1.116,488500
2012,"Carrasco, Carlos",rhp,1.067,488500
2012,"Elbert, Scott",lhp,1.069,488500
2012,"Wells, Casper",of,1.05,488200
2012,"Bourgeois, Jason",of,2.009,488000
2012,"Davis, Chris",1b,2.061,488000
2012,"Guerra, Javy",rhp,0.137,488000
2012,"Noesi, Hector",rhp-s,0.139,488000
2012,"Teaford, Everett",lhp-s,0.108,488000
2012,"Duffy, Danny",lhp-s,0.134,487750
2012,"Beato, Pedro",rhp,1,487500
2012,"Downs, Matt",inf,1.111,487500
2012,"LeCure, Sam",rhp,1.072,487500
2012,"Paterson, Joe",lhp,1,487500
2012,"Swarzak, Anthony",rhp,1.038,487500
2012,"Wilson, Bobby",c,2.076,487500
2012,"Moustakas, Mike",inf,0.111,487250
2012,"Simon, Alfredo",rhp,2.142,487000
2012,"Jennings, Desmond",of,0.101,486900
2012,"Montero, Jesus",c,0.028,486900
2012,"Guzman, Jesus",1b,0.151,486600
2012,"Beavan, Blake",rhp-s,0.088,486500
2012,"Martinez, Michael",2b,1,486500
2012,"Huff, David",lhp,1.117,486200
2012,"Cashner, Andrew",rhp-s,1.126,486100
2012,"Johnson, Elliot",2b,1.028,486100
2012,"Britton, Zach",lhp,0.159,486000
2012,"Castro, Jason",c,1.104,486000
2012,"Collmenter, Josh",rhp,1,486000
2012,"Estrada, Marco",rhp,2.035,486000
2012,"Leroux, Christopher",rhp,1.046,486000
2012,"Drabek, Kyle",rhp,0.119,485900
2012,"Thames, Eric",lf,0.115,485900
2012,"Perez, Luis",lhp,0.119,485700
2012,"Bass, Anthony",rhp,0.108,485300
2012,"Abad, Fernando",lhp,0.147,485000
2012,"Balester, Collin",rhp,1.089,485000
2012,"Carpenter, David",rhp,0.092,485000
2012,"Detwiler, Ross",lhp,2.002,485000
2012,"Dirks, Andy",lf,0.127,485000
2012,"Gordon, Dee",ss,0.089,485000
2012,"Gray, Jeff",rhp,1.122,485000
2012,"Hughes, Luke",inf,0.147,485000
2012,"Mateo, Marcos",rhp,1.025,485000
2012,"McKenry, Michael",c,0.136,485000
2012,"Plouffe, Trevor",ss,0.162,485000
2012,"Reddick, Josh",of,1.05,485000
2012,"Sizemore, Scott",2b-ss,1.046,485000
2012,"Stammen, Craig",rhp,1.16,485000
2012,"Stutes, Michael",rhp,0.157,485000
2012,"Gentry, Craig",cf,1.084,484300
2012,"Seager, Kyle",2b,0.085,484300
2012,"McGee, Jake",lhp,0.127,484200
2012,"Bowden, Michael",rhp,0.143,484000
2012,"Donald, Jason",ss,1.057,484000
2012,"Doubront, Felix",lhp,0.12,484000
2012,"Harrison, Josh",3b,0.095,484000
2012,"Presley, Alex",cf,0.121,484000
2012,"Watson, Tony",lhp,0.101,484000
2012,"Moore, Adam",c,1.167,483600
2012,"Patton, Troy",lhp,1.15,483500
2012,"Altuve, Jose",2b,0.072,483000
2012,"Bogusevic, Brian",of,0.146,483000
2012,"Campana, Tony",of,0.135,483000
2012,"Flowers, Tyler",c-1b,0.148,483000
2012,"Greene, Tyler",ss,1.097,483000
2012,"Kalish, Ryan",of,0.069,483000
2012,"Lindblom, Josh",rhp,0.077,483000
2012,"Martinez, J.D.",of,0.061,483000
2012,"Navarro, Yamaico",inf,0.108,483000
2012,"Runzler, Dan",lhp,1.128,483000
2012,"Sanchez, Gaby",1b-c,2.062,483000
2012,"Shaw, Bryan",rhp,0.089,483000
2012,"Alvarez, Henderson",rhp,0.051,482900
2012,"Wilhelmsen, Tom",rhp,0.106,482900
2012,"Gomez, Jeanmar",rhp,0.117,482700
2012,"Allen, Brandon",1b,0.141,482500
2012,"Cowgill, Collin",of,0.065,482500
2012,"De La Rosa, Rubby",rhp,0.128,482500
2012,"De Los Santos, Fautino",rhp,0.097,482500
2012,"Ka'aihue, Kila",1b,0.139,482500
2012,"LaHair, Bryan",of-1b,0.1,482500
2012,"Lawrie, Brett",3b,0.055,482500
2012,"Maloney, Matt",lhp,1.055,482500
2012,"Minor, Mike",lhp,0.138,482500
2012,"Norberto, Jordan",lhp,0.132,482500
2012,"Sogard, Eric",2b,0.096,482500
2012,"Stewart, Chris",c,1.091,482500
2012,"Strop, Pedro",rhp,0.156,482500
2012,"Weeks, Jemile",2b,0.114,482500
2012,"Cunningham, Aaron",of,1.042,482300
2012,"Kipnis, Jason",2b-of,0.069,482100
2012,"Below, Duane",lhp,0.071,482000
2012,"Carpenter, Chris",rhp,0.032,482000
2012,"Chacin, Jhoulys",rhp,2.012,482000
2012,"Crosby, Casey",lhp,0,482000
2012,"Dillard, Tim",rhp,1.007,482000
2012,"Goldschmidt, Paul",1b,0.059,482000
2012,"Harrell, Lucas",rhp,0.083,482000
2012,"Herrera, Jonathan",inf,2.001,482000
2012,"Lynn, Lance",rhp,0.119,482000
2012,"Outman, Josh",lhp-s,2.102,482000
2012,"Romine, Austin",c,0.018,482000
2012,"Carreno, Joel",rhp,0.041,481700
2012,"Kohn, Michael",rhp,0.112,481500
2012,"Lobaton, Jose",c,0.138,481500
2012,"Stewart, Zach",rhp-s,0.067,481500
2012,"Weiland, Kyle",rhp,0.04,481500
2012,"Forsythe, Logan",3b,0.113,481400
2012,"Kontos, George",rhp,0.023,481350
2012,"Liddi, Alex",3b,0.023,481300
2012,"Varvaro, Anthony",rhp,0.058,481250
2012,"Amarista, Alexi",2b,0.075,481000
2012,"Belt, Brandon",of,0.128,481000
2012,"Colvin, Tyler",of,1.139,481000
2012,"Crawford, Brandon",ss,0.094,481000
2012,"Cruz, Tony",c,0.105,481000
2012,"Gamel, Mat",3b,1.059,481000
2012,"Hughes, Jared",rhp,0.023,481000
2012,"Kintzler, Brandon",rhp,1.027,481000
2012,"Lombardozzi, Steve",2b,0.023,481000
2012,"Marrero, Chris",1b,0.033,481000
2012,"Mattheus, Ryan",rhp,0.111,481000
2012,"Miley, Wade",lhp,0.044,481000
2012,"Parrino, Andy",2b,0.034,481000
2012,"Reynolds, Matt",lhp,1.046,481000
2012,"Roenicke, Josh",rhp,1.062,481000
2012,"Rogers, Esmil",rhp,1.135,481000
2012,"Sellers, Justin",ss,0.048,481000
2012,"Snyder, Brandon",inf,0.044,481000
2012,"Thomas, Clete",of,1.027,481000
2012,"Young Jr., Eric",inf,1.123,481000
2012,"Nickeas, Mike",c,0.107,480880
2012,"Cain, Lorenzo",of,0.074,480850
2012,"Chirinos, Robinson",c,0.032,480700
2012,"Delabar, Steve",rhp,0.023,480700
2012,"Herrera, Kelvin",rhp,0.008,480650
2012,"Clevenger, Steve",c,0.01,480500
2012,"DeJesus Jr., Ivan",ss,0.041,480500
2012,"Dolis, Rafael",rhp,0.01,480500
2012,"Pina, Manuel",c,0.02,480425
2012,"Asencio, Jairo",rhp,0.049,480000
2012,"Baxter, Mike",1b,1.015,480000
2012,"Belisario, Ronald",rhp,1.151,480000
2012,"Blackmon, Charlie",of,0.114,480000
2012,"Brothers, Rex",lhp,0.117,480000
2012,"Cabral, Cesar",lhp,0,480000
2012,"Carignan, Andrew",rhp,0.027,480000
2012,"Carpenter, Matt",3b,0.012,480000
2012,"Castillo, Lendy",rhp,0,480000
2012,"Ceda, Jose",rhp,0.096,480000
2012,"Chatwood, Tyler",rhp,0.147,480000
2012,"Cishek, Steve",rhp,0.143,480000
2012,"Constanza, Jose",cf,0.062,480000
2012,"Cook, Ryan",rhp,0.036,480000
2012,"Cozart, Zack",ss,0.084,480000
2012,"Cruz, Rhiner",rhp,0,480000
2012,"De Fratus, Justin",rhp,0.012,480000
2012,"Delgado, Randall",rhp,0.03,480000
2012,"Donaldson, Josh",c,0.039,480000
2012,"Dunn, Michael",lhp,1.106,480000
2012,"Escobar, Eduardo",ss,0.027,480000
2012,"Farina, Alan",rhp,0,480000
2012,"Fish, Robert",lhp,0,480000
2012,"Flaherty, Ryan",3b-of,0,480000
2012,"Francisco, Juan",3b,0.156,480000
2012,"Galvis, Freddy",ss,0,480000
2012,"Godfrey, Graham",rhp,0.043,480000
2012,"Gomez, Hector",ss,0.013,480000
2012,"Gonzalez, Marwin",3b,0,480000
2012,"Hague, Matt",inf,0,480000
2012,"Hayes, Brett",c,2.017,480000
2012,"Hendriks, Liam",rhp,0.023,480000
2012,"Jones, Nate",rhp,0,480000
2012,"Komatsu, Erik",of,0,480000
2012,"Luetge, Lucas",lhp,0,480000
2012,"Marte, Luis",rhp,0.028,480000
2012,"Mesoraco, Devin",c,0.028,480000
2012,"Meyers, Brad",rhp,0,480000
2012,"Milone, Tom",lhp-s,0.026,480000
2012,"Moore, Jeremy",cf,0.028,480000
2012,"Morrison, Logan",1b,1.069,480000
2012,"Nelson, Chris",ss,0.159,480000
2012,"Nicasio, Juan",rhp,0.124,480000
2012,"Nunez, Gustavo",ss,0,480000
2012,"Otero, Danny",rhp,0,480000
2012,"Pacheco, Jordan",c,0.023,480000
2012,"Parmelee, Chris",of-1b,0.023,480000
2012,"Pastornicky, Tyler",ss,0.001,480000
2012,"Phelps, David",rhp,0,480000
2012,"Pill, Brett",1b,0.029,480000
2012,"Ramirez, Erasmo",rhp,0,480000
2012,"Recker, Anthony",c,0.037,480000
2012,"Reed, Addison",lhp,0.027,480000
2012,"Robinson, Shane",of,0.041,480000
2012,"Rosario, Wilin",c,0.023,480000
2012,"Ross, Robbie",lhp,0,480000
2012,"Sanchez, Hector",c,0.037,480000
2012,"Santiago, Hector",lhp,0.024,480000
2012,"Savery, Joe",lhp,0.012,480000
2012,"Smith, Jordan",rhp,0.146,480000
2012,"Stanton, Giancarlo",of,1.118,480000
2012,"Surkamp, Eric",lhp,0.033,480000
2012,"Vizcaino, Arodys",rhp,0.05,480000
2012,"Vogt, Stephen",c,0,480000
2012,"Waldrop, Kyle",rhp,0.024,480000
2012,"Webb, Ryan",rhp,2.029,480000
2012,"Winfree, David",inf-of,0,480000
2011,"Rodriguez, Alex",3b,16.011,32000000
2011,"Wells, Vernon",cf,9.113000000000001,26642857
2011,"Sabathia, CC",lhp-s,10,24285714
2011,"Teixeira, Mark",1b,8,23125000
2011,"Mauer, Joe",c,7,23000000
2011,"Santana, Johan",lhp-s,10.122,22500000
2011,"Beltran, Carlos",cf,12.014,20070000
2011,"Cabrera, Miguel",1b,7.101,20000000
2011,"Halladay, Roy",rhp-s,11.047,20000000
2011,"Howard, Ryan",1b,5.145,20000000
2011,"Lee, Carlos",lf,11.15,19000000
2011,"Soriano, Alfonso",lf,10.079,19000000
2011,"Zambrano, Carlos",rhp-s,9.042,18875000
2011,"Hunter, Torii",cf,11.135,18500000
2011,"Zito, Barry",lhp-s,10.072,18500000
2011,"Bay, Jason",lf,7.08,18125000
2011,"Suzuki, Ichiro",rf,10,18000000
2011,"Beckett, Josh",rhp-s,9.03,17000000
2011,"Holliday, Matt",lf,7,17000000
2011,"Burnett, A.J.",rhp-s,11.038,16500000
2011,"Oswalt, Roy",rhp-s,9.149,16000000
2011,"Peavy, Jake",rhp-s,8.101,16000000
2011,"Pujols, Albert",1b,10,16000000
2011,"Young, Michael",3b,9.134,16000000
2011,"Lackey, John",rhp-s,8.095,15950000
2011,"Fielder, Prince",1b,5.068,15500000
2011,"Utley, Chase",2b,7.027,15285714
2011,"Carpenter, Chris",rhp-s,13.08,15000000
2011,"Jeter, Derek",ss,15.043,15000000
2011,"Lowe, Derek",rhp-s,13.1,15000000
2011,"Morneau, Justin",1b,6.168,15000000
2011,"Rivera, Mariano",rhp,15.105,15000000
2011,"Crawford, Carl",lf,8.072,14857142
2011,"Ramirez, Aramis",3b,11.111,14600000
2011,"Dempster, Ryan",rhp-s,12.063,14500000
2011,"Fukudome, Kosuke",rf,3,14500000
2011,"Wright, David",3b,6.075,14250000
2011,"Beltre, Adrian",3b,12.096,14000000
2011,"Buehrle, Mark",lhp-s,10.078,14000000
2011,"Drew, J.D.",rf,12.02,14000000
2011,"Jones, Chipper",3b,17.024,14000000
2011,"Lincecum, Tim",rhp-s,3.148,14000000
2011,"Rowand, Aaron",cf,9.065,13600000
2011,"Greinke, Zack",rhp-s,6.057,13500000
2011,"Bradley, Milton",rf-dh,9.169,13333333
2011,"Posada, Jorge",c,14.085,13100000
2011,"Furcal, Rafael",ss,11,13000000
2011,"Guillen, Carlos",lf,12,13000000
2011,"Hafner, Travis",dh,8.009,13000000
2011,"Verlander, Justin",rhp-s,5.002,12850000
2011,"Haren, Dan",rhp-s,6.154,12750000
2011,"Silva, Carlos",rhp-s,9,12750000
2011,"Ortiz, David",dh,12.048,12500000
2011,"Rios, Alex",rf-cf,6.13,12500000
2011,"Matthews Jr., Gary",cf,9.104000000000001,12400000
2011,"Meche, Gil",rhp-s,10.029,12400000
2011,"Youkilis, Kevin",1b,6.093,12250000
2011,"Lohse, Kyle",rhp-s,9.092,12187500
2011,"Ibanez, Raul",lf,13.02,12166667
2011,"Rodriguez, Francisco",rhp,7.15,12166666
2011,"Cordero, Francisco",rhp,11.046,12125000
2011,"Dunn, Adam",lf-1b,9.074000000000002,12000000
2011,"Kazmir, Scott",lhp-s,6.042,12000000
2011,"Konerko, Paul",1b,12.141,12000000
2011,"Kuroda, Hiroki",rhp-s,3,12000000
2011,"Lidge, Brad",rhp,8.043000000000001,12000000
2011,"Martinez, Victor",c-1b,7.114,12000000
2011,"Papelbon, Jonathan",rhp,5.064,12000000
2011,"Perez, Oliver",lhp-s,8.034,12000000
2011,"Hernandez, Felix",rhp-s,5.06,11700000
2011,"Arroyo, Bronson",rhp-s,8.15,11500000
2011,"Phillips, Brandon",2b,6.022,11437500
2011,"Nathan, Joe",rhp,9.12,11250000
2011,"Lee, Cliff",lhp-s,7.1,11000000
2011,"Ramirez, Hanley",ss,5.014,11000000
2011,"Reyes, Jose",ss,7.111,11000000
2011,"Helton, Todd",1b,13.059,10600000
2011,"Markakis, Nick",rf,5,10600000
2011,"Werth, Jayson",rf,7.102,10571429
2011,"Blanton, Joe",rhp-s,6.016,10500000
2011,"Cuddyer, Michael",rf,7.157,10500000
2011,"Matsuzaka, Daisuke",rhp-s,4,10333333
2011,"Cook, Aaron",rhp-s,8.02,10083333
2011,"Cano, Robinson",2b,5.153,10000000
2011,"De La Rosa, Jorge",lhp-s,6.015,10000000
2011,"Huff, Aubrey",1b,10.003,10000000
2011,"Ordonez, Magglio",rf,13.032,10000000
2011,"Pena, Carlos",1b,7.133,10000000
2011,"Roberts, Brian",2b,8.131,10000000
2011,"Soriano, Rafael",rhp,8.057,10000000
2011,"Ethier, Andre",rf,4.153,9500000
2011,"Figgins, Chone",3b,7.145,9500000
2011,"Hamels, Cole",lhp-s,4.143,9500000
2011,"Wolf, Randy",lhp-s,11.115,9500000
2011,"Uggla, Dan",2b,5,9200000
2011,"Swisher, Nick",lf-rf,6.031,9100000
2011,"Zimmerman, Ryan",3b,5.032,9025000
2011,"Abreu, Bobby",rf,13.165,9000000
2011,"Hudson, Tim",rhp-s,11.119,9000000
2011,"Hamilton, Josh",cf,4,8750000
2011,"Jackson, Edwin",rhp-s,5.07,8750000
2011,"Pierre, Juan",cf-lf,10.056,8500000
2011,"Rollins, Jimmy",ss,10.015,8500000
2011,"Granderson, Curtis",cf,5.077,8250000
2011,"Rolen, Scott",3b,14.06,8166667
2011,"Lilly, Ted",lhp-s,10.102,8166666
2011,"Bautista, Jose",3b-rf,5.165,8000000
2011,"Berkman, Lance",1b-of,11.052,8000000
2011,"Guerrero, Vladimir",rf-dh,14.018,8000000
2011,"Myers, Brett",rhp-s,8.068000000000001,8000000
2011,"Pavano, Carl",rhp-s,12.161,8000000
2011,"Pineiro, Joel",rhp-s,9.144,8000000
2011,"Santana, Ervin",rhp-s,5.104,8000000
2011,"Westbrook, Jake",rhp-s,9.144,8000000
2011,"Cameron, Mike",cf,14.036,7750000
2011,"Johnson, Josh",rhp-s,5.026,7750000
2011,"Sizemore, Grady",cf,6.056,7666667
2011,"Bell, Heath",rhp,5.099,7500000
2011,"Marquis, Jason",rhp-s,10.012,7500000
2011,"Rodriguez, Wandy",lhp-s,5.105,7500000
2011,"Victorino, Shane",cf,5.092,7500000
2011,"Votto, Joey",1b,3.027,7500000
2011,"Weaver, Jered",rhp-s,4.129,7365000
2011,"Cain, Matt",rhp-s,5.038,7333333
2011,"Kawakami, Kenshin",rhp-s,1.161,7330000
2011,"Street, Huston",rhp,6,7300000
2011,"Lee, Derrek",1b,12.125,7250000
2011,"Capps, Matt",rhp,5.017,7150000
2011,"Kemp, Matt",cf,4.049,7100000
2011,"Broxton, Jonathan",rhp,5.02,7000000
2011,"LaRoche, Adam",1b,7,7000000
2011,"McLouth, Nate",cf,5.033,7000000
2011,"Valverde, Jose",rhp,7.09,7000000
2011,"Vazquez, Javier",rhp-s,12.141,7000000
2011,"Wilson, C.J.",lhp,5.055,7000000
2011,"Pence, Hunter",rf,3.156,6900000
2011,"Hart, Corey",rf,5.038,6833333
2011,"Ludwick, Ryan",rf,5.109,6775000
2011,"Wainwright, Adam",rhp-s,5.027,6687500
2011,"McCann, Brian",c,5.117,6666667
2011,"Tejada, Miguel",3b,13.033,6500000
2011,"Wilson, Brian",rhp,3.169,6500000
2011,"Scott, Luke",dh-of,4.144,6400000
2011,"Gonzalez, Adrian",1b,5.108,6300000
2011,"Ross, Cody",rf,5.058,6300000
2011,"Carmona, Fausto",rhp-s,4.125,6287500
2011,"Billingsley, Chad",rhp-s,4.11,6275000
2011,"Maholm, Paul",lhp-s,5.037,6250000
2011,"Snyder, Chris",c,6.047,6250000
2011,"Kinsler, Ian",2b,5,6200000
2011,"Danks, John",lhp-s,4,6000000
2011,"DeJesus, David",rf,6.146,6000000
2011,"DeRosa, Mark",3b,10.061,6000000
2011,"Ellis, Mark",2b,8.136000000000001,6000000
2011,"Gonzalez, Mike",lhp,7.014,6000000
2011,"Jenks, Bobby",rhp,5.09,6000000
2011,"Nolasco, Ricky",rhp-s,4.142,6000000
2011,"Sanchez, Freddy",2b,7.052,6000000
2011,"Willingham, Josh",lf-rf,5.123,6000000
2011,"Garza, Matt",rhp-s,3.149,5950000
2011,"Hardy, J.J.",ss,5.164,5850000
2011,"Johnson, Kelly",2b,5.127,5850000
2011,"Napoli, Mike",c,4.151,5800000
2011,"Crisp, Covelli",cf,7.158,5750000
2011,"Guthrie, Jeremy",rhp-s,4.13,5750000
2011,"Lester, Jon",lhp-s,4.075,5750000
2011,"Pedroia, Dustin",2b,4.041,5750000
2011,"Benoit, Joaquin",rhp,8.04,5500000
2011,"Blake, Casey",3b,8.138,5500000
2011,"Byrd, Marlon",cf,7.045,5500000
2011,"Inge, Brandon",3b,9.109,5500000
2011,"Linebrink, Scott",rhp,9.016,5500000
2011,"Rodney, Fernando",rhp,7.137,5500000
2011,"Saunders, Joe",lhp-s,4.013,5500000
2011,"Scutaro, Marcos",ss,7.138,5500000
2011,"Tulowitzki, Troy",ss,4.033,5500000
2011,"Polanco, Placido",3b,12.064,5416667
2011,"Young, Delmon",lf,4.034,5375000
2011,"Reynolds, Mark",3b,3.138,5333333
2011,"Molina, Yadier",c,6.123,5312500
2011,"Damon, Johnny",lf,15.051,5250000
2011,"Kubel, Jason",dh-lf,6.009,5250000
2011,"Lyon, Brandon",rhp,8.142,5250000
2011,"Peralta, Jhonny",ss,6.118,5250000
2011,"Rivera, Juan",dh-lf,8.047,5250000
2011,"Doumit, Ryan",c,5.12,5200000
2011,"Young, Chris",cf,4.045,5200000
2011,"Lind, Adam",dh-lf,3.085,5150000
2011,"Quentin, Carlos",lf,4.065,5050000
2011,"Baker, Scott",rhp-s,4.128,5000000
2011,"Buck, John",c,6.101,5000000
2011,"Downs, Scott",lhp,8.121,5000000
2011,"Floyd, Gavin",rhp-s,4.045,5000000
2011,"Fuentes, Brian",lhp,8.125,5000000
2011,"Garland, Jon",rhp-s,10.071,5000000
2011,"Hill, Aaron",2b,5.136,5000000
2011,"Overbay, Lyle",1b,8.026000000000002,5000000
2011,"Uribe, Juan",3b-ss,9.089,5000000
2011,"Wilson, Jack",ss,9.147,5000000
2011,"Loney, James",1b,4.012,4875000
2011,"Madson, Ryan",rhp,7.027,4833333
2011,"Upton, B.J.",cf,4.126,4825000
2011,"Grabow, John",lhp,7.016,4800000
2011,"Sanchez, Jonathan",lhp-s,4.071,4800000
2011,"Kouzmanoff, Kevin",3b,4.03,4750000
2011,"Teahen, Mark",3b-rf,5.155,4750000
2011,"Drew, Stephen",ss,4.079,4650000
2011,"Zobrist, Ben",2b-rf,3.134,4640475
2011,"Aardsma, David",rhp,4.082,4500000
2011,"Affeldt, Jeremy",lhp,9,4500000
2011,"Weeks, Rickie",2b,5.131,4500000
2011,"Upton, Justin",rf,3.06,4458333
2011,"Bourn, Michael",cf,4.028,4400000
2011,"Feldman, Scott",rhp,4.091,4400000
2011,"Betancourt, Yuniesky",ss,5.067,4375000
2011,"Strasburg, Stephen",rhp-s,0.118,4375000
2011,"Gutierrez, Franklin",cf,4.08,4312500
2011,"Liriano, Francisco",lhp-s,4.104,4300000
2011,"Braun, Ryan",lf,3.129,4287500
2011,"Hawkins, LaTroy",rhp,14.054,4250000
2011,"Matsui, Hideki",dh-lf,8,4250000
2011,"Shields, James",rhp-s,4.125,4250000
2011,"Gregg, Kevin",rhp,7.002,4200000
2011,"Bartlett, Jason",ss,5.086,4000000
2011,"Correia, Kevin",rhp-s,6.027,4000000
2011,"Crain, Jesse",rhp,6.039,4000000
2011,"Francisco, Frank",rhp,6.053,4000000
2011,"Hudson, Orlando",2b,8.068000000000001,4000000
2011,"Marte, Damaso",lhp,9.122,4000000
2011,"Martin, Russell",c,4.15,4000000
2011,"Putz, J.J.",rhp,7.022,4000000
2011,"Soria, Joakim",rhp,4,4000000
2011,"Choo, Shin Soo",rf,3.119,3975000
2011,"Marcum, Shaun",rhp-s,4.128,3950000
2011,"Barmes, Clint",2b,5.122,3925000
2011,"Pelfrey, Mike",rhp-s,3.122,3925000
2011,"Rhodes, Arthur",lhp,18.016,3900000
2011,"Takahashi, Hisanori",lhp,1,3800000
2011,"Betancourt, Rafael",rhp,7.079,3775000
2011,"Balfour, Grant",rhp,6.099,3750000
2011,"Feliciano, Pedro",lhp,6.059,3750000
2011,"Kendall, Jason",c,15,3750000
2011,"Chapman, Aroldis",lhp,0.034,3708333
2011,"Sanchez, Anibal",rhp-s,4.099,3700000
2011,"Cruz, Nelson",rf,3.082,3650000
2011,"Nunez, Leo",rhp,4.108,3650000
2011,"Lopez, Jose",2b,5.14,3600000
2011,"Corpas, Manuel",rhp,3.076,3550000
2011,"Butler, Billy",1b-dh,3.102,3500000
2011,"Duke, Zach",lhp-s,5.094,3500000
2011,"Frasor, Jason",rhp,6.134,3500000
2011,"Gallardo, Yovani",rhp-s,3.108,3500000
2011,"Harang, Aaron",rhp-s,8.061000000000002,3500000
2011,"Pagan, Angel",of,4.144,3500000
2011,"Rauch, Jon",rhp,6.126,3500000
2011,"Wigginton, Ty",3b,7.169,3500000
2011,"Suzuki, Kurt",c,3.113,3437500
2011,"Cueto, Johnny",rhp-s,3,3400000
2011,"Braden, Dallas",lhp-s,3.039,3350000
2011,"Kendrick, Howie",2b,4.091,3300000
2011,"Samardzija, Jeff",rhp,1.028,3300000
2011,"Theriot, Ryan",2b-ss,4.118,3300000
2011,"Izturis, Maicer",2b-3b,6.038,3266666
2011,"Barajas, Rod",c,10,3250000
2011,"Franklin, Ryan",rhp,10.022,3250000
2011,"Jones, Adam",cf,3.139,3250000
2011,"Jurrjens, Jair",rhp-s,3.047,3250000
2011,"Oliver, Darren",lhp,15.127,3250000
2011,"Davies, Kyle",rhp-s,5.012,3200000
2011,"Jackson, Conor",lf,5.067,3200000
2011,"Marmol, Carlos",rhp,4.084,3200000
2011,"Montero, Miguel",c,4.031,3200000
2011,"Prado, Martin",2b,3.105,3100000
2011,"Aybar, Erick",ss,4.086,3000000
2011,"Blackburn, Nick",rhp-s,3.017,3000000
2011,"Dotel, Octavio",rhp,11.113,3000000
2011,"Hall, Bill",2b,7.099,3000000
2011,"Hammel, Jason",rhp,3.153,3000000
2011,"Hechavarria, Adeiny",ss,0,3000000
2011,"Hernandez, Ramon",c,11.099,3000000
2011,"Nishioka, Tsuyoshi",2b-ss,0,3000000
2011,"Penny, Brad",rhp-s,11,3000000
2011,"Rodriguez, Ivan",c,19.109,3000000
2011,"Shoppach, Kelly",c,5.021,3000000
2011,"Soto, Geovany",c,3.096,3000000
2011,"Thome, Jim",dh,18.042,3000000
2011,"Thornton, Matt",lhp,6.129,3000000
2011,"Torrealba, Yorvit",c,9.03,3000000
2011,"Uehara, Koji",rhp,2,3000000
2011,"Webb, Brandon",rhp-s,7.158,3000000
2011,"Wheeler, Dan",rhp,8.047,3000000
2011,"Morales, Kendrys",1b,3.057,2975000
2011,"Escobar, Yuniel",ss,3.121,2900000
2011,"Jimenez, Ubaldo",rhp-s,3.087,2800000
2011,"Lindstrom, Matt",rhp,4,2800000
2011,"Wuertz, Michael",rhp,5.139,2800000
2011,"Bruce, Jay",rf,2.125,2791667
2011,"Baez, Danys",rhp,9.102,2750000
2011,"Dickey, R.A.",rhp-s,5.007,2750000
2011,"Lannan, John",lhp-s,3.011,2750000
2011,"Ramirez, Alexei",ss,3,2750000
2011,"Ruiz, Carlos",c,4.069,2750000
2011,"Schumaker, Skip",2b-lf,4.051,2750000
2011,"Kuo, Hong-Chih",lhp,4.114,2725000
2011,"Hughes, Phil",rhp-s,3.113,2700000
2011,"Slowey, Kevin",rhp-s,3.063,2700000
2011,"Iannetta, Chris",c,4.013,2630000
2011,"Farnsworth, Kyle",rhp,11.1,2600000
2011,"Adams, Mike",rhp,4.019,2535000
2011,"Contreras, Jose",rhp,7.134,2500000
2011,"Cust, Jack",dh-of,4.148,2500000
2011,"Davis, Rajai",of,3.167,2500000
2011,"Encarnacion, Edwin",3b,5.085,2500000
2011,"Francoeur, Jeff",rf,5.088,2500000
2011,"Gonzalez, Alex",ss,12.034,2500000
2011,"Guerrier, Matt",rhp,6.056,2500000
2011,"Infante, Omar",ss-2b,7.12,2500000
2011,"Longoria, Evan",3b,2.17,2500000
2011,"Olivo, Miguel",c,7.171,2500000
2011,"Kendrick, Kyle",rhp,2.159,2450000
2011,"Vargas, Jason",lhp,3.114,2450000
2011,"Ellsbury, Jacoby",cf,3.037,2400000
2011,"Murphy, David",lf,3.087,2400000
2011,"Lopez, Javier",lhp,5.167,2375000
2011,"Belisle, Matt",rhp,5.019,2350000
2011,"Mora, Melvin",3b,11.088,2350000
2011,"Headley, Chase",3b-lf,2.123,2325000
2011,"Carroll, Jamey",2b-3b,8.02,2300000
2011,"Galarraga, Armando",rhp-s,2.148,2300000
2011,"Keppinger, Jeff",2b-ss,4.052,2300000
2011,"Morrow, Brandon",rhp,3.091,2300000
2011,"Stewart, Ian",3b,2.154,2287500
2011,"Camp, Shawn",rhp,5.17,2250000
2011,"League, Brandon",rhp,4.145,2250000
2011,"Viciedo, Dayan",3b,0.083,2250000
2011,"Perez, Chris",rhp,2.136,2225000
2011,"Torres, Andres",of,3.115,2200000
2011,"Price, David",lhp-s,1.164,2183333
2011,"Diaz, Matt",lf,5.157,2125000
2011,"Gorzelanny, Tom",lhp-s,3.16,2100000
2011,"Renteria, Edgar",ss,14.143,2100000
2011,"Iglesias, Jose",ss,0,2060000
2011,"Alvarez, Pedro",3b,0.11,2050000
2011,"Cabrera, Asdrubal",2b,3.027,2025000
2011,"Ohlendorf, Ross",rhp-s,2.139,2025000
2011,"Ramirez, Manny",lf-dh,17.033,2020000
2011,"Callaspo, Alberto",2b,3.135,2000000
2011,"Chen, Bruce",lhp,7.171,2000000
2011,"Francis, Jeff",lhp-s,6.04,2000000
2011,"Hairston Jr., Jerry",of-2b,10.127,2000000
2011,"Hawpe, Brad",rf,6.058,2000000
2011,"Heilman, Aaron",rhp,6.123,2000000
2011,"Lewis, Colby",rhp,4.136,2000000
2011,"Maya, Yunesky",rhp-s,0.027,2000000
2011,"Miller, Trever",lhp,10.095,2000000
2011,"Moylan, Peter",rhp,4.061,2000000
2011,"Padillia, Vicente",rhp-s,10.105,2000000
2011,"Pierzynski, A.J.",c,10.1,2000000
2011,"Varitek, Jason",c,13.02,2000000
2011,"Wakefield, Tim",rhp-s,17.006,2000000
2011,"Spilborghs, Ryan",lf,4.072,1950000
2011,"Cedeno, Ronny",2b-ss,5.029,1850000
2011,"Hochevar, Luke",rhp-s,2.151,1760000
2011,"Gomes, Jonny",of,5.097,1750000
2011,"Harper, Bryce",c-of,0,1750000
2011,"Harris, Brendan",2b-ss,4.022,1750000
2011,"Igarashi, Ryota",rhp,0.147,1750000
2011,"Nady, Xavier",rf,7.059,1750000
2011,"Saito, Takashi",rhp,5,1750000
2011,"Vizquel, Omar",ss-2b,21.13,1750000
2011,"Masset, Nick",rhp,3.146,1725000
2011,"Mathis, Jeff",c,4.012,1700000
2011,"Ramirez, Ramon S.",rhp,4.113,1650000
2011,"Ross, David",c,8.001000000000001,1625000
2011,"Schneider, Brian",c,9.125,1625000
2011,"Volquez, Edinson",rhp-s,3.12,1625000
2011,"Gload, Ross",1b-rf,7.055,1600000
2011,"Marshall, Sean",lhp-s,4.088,1600000
2011,"Pena, Tony",rhp,4.076,1600000
2011,"Tejeda, Robinson",rhp,4.102,1550000
2011,"Porcello, Rick",rhp-s,1.17,1536000
2011,"Ackley, Dustin",of,0,1500000
2011,"Ankiel, Rick",cf,7.033,1500000
2011,"Capuano, Chris",lhp,6.001,1500000
2011,"Chavez, Eric",3b,12.02,1500000
2011,"Garcia, Freddy",rhp-s,10.06,1500000
2011,"Gomez, Carlos",cf,3.141,1500000
2011,"Harden, Rich",rhp-s,7.074,1500000
2011,"Izturis, Cesar",ss,9.074000000000002,1500000
2011,"Jones, Andruw",cf-lf,14.047,1500000
2011,"McDonald, John",ss-2b,9.118,1500000
2011,"Ohman, Will",lhp,8.027000000000001,1500000
2011,"Qualls, Chad",rhp,6.058,1500000
2011,"Tazawa, Junichi",rhp,1.058,1500000
2011,"Wood, Kerry",rhp,12.169,1500000
2011,"Arguelles, Noel",lhp,0,1430000
2011,"Gonzalez, Carlos",of,2.059,1428571
2011,"Villanueva, Carlos",rhp,4.03,1415000
2011,"Breslow, Craig",lhp,3.088,1400000
2011,"Chamberlain, Joba",rhp-s,3.055,1400000
2011,"Counsell, Craig",2b-3b,13.037,1400000
2011,"Crow, Aaron",rhp-s,0,1400000
2011,"Gordon, Alex",lf,3.092,1400000
2011,"Hanrahan, Joel",rhp,3.065,1400000
2011,"Hensley, Clay",rhp,3.161,1400000
2011,"Sweeney, Ryan",cf,3.053,1400000
2011,"Zumaya, Joel",rhp,5,1400000
2011,"McClellan, Kyle",rhp,3,1375000
2011,"Blum, Geoff",3b-1b,11.056,1350000
2011,"Burnett, Sean",lhp,4.085,1350000
2011,"Coffey, Todd",rhp,5.024,1350000
2011,"Hinske, Eric",1b-lf,9,1350000
2011,"Matusz, Brian",lhp,1.062,1350000
2011,"Paulino, Ronny",c,4.112,1350000
2011,"Romero, J.C.",lhp,10.055,1350000
2011,"Santiago, Ramon",ss-2b,6.095,1350000
2011,"Perez, Rafael",lhp,3.157,1330000
2011,"Casilla, Santiago (Garcia, Jairo)",rhp,3.148,1300000
2011,"Kearns, Austin",rf,8.145,1300000
2011,"Raburn, Ryan",of,3.109,1300000
2011,"O'Day, Darren",rhp,2.128,1251000
2011,"Anderson, Brett",lhp-s,2,1250000
2011,"Cabrera, Melky",cf,4.148,1250000
2011,"Hernandez, Livan",rhp-s,13.097,1250000
2011,"Loe, Kameron",rhp,3.133,1250000
2011,"Ziegler, Brad",rhp,2.122,1250000
2011,"Carrasco, D.J.",rhp,4.141,1200000
2011,"Castro, Ramon",c,9.152,1200000
2011,"Cormier, Lance",rhp,5.154,1200000
2011,"Logan, Boone",lhp,3.14,1200000
2011,"Lowe, Mark",rhp,4.087,1200000
2011,"Molina, Jose",c,9.026000000000002,1200000
2011,"Parra, Manny",lhp-s,3.063,1200000
2011,"Sherrill, George",lhp,5.147,1200000
2011,"Wang, Chien-Ming",rhp-s,5.159,1200000
2011,"Baker, Jeff",2b-3b,4.049,1175000
2011,"Francisco, Ben",lf,3.049,1175000
2011,"Turner, Jacob",rhp,0,1175000
2011,"Hairston, Scott",of,5.102,1100000
2011,"Howell, J.P.",lhp,4.007,1100000
2011,"Karstens, Jeff",rhp-s,3.132,1100000
2011,"Young, Chris",rhp-s,6.041,1100000
2011,"Janssen, Casey",rhp,4.063,1095000
2011,"Accardo, Jeremy",rhp,4.021,1080000
2011,"Stauffer, Tim",rhp-s,3.007,1075000
2011,"Fontenot, Mike",2b,3.139,1050000
2011,"Morse, Michael",inf-of,3.114,1050000
2011,"Alonso, Yonder",1b,0.051,1000000
2011,"Bedard, Erik",lhp-s,7.171,1000000
2011,"Betemit, Wilson",3b-1b,5.107,1000000
2011,"Blanco, Henry",c,12.136,1000000
2011,"Branyan, Russell",1b-3b,9.147,1000000
2011,"Burrell, Pat",lf,10.123,1000000
2011,"Bush, Dave",rhp-s,6.052,1000000
2011,"Cabrera, Orlando",ss,12.123,1000000
2011,"Cairo, Miguel",2b-3b,12.11,1000000
2011,"Choate, Randy",lhp,6.073,1000000
2011,"Davis, Wade",rhp-s,1.032,1000000
2011,"Giambi, Jason",1b-dh,15.082,1000000
2011,"Helms, Wes",3b-1b,11.018,1000000
2011,"Johnson, Dan",1b,3.048,1000000
2011,"Laird, Gerald",c,6.077,1000000
2011,"McCarthy, Brandon",rhp-s,4.122,1000000
2011,"Navarro, Dioner",c,5.046,1000000
2011,"Quintero, Humberto",c,4.141,1000000
2011,"Ray, Chris",rhp,5.098,1000000
2011,"Romero, Ricky",lhp-s,2,1000000
2011,"Ryan, Brendan",ss,3.082,1000000
2011,"Span, Denard",lf,2.111,1000000
2011,"Thames, Marcus",dh-of,6.108,1000000
2011,"Pie, Felix",lf,3.012,985000
2011,"Johnson, Jim",rhp,2.165,975000
2011,"Mota, Guillermo",rhp,10.159,925000
2011,"Peralta, Joel",rhp,4.132,925000
2011,"Sonnanstine, Andy",rhp-s,3.066,912500
2011,"Niemann, Jeff",rhp-s,2.022,903000
2011,"Byrdak, Tim",lhp,5.15,900000
2011,"Colon, Bartolo",rhp-s,12.061,900000
2011,"Cora, Alex",2b-ss,11.129,900000
2011,"Figueroa, Nelson",rhp,3.16,900000
2011,"Gaudin, Chad",rhp,5.163,900000
2011,"Johnson, Reed",cf,7.145,900000
2011,"Lewis, Fred",lf,3.129,900000
2011,"Michaels, Jason",of,9.016,900000
2011,"Mitre, Sergio",rhp,5.132,900000
2011,"Moseley, Dustin",rhp-s,3.03,900000
2011,"Patterson, Corey",of,8.083,900000
2011,"Reyes, Dennys",lhp,12.039,900000
2011,"Wright, Jamey",rhp,12.086,900000
2011,"O'Flaherty, Eric",lhp,3.062,895000
2011,"Albers, Matt",rhp,3.141,875000
2011,"Green, Sean",rhp,4.112,875000
2011,"Smith, Joe",rhp,3.091,870000
2011,"Casilla, Alexi",2b,3.038,865000
2011,"Cantu, Jorge",1b-3b,6.036,850000
2011,"Cruz, Juan",rhp,7.121,850000
2011,"Hill, Koyie",c,4.006,850000
2011,"Stairs, Matt",lf-rf,15.077,850000
2011,"Treanor, Matt",c,6.093,850000
2011,"Litsch, Jesse",rhp-s,3.098,830000
2011,"Denorfia, Chris",of,3.041,800000
2011,"Durbin, Chad",rhp,6.102,800000
2011,"Harris, Willie",2b-lf,7.14,800000
2011,"Kotsay, Mark",of-1b,13.018,800000
2011,"Mujica, Edward",rhp,3.115,800000
2011,"Thomas, Brad",lhp,2.056,800000
2011,"Paulino, Felipe",rhp,2.163,790000
2011,"Nieves, Wil",c,4.092,775000
2011,"Willits, Reggie",of,4,775000
2011,"Badenhop, Burke",rhp,2.143,750000
2011,"Batista, Miguel",rhp-s,13.045,750000
2011,"Bloomquist, Willie",2b-of,8.029,750000
2011,"Burton, Jared",rhp,3.014,750000
2011,"Flores, Jesus",c,3.158,750000
2011,"Kennedy, Adam",2b,11.022,750000
2011,"Proctor, Scott",rhp,5.043,750000
2011,"Punto, Nick",ss,8.051,750000
2011,"Saltalamacchia, Jarrod",c,3.043,750000
2011,"Tallet, Brian",lhp,5.146,750000
2011,"Boyer, Blaine",rhp,4.116,725000
2011,"Rowland-Smith, Ryan",lhp-s,3.074,725000
2011,"Cox, Zack",3b,0.016,700000
2011,"Duchscherer, Justin",rhp-s,7.051,700000
2011,"Everett, Adam",ss,7.164,700000
2011,"Ledezma, Wil",lhp,4.145,700000
2011,"Nix, Laynce",of,5.07,700000
2011,"Perkins, Glen",lhp-s,3.01,700000
2011,"Slaten, Doug",lhp,3.043,695000
2011,"Gwynn Jr., Tony",of,3.044,675000
2011,"Pena, Brayan",c,3.081,660000
2011,"Ayala, Luis",rhp,6.121,650000
2011,"Gibbons, Jay",1b-of,7.057,650000
2011,"Lewis, Jensen",rhp,2.133,650000
2011,"Bray, Bill",lhp,3.018,645000
2011,"Aviles, Mike",inf,2.121,640000
2011,"Buck, Travis",rf-lf,2.123,625000
2011,"Neshek, Pat",rhp,4.005,625000
2011,"Buchholz, Taylor",rhp,4.14,600000
2011,"Dobbs, Greg",3b-1b,5.027,600000
2011,"Gonzalez, Alberto",ss,2.135,600000
2011,"LaRoche, Andy",3b,3.026,600000
2011,"Orr, Pete",inf,3.096,600000
2011,"Repko, Jason",of,3.168,600000
2011,"Rodriguez, Luis",ss,4.044,600000
2011,"Scherzer, Max",rhp-s,2.079,600000
2011,"Posey, Buster",c,0.161,575000
2011,"Valdez, Wilson",inf,2.096,560000
2011,"Devine, Joey",rhp,3.171,557500
2011,"Buchholz, Clay",rhp-s,2.059,555000
2011,"Hanigan, Ryan",c,2.077,550000
2011,"Reed, Jeremy",of,4.048,550000
2011,"Gardner, Brett",of,2.072,529500
2011,"Langerhans, Ryan",of,5.053,525000
2011,"Blanco, Andres",ss,2.087,520000
2011,"Bard, Daniel",rhp,1.148,505000
2011,"Duncan, Shelley",inf-of,1.129,500000
2011,"Hannahan, Jack",3b,2.034,500000
2011,"Humber, Philip",rhp,1,500000
2011,"Kershaw, Clayton",lhp-s,2.105,500000
2011,"MacDougal, Mike",rhp,6.039,500000
2011,"Miles, Aaron",2b-ss,6.161,500000
2011,"Milledge, Lastings",cf,3.08,500000
2011,"Sandoval, Pablo",c-3b,2.047,500000
2011,"Heyward, Jason",of,1,496500
2011,"Borbon, Julio",of,1.083,490000
2011,"Coghlan, Chris",lf,1.15,490000
2011,"Beckham, Gordon",2b,1.123,485000
2011,"Arredondo, Jose",rhp,1.168,480000
2011,"Rupe, Josh",rhp,2.164,475000
2011,"Wells, Randy",rhp,2.016,475000
2011,"Happ, J.A.",lhp,2.047,474000
2011,"McDonald, Darnell",cf,1.143,470000
2011,"Richard, Clayton",lhp,2.07,468800
2011,"Masterson, Justin",rhp,2.108,468400
2011,"McGehee, Casey",3b,2.028,468000
2011,"Fulchino, Jeff",rhp,2.067,467000
2011,"Bailey, Andrew",rhp,2,465000
2011,"Duensing, Brian",lhp,1.104,462500
2011,"Meek, Evan",rhp,2.037,461500
2011,"Latos, Mat",rhp,1.079,460700
2011,"Robertson, David",rhp,2.07,460450
2011,"DeWitt, Blake",2b-3b,2.048,460000
2011,"Maier, Mitch",of,2.071,459000
2011,"Feliz, Neftali",rhp,1.064,457160
2011,"Hanson, Tommy",rhp,1.12,456500
2011,"Cervelli, Francisco",c,1.113,455700
2011,"Jones, Garrett",1b-of,1.158,455500
2011,"Molina, Gustavo",c,0.132,455000
2011,"McCutchen, Andrew",of,1.123,452500
2011,"Wieters, Matt",c,1.129,452250
2011,"Andrus, Elvis",ss,2,452180
2011,"Niese, Jon",lhp,1.107,452000
2011,"Bumgarner, Madison",lhp,0.127,450000
2011,"Carlson, Jesse",lhp,2.049,450000
2011,"Lowrie, Jed",ss,2.111,450000
2011,"McGowan, Dustin",rhp-s,4.113,450000
2011,"Morgan, Nyjer",lf,2.12,450000
2011,"Olsen, Scott",lhp-s,4.101,450000
2011,"Romo, Sergio",rhp,2.097,450000
2011,"Stubbs, Drew",of,1.047,450000
2011,"Gregerson, Luke",rhp,2,447800
2011,"Mijares, Jose",lhp,2.024,445000
2011,"Volstad, Chris",rhp-s,2.085,445000
2011,"Venable, Will",of,1.155,444400
2011,"Cecil, Brett",lhp,1.128,443100
2011,"Clippard, Tyler",rhp,1.148,443000
2011,"Getz, Chris",2b,2.05,443000
2011,"McDonald, James",rhp-s,1.08,443000
2011,"Rasmus, Colby",cf,2,443000
2011,"Axford, John",rhp,0.17,442500
2011,"Hunter, Tommy",rhp,1.09,442160
2011,"Lopez, Wilton",rhp,1.038,442000
2011,"Bowker, John",of,1.133,441500
2011,"Desmond, Ian",ss,1.027,441500
2011,"Narveson, Chris",lhp,1.102,441500
2011,"Bailey, Homer",rhp,2.017,441000
2011,"Morton, Charlie",rhp,2.01,441000
2011,"Cahill, Trevor",rhp-s,2,440000
2011,"Castro, Starlin",ss,0.15,440000
2011,"Coke, Phil",lhp,2.028,440000
2011,"Colvin, Tyler",of,1.014,440000
2011,"Jackson, Austin",of,1,440000
2011,"Kottaras, George",c,2.021,440000
2011,"Hundley, Nick",c,2.088,439900
2011,"Arias, Alberto",rhp,2.053,439500
2011,"Reyes, Jo-Jo",lhp,2.002,439100
2011,"Nix, Jayson",2b,2.046,438100
2011,"Janish, Paul",ss-2b,2.064,437500
2011,"Norris, Bud",rhp,1.068,437500
2011,"Valencia, Danny",3b,0.123,437500
2011,"Garcia, Jaime",lhp,2.047,437000
2011,"Walker, Neil",inf,0.166,437000
2011,"Sipp, Tony",lhp,1.138,436800
2011,"Fister, Doug",rhp,1.058,436500
2011,"Purcey, David",lhp-s,1.083,436400
2011,"Snider, Travis",lf,1.126,435800
2011,"Crowe, Trevor",of,1.091,435700
2011,"Gonzalez, Enrique",rhp,1.071,435000
2011,"Jepsen, Kevin",rhp,1.169,435000
2011,"Motte, Jason",rhp,2.027,435000
2011,"Santos, Sergio",rhp,1,435000
2011,"Bergesen, Brad",rhp,1.16,434000
2011,"Thatcher, Joe",lhp,2.068,433900
2011,"Parnell, Bobby",rhp,1.132,433500
2011,"Nova, Ivan",rhp,0.051,432900
2011,"Sanchez, Angel",ss,1.144,432500
2011,"Schierholtz, Nate",lf-rf,2.078,432500
2011,"Davis, Ike",1b,0.168,432000
2011,"Holland, Derek",lhp,1.12,431810
2011,"Talbot, Mitch",rhp,1.016,431700
2011,"Laffey, Aaron",lhp-s,2.115,431600
2011,"Resop, Chris",rhp,2.038,431500
2011,"LaPorta, Matt",1b,1.063,431400
2011,"Boggs, Mitchell",rhp-s,1.125,431000
2011,"Sanchez, Gaby",1b-c,1.062,431000
2011,"Gutierrez, Juan",rhp,2.035,430500
2011,"Ogando, Alexi",rhp,0.114,430150
2011,"Boesch, Brennan",of,1,430000
2011,"Lillibridge, Brent",2b-ss,1.115,430000
2011,"Olson, Garrett",lhp,2.112,430000
2011,"Perry, Ryan",rhp,1.154,430000
2011,"Rzepczynski, Marc",lhp,1.036,429600
2011,"Medlen, Kris",rhp,1.137,429500
2011,"Venters, Jonny",lhp,1,429500
2011,"Maybin, Cameron",cf,1.073,429100
2011,"Butera, Drew",c,1,429000
2011,"Hughes, Dusty",lhp,1.03,429000
2011,"Smith, Seth",of,2.119,429000
2011,"Harrison, Matt",lhp-s,2.083,428830
2011,"Rodriguez, Sean",ss,1.133,428600
2011,"Escobar, Alcides",ss,1.082,428000
2011,"Tabata, Jose",of,0.117,428000
2011,"Cashner, Andrew",rhp,0.126,427500
2011,"Pearce, Steve",1b-of,1.165,427500
2011,"Russell, James",lhp,1,427500
2011,"Conrad, Brooks",2b,1.078,427250
2011,"Jaso, John",c,1.032,427200
2011,"Stetter, Mitch",lhp,1.146,427000
2011,"Berken, Jason",rhp,1.132,426500
2011,"Joyce, Matt",of,1.123,426500
2011,"Hawksworth, Blake",rhp,1.108,426000
2011,"Moreland, Mitch",1b-of,0.067,426000
2011,"Parra, Gerardo",of,1.145,426000
2011,"Texeira, Kanekoa",rhp,1,426000
2011,"Brignac, Reid",ss,1.07,425400
2011,"Avila, Alex",c,1.061,425000
2011,"Barton, Daric",1b,2.119,425000
2011,"Bonifacio, Emilio",3b-2b,2.066,425000
2011,"Gimenez, Hector",c,1.016,425000
2011,"Herndon, David",rhp,1,425000
2011,"Leake, Mike",rhp-s,1,425000
2011,"Murphy, Donnie",2b,2.075,425000
2011,"Rosales, Adam",inf,2.025,425000
2011,"Sale, Chris",lhp-s,0.061,425000
2011,"Sanches, Brian",rhp,2.105,425000
2011,"Tolbert, Matt",inf,2.057,425000
2011,"Whiteside, Eli",c,2.012,425000
2011,"Blanks, Kyle",1b,1.108,424700
2011,"Marson, Lou",c,1.036,424300
2011,"Braddock, Zach",lhp,0.134,424000
2011,"Fowler, Dexter",cf,2.01,424000
2011,"Fox, Jake",3b-of-c,1.145,424000
2011,"Johnson, Chris",3b,0.166,424000
2011,"Lucroy, Jonathan",c,0.136,424000
2011,"Morales, Franklin",lhp,2.007,424000
2011,"Towles, J.R.",c,1.049,424000
2011,"Hernandez, David",rhp,1.105,423500
2011,"Roberts, Ryan",3b,1.15,423500
2011,"Patterson, Eric",2b,1.144,423300
2011,"Donald, Jason",ss,0.139,423200
2011,"Bourgeois, Jason",of,1.009,423000
2011,"Bulger, Jason",rhp,2.122,423000
2011,"Kelly, Don",ss,1.149,423000
2011,"Kennedy, Ian",rhp-s,1.124,423000
2011,"Jaramillo, Jason",c,1.138,422500
2011,"Wood, Travis",lhp,0.086,422500
2011,"McCoy, Mike",ss,0.145,422300
2011,"Murphy, Dan",lf-1b,1.109,422000
2011,"Pauley, David",rhp,1.011,422000
2011,"Brantley, Michael",of-1b,0.131,421800
2011,"Johnson, Rob",c,2.007,421700
2011,"Andino, Robert",2b-ss,2.094,421500
2011,"Castro, Jason",c,0.104,421500
2011,"Downs, Matt",inf,0.111,421000
2011,"Ellis, A.J.",c,1.062,421000
2011,"Melancon, Mark",rhp,0.139,421000
2011,"Russell, Adam",rhp,1.018,420800
2011,"O'Sullivan, Sean",rhp,0.161,420500
2011,"Curtis, Colin",of,0.069,420400
2011,"Blevins, Jerry",lhp,1.162,420000
2011,"Gonzalez, Gio",lhp-s,1.162,420000
2011,"Hu, Chin-Lung",ss,1.016,420000
2011,"Kelley, Shawn",rhp,2,420000
2011,"Miranda, Juan",1b,0.09,420000
2011,"Morales, Jose",c,1.052,420000
2011,"Pennington, Cliff",inf,1.114,420000
2011,"Powell, Landon",c,1.153,420000
2011,"Saunders, Michael",of,1.051,420000
2011,"Thole, Josh",c-1b,0.142,420000
2011,"Wood, Brandon",ss,2.015,420000
2011,"Hermann, Frank",rhp,0.122,419800
2011,"Paul, Xavier",of,1.041,419500
2011,"Nunez, Eduardo",ss,0.046,419300
2011,"Arrieta, Jake",rhp,0.116,419000
2011,"Bastardo, Antonio",lhp,1.054,419000
2011,"Chacin, Jhoulys",rhp,1.012,419000
2011,"Heisey, Chris",of,0.157,419000
2011,"Herrera, Jonathan",inf,1.001,419000
2011,"Hudson, Daniel",rhp-s,0.117,419000
2011,"Ka'aihue, Kila",1b,0.103,419000
2011,"Kimbrel, Craig",rhp,0.066,419000
2011,"Manship, Jeff",rhp,0.127,419000
2011,"Martinez, Cristhian",rhp,0.167,419000
2011,"Rhymes, Will",2b,0.071,419000
2011,"Smoak, Justin",1b,0.116,419000
2011,"Runzler, Dan",lhp,1.033,418500
2011,"Hellickson, Jeremy",rhp,0.045,418400
2011,"Fuld, Sam",of,0.14,418300
2011,"Abad, Fernando",lhp,0.054,418000
2011,"Enright, Barry",rhp,0.096,418000
2011,"Ondrusek, Logan",rhp,0.144,418000
2011,"Schlereth, Daniel",lhp,0.13,418000
2011,"Storen, Drew",rhp,0.14,418000
2011,"Thompson, Rich",rhp,1.047,418000
2011,"Wallace, Brett",1b,0.065,418000
2011,"Wells, Casper",of,0.05,418000
2011,"Moore, Adam",c,0.167,417500
2011,"Arencibia, J.P.",c,0.059,417400
2011,"Tomlin, Josh",rhp-s,0.069,417200
2011,"Frieri, Ernesto",rhp,0.101,417100
2011,"Baker, John",c,2.083,417000
2011,"Barney, Darwin",ss,0.053,417000
2011,"Del Rosario, Enerio",rhp,0.037,417000
2011,"Demel, Sam",rhp,0.11,417000
2011,"Doubront, Felix",lhp,0.074,417000
2011,"Hart, Kevin",rhp,1.033,417000
2011,"Mateo, Marcus",rhp,0.056,417000
2011,"Mickolio, Kam",rhp,0.122,417000
2011,"Rogers, Esmil",rhp,0.135,417000
2011,"Tillman, Chris",rhp,0.133,417000
2011,"Ramos, Cesar",lhp,0.086,416700
2011,"Santana, Carlos",c,0.115,416600
2011,"Beachy, Brandon",rhp-s,0.014,416500
2011,"Smith, Jordan",rhp,0.102,416500
2011,"Ascanio, Jose",rhp,2.005,416000
2011,"Drabek, Kyle",rhp,0.021,416000
2011,"Freese, David",3b,1.028,416000
2011,"Jansen, Kenley",c,0,416000
2011,"Jay, Jon",of,0.134,416000
2011,"Stanton, Mike",of,0.118,416000
2011,"Strop, Pedro",rhp,0.094,416000
2011,"Wilson, Bobby",c,1.076,416000
2011,"Carrasco, Carlos",rhp,0.067,415800
2011,"Germano, Justin",rhp,1.155,415600
2011,"Luebke, Cory",lhp,0.033,415600
2011,"Greene, Tyler",ss,0.163,415500
2011,"McGee, Jake",lhp,0.02,415200
2011,"Beltre, Omar",rhp,0.038,415000
2011,"Espinosa, Danny",ss,0.033,415000
2011,"Hayes, Brett",c,1.017,415000
2011,"Maloney, Matt",lhp,0.088,415000
2011,"Ramos, Wilson",c,0.047,415000
2011,"Reynolds, Matt",lhp,0.046,415000
2011,"Rodriguez, Henry",rhp,0.114,415000
2011,"Zimmermann, Jordan",rhp,1.154,415000
2011,"Johnson, Elliot",2b,0.028,414900
2011,"Hoffpauir, Jarrett",inf,0.058,414800
2011,"Jeffress, Jeremy",rhp,0.033,414500
2011,"Lincoln, Brad",rhp,0.075,414500
2011,"Mangini, Matt",3b,0.012,414500
2011,"Deduno, Samuel",rhp,0.038,414240
2011,"Baxter, Mike",1b,0.028,414100
2011,"Pestano, Vinnie",rhp,0.011,414100
2011,"Adcock, Nathan",rhp,0,414000
2011,"Almonte, Erick",inf,0.1,414000
2011,"Augenstein, Bryan",rhp,0.042,414000
2011,"Barrera, Harry",rhp,0,414000
2011,"Beato, Pedro",rhp,0,414000
2011,"Belt, Brandon",of,0,414000
2011,"Bocock, Brian",inf,0.073,414000
2011,"Bourjos, Peter",of,0.062,414000
2011,"Broderick, Brian",rhp,0,414000
2011,"Brown, Domonic",of,0.068,414000
2011,"Cassevah, Bobby",rhp,0.051,414000
2011,"Collins, Tim",lhp,0,414000
2011,"Conger, Hank",c,0.027,414000
2011,"Corona, Reegie",inf,0,414000
2011,"Cousins, Scott",of,0.031,414000
2011,"Craig, Allen",1b-of,0.077,414000
2011,"Cramer, Bobby",lhp,0.024,414000
2011,"Crotta, Mike",rhp,0,414000
2011,"DeJesus Jr., Ivan",ss,0,414000
2011,"Descalso, Daniel",2b,0.016,414000
2011,"Duda, Lucas",of-1b,0.033,414000
2011,"Dunn, Michael",lhp,0.106,414000
2011,"Dyson, Jarrod",of,0.028,414000
2011,"Emaus, Brad",inf,0,414000
2011,"Francisco, Juan",3b,0.08,414000
2011,"Freeman, Freddie",1b,0.033,414000
2011,"Hicks, Brandon",ss,0.067,414000
2011,"Hunter, Cedric",of,0,414000
2011,"Kintzler, Brandon",rhp,0.027,414000
2011,"Kohn, Michael",rhp,0.07,414000
2011,"LeCure, Sam",rhp,0.072,414000
2011,"Martinez, Michael",2b,0,414000
2011,"Mayberry Jr., John",of,0.114,414000
2011,"Morel, Brent",3b,0.031,414000
2011,"Morrison, Logan",1b,0.069,414000
2011,"Nickeas, Mike",c,0.032,414000
2011,"Paterson, Joe",lhp,0,414000
2011,"Pettit, Chris",lf,1.027,414000
2011,"Pineda, Michael",rhp,0,414000
2011,"Ramirez, Elvin",rhp,0,414000
2011,"Robles, Mauricio",lhp,0,414000
2011,"Rodriguez, Aneury",rhp,0,414000
2011,"Rodriguez, Josh",inf,0,414000
2011,"Sandoval, Freddy",inf,0.048,414000
2011,"Schlitter, Brian",rhp,0.039,414000
2011,"Tobin, Mason",rhp,0,414000
2011,"Trumbo, Mark",1b,0.027,414000
2011,"Villarreal, Brayan",rhp,0,414000
2011,"Walden, Jordan",rhp,0.043,414000
2011,"Webb, Ryan",rhp,1.029,414000
2011,"Wilhelmsen, Tom",rhp,0,414000
2011,"Young, Matt",of,0,414000
2010,"Rodriguez, Alex",3b,15.011,33000000
2010,"Sabathia, CC",lhp-s,9,24286714
2010,"Jeter, Derek",ss,14.043,22600000
2010,"Santana, Johan",lhp-s,9.122,21000000
2010,"Teixeira, Mark",1b,7,20625000
2010,"Beltran, Carlos",cf,11.014,20071429
2010,"Cabrera, Miguel",1b,6.101,20000000
2010,"Ramirez, Manny",lf,16.033,20000000
2010,"Howard, Ryan",1b,4.145,19000000
2010,"Lee, Carlos",lf,10.15,19000000
2010,"Soriano, Alfonso",lf,9.079,19000000
2010,"Zambrano, Carlos",rhp-s,8.042,18875000
2010,"Lackey, John",rhp-s,7.095,18700000
2010,"Hunter, Torii",cf,10.135,18500000
2010,"Zito, Barry",lhp-s,9.072000000000001,18500000
2010,"Ordonez, Magglio",rf,12.032,18000000
2010,"Suzuki, Ichiro",rf,9,18000000
2010,"Holliday, Matt",lf,6,17000000
2010,"Ramirez, Aramis",3b,10.111,16750000
2010,"Helton, Todd",1b,12.059,16600000
2010,"Burnett, A.J.",rhp-s,10.038,16500000
2010,"Wells, Vernon",cf,8.113000000000001,16142857
2010,"Pujols, Albert",1b,9,16000000
2010,"Young, Michael",3b,8.134,16000000
2010,"Halladay, Roy",rhp-s,10.047,15750000
2010,"Kuroda, Hiroki",rhp-s,2,15433333
2010,"Utley, Chase",2b,6.027,15285714
2010,"Lowe, Derek",rhp-s,12.1,15000000
2010,"Millwood, Kevin",rhp-s,12.059,15000000
2010,"Morneau, Justin",1b,5.168,15000000
2010,"Oswalt, Roy",rhp-s,8.149,15000000
2010,"Peavy, Jake",rhp-s,7.101,15000000
2010,"Rivera, Mariano",rhp,14.105,15000000
2010,"Berkman, Lance",1b,10.052,14500000
2010,"Carpenter, Chris",rhp-s,12.08,14500000
2010,"Buehrle, Mark",lhp-s,9.078000000000001,14000000
2010,"Drew, J.D.",rf,11.02,14000000
2010,"Fukudome, Kosuke",rf,2,14000000
2010,"Jones, Chipper",3b,16.024,14000000
2010,"Rowand, Aaron",cf,8.065,13600000
2010,"Dempster, Ryan",rhp-s,11.063,13500000
2010,"Posada, Jorge",c,13.085,13100000
2010,"Guillen, Carlos",lf,11,13000000
2010,"Lee, Derrek",1b,11.125,13000000
2010,"Lilly, Ted",lhp-s,9.102,13000000
2010,"Ortiz, David",dh,11.048,13000000
2010,"Silva, Carlos",rhp-s,8,12750000
2010,"Suppan, Jeff",rhp-s,12.164,12750000
2010,"Bonderman, Jeremy",rhp-s,7,12500000
2010,"Chavez, Eric",3b,11.02,12500000
2010,"Harang, Aaron",rhp-s,7.061,12500000
2010,"Lowell, Mike",3b,11.02,12500000
2010,"Mauer, Joe",c,6,12500000
2010,"Meche, Gil",rhp-s,9.029,12400000
2010,"Arroyo, Bronson",rhp-s,7.15,12250000
2010,"Rodriguez, Francisco",rhp,7.015,12166667
2010,"Ibanez, Raul",lf,12.02,12166666
2010,"Cordero, Francisco",rhp,10.046,12125000
2010,"Beckett, Josh",rhp-s,8.03,12100000
2010,"Dunn, Adam",lf-1b,8.074000000000002,12000000
2010,"Guillen, Jose",rf,12.051,12000000
2010,"Konerko, Paul",1b,11.141,12000000
2010,"Lidge, Brad",rhp,7.043,12000000
2010,"Perez, Oliver",lhp-s,7.034,12000000
2010,"Willis, Dontrelle",lhp-s,6.073,12000000
2010,"Matthews Jr., Gary",cf,9.104000000000001,11900000
2010,"Pettitte, Andy",lhp-s,15,11750000
2010,"Byrnes, Eric",of,8.075,11666667
2010,"Hafner, Travis",dh,7.009,11500000
2010,"Vazquez, Javier",rhp-s,11.141,11500000
2010,"Byrnes, Eric",,,11266667
2010,"Nathan, Joe",rhp,8.12,11250000
2010,"Fielder, Prince",1b,4.068,11000000
2010,"Westbrook, Jake",rhp-s,8.144,11000000
2010,"Matthews Jr., Gary",,,10900000
2010,"Wood, Kerry",rhp,11.169,10500000
2010,"Bradley, Milton",rf-dh,8.169,10333333
2010,"Pena, Carlos",1b,6.133,10250000
2010,"Wright, David",3b,5.075,10250000
2010,"Rios, Alex",rf-cf,5.13,10200000
2010,"Crawford, Carl",lf,7.072,10000000
2010,"Pierre, Juan",cf-lf,9.056000000000003,10000000
2010,"Renteria, Edgar",ss,13.143,10000000
2010,"Roberts, Brian",2b,7.131,10000000
2010,"Robertson, Nate",lhp,6.065,10000000
2010,"Ryan, B.J.",,,10000000
2010,"Sheets, Ben",rhp,8,10000000
2010,"Cook, Aaron",rhp-s,7.02,9833000
2010,"Robertson, Nate",,,9600000
2010,"Furcal, Rafael",ss,10,9500000
2010,"Cuddyer, Michael",rf,6.157,9416667
2010,"Reyes, Jose",ss,6.111,9375000
2010,"Youkilis, Kevin",1b,5.093,9375000
2010,"Papelbon, Jonathan",rhp,4.064,9350000
2010,"Lugo, Julio",ss,9.152000000000001,9250000
2010,"Lugo, Julio",,,9250000
2010,"Wolf, Randy",lhp-s,10.115,9250000
2010,"Lohse, Kyle",rhp-s,8.092,9187500
2010,"Abreu, Bobby",rf,12.165,9000000
2010,"Beltre, Adrian",3b,11.096,9000000
2010,"Burrell, Pat",dh-lf,9.131,9000000
2010,"Cano, Robinson",2b,4.153,9000000
2010,"Fuentes, Brian",lhp,7.125,9000000
2010,"Hudson, Tim",rhp-s,10.119,9000000
2010,"Lee, Cliff",lhp-s,6.1,9000000
2010,"Lincecum, Tim",rhp-s,2.148,9000000
2010,"Bay, Jason",lf,6.08,8625000
2010,"Hall, Bill",3b,6.099,8525000
2010,"Figgins, Chone",3b,6.145,8500000
2010,"Rollins, Jimmy",ss,9.015,8500000
2010,"Webb, Brandon",rhp-s,6.158,8500000
2010,"Matsuzaka, Daisuke",rhp-s,3,8333333
2010,"Haren, Dan",rhp-s,5.154,8250000
2010,"Damon, Johnny",lf,14.051,8000000
2010,"Guzman, Cristian",ss,11,8000000
2010,"Kazmir, Scott",lhp-s,5.042,8000000
2010,"Moyer, Jamie",lhp-s,21.126,8000000
2010,"Pineiro, Joel",rhp-s,8.144,8000000
2010,"Overbay, Lyle",1b,7.026,7950000
2010,"Uggla, Dan",2b,4,7800000
2010,"Cameron, Mike",cf,13.036,7750000
2010,"Martinez, Victor",c-1b,6.114,7700000
2010,"Rolen, Scott",3b,13.06,7666667
2010,"Hawpe, Brad",rf,5.058,7500000
2010,"Hoffman, Trevor",rhp,17,7500000
2010,"Jenks, Bobby",rhp,4.09,7500000
2010,"Marquis, Jason",rhp-s,9.012,7500000
2010,"Penny, Brad",rhp-s,10,7500000
2010,"Werth, Jayson",rf,6.102,7500000
2010,"Kawakami, Kenshin",rhp-s,1,7333667
2010,"Greinke, Zack",rhp-s,5.057,7250000
2010,"Soriano, Rafael",rhp,7.057,7250000
2010,"Hernandez, Felix",rhp-s,4.06,7200000
2010,"Street, Huston",rhp,5,7200000
2010,"Hall, Bill",,,7150000
2010,"Markakis, Nick",rf,4,7100000
2010,"Pavano, Carl",rhp-s,11.161,7000000
2010,"Pierre, Juan",,,7000000
2010,"Ramirez, Hanley",ss,4.014,7000000
2010,"Valverde, Jose",rhp,6.09,7000000
2010,"Phillips, Brandon",2b,5.022,6937500
2010,"Swisher, Nick",lf-rf,5.031,6850000
2010,"Verlander, Justin",rhp-s,4.002,6850000
2010,"Wagner, Billy",lhp,13.139,6750000
2010,"Hamels, Cole",lhp-s,3.143,6650000
2010,"Inge, Brandon",3b,8.109,6600000
2010,"Harden, Rich",rhp-s,6.074,6500000
2010,"Young, Chris",rhp-s,5.041,6375000
2010,"Zimmerman, Ryan",3b,4.032,6350000
2010,"Castillo, Luis",2b,12.055,6250000
2010,"Pierzynski, A.J.",c,9.1,6250000
2010,"Blake, Casey",3b,7.138,6000000
2010,"Cantu, Jorge",1b-3b,5.036,6000000
2010,"DeRosa, Mark",3b,9.061000000000002,6000000
2010,"Ethier, Andre",rf,3.153,6000000
2010,"Gonzalez, Mike",lhp,6.014,6000000
2010,"Halladay, Roy",,,6000000
2010,"Matsui, Hideki",dh-lf,7,6000000
2010,"Sanchez, Freddy",2b,6.052,6000000
2010,"Santana, Ervin",rhp-s,4.104,6000000
2010,"Tejada, Miguel",3b,12.033,6000000
2010,"Francis, Jeff",lhp-s,5.04,5875000
2010,"Sizemore, Grady",cf,5.056,5766667
2010,"McCann, Brian",c,4.117,5666667
2010,"De La Rosa, Jorge",lhp-s,5.015,5600000
2010,"Ellis, Mark",2b,7.136,5500000
2010,"Granderson, Curtis",cf,4.077,5500000
2010,"Guerrero, Vladimir",rf-dh,13.018,5500000
2010,"Johnson, Nick",1b,9.041,5500000
2010,"Matsui, Kazuo",2b,5.111,5500000
2010,"Rodney, Fernando",rhp,6.137,5500000
2010,"Scutaro, Marcos",ss,6.138,5500000
2010,"Ludwick, Ryan",rf,4.109,5450000
2010,"Shields, Scot",rhp,7.146,5350000
2010,"Snyder, Chris",c,5.047,5250000
2010,"Speier, Justin",,,5250000
2010,"Encarnacion, Edwin",3b,4.085,5175000
2010,"Polanco, Placido",3b,11.064,5166666
2010,"Hardy, J.J.",ss,4.164,5100000
2010,"Carmona, Fausto",rhp-s,3.125,5087500
2010,"Martin, Russell",c,3.15,5050000
2010,"Padillia, Vicente",rhp-s,9.105,5025000
2010,"Francoeur, Jeff",rf,4.088,5000000
2010,"Hudson, Orlando",2b,7.068,5000000
2010,"Linebrink, Scott",rhp,8.016,5000000
2010,"Maholm, Paul",lhp-s,4.037,5000000
2010,"McLouth, Nate",cf,4.056,5000000
2010,"Rodriguez, Wandy",lhp-s,4.105,5000000
2010,"Uehara, Koji",rhp-s,1,5000000
2010,"Victorino, Shane",cf,4.092,5000000
2010,"Wilson, Jack",ss,8.147,5000000
2010,"Gonzalez, Adrian",1b,4.108,4875000
2010,"Iwamura, Akinori",2b,3,4850000
2010,"Peralta, Jhonny",ss,5.118,4850000
2010,"Wainwright, Adam",rhp-s,4.027,4837500
2010,"Madson, Ryan",rhp,6.027,4833333
2010,"Hart, Corey",rf,4.038,4800000
2010,"Crisp, Covelli",cf,6.158,4750000
2010,"DeJesus, David",lf,5.146,4700000
2010,"Garland, Jon",rhp-s,9.071000000000002,4700000
2010,"Jackson, Edwin",rhp-s,4.07,4600000
2010,"Willingham, Josh",lf-rf,4.123,4600000
2010,"Cain, Matt",rhp-s,4.038,4583333
2010,"Affeldt, Jeremy",lhp,8,4500000
2010,"Farnsworth, Kyle",rhp,10.1,4500000
2010,"Feliz, Pedro",3b,9.031,4500000
2010,"LaRoche, Adam",1b,6,4500000
2010,"Molina, Benji",c,10.077,4500000
2010,"Riske, David",rhp,9.116000000000001,4500000
2010,"Sherrill, George",lhp,4.147,4500000
2010,"Ross, Cody",rf,4.058,4450000
2010,"Snell, Ian",rhp-s,4.064,4450000
2010,"Wilson, Brian",rhp,2.169,4437500
2010,"Molina, Yadier",c,5.123,4312500
2010,"Duke, Zach",lhp-s,4.094,4300000
2010,"Weaver, Jared",rhp-s,3.129,4265000
2010,"Davis, Doug",lhp-s,8.138,4250000
2010,"Lyon, Brandon",rhp,7.142,4250000
2010,"Rivera, Juan",dh-lf,7.047,4250000
2010,"Romero, J.C.",lhp,9.05,4250000
2010,"Bush, Dave",rhp-s,5.052,4215000
2010,"Kinsler, Ian",2b,4,4200000
2010,"Qualls, Chad",rhp,5.058,4185000
2010,"Kubel, Jason",dh-lf,5.009,4100000
2010,"Scott, Luke",dh-of,3.144,4050000
2010,"Atkins, Garrett",1b-3b,5.072,4000000
2010,"Bartlett, Jason",ss,4.086,4000000
2010,"Bell, Heath",rhp,4.099,4000000
2010,"Broxton, Jonathan",rhp,4.02,4000000
2010,"Downs, Scott",lhp,7.121,4000000
2010,"Hill, Aaron",2b,4.136,4000000
2010,"Igawa, Kei",,,4000000
2010,"Kemp, Matt",cf,3.049,4000000
2010,"Marte, Damaso",lhp,8.122,4000000
2010,"Punto, Nick",ss,7.051,4000000
2010,"Tavares, Willy",,,4000000
2010,"Taveras, Willy",cf,5.028,4000000
2010,"Laird, Gerald",c,5.077,3950000
2010,"Strasburg, Stephen",rhp-s,0,3875000
2010,"Billingsley, Chad",rhp-s,3.11,3850000
2010,"Nolasco, Ricky",rhp-s,3.142,3800000
2010,"Betancourt, Rafael",rhp,6.079,3775000
2010,"Johnson, Josh",rhp-s,4.026,3750000
2010,"Lester, Jon",lhp-s,3.075,3750000
2010,"Pedroia, Dustin",2b,3.041,3750000
2010,"Teahen, Mark",3b-rf,4.155,3750000
2010,"Chapman, Aroldis",lhp,0,3708333
2010,"Saunders, Joe",lhp-s,3.013,3700000
2010,"Doumit, Ryan",c,4.12,3650000
2010,"Correia, Kevin",rhp-s,5.027,3600000
2010,"Napoli, Mike",c,3.151,3600000
2010,"Kotchman, Casey",1b,4.144,3517500
2010,"Capps, Matt",rhp,4.017,3500000
2010,"Pence, Hunter",rf,2.156,3500000
2010,"Silva, Carlos",,,3500000
2010,"Tulowitzki, Troy",ss,3.033,3500000
2010,"Wakefield, Tim",rhp-s,16.006,3500000
2010,"Wheeler, Dan",rhp,7.047,3500000
2010,"Wigginton, Ty",3b,6.169,3500000
2010,"Danks, John",lhp-s,3,3450000
2010,"Young, Chris",cf,3.045,3450000
2010,"Drew, Stephen",ss,3.079,3400000
2010,"Betancourt, Yuniesky",ss,4.067,3375000
2010,"Garza, Matt",rhp-s,2.149,3350000
2010,"Hermida, Jeremy",lf,4.033,3345000
2010,"Barmes, Clint",2b,4.122,3325000
2010,"Maine, John",rhp-s,4.013,3300000
2010,"Nady, Xavier",rf,6.059,3300000
2010,"Francisco, Frank",rhp,5.053,3265000
2010,"Cruz, Juan",rhp,7.101,3250000
2010,"Dotel, Octavio",rhp,10.113,3250000
2010,"Hamilton, Josh",cf,3,3250000
2010,"Hawkins, LaTroy",rhp,13.054,3250000
2010,"Uribe, Juan",3b-ss,8.089,3250000
2010,"Jones, Andruw",,,3200000
2010,"Quentin, Carlos",lf,3.065,3200000
2010,"Saito, Takashi",rhp,4,3200000
2010,"Guerrier, Matt",rhp,5.056,3150000
2010,"Cabrera, Melky",cf,3.148,3100000
2010,"Jackson, Conor",lf,4.067,3100000
2010,"Kouzmanoff, Kevin",3b,3.03,3100000
2010,"Loney, James",1b,3.012,3100000
2010,"Myers, Brett",rhp-s,7.068,3100000
2010,"Wilson, C.J.",lhp,4.055,3100000
2010,"Baker, Scott",rhp-s,3.128,3000000
2010,"Blanton, Joe",rhp-s,5.016,3000000
2010,"Byrd, Marlon",cf,6.045,3000000
2010,"Franklin, Ryan",rhp,9.022,3000000
2010,"Guthrie, Jeremy",rhp-s,3.13,3000000
2010,"Hernandez, Ramon",c,10.099,3000000
2010,"Huff, Aubrey",1b,9.003,3000000
2010,"Millwood, Kevin",,,3000000
2010,"Moehler, Brian",rhp-s,12.01,3000000
2010,"Oliver, Darren",lhp,14.127,3000000
2010,"Putz, J.J.",rhp,6.022,3000000
2010,"Rodriguez, Ivan",c,18.109,3000000
2010,"Samardzija, Jeff",rhp,0.152,3000000
2010,"Soria, Joakim",rhp,3,3000000
2010,"Upton, B.J.",cf,3.126,3000000
2010,"Varitek, Jason",c,12.02,3000000
2010,"Feliciano, Pedro",lhp,5.059,2900000
2010,"Rauch, Jon",rhp,5.126,2900000
2010,"Corpas, Manuel",rhp,3.076,2800000
2010,"Izturis, Maicer",2b-3b,5.038,2766667
2010,"Aardsma, David",rhp,3.082,2750000
2010,"Ankiel, Rick",cf,6.033,2750000
2010,"Floyd, Gavin",rhp-s,3.045,2750000
2010,"Gonzalez, Alex",ss,11.034,2750000
2010,"Okajima, Hideki",lhp,3,2750000
2010,"Weeks, Rickie",2b,4.131,2750000
2010,"Grabow, John",lhp,6.016,2700000
2010,"Miles, Aaron",,,2700000
2010,"Cust, Jack",,,2650000
2010,"Frasor, Jason",rhp,5.134,2650000
2010,"Izturis, Cesar",ss,8.074000000000002,2600000
2010,"Theriot, Ryan",ss,3.118,2600000
2010,"Young, Delmon",lf,3.034,2600000
2010,"Diaz, Matt",lf,4.157,2550000
2010,"Baez, Danys",rhp,8.102,2500000
2010,"Garland, Jon",,,2500000
2010,"Lincoln, Mike",rhp,7.126,2500000
2010,"Schmidt, Jason",,,2500000
2010,"Shields, James",rhp-s,3.125,2500000
2010,"Seay, Bobby",lhp,5.118,2475000
2010,"Hairston, Scott",of,4.102,2450000
2010,"Feldman, Scott",rhp,3.091,2425000
2010,"Bautista, Jose",3b-1b,4.165,2400000
2010,"Bourn, Michael",cf,3.028,2400000
2010,"Griffey Jr., Ken",dh-rf,21,2350000
2010,"Johnson, Kelly",2b,4.127,2350000
2010,"Gutierrez, Franklin",cf,3.08,2312500
2010,"Bannister, Brian",rhp-s,3.158,2300000
2010,"Lopez, Jose",2b,4.14,2300000
2010,"Kendall, Jason",c,14,2250000
2010,"Shoppach, Kelly",c,4.021,2250000
2010,"Thornton, Matt",lhp,5.129,2250000
2010,"Viciedo, Dayan",3b,0,2250000
2010,"Infante, Omar",ss-2b,6.12,2225000
2010,"Wuertz, Michael",rhp,4.139,2200000
2010,"Heilman, Aaron",rhp,5.123,2150000
2010,"Durbin, Chad",rhp,5.102,2125000
2010,"Hairston Jr., Jerry",of-2b,9.127,2125000
2010,"Marmol, Carlos",rhp,3.084,2125000
2010,"Vazquez, Ramon",,,2125000
2010,"Counsell, Craig",2b-3b,12.037,2100000
2010,"Navarro, Dioner",c,4.103,2100000
2010,"Sanchez, Jonathan",lhp-s,3.071,2100000
2010,"Iglesias, Jose",ss,0,2062500
2010,"Aybar, Erick",ss,3.086,2050000
2010,"Balfour, Grant",rhp,5.099,2050000
2010,"Coffey, Todd",rhp,4.024,2025000
2010,"Cabrera, Orlando",ss,11.123,2020000
2010,"Alvarez, Pedro",3b,0,2000000
2010,"Buck, John",c,5.101,2000000
2010,"Catalanotto, Frank",,,2000000
2010,"Crain, Jesse",rhp,5.039,2000000
2010,"Gerut, Jody",cf,5.096,2000000
2010,"Gregg, Kevin",rhp,6.002,2000000
2010,"Howry, Bobby",rhp,10.079,2000000
2010,"Miller, Trever",lhp,9.095,2000000
2010,"Montero, Miguel",c,3.031,2000000
2010,"Nunez, Leo",rhp,3.108,2000000
2010,"Olivo, Miguel",c,6.171,2000000
2010,"Reyes, Dennys",lhp,11.039,2000000
2010,"Rhodes, Arthur",lhp,17.016,2000000
2010,"Schumaker, Skip",2b-lf,3.051,2000000
2010,"Tallet, Brian",lhp-s,4.146,2000000
2010,"Wang, Chien-Ming",rhp-s,4.159,2000000
2010,"Porcello, Rick",rhp-s,1.013,1987500
2010,"Price, David",lhp,0.164,1933333
2010,"Hammel, Jason",rhp,2.153,1900000
2010,"Ruiz, Carlos",c,3.069,1900000
2010,"Zaun, Gregg",c,14.093,1900000
2010,"Cora, Alex",2b-ss,10.161,1850000
2010,"Iannetta, Chris",c,3.029,1833333
2010,"Davies, Kyle",rhp-s,4.012,1800000
2010,"Howell, J.P.",lhp,3.007,1800000
2010,"Miller, Andrew",lhp,2.086,1790219
2010,"Hochevar, Luke",rhp-s,1.151,1760000
2010,"Duchscherer, Justin",rhp-s,6.051,1750000
2010,"Giambi, Jason",1b-dh,14.082,1750000
2010,"Glaus, Troy",3b,11.06,1750000
2010,"Kendrick, Howie",2b,3.091,1750000
2010,"Lewis, Colby",rhp,3.136,1750000
2010,"Padillia, Vicente",,,1750000
2010,"Bloomquist, Willie",2b-of,7.029,1700000
2010,"Podsednik, Scott",cf-lf,7.035,1650000
2010,"Lindstrom, Matt",rhp,3,1625000
2010,"Byrdak, Tim",lhp,4.15,1600000
2010,"Liriano, Francisco",lhp-s,3.104,1600000
2010,"Ross, David",c,7.001,1600000
2010,"Carroll, Jamey",2b-3b,7.02,1550000
2010,"Everett, Adam",ss,7.091,1550000
2010,"Ackley, Dustin",of,0,1500000
2010,"Bedard, Erik",lhp-s,6.171,1500000
2010,"Blum, Geoff",3b-ss,10.056,1500000
2010,"Branyan, Russell",1b-3b,8.147,1500000
2010,"Bruney, Brian",rhp,4.164,1500000
2010,"Church, Ryan",rf,4.152,1500000
2010,"Contreras, Jose",rhp-s,6.152,1500000
2010,"Harris, Willie",2b-lf,6.14,1500000
2010,"Hechavarria, Adeiny",ss,0,1500000
2010,"Kotsay, Mark",of-1b,12.018,1500000
2010,"McDonald, John",ss-2b,8.118,1500000
2010,"Scherzer, Max",rhp-s,1.079,1500000
2010,"Teahen, Mark",,,1500000
2010,"Thome, Jim",dh,17.042,1500000
2010,"Harris, Brendan",2b-ss,3.112,1450000
2010,"Pagan, Angel",of,3.144,1450000
2010,"Hudson, Orlando",,,1440000
2010,"Arguelles, Noel",lhp,0,1380000
2010,"Vizquel, Omar",ss-2b,20.13,1375000
2010,"Aybar, Willy",1b-3b,3.153,1350000
2010,"Davis, Rajai",of,2.167,1350000
2010,"Dobbs, Greg",3b-1b,4.035,1350000
2010,"Donnelly, Brendan",rhp,6.069,1350000
2010,"Ohman, Will",lhp,7.027,1350000
2010,"Mathis, Jeff",c,3.012,1300000
2010,"Matusz, Brian",lhp,0.062,1300000
2010,"Spilborghs, Ryan",lf,3.082,1300000
2010,"Braun, Ryan",lf,2.129,1287500
2010,"Mora, Melvin",3b,10.088,1275000
2010,"Escobar, Kelvim",rhp-s,12.04,1250000
2010,"Garciaparra, Nomar",,,1250000
2010,"Giambi, Jason",,,1250000
2010,"Igarashi, Ryota",rhp,0,1250000
2010,"Jenkins, Geoff",,,1250000
2010,"Jimenez, Ubaldo",rhp-s,2.087,1250000
2010,"Kennedy, Adam",2b,10.022,1250000
2010,"Sanchez, Anibal",rhp-s,3.099,1250000
2010,"Santiago, Ramon",ss-2b,5.095,1250000
2010,"Brackman, Andrew",rhp,1.016,1237500
2010,"Ramirez, Alexei",ss,2,1225000
2010,"Cormier, Lance",rhp,4.154,1200000
2010,"Hendrickson, Mark",lhp-s,7.056,1200000
2010,"Morales, Kendry",1b,2.057,1200000
2010,"Park, Chan Ho",rhp,13.05,1200000
2010,"Pena, Tony",rhp,3.024,1200000
2010,"Turner, Jacob",rhp,0,1175000
2010,"Ramirez, Ramon",rhp,3.133,1155000
2010,"Camp, Shawn",rhp,4.17,1150000
2010,"Gordon, Alex",3b,2.162,1150000
2010,"Keppinger, Jeff",2b-ss,3.052,1150000
2010,"Lowe, Mark",rhp,3.087,1150000
2010,"Moylan, Peter",rhp,3.061,1150000
2010,"Cedeno, Ronny",2b-ss,4.029,1125000
2010,"Schneider, Brian",c,8.125,1125000
2010,"Gomez, Carlos",cf,2.141,1100000
2010,"Paulino, Ronny",c,3.112,1100000
2010,"Tazawa, Junichi",rhp,0.057,1100000
2010,"Winn, Randy",rf,11,1100000
2010,"League, Brandon",rhp,3.145,1087500
2010,"Accardo, Jeremy",rhp,3.17,1080000
2010,"Pinto, Renyel",lhp,3.083,1075000
2010,"Buchholz, Taylor",rhp,3.14,1055000
2010,"Kapler, Gabe",of,9.025,1054000
2010,"Masset, Nick",rhp,2.146,1035000
2010,"Niemann, Jeff",rhp-s,1.022,1032000
2010,"Adams, Mike",rhp,3.019,1000000
2010,"Batista, Miguel",rhp-s,12.045,1000000
2010,"Betancourt, Yuniesky",,,1000000
2010,"Crosby, Bobby",ss,6.029,1000000
2010,"Eckstein, David",2b,9,1000000
2010,"Fontenot, Mike",2b,2.139,1000000
2010,"Garcia, Freddy",rhp-s,9.06,1000000
2010,"Gload, Ross",1b-rf,6.055,1000000
2010,"Hinske, Eric",1b-lf,8,1000000
2010,"Kearns, Austin",,,1000000
2010,"Looper, Braden",,,1000000
2010,"Lopez, Felipe",2b-ss,7.027,1000000
2010,"Miles, Aaron",,,1000000
2010,"Mora, Melvin",,,1000000
2010,"Ortiz, Ramon",rhp,7.14,1000000
2010,"Putz, J.J.",,,1000000
2010,"Takahashi, Hisanori",lhp,0,1000000
2010,"Thomas, Brad",lhp,1.056,1000000
2010,"Tracy, Chad",,,1000000
2010,"Wagner, Billy",,,1000000
2010,"Wellemeyer, Todd",rhp-s,6.009,1000000
2010,"Baker, Jeff",2b-3b,3.049,975000
2010,"Green, Sean",rhp,3.125,975000
2010,"Ray, Chris",rhp,4.098,975000
2010,"Carrasco, D.J.",rhp,3.141,950000
2010,"Dye, Jermaine",,,950000
2010,"Helms, Wes",3b-1b,10.018,950000
2010,"Kuo, Hong-Chih",lhp,3.114,950000
2010,"LaRue, Jason",c,9.15,950000
2010,"Longoria, Evan",3b,1.17,950000
2010,"Marshall, Sean",lhp-s,3.088,950000
2010,"Miner, Zach",rhp,3.078,950000
2010,"Tejeda, Robinson",rhp,3.102,950000
2010,"Villanueva, Carlos",rhp,3.053,950000
2010,"Zumaya, Joel",rhp,4,915000
2010,"Delcarmen, Manny",rhp,3.133,905000
2010,"Alonso, Yonder",1b,0.018,900000
2010,"Condrey, Clay",rhp,4.012,900000
2010,"Crow, Aaron",rhp-s,0,900000
2010,"Jacobs, Mike",dh-1b,4.047,900000
2010,"Thames, Marcus",dh-of,5.108,900000
2010,"Tracy, Chad",1b,6,900000
2010,"Vargas, Claudio",rhp,6.031,900000
2010,"Wright, Jamey",rhp,11.11,900000
2010,"Ausmus, Brad",c,16.07,850000
2010,"Belisle, Matt",rhp,4.019,850000
2010,"Edmonds, Jim",of,15.027,850000
2010,"Marcum, Shaun",rhp-s,3.128,850000
2010,"Meredith, Cla",rhp,3.107,850000
2010,"Mitre, Sergio",rhp,4.132,850000
2010,"Redmond, Mike",c,11.129,850000
2010,"Tatis, Fernando",3b-of,8.105,850000
2010,"Taschner, Jack",lhp,3.101,835000
2010,"Reynolds, Mark",3b,2.138,833333
2010,"Belliard, Ron",2b,10.162,825000
2010,"Guzman, Angel",rhp,3.095,825000
2010,"Ojeda, Augie",ss-2b,4.169,825000
2010,"Medders, Brandon",rhp,3.074,820000
2010,"Sampson, Chris",rhp,3.012,815000
2010,"Castro, Ramon",c,8.152000000000001,800000
2010,"Gomes, Jonny",of,4.097,800000
2010,"Gorzelanny, Tom",lhp-s,2.16,800000
2010,"Johnson, Reed",cf,6.145,800000
2010,"Michaels, Jason",of,8.016,800000
2010,"Molina, Jose",c,8.026000000000002,800000
2010,"Weaver, Jeff",rhp,9.158000000000001,800000
2010,"Perez, Rafael",lhp,2.157,795000
2010,"Burnett, Sean",lhp,3.085,775000
2010,"Lopez, Javier",lhp,4.167,775000
2010,"Bergmann, Jason",rhp,3.064,750000
2010,"Blackburn, Nick",rhp-s,2.028,750000
2010,"Blanco, Henry",c,11.136,750000
2010,"Flores, Jesus",c,2.158,750000
2010,"Gallardo, Yovani",rhp-s,2.108,750000
2010,"Gross, Gabe",rf,4.114,750000
2010,"Kearns, Austin",rf,7.145,750000
2010,"Mota, Guillermo",rhp,9.159,750000
2010,"Quintero, Humberto",c,3.141,750000
2010,"Span, Denard",lf,1.111,750000
2010,"Torrealba, Yorvit",c,8.03,750000
2010,"Gaudin, Chad",,,737500
2010,"Boyer, Blaine",rhp,3.122,725000
2010,"Upton, Justin",rf,2.06,708333
2010,"Castro, Juan",2b-ss,12.127,700000
2010,"Choate, Randy",lhp,5.073,700000
2010,"Gaudin, Chad",rhp,4.164,700000
2010,"Hill, Koyie",c,3.006,700000
2010,"Janssen, Casey",rhp,3.063,700000
2010,"Nieves, Wil",c,3.092,700000
2010,"Stairs, Matt",lf-rf,14.077,700000
2010,"Sullivan, Cory",of,4.01,700000
2010,"Albers, Matt",rhp,2.141,680000
2010,"Colon, Roman",rhp,3.133,665000
2010,"Nippert, Dustin",rhp,2.14,665000
2010,"Bonser, Boof",rhp,3.102,650000
2010,"Catalanotto, Frank",of,11.132,650000
2010,"Coste, Chris",c,3.077,650000
2010,"Flores, Randy",lhp,5.025,650000
2010,"Lopez, Rodrigo",rhp-s,6.075,650000
2010,"Sweeney, Mike",dh-1b,13.066,650000
2010,"Walker, Tyler",rhp,4.166,650000
2010,"Neshek, Pat",rhp,3.087,625000
2010,"Willits, Reggie",of,3,625000
2010,"Borbon, Julio",of,0.083,600000
2010,"Grudzielanek, Mark",ss-2b,13.129,600000
2010,"Parrish, John",lhp,6.024,600000
2010,"Soto, Geovany",c,2.096,575000
2010,"Devine, Joey",rhp,2.171,557500
2010,"Anderson, Garret",lf,15.049,550000
2010,"Garko, Ryan",1b,3.091,550000
2010,"Lind, Adam",dh-lf,2.085,550000
2010,"Veras, Jose",rhp,3.014,550000
2010,"Votto, Joey",1b,2.027,550000
2010,"Miranda, Juan",1b,0.031,535000
2010,"Blanco, Andres",ss,1.087,510000
2010,"Barajas, Rod",c,9,500000
2010,"Gonzalez, Alex",,,500000
2010,"Jones, Andruw",cf-lf,13.047,500000
2010,"Lamb, Mike",3b,7.168,500000
2010,"McGowan, Dustin",rhp-s,3.113,500000
2010,"Pelfrey, Mike",rhp-s,2.122,500000
2010,"Schoeneweis, Scott",lhp,10.111,500000
2010,"Ellsbury, Jacoby",cf,2.037,496500
2010,"Chamberlain, Joba",rhp-s,2.055,487975
2010,"Jurrjens, Jair",rhp-s,2.047,480000
2010,"Kendrick, Kyle",rhp,1.159,480000
2010,"Coghlan, Chris",lf,0.15,475000
2010,"Butler, Billy",1b-dh,2.102,470000
2010,"Francisco, Ben",lf,2.049,470000
2010,"Happ, J.A.",lhp,1.047,470000
2010,"Slowey, Kevin",rhp-s,2.063,470000
2010,"Jones, Adam",cf,2.139,465000
2010,"Sandoval, Pablo",c-3b,1.047,465000
2010,"Choo, Shin Soo",rf,2.119,461100
2010,"Callaspo, Alberto",2b,2.135,460000
2010,"Lannan, John",lhp-s,2.04,458000
2010,"Lewis, Fred",lf,2.129,455000
2010,"Hanrahan, Joel",rhp,2.065,453000
2010,"Gardner, Brett",of,1.072,452500
2010,"Milledge, Lastings",cf,2.08,452000
2010,"LaRoche, Andy",3b,2.026,451000
2010,"Hughes, Phil",rhp-s,2.114,447000
2010,"Beckham, Gordon",2b,0.123,445000
2010,"Cueto, Johnny",rhp-s,2,445000
2010,"Volquez, Edinson",rhp-s,2.12,445000
2010,"Cabrera, Asdrubal",2b,2.027,444600
2010,"Young, Delwyn",lf-rf,2.068,444500
2010,"Buchholz, Clay",rhp-s,1.059,443000
2010,"Bruce, Jay",rf,1.125,440000
2010,"Cruz, Nelson",rf,2.082,440000
2010,"Johnson, Jim",rhp,2.008,440000
2010,"Kershaw, Clayton",lhp-s,1.105,440000
2010,"O'Flaherty, Eric",lhp,2.062,440000
2010,"Owings, Micah",rhp-s,2.139,440000
2010,"Parra, Manny",lhp-s,2.063,440000
2010,"Prado, Martin",2b,2.105,440000
2010,"Rowland-Smith, Ryan",lhp-s,2.074,440000
2010,"Ohlendorf, Ross",rhp-s,1.139,439000
2010,"Zobrist, Ben",2b-rf,2.134,438100
2010,"Raburn, Ryan",of,2.109,438000
2010,"Casilla, Alexi",2b,2.038,437500
2010,"Aceves, Alfredo",rhp,1.015,435650
2010,"Bailey, Andrew",rhp,1,435000
2010,"Escobar, Yuniel",ss,2.121,435000
2010,"Hanson, Tommy",rhp,0.12,435000
2010,"Stokes, Brian",rhp,2.084,435000
2010,"Lowrie, Jed",ss,1.111,434000
2010,"Mijares, Jose",lhp,1.024,430000
2010,"Aviles, Mike",ss,1.123,429000
2010,"Pena, Brayan",c,2.081,428000
2010,"Headley, Chase",3b-lf,1.123,427700
2010,"Murphy, David",lf,2.087,427670
2010,"McGehee, Casey",3b,1.028,427500
2010,"Smith, Joe",rhp,2.132,427500
2010,"Ramirez, Edwar",rhp,1.13,427400
2010,"Masterson, Justin",rhp,1.108,427000
2010,"Wells, Randy",rhp,1.016,427000
2010,"O'Day, Darren",rhp,2.14,426700
2010,"Robertson, David",rhp,1.071,426650
2010,"Morgan, Nyjer",lf,1.12,426500
2010,"Torres, Andres",of,2.115,426000
2010,"Breslow, Craig",lhp,2.088,425000
2010,"Coke, Phil",lhp,1.028,425000
2010,"Fulchino, Jeff",rhp,1.067,425000
2010,"Hensley, Clay",rhp,2.161,425000
2010,"Jones, Garrett",1b-of,0.158,425000
2010,"McClellan, Kyle",rhp,2,425000
2010,"Reyes, Anthony",rhp-s,3.027,425000
2010,"Ryan, Brendan",ss,2.082,425000
2010,"Perez, Chris",rhp,1.136,423800
2010,"Richard, Clayton",lhp,1.07,423700
2010,"McCutchen, Andrew",of,0.123,422500
2010,"Morton, Charlie",rhp,1.055,422500
2010,"Lewis, Jensen",rhp,2.028,422400
2010,"Fields, Josh",3b,1.159,422000
2010,"Laffey, Aaron",lhp-s,1.147,421900
2010,"Atchison, Scott",rhp,1.127,420000
2010,"Bonifacio, Emilio",3b-2b,1.108,420000
2010,"Braden, Dallas",lhp-s,2.039,420000
2010,"Nix, Jayson",2b,1.046,420000
2010,"Palmer, Matt",rhp,1.006,420000
2010,"Pie, Felix",lf,2.012,420000
2010,"Stetter, Mitch",lhp,1.12,420000
2010,"Suzuki, Kurt",c,2.113,420000
2010,"Sweeney, Ryan",cf,2.053,420000
2010,"Volstad, Chris",rhp-s,1.085,420000
2010,"Gwynn, Anthony",of,2.044,419800
2010,"Mujica, Edward",rhp,2.115,419800
2010,"Eveland, Dana",lhp-s,2.065,419500
2010,"Murphy, Dan",lf-1b,1.058,419000
2010,"Cabrera, Everth",ss,1,418800
2010,"Saltalamacchia, Jarrod",c,2.137,418580
2010,"Andrus, Elvis",ss,1,418420
2010,"Bailey, Homer",rhp,1.017,418000
2010,"Bulger, Jason",rhp,1.122,418000
2010,"Rasmus, Colby",cf,1,418000
2010,"Duensing, Brian",lhp,0.104,417500
2010,"Ishikawa, Travis",1b,1.065,417000
2010,"Sonnanstine, Andy",rhp-s,2.066,416900
2010,"Gregerson, Luke",rhp,1,416500
2010,"Hannahan, Jack",3b,2.034,416500
2010,"Jaramillo, Jason",c,1,416500
2010,"Romo, Sergio",rhp,1.097,416500
2010,"Schierholtz, Nate",lf-rf,1.078,416500
2010,"Balentien, Wladimir",,,416000
2010,"Inglett, Joe",of,2.036,416000
2010,"Troncoso, Ramon",rhp,1.119,416000
2010,"Velez, Eugenio",2b-lf,1.108,416000
2010,"Hundley, Nick",c,1.088,415700
2010,"Arias, Alberto",rhp,1.053,415500
2010,"Bard, Daniel",rhp,0.148,415500
2010,"Gonzalez, Alberto",ss,1.135,415500
2010,"Stauffer, Tim",rhp,2.007,415100
2010,"Baker, John",c,1.083,415000
2010,"Barden, Brian",3b,0.149,415000
2010,"Chavez, Jesse",rhp,1.033,415000
2010,"Dickerson, Chris",lf,1.048,415000
2010,"Hanigan, Ryan",c,1.077,415000
2010,"Jepsen, Kevin",rhp,0.169,415000
2010,"Meyer, Dan",lhp,1.106,415000
2010,"Paulino, Felipe",rhp,1.163,415000
2010,"White, Sean",rhp,2,415000
2010,"Williams, Randy",lhp,0.171,415000
2010,"Litsch, Jesse",rhp-s,2.098,414700
2010,"Valbuena, Luis",inf,1.012,414700
2010,"Getz, Chris",2b,1.05,414500
2010,"Davis, Chris",1b,1.056,414120
2010,"Nieve, Fernando",rhp,1.16,414000
2010,"Gallagher, Sean",rhp,1.11,413500
2010,"Meek, Evan",rhp,1.037,413500
2010,"Marte, Andy",3b,2.107,413400
2010,"Venable, Will",of,0.155,412800
2010,"Thatcher, Joe",lhp,1.068,412700
2010,"Belisario, Ronald",rhp,1,412500
2010,"Herrera, Daniel Ray",lhp,1.028,412500
2010,"Janish, Paul",ss-2b,1.064,412500
2010,"Johnson, Rob",c,1.057,412500
2010,"Kelley, Shawn",rhp,1,412500
2010,"Morales, Jose",c,0.13,412500
2010,"Sanches, Brian",rhp,1.105,412500
2010,"Vargas, Jason",lhp,2.114,412500
2010,"Pena, Ramiro",inf,0.138,412100
2010,"Gutierrez, Juan",rhp,1.035,411000
2010,"Haeger, Charles",rhp,0.125,411000
2010,"Mock, Garrett",rhp,1.007,411000
2010,"Motte, Jason",rhp,1.027,411000
2010,"Cervelli, Francisco",c,0.014,410800
2010,"Huff, David",lhp,0.141,410700
2010,"Blanks, Kyle",1b,0.108,410600
2010,"Anderson, Brett",lhp-s,1,410000
2010,"Ascanio, Jose",rhp,1.005,410000
2010,"Barton, Daric",1b,1.119,410000
2010,"Bowker, John",inf,1.04,410000
2010,"Buck, Travis",rf-lf,1.17,410000
2010,"Burriss, Emmanuel",ss,1.097,410000
2010,"Cahill, Trevor",rhp-s,1,410000
2010,"DeWitt, Blake",2b-3b,1.048,410000
2010,"Morse, Michael",inf-of,2.114,410000
2010,"Outman, Josh",lhp-s,1.027,410000
2010,"Reyes, Jo-Jo",lhp,1.132,410000
2010,"Rosales, Adam",inf,1.025,410000
2010,"Wood, Brandon",ss,1.015,410000
2010,"Ziegler, Brad",rhp,1.122,410000
2010,"Richmond, Scott",rhp-s,1.063,409900
2010,"Hunter, Tommy",rhp,0.116,409850
2010,"Morrow, Brandon",rhp,2.091,409800
2010,"Rosales, Leo",rhp,1.058,409500
2010,"Valdez, Merkin",rhp,2.033,409500
2010,"Kottaras, George",c,1.021,408500
2010,"Perry, Ryan",rhp,0.154,408500
2010,"Salazar, Oscar",1b,1.036,408500
2010,"Romero, Ricky",lhp-s,1,408300
2010,"Stewart, Ian",3b,1.154,408000
2010,"Latos, Mat",rhp,0.079,407800
2010,"Badenhop, Burke",rhp,2,407500
2010,"Medlen, Kris",rhp,0.137,407500
2010,"Ni, Fu-Te",lhp,0.099,407500
2010,"Mathis, Doug",rhp,1.091,407400
2010,"Sipp, Tony",lhp,0.138,407300
2010,"Teagarden,Taylor",c,1.032,407010
2010,"Abreu, Tony",2b,1.127,407000
2010,"Smith, Seth",of,1.119,407000
2010,"Fister, Doug",rhp,0.058,406500
2010,"Gamel, Mat",3b,0.028,406500
2010,"Narveson, Chris",lhp,0.102,406500
2010,"Towles, J.R.",c,1.018,406500
2010,"Mendoza, Luis",rhp,1.027,406210
2010,"Harrison, Matt",lhp-s,1.083,406090
2010,"Fowler, Dexter",cf,1.027,406000
2010,"Gonzalez, Carlos",of,1.059,406000
2010,"Joyce, Matt",of,0.136,406000
2010,"Morales, Franklin",lhp,1.051,406000
2010,"Smith, Greg",lhp,1.034,406000
2010,"Snider, Travis",lf,0.126,405800
2010,"Escobar, Alcides",ss,0.082,405500
2010,"Parra, Gerardo",of,0.145,405500
2010,"Rodriguez, Sean",ss,0.133,405500
2010,"Bastardo, Antonio",lhp,0.094,405000
2010,"Bergesen, Brad",rhp,1,405000
2010,"Blevins, Jerry",lhp,0.162,405000
2010,"Clement, Jeff",1b,0.15,405000
2010,"Evans, Terry",of,0.056,405000
2010,"Fox, Jake",3b-of-c,0.145,405000
2010,"Gonzalez, Gio",lhp-s,0.162,405000
2010,"Hayhurst, Dirk",rhp,0.127,405000
2010,"Kelly, Don",ss,0.149,405000
2010,"Maybin, Cameron",cf,0.129,405000
2010,"Meloan, Jonathan",rhp,0.073,405000
2010,"Patterson, Eric",2b,0.144,405000
2010,"Pennington, Cliff",inf,0.114,405000
2010,"Whiteside, Eli",c,1.012,405000
2010,"Avila, Alex",c,0.061,404900
2010,"Davis, Wade",rhp,0.032,404900
2010,"Madrigal, Warner",rhp,0.164,404730
2010,"Vasquez, Esmerling",rhp,0.162,404500
2010,"Wade, Cory",rhp,1.096,404500
2010,"Ruiz, Randy",inf,0.114,404300
2010,"Bonine, Eddie",rhp,0.086,404000
2010,"Daley, Matt",rhp,0.166,404000
2010,"Rzepczynski, Marc",lhp,0.09,404000
2010,"Brignac, Reid",ss,0.07,403700
2010,"Carroll, Brett",lf,2.004,403500
2010,"Berg, Justin",rhp,0.042,403000
2010,"Caridad, Esmailin",rhp,0.056,403000
2010,"Kennedy, Ian",rhp-s,0.124,403000
2010,"Reynolds, Greg",rhp,0.114,403000
2010,"Ekstrom, Mike",rhp,0.066,402700
2010,"LaPorta, Matt",1b,0.072,402700
2010,"Gervacio, Sam",rhp,0.056,402500
2010,"Hernandez, David",rhp,0.105,402500
2010,"Schafer, Jordan",cf,0.121,402500
2010,"Budde, Ryan",c,1.002,402200
2010,"Arias, Joaquin",ss,1.081,402000
2010,"Boggs, Mitchell",rhp-s,0.125,402000
2010,"Feliz, Neftali",rhp,0.064,402000
2010,"Hawksworth, Blake",rhp,0.108,402000
2010,"Niese, Jon",lhp,0.107,402000
2010,"Stammen, Craig",rhp,0.137,402000
2010,"Wilson, Bobby",c,0.076,402000
2010,"McCutchen, Daniel",rhp,0.035,401500
2010,"Ramos, Cesar",lhp,0.027,401300
2010,"Marson, Lou",c,0.078,401200
2010,"Carpenter, Drew",rhp,0.01,401000
2010,"Clippard, Tyler",rhp,0.148,401000
2010,"Colvin, Tyler",of,0.014,401000
2010,"Hurley, Eric",rhp,1.109,401000
2010,"Moore, Adam",c,0.022,401000
2010,"Norris, Bud",rhp,0.068,401000
2010,"Rogers, Esmil",rhp,0.023,401000
2010,"Ryal, Rusty",inf,0.056,401000
2010,"Sanchez, Gaby",1b-c,0.062,401000
2010,"Tuiasosopo, Matt",3b,0.061,401000
2010,"Zimmermann, Jordan",rhp,0.168,401000
2010,"Brantley, Michael",of-1b,0.034,400800
2010,"McCoy, Mike",ss,0.027,400700
2010,"Talbot, Mitch",rhp,0.016,400700
2010,"Hughes, Dusty",lhp,0.03,400500
2010,"Joaquin, Waldis",lhp,0.038,400500
2010,"Runzler, Dan",lhp,0.033,400500
2010,"Ambriz, Hector",rhp,0,400000
2010,"Bazardo, Yorman",rhp,0.123,400000
2010,"Berken, Jason",rhp,0.132,400000
2010,"Burnett, Alex",rhp,0,400000
2010,"Butera, Drew",c,0,400000
2010,"Butler, Josh",rhp,0.02,400000
2010,"Conrad, Brooks",2b,0.078,400000
2010,"Craig, Allen",1b-3b-of,0,400000
2010,"Desmond, Ian",ss,0.027,400000
2010,"Detwiler, Ross",lhp,0.11,400000
2010,"English, Jesse",lhp,0,400000
2010,"Francisco, Juan",3b,0.021,400000
2010,"Freese, David",3b,0.028,400000
2010,"Garcia, Jaime",lhp,1.147,400000
2010,"Hernandez, Diory",inf,0.083,400000
2010,"Herndon, David",rhp,0,400000
2010,"Heyward, Jason",of,0,400000
2010,"Jackson, Austin",of,0,400000
2010,"Johnson, Chris",3b,0.027,400000
2010,"Lucy, Donny",c,0.03,400000
2010,"Manzella, Tommy",ss,0.027,400000
2010,"Mather, Joe",3b-lf,0.098,400000
2010,"Monasterios, Carlos",rhp,0,400000
2010,"Norberto, Jordan",lhp,0,400000
2010,"Ondrusek, Logan",rhp,0,400000
2010,"Ortega, Anthony",rhp,0.016,400000
2010,"Pettit, Chris",lf,0.027,400000
2010,"Raynor, John",of,0,400000
2010,"Reimold, Nolan",of,0.144,400000
2010,"Ross, Tyson",rhp,0,400000
2010,"Russell, James",lhp,0,400000
2010,"Santos, Sergio",rhp,0,400000
2010,"Sizemore, Scott",2b-ss,0,400000
2010,"Stavinoha, Nick",of,0.115,400000
2010,"Stubbs, Drew",of,0.047,400000
2010,"Tatum, Craig",c,0.077,400000
2010,"Tejada, Ruben",2b-ss,0,400000
2010,"Texeira, Kanekoa",rhp,0,400000
2010,"Weathers, David",,,400000
2010,"Wieters, Matt",c,0.129,400000
2009,"Rodriguez, Alex",3b,,33000000
2009,"Ramirez, Manny",lf-dh,,25000000
2009,"Jeter, Derek",ss,,21600000
2009,"Teixeira, Mark",1b,,20625000
2009,"Beltran, Carlos",cf,,20071429
2009,"Santana, Johan",lhp-s,,20000000
2009,"Ordonez, Magglio",rf,,19200000
2009,"Lee, Carlos",lf,,19000000
2009,"Zambrano, Carlos",rhp-s,,18750000
2009,"Zito, Barry",lhp-s,,18500000
2009,"Hunter, Torii",cf,,18000000
2009,"Suzuki, Ichiro",rf,,18000000
2009,"Soriano, Alfonso",lf,,17000000
2009,"Ramirez, Aramis",3b,,16650000
2009,"Helton, Todd",1b,,16600000
2009,"Burnett, A.J.",rhp-s,,16500000
2009,"Pujols, Albert",1b,,16000000
2009,"Young, Michael",3b,,16000000
2009,"Hudson, Tim",rhp-s,,15500000
2009,"Schmidt, Jason",rhp-s,,15500000
2009,"Sabathia, CC",lhp-s,,15285714
2009,"Cabrera, Miguel",1b,,15000000
2009,"Guerrero, Vladimir",rf-dh,,15000000
2009,"Howard, Ryan",1b,,15000000
2009,"Lowe, Derek",rhp-s,,15000000
2009,"Rivera, Mariano",rhp,,15000000
2009,"Tejada, Miguel",3b,,15000000
2009,"Berkman, Lance",1b,,14500000
2009,"Halladay, Roy",rhp-s,,14250000
2009,"Buehrle, Mark",lhp-s,,14000000
2009,"Carpenter, Chris",rhp-s,,14000000
2009,"Drew, J.D.",rf,,14000000
2009,"Millwood, Kevin",rhp-s,,14000000
2009,"Oswalt, Roy",rhp-s,,14000000
2009,"Sheffield, Gary",rf,,14000000
2009,"Holliday, Matt",lf,,13500000
2009,"Beltre, Adrian",3b,,13400000
2009,"Lee, Derrek",1b,,13250000
2009,"Posada, Jorge",c,,13100000
2009,"Damon, Johnny",lf,,13000000
2009,"Lilly, Ted",lhp-s,,13000000
2009,"Matsui, Hideki",dh-lf,,13000000
2009,"Ortiz, David",dh,,13000000
2009,"Thome, Jim",dh,,13000000
2009,"Suppan, Jeff",rhp-s,,12750000
2009,"Bonderman, Jeremy",rhp-s,,12500000
2009,"Fukudome, Kosuke",rf,,12500000
2009,"Lowell, Mike",3b,,12500000
2009,"Kuroda, Hiroki",rhp-s,,12433333
2009,"Silva, Carlos",rhp-s,,12250000
2009,"Glaus, Troy",3b,,12137000
2009,"Cordero, Francisco",rhp,,12125000
2009,"Myers, Brett",rhp-s,,12083333
2009,"Delgado, Carlos",1b,,12000000
2009,"Guillen, Jose",rf,,12000000
2009,"Konerko, Paul",1b,,12000000
2009,"Lidge, Brad",rhp,,12000000
2009,"Padillia, Vicente",rhp-s,,12000000
2009,"Perez, Oliver",lhp-s,,12000000
2009,"Ryan, B.J.",lhp,,12000000
2009,"Byrnes, Eric",of,,11666667
2009,"Rolen, Scott",3b,,11625000
2009,"Morneau, Justin",1b,,11600000
2009,"Chavez, Eric",3b,,11500000
2009,"Dye, Jermaine",rf,,11500000
2009,"Hafner, Travis",dh,,11500000
2009,"Vazquez, Javier",rhp-s,,11500000
2009,"Meche, Gil",rhp-s,,11400000
2009,"Utley, Chase",2b,,11285714
2009,"Nathan, Joe",rhp,,11250000
2009,"Beckett, Josh",rhp-s,,11166667
2009,"Harang, Aaron",rhp-s,,11000000
2009,"Jones, Chipper",3b,,11000000
2009,"Peavy, Jake",rhp-s,,11000000
2009,"Arroyo, Bronson",rhp-s,,10750000
2009,"Mauer, Joe",c,,10500000
2009,"Wagner, Billy",lhp,,10500000
2009,"Matthews Jr., Gary",cf,,10400000
2009,"Washburn, Jarrod",lhp-s,,10350000
2009,"Cameron, Mike",cf,,10000000
2009,"Contreras, Jose",rhp-s,,10000000
2009,"Escobar, Kelvim",rhp-s,,10000000
2009,"Guillen, Carlos",lf,,10000000
2009,"Lackey, John",rhp-s,,10000000
2009,"Pierre, Juan",cf-lf,,10000000
2009,"Westbrook, Jake",rhp-s,,10000000
2009,"Willis, Dontrelle",lhp-s,,10000000
2009,"Wood, Kerry",rhp,,10000000
2009,"Marquis, Jason",rhp-s,,9875000
2009,"Rowand, Aaron",cf,,9600000
2009,"Cook, Aaron",rhp-s,,9583333
2009,"Batista, Miguel",rhp-s,,9500000
2009,"Lugo, Julio",ss,,9250000
2009,"Winn, Randy",rf,,9250000
2009,"Rodriguez, Francisco",rhp,,9166667
2009,"Dempster, Ryan",rhp-s,,9000000
2009,"Giles, Brian",rf,,9000000
2009,"Davis, Doug",lhp-s,,8750000
2009,"Fuentes, Brian",lhp,,8500000
2009,"Rollins, Jimmy",ss,,8500000
2009,"Crawford, Carl",lf,,8375000
2009,"Kawakami, Kenshin",rhp-s,,8333667
2009,"Matsuzaka, Daisuke",rhp-s,,8333333
2009,"Dunn, Adam",lf-1b,,8000000
2009,"Guzman, Cristian",ss,,8000000
2009,"Hernandez, Ramon",c,,8000000
2009,"Huff, Aubrey",1b,,8000000
2009,"Johjima, Kenji",c,,8000000
2009,"Johnson, Randy",lhp-s,,8000000
2009,"Kearns, Austin",rf,,8000000
2009,"Mora, Melvin",3b,,8000000
2009,"Pena, Carlos",1b,,8000000
2009,"Renteria, Edgar",ss,,8000000
2009,"Roberts, Brian",2b,,8000000
2009,"Valverde, Jose",rhp,,8000000
2009,"Overbay, Lyle",1b,,7950000
2009,"Bay, Jason",lf,,7750000
2009,"Bedard, Erik",lhp-s,,7750000
2009,"Wright, David",3b,,7750000
2009,"Cuddyer, Michael",rf,,7666667
2009,"Furcal, Rafael",ss,,7500000
2009,"Haren, Dan",rhp-s,,7500000
2009,"Pineiro, Joel",rhp-s,,7500000
2009,"Wilson, Jack",ss,,7450000
2009,"Lohse, Kyle",rhp-s,,7437500
2009,"Baez, Danys",rhp,,7166667
2009,"Ibanez, Raul",lf,,7166667
2009,"Atkins, Garrett",1b-3b,,7050000
2009,"LaRoche, Adam",1b,,7050000
2009,"Burrell, Pat",dh-lf,,7000000
2009,"Fielder, Prince",1b,,7000000
2009,"Harden, Rich",rhp-s,,7000000
2009,"Robertson, Nate",lhp,,7000000
2009,"Robertson, Nate",lhp,,7000000
2009,"Hall, Bill",3b,,6925000
2009,"Jenkins, Geoff",of,,6750000
2009,"Nady, Xavier",rf,,6550000
2009,"Greene, Khalil",ss,,6500000
2009,"Moyer, Jamie",lhp-s,,6500000
2009,"Webb, Brandon",rhp-s,,6500000
2009,"Rios, Alex",rf-cf,,6400000
2009,"Soriano, Rafael",rhp,,6350000
2009,"Bradley, Milton",rf-dh,,6333333
2009,"Inge, Brandon",3b,,6300000
2009,"Castillo, Luis",2b,,6250000
2009,"Garland, Jon",rhp-s,,6250000
2009,"Papelbon, Jonathan",rhp,,6250000
2009,"Pierzynski, A.J.",c,,6250000
2009,"Sanchez, Freddy",2b,,6250000
2009,"Youkilis, Kevin",1b,,6250000
2009,"Blalock, Hank",dh-1b,,6200000
2009,"Reyes, Jose",ss,,6125000
2009,"Crisp, Covelli",cf,,6083333
2009,"Cano, Robinson",2b,,6000000
2009,"Dotel, Octavio",rhp,,6000000
2009,"Hoffman, Trevor",rhp,,6000000
2009,"Kazmir, Scott",lhp-s,,6000000
2009,"Lee, Cliff",lhp-s,,6000000
2009,"Molina, Benjie",c,,6000000
2009,"Putz, J.J.",rhp,,6000000
2009,"Martinez, Victor",c-1b,,5900000
2009,"Figgins, Chone",3b,,5775000
2009,"Jenks, Bobby",rhp,,5600000
2009,"DeRosa, Mark",3b,,5500000
2009,"Hawpe, Brad",rf,,5500000
2009,"Johnson, Nick",1b,,5500000
2009,"Matsui, Kazuo",2b,,5500000
2009,"Pettitte, Andy",lhp-s,,5500000
2009,"Ramirez, Hanley",ss,,5500000
2009,"Smoltz, John",rhp-s,,5500000
2009,"Blanton, Joe",rhp-s,,5475000
2009,"Swisher, Nick",lf-rf,,5400000
2009,"Gonzalez, Alex",ss,,5375000
2009,"Uggla, Dan",2b,,5350000
2009,"Crosby, Bobby",ss,,5300000
2009,"Phillips, Brandon",2b,,5187500
2009,"Wells, Vernon",cf,,5142857
2009,"Tracy, Chad",1b,,5083333
2009,"Abreu, Bobby",rf,,5000000
2009,"Blake, Casey",3b,,5000000
2009,"Ellis, Mark",2b,,5000000
2009,"Feliz, Pedro",3b,,5000000
2009,"Kendall, Jason",c,,5000000
2009,"Penny, Brad",rhp-s,,5000000
2009,"Shields, Scot",rhp,,5000000
2009,"Uehara, Koji",rhp-s,,5000000
2009,"Varitek, Jason",c,,5000000
2009,"Wang, Chien-Ming",rhp-s,,5000000
2009,"Wolf, Randy",lhp-s,,5000000
2009,"Young, Dmitri",1b-dh,,5000000
2009,"Schneider, Brian",c,,4900000
2009,"Sizemore, Grady",cf,,4767000
2009,"Looper, Braden",rhp-s,,4750000
2009,"Lowry, Noah",lhp-s,,4750000
2009,"Speier, Justin",rhp,,4750000
2009,"Hardy, J.J.",ss,,4650000
2009,"Young, Chris",rhp-s,,4625000
2009,"Polanco, Placido",3b,,4600000
2009,"Linebrink, Scott",rhp,,4500000
2009,"Street, Huston",rhp,,4500000
2009,"Walker, Jamie",lhp,,4500000
2009,"Percival, Troy",rhp,,4450000
2009,"Hamels, Cole",lhp-s,,4350000
2009,"Farnsworth, Kyle",rhp,,4250000
2009,"Lyon, Brandon",rhp,,4250000
2009,"Riske, David",rhp,,4250000
2009,"Romero, J.C.",lhp,,4250000
2009,"Gregg, Kevin",rhp,,4200000
2009,"Wellemeyer, Todd",rhp-s,,4050000
2009,"Bush, Dave",rhp-s,,4000000
2009,"Cabrera, Orlando",ss,,4000000
2009,"Catalanotto, Frank",of,,4000000
2009,"Dellucci, David",of,,4000000
2009,"Freel, Ryan",inf-of,,4000000
2009,"Giambi, Jason",1b-dh,,4000000
2009,"Kennedy, Adam",2b,,4000000
2009,"Mahay, Ron",lhp,,4000000
2009,"Punto, Nick",ss,,4000000
2009,"Wakefield, Tim",rhp-s,,4000000
2009,"Duchscherer, Justin",rhp-s,,3900000
2009,"Martin, Russell",c,,3900000
2009,"Francis, Jeff",lhp-s,,3875000
2009,"Hernandez, Felix",rhp-s,,3800000
2009,"Santana, Ervin",rhp-s,,3800000
2009,"Benoit, Joaquin",rhp,,3750000
2009,"Downs, Scott",lhp,,3750000
2009,"Greinke, Zack",rhp-s,,3750000
2009,"Marte, Damaso",lhp,,3750000
2009,"Torrealba, Yorvit",c,,3750000
2009,"Ludwick, Ryan",rf,,3700000
2009,"Verlander, Justin",rhp-s,,3675000
2009,"Bradford, Chad",rhp,,3666667
2009,"McCann, Brian",c,,3666667
2009,"Oliver, Darren",lhp,,3665000
2009,"DeJesus, David",lf,,3600000
2009,"Schoeneweis, Scott",lhp,,3600000
2009,"Teahen, Mark",3b-rf,,3575000
2009,"Affeldt, Jeremy",lhp,,3500000
2009,"Cantu, Jorge",1b-3b,,3500000
2009,"Granderson, Curtis",cf,,3500000
2009,"Hawkins, LaTroy",rhp,,3500000
2009,"Lopez, Felipe",2b-ss,,3500000
2009,"Vizcaino, Luis",rhp,,3500000
2009,"Weathers, David",rhp,,3500000
2009,"Gonzalez, Mike",lhp,,3450000
2009,"Peralta, Jhonny",ss,,3400000
2009,"Hudson, Orlando",2b,,3380000
2009,"Francoeur, Jeff",rf,,3375000
2009,"Betancourt, Rafael",rhp,,3350000
2009,"Markakis, Nick",rf,,3350000
2009,"Zimmerman, Ryan",3b,,3325000
2009,"Molina, Yadier",c,,3312500
2009,"Springer, Russ",rhp,,3300000
2009,"Jacobs, Mike",dh-1b,,3275000
2009,"Hart, Corey",rf,,3250000
2009,"Iwamura, Akinori",2b,,3250000
2009,"Rivera, Juan",dh-lf,,3250000
2009,"Kinsler, Ian",2b,,3200000
2009,"Snell, Ian",rhp-s,,3200000
2009,"Wheeler, Dan",rhp,,3200000
2009,"Gonzalez, Adrian",1b,,3125000
2009,"Victorino, Shane",cf,,3125000
2009,"Ethier, Andre",rf,,3100000
2009,"Byrd, Marlon",cf,,3060000
2009,"Jackson, Conor",lf,,3050000
2009,"Johnson, Reed",cf,,3000000
2009,"Kobayashi, Masahide",rhp,,3000000
2009,"Lamb, Mike",3b,,3000000
2009,"Willingham, Josh",lf-rf,,2950000
2009,"Carmona, Fausto",rhp-s,,2937500
2009,"Buck, John",c,,2900000
2009,"Cain, Matt",rhp-s,,2900000
2009,"Kotchman, Casey",1b,,2885000
2009,"Ankiel, Rick",cf,,2825000
2009,"Johnson, Kelly",2b,,2825000
2009,"Church, Ryan",rf,,2800000
2009,"Cust, Jack",dh-of,,2800000
2009,"Laird, Gerald",c,,2800000
2009,"Olsen, Scott",lhp-s,,2800000
2009,"Wainwright, Adam",rhp-s,,2787500
2009,"Howry, Bobby",rhp,,2750000
2009,"Kubel, Jason",dh-lf,,2750000
2009,"Sherrill, George",lhp,,2750000
2009,"Olivo, Miguel",c,,2700000
2009,"Rodney, Fernando",rhp,,2700000
2009,"MacDougal, Mike",rhp,,2650000
2009,"Castro, Ramon",c,,2625000
2009,"Cabrera, Daniel",rhp-s,,2600000
2009,"Maine, John",rhp-s,,2600000
2009,"Rodriguez, Wandy",lhp-s,,2600000
2009,"Hill, Aaron",2b,,2590000
2009,"Qualls, Chad",rhp,,2535000
2009,"Anderson, Garret",lf,,2500000
2009,"Anderson, Garret",lf,,2500000
2009,"Barajas, Rod",c,,2500000
2009,"Brocail, Doug",rhp,,2500000
2009,"Carroll, Jamey",2b-3b,,2500000
2009,"Crede, Joe",3b,,2500000
2009,"Franklin, Ryan",rhp,,2500000
2009,"Maholm, Paul",lhp-s,,2500000
2009,"McLouth, Nate",cf,,2500000
2009,"Park, Chan Ho",rhp,,2500000
2009,"Werth, Jayson",rf,,2500000
2009,"Wigginton, Ty",3b,,2500000
2009,"Miller, Andrew",lhp,,2462500
2009,"Weeks, Rickie",2b,,2450000
2009,"Capps, Matt",rhp,,2425000
2009,"Encarnacion, Edwin",3b,,2425000
2009,"Bautista, Jose",3b-1b,,2400000
2009,"Izturis, Cesar",ss,,2400000
2009,"Nolasco, Ricky",rhp-s,,2400000
2009,"Scott, Luke",dh-of,,2400000
2009,"Betancourt, Yuniesky",ss,,2375000
2009,"Mota, Guillermo",rhp,,2350000
2009,"Madson, Ryan",rhp,,2333333
2009,"Grabow, John",lhp,,2300000
2009,"Moehler, Brian",rhp-s,,2300000
2009,"Thames, Marcus",dh-of,,2275000
2009,"Cruz, Juan",rhp,,2250000
2009,"Hermida, Jeremy",lf,,2250000
2009,"Redding, Tim",rhp-s,,2250000
2009,"Taveras, Willy",cf,,2250000
2009,"Pelfrey, Mike",rhp-s,,2237500
2009,"Ross, Cody",rf,,2225000
2009,"Duke, Zach",lhp-s,,2200000
2009,"Jackson, Edwin",rhp-s,,2200000
2009,"Miles, Aaron",2b-ss,,2200000
2009,"Porcello, Rick",rhp-s,,2162500
2009,"Doumit, Ryan",c,,2150000
2009,"Molina, Jose",c,,2125000
2009,"Navarro, Dioner",c,,2100000
2009,"Chavez, Endy",lf,,2050000
2009,"Beimel, Joe",lhp,,2000000
2009,"Cora, Alex",2b-ss,,2000000
2009,"De La Rosa, Jorge",lhp-s,,2000000
2009,"Embree, Alan",lhp,,2000000
2009,"Eyre, Scott",lhp,,2000000
2009,"Gaudin, Chad",rhp,,2000000
2009,"Griffey Jr., Ken",dh-rf,,2000000
2009,"Hairston Jr., Jerry",of-2b,,2000000
2009,"Hampton, Mike",lhp-s,,2000000
2009,"Miller, Trever",lhp,,2000000
2009,"Napoli, Mike",c,,2000000
2009,"Rauch, Jon",rhp,,2000000
2009,"Rhodes, Arthur",lhp,,2000000
2009,"Snyder, Chris",c,,2000000
2009,"Viciedo, Dayan",3b,,2000000
2009,"Bartlett, Jason",ss,,1981250
2009,"Shoppach, Kelly",c,,1950000
2009,"Young, Chris",cf,,1950000
2009,"Alvarez, Pedro",3b,,1900000
2009,"Belliard, Ron",2b,,1900000
2009,"Gload, Ross",1b-rf,,1900000
2009,"McDonald, John",ss-2b,,1900000
2009,"Vazquez, Ramon",ss-2b,,1875000
2009,"Infante, Omar",ss-2b,,1850000
2009,"Wilson, C.J.",lhp,,1850000
2009,"Broxton, Jonathan",rhp,,1825000
2009,"Ramirez, Horacio",lhp-s,,1800000
2009,"Gerut, Jody",cf,,1775000
2009,"Erstad, Darin",1b-of,,1750000
2009,"Okajima, Hideki",lhp,,1750000
2009,"Pedroia, Dustin",2b,,1750000
2009,"Bannister, Brian",rhp-s,,1737500
2009,"Hochevar, Luke",rhp-s,,1725000
2009,"Crain, Jesse",rhp,,1700000
2009,"Geary, Geoff",rhp,,1700000
2009,"Tatis, Fernando",3b-of,,1700000
2009,"Price, David",lhp,,1683333
2009,"McClung, Seth",rhp,,1662500
2009,"Durbin, Chad",rhp,,1635000
2009,"Barmes, Clint",2b,,1625000
2009,"Heilman, Aaron",rhp,,1625000
2009,"Stairs, Matt",lf-rf,,1625000
2009,"Francisco, Frank",rhp,,1615000
2009,"Feliciano, Pedro",lhp,,1612500
2009,"Izturis, Maicer",2b-3b,,1600000
2009,"Lopez, Jose",2b,,1600000
2009,"Backe, Brandon",rhp-s,,1550000
2009,"Drew, Stephen",ss,,1500000
2009,"Harris, Willie",2b-lf,,1500000
2009,"Hendrickson, Mark",lhp-s,,1500000
2009,"Hinske, Eric",1b-lf,,1500000
2009,"Kotsay, Mark",of-1b,,1500000
2009,"Lincoln, Mike",rhp,,1500000
2009,"Pavano, Carl",rhp-s,,1500000
2009,"Rodriguez, Ivan",c,,1500000
2009,"Saito, Takashi",rhp,,1500000
2009,"Shields, James",rhp-s,,1500000
2009,"Zaun, Gregg",c,,1500000
2009,"Guerrier, Matt",rhp,,1475000
2009,"Frasor, Jason",rhp,,1450000
2009,"Scherzer, Max",rhp-s,,1450000
2009,"Balfour, Grant",rhp,,1400000
2009,"Bloomquist, Willie",2b-of,,1400000
2009,"Branyan, Russell",1b-3b,,1400000
2009,"Cabrera, Melky",cf,,1400000
2009,"Johnson, Josh",rhp-s,,1400000
2009,"Ross, David",c,,1400000
2009,"Lopez, Javier",lhp,,1350000
2009,"Ohman, Will",lhp,,1350000
2009,"Shouse, Brian",lhp,,1350000
2009,"Thornton, Matt",lhp,,1325000
2009,"Amezaga, Alfredo",2b-cf,,1300000
2009,"Ayala, Luis",rhp,,1300000
2009,"Betemit, Wilson",3b-1b,,1300000
2009,"Davies, Kyle",rhp-s,,1300000
2009,"Nelson, Joe",rhp,,1300000
2009,"Seay, Bobby",lhp,,1300000
2009,"Yates, Tyler",rhp,,1300000
2009,"Niemann, Jeff",rhp-s,,1290000
2009,"Bell, Heath",rhp,,1255000
2009,"Gross, Gabe",rf,,1255000
2009,"Blum, Geoff",3b-ss,,1250000
2009,"Bruney, Brian",rhp,,1250000
2009,"Hairston, Scott",of,,1250000
2009,"Loretta, Mark",2b-3b,,1250000
2009,"Diaz, Matt",lf,,1237500
2009,"Ramirez, Alexei",ss,,1225000
2009,"Bale, John",lhp,,1200000
2009,"Young, Delmon",lf,,1152000
2009,"Anderson, Marlon",2b-of,,1150000
2009,"Dobbs, Greg",3b-1b,,1150000
2009,"Humber, Philip",rhp,,1150000
2009,"Cotts, Neal",lhp,,1100000
2009,"Morales, Kendry",1b,,1100000
2009,"Quinlan, Robb",1b-3b,,1100000
2009,"Scutaro, Marcos",ss,,1100000
2009,"Wuertz, Michael",rhp,,1100000
2009,"Buchholz, Taylor",rhp,,1055000
2009,"Tazawa, Junichi",rhp,,1050000
2009,"Braun, Ryan",lf,,1032500
2009,"Tallet, Brian",lhp-s,,1015000
2009,"Kapler, Gabe",of,,1000018
2009,"Aurilia, Rich",1b-3b,,1000000
2009,"Ausmus, Brad",c,,1000000
2009,"Byrdak, Tim",lhp,,1000000
2009,"Colon, Bartolo",rhp-s,,1000000
2009,"Counsell, Craig",2b-3b,,1000000
2009,"Everett, Adam",ss,,1000000
2009,"Garciaparra, Nomar",3b-1b,,1000000
2009,"Glavine, Tom",lhp-s,,1000000
2009,"Guardado, Eddie",lhp,,1000000
2009,"Hernandez, Livan",rhp-s,,1000000
2009,"Lester, Jon",lhp-s,,1000000
2009,"Reyes, Dennys",lhp,,1000000
2009,"Samardzija, Jeff",rhp,,1000000
2009,"Soria, Joakim",rhp,,1000000
2009,"Tulowitzki, Troy",ss,,1000000
2009,"Uribe, Juan",3b-ss,,1000000
2009,"Vizquel, Omar",ss-2b,,1000000
2009,"Aybar, Willy",1b-3b,,975000
2009,"Helms, Wes",3b-1b,,950000
2009,"Julio, Jorge",rhp,,950000
2009,"LaRue, Jason",c,,950000
2009,"Redmond, Mike",c,,950000
2009,"Reed, Jeremy",of,,925000
2009,"Accardo, Jeremy",rhp,,900000
2009,"Matusz, Brian",lhp,,868125
2009,"Eckstein, David",2b,,850000
2009,"Millar, Kevin",dh-1b,,850000
2009,"Ray, Chris",rhp,,850000
2009,"Brackman, Andrew",rhp,,837500
2009,"Taschner, Jack",lhp,,835000
2009,"Duncan, Chris",lf-1b,,825000
2009,"Hansen, Craig",rhp,,825000
2009,"Santiago, Ramon",ss-2b,,825000
2009,"Cedeno, Ronny",2b-ss,,822500
2009,"Alonso, Yonder",1b,,800000
2009,"Bruntlett, Eric",2b-ss,,800000
2009,"Clark, Tony",1b,,800000
2009,"Coffey, Todd",rhp,,800000
2009,"Corpas, Manuel",rhp,,800000
2009,"Gathright, Joey",cf,,800000
2009,"Grilli, Jason",rhp,,800000
2009,"Jennings, Jason",rhp,,800000
2009,"Moeller, Chad",c,,800000
2009,"Norton, Greg",3b,,800000
2009,"Wright, Jamey",rhp,,800000
2009,"Baker, Scott",rhp-s,,750000
2009,"Benson, Kris",rhp-s,,750000
2009,"Blanco, Henry",c,,750000
2009,"Boone, Aaron",3b,,750000
2009,"Camp, Shawn",rhp,,750000
2009,"Correia, Kevin",rhp-s,,750000
2009,"Floyd, Cliff",lf,,750000
2009,"Floyd, Gavin",rhp-s,,750000
2009,"Isringhausen, Jason",rhp,,750000
2009,"Jimenez, Ubaldo",rhp-s,,750000
2009,"Ledezma, Wil",lhp,,750000
2009,"Michaels, Jason",of,,750000
2009,"Monroe, Craig",rf,,750000
2009,"Ortiz, Russ",rhp-s,,750000
2009,"Proctor, Scott",rhp,,750000
2009,"Proctor, Scott",rhp,,750000
2009,"Rincon, Juan",rhp,,750000
2009,"Rusch, Glendon",lhp,,750000
2009,"Treanor, Matt",c,,750000
2009,"Walker, Tyler",rhp,,750000
2009,"Zumaya, Joel",rhp,,735000
2009,"Ojeda, Augie",ss-2b,,712500
2009,"Cormier, Lance",rhp,,675000
2009,"Rodriguez, Luis",ss,,675000
2009,"Kensing, Logan",rhp,,660000
2009,"Condrey, Clay",rhp,,650000
2009,"Guthrie, Jeremy",rhp-s,,650000
2009,"Lincecum, Tim",rhp-s,,650000
2009,"McCarthy, Brandon",rhp-s,,650000
2009,"Thompson, Brad",rhp,,650000
2009,"League, Brandon",rhp,,640000
2009,"Waechter, Doug",rhp,,640000
2009,"Herrera, Yoslan",rhp,,625000
2009,"Quintero, Humberto",c,,610000
2009,"Bard, Josh",c,,600000
2009,"Barrett, Michael",c,,600000
2009,"Nix, Laynce",of,,600000
2009,"Ponson, Sidney",rhp-s,,600000
2009,"Marmol, Carlos",rhp,,575000
2009,"Pagan, Angel",of,,575000
2009,"Soto, Geovany",c,,575000
2009,"Hamilton, Josh",cf,,555000
2009,"Estes, Shawn",lhp,,550000
2009,"Graffanino, Tony",2b-3b,,550000
2009,"Green, Nick",ss-2b,,550000
2009,"Longoria, Evan",3b,,550000
2009,"Mientkiewicz, Doug",1b,,550000
2009,"Quentin, Carlos",lf,,550000
2009,"Wise, DeWayne",cf,,550000
2009,"Dickey, R.A.",rhp,,525000
2009,"Miranda, Juan",1b,,525000
2009,"Danks, John",lhp-s,,520000
2009,"Baldelli, Rocco",of,,500000
2009,"Cairo, Miguel",2b-3b,,500000
2009,"Calero, Kiko",rhp,,500000
2009,"Gordon, Tom",rhp,,500000
2009,"Hill, Shawn",rhp-s,,500000
2009,"Jones, Andruw",cf-lf,,500000
2009,"McPherson, Dallas",3b,,500000
2009,"Sanchez, Duaner",rhp,,500000
2009,"Smith, Jason",2b-ss,,500000
2009,"Sweeney, Mike",dh-1b,,500000
2009,"Tavarez, Julian",rhp,,500000
2009,"Theriot, Ryan",2b-ss,,500000
2009,"Wilson, Brian",rhp,,480000
2009,"Delcarmen, Manny",rhp,,476000
2009,"Ardoin, Danny",c,,475000
2009,"Billingsley, Chad",rhp-s,,475000
2009,"Hill, Koyie",c,,475000
2009,"Medders, Brandon",rhp,,475000
2009,"Ring, Royce",lhp,,475000
2009,"Rivera, Saul",rhp,,475000
2009,"Ruiz, Carlos",c,,475000
2009,"Saunders, Joe",lhp-s,,475000
2009,"Thurston, Joe",3b-2b,,475000
2009,"Green, Sean",rhp,,471000
2009,"Kemp, Matt",cf,,467000
2009,"Harris, Brendan",2b-ss,,466100
2009,"Kendrick, Howie",2b,,465000
2009,"Loney, James",1b,,465000
2009,"Weaver, Jered",rhp-s,,465000
2009,"Aybar, Erick",ss,,460000
2009,"Coste, Chris",c,,460000
2009,"Gordon, Alex",3b,,457000
2009,"Ransom, Cody",3b-2b,,455100
2009,"Gutierrez, Franklin",cf,,455000
2009,"Sanchez, Jonathan",lhp-s,,455000
2009,"Milledge, Lastings",cf,,452000
2009,"Bonser, Boof",rhp,,450000
2009,"Jurrjens, Jair",rhp-s,,450000
2009,"Marshall, Sean",lhp-s,,450000
2009,"Mathis, Jeff",c,,450000
2009,"Miller, Corky",c,,450000
2009,"Ellsbury, Jacoby",cf,,449500
2009,"Sampson, Chris",rhp,,449000
2009,"Villanueva, Carlos",rhp,,447000
2009,"Garko, Ryan",1b,,446100
2009,"Hill, Rich",lhp-s,,445000
2009,"Nieves, Wil",c,,445000
2009,"Ramirez, Ramon S.",rhp,,441000
2009,"Anderson, Brian",cf,,440000
2009,"Blackburn, Nick",rhp-s,,440000
2009,"Carrasco, D.J.",rhp,,440000
2009,"Lewis, Fred",lf,,440000
2009,"Neshek, Pat",rhp,,440000
2009,"Paulino, Ronny",c,,440000
2009,"Slowey, Kevin",rhp-s,,440000
2009,"Volquez, Edinson",rhp-s,,440000
2009,"Pence, Hunter",rf,,439000
2009,"Bennett, Jeff",rhp,,437500
2009,"Gomez, Carlos",cf,,437500
2009,"Miner, Zach",rhp,,437500
2009,"Votto, Joey",1b,,437500
2009,"Kuo, Hong-Chih",lhp,,437000
2009,"Tejeda, Robinson",rhp,,437000
2009,"Perez, Rafael",lhp,,436300
2009,"Galarraga, Armando",rhp-s,,435000
2009,"Jones, Adam",cf,,435000
2009,"Moseley, Dustin",rhp-s,,435000
2009,"Span, Denard",lf,,435000
2009,"Upton, B.J.",cf,,435000
2009,"Feldman, Scott",rhp,,434680
2009,"Bourn, Michael",cf,,434500
2009,"Howell, J.P.",lhp,,433700
2009,"Garza, Matt",rhp-s,,433300
2009,"Veras, Jose",rhp,,432975
2009,"Chamberlain, Joba",rhp-s,,432575
2009,"Boyer, Blaine",rhp,,432500
2009,"Kouzmanoff, Kevin",3b,,432000
2009,"Chico, Matt",lhp,,431000
2009,"Meredith, Cla",rhp,,430900
2009,"Sonnanstine, Andy",rhp-s,,430100
2009,"Fontenot, Mike",2b,,430000
2009,"Liriano, Francisco",lhp-s,,430000
2009,"Pena, Tony",rhp,,430000
2009,"Perkins, Glen",lhp-s,,430000
2009,"Schumaker, Skip",2b-lf,,430000
2009,"Baek, Cha Seung",rhp,,429400
2009,"Casilla, Alexi",2b,,427500
2009,"Keppinger, Jeff",2b-ss,,427500
2009,"Smith, Joe",rhp,,427500
2009,"Parra, Manny",lhp-s,,426000
2009,"Carlyle, Buddy",rhp,,425000
2009,"Escobar, Yuniel",ss,,425000
2009,"Montero, Miguel",c,,425000
2009,"Morrow, Brandon",rhp,,425000
2009,"Pena Jr., Tony",rhp-ss,,425000
2009,"Shell, Steven",rhp,,425000
2009,"Wright, Wesley",lhp,,425000
2009,"Aviles, Mike",ss,,424500
2009,"Lannan, John",lhp-s,,424000
2009,"Reynolds, Mark",3b,,422500
2009,"Slaten, Doug",lhp,,422500
2009,"Ramirez, Edwar",rhp,,422450
2009,"Hammel, Jason",rhp,,422200
2009,"Breslow, Craig",lhp,,422000
2009,"Guzman, Angel",rhp,,421500
2009,"Francisco, Ben",lf,,421400
2009,"Butler, Billy",1b-dh,,421000
2009,"Choo, Shin Soo",rf,,420300
2009,"Burton, Jared",rhp,,420000
2009,"Campillo, Jorge",rhp,,420000
2009,"Casilla, Santiago (Garcia, Jairo)",rhp,,420000
2009,"Gonzalez, Andy",inf,,420000
2009,"Hanrahan, Joel",rhp,,420000
2009,"Johnson, Jim",rhp,,420000
2009,"Owings, Micah",rhp-s,,420000
2009,"Rowland-Smith, Ryan",lhp-s,,420000
2009,"McGowan, Dustin",rhp-s,,419400
2009,"Aardsma, David",rhp,,419000
2009,"Lewis, Jensen",rhp,,418600
2009,"Cueto, Johnny",rhp-s,,418000
2009,"Lowe, Mark",rhp,,418000
2009,"Masset, Nick",rhp,,418000
2009,"Bruce, Jay",rf,,417500
2009,"Cabrera, Asdrubal",2b,,416700
2009,"Rupe, Josh",rhp,,416310
2009,"Barfield, Josh",2b,,416100
2009,"Zobrist, Ben",2b-rf,,415900
2009,"Callaspo, Alberto",2b,,415500
2009,"Dukes, Elijah",cf-rf,,415500
2009,"Flores, Jesus",c,,415500
2009,"Masterson, Justin",rhp,,415500
2009,"Baker, Jeff",2b-3b,,415000
2009,"Iannetta, Chris",c,,415000
2009,"Prado, Martin",2b,,415000
2009,"Rivera, Mike",c,,415000
2009,"Spilborghs, Ryan",lf,,415000
2009,"Murphy, David",lf,,414820
2009,"Adams, Mike",rhp,,414800
2009,"Moss, Brandon",rf,,414500
2009,"Nunez, Leo",rhp,,414500
2009,"Litsch, Jesse",rhp-s,,414400
2009,"Reyes, Anthony",rhp-s,,414200
2009,"Gallardo, Yovani",rhp-s,,414000
2009,"Gardner, Brett",of,,414000
2009,"Lowrie, Jed",ss,,414000
2009,"Nieve, Fernando",rhp,,414000
2009,"Janssen, Casey",rhp,,413900
2009,"Riggans, Shawn",c,,413900
2009,"LaRoche, Andy",3b,,413500
2009,"Ohlendorf, Ross",rhp-s,,413500
2009,"Corcoran, Roy",rhp,,413000
2009,"Buscher, Brian",3b-1b,,412500
2009,"Upton, Justin",rf,,412000
2009,"Lind, Adam",dh-lf,,411800
2009,"Nippert, Dustin",rhp,,411760
2009,"Headley, Chase",3b-lf,,411500
2009,"Morgan, Nyjer",lf,,411500
2009,"Petit, Yusmeiro",rhp,,411500
2009,"McClellan, Kyle",rhp,,411000
2009,"Saltalamacchia, Jarrod",c,,410890
2009,"Joyce, Matt",of,,410400
2009,"Albers, Matt",rhp,,410000
2009,"Arredondo, Jose",rhp,,410000
2009,"Braden, Dallas",lhp-s,,410000
2009,"Buck, Travis",rf-lf,,410000
2009,"Davis, Rajai",of,,410000
2009,"Devine, Joey",rhp,,410000
2009,"Eveland, Dana",lhp-s,,410000
2009,"Eyre, Willie",rhp,,410000
2009,"Fields, Josh",3b,,410000
2009,"Gallagher, Sean",rhp,,410000
2009,"Lindstrom, Matt",rhp,,410000
2009,"Moylan, Peter",rhp,,410000
2009,"Mujica, Edward",rhp,,410000
2009,"O'Connor, Mike",lhp,,410000
2009,"Pie, Felix",lf,,410000
2009,"Sarfate, Dennis",rhp,,410000
2009,"Suzuki, Kurt",c,,410000
2009,"Sweeney, Ryan",cf,,410000
2009,"Stokes, Brian",rhp,,409500
2009,"Stokes, Brian",rhp,,409500
2009,"Carlson, Jesse",lhp,,408700
2009,"Burnett, Sean",lhp,,408500
2009,"Cruz, Nelson",rf,,408070
2009,"Quintanilla, Omar",ss,,408000
2009,"Gabbard, Kason",lhp,,407640
2009,"Hoffpauir, Micah",1b-lf,,407500
2009,"Stetter, Mitch",lhp,,407500
2009,"Gonzalez, Edgar",2b,,407300
2009,"Speier, Ryan",rhp,,407000
2009,"Davis, Chris",1b,,406620
2009,"Cherry, Rocky",rhp,,406000
2009,"O'Day, Darren",rhp,,406000
2009,"Young, Delwyn",lf-rf,,406000
2009,"Harrison, Matt",lhp-s,,405500
2009,"Marcum, Shaun",rhp-s,,405200
2009,"Balentien, Wladimir",rf-lf,,405000
2009,"Bass, Brian",rhp,,405000
2009,"Blevins, Jerry",lhp,,405000
2009,"DeWitt, Blake",2b-3b,,405000
2009,"Feierabend, Ryan",lhp,,405000
2009,"Gwynn, Anthony",of,,405000
2009,"Happ, J.A.",lhp,,405000
2009,"Hessman, Mike",inf,,405000
2009,"Jimenez, Cesar",lhp,,405000
2009,"Kinney, Josh",rhp,,405000
2009,"Loux, Shane",rhp-s,,405000
2009,"Morton, Charlie",rhp,,405000
2009,"Pena, Brayan",c,,405000
2009,"Richard, Clayton",lhp,,405000
2009,"Ziegler, Brad",rhp,,405000
2009,"Madrigal, Warner",rhp,,404730
2009,"Hundley, Nick",c,,404400
2009,"Burriss, Emmanuel",ss,,404000
2009,"Kershaw, Clayton",lhp-s,,404000
2009,"Pinto, Renyel",lhp,,404000
2009,"Stewart, Ian",3b,,404000
2009,"Velez, Eugenio",2b-lf,,404000
2009,"Jackson, Zach",lhp,,403800
2009,"Purcey, David",lhp-s,,403700
2009,"Coke, Phil",lhp,,403300
2009,"Albaladejo, Jonathan",rhp,,403075
2009,"Buckner, Billy",rhp,,403000
2009,"Bulger, Jason",rhp,,403000
2009,"DiFelice, Mark",rhp,,403000
2009,"Frazier, Jeff",of,,403000
2009,"Larish, Jeff",1b-3b,,403000
2009,"Ryan, Brendan",ss,,403000
2009,"Smith, Seth",of,,403000
2009,"Perez, Fernando",of,,402800
2009,"Lillibridge, Brent",2b-ss,,402500
2009,"Wade, Cory",rhp,,402500
2009,"Richmond, Scott",rhp-s,,402300
2009,"Chavez, Jesse",rhp,,402000
2009,"Morales, Franklin",lhp,,402000
2009,"Hinshaw, Alex",lhp,,401750
2009,"Sandoval, Pablo",c-3b,,401750
2009,"Romo, Sergio",rhp,,401700
2009,"Clevlen, Brent",of,,401500
2009,"Cruz, Luis",inf,,401500
2009,"Dumatrait, Phil",lhp,,401500
2009,"Karstens, Jeff",rhp-s,,401500
2009,"Snider, Travis",lf,,401400
2009,"Schierholtz, Nate",lf-rf,,401250
2009,"Fowler, Dexter",cf,,401000
2009,"Getz, Chris",2b,,401000
2009,"Gutierrez, Juan",rhp,,401000
2009,"Hurley, Eric",rhp,,401000
2009,"Ishikawa, Travis",1b,,401000
2009,"Jepsen, Kevin",rhp,,401000
2009,"Murphy, Dan",lf-1b,,401000
2009,"Teagarden,Taylor",c,,401000
2009,"Troncoso, Ramon",rhp,,401000
2009,"Valdez, Merkin",rhp,,401000
2009,"McDonald, James",rhp-s,,400750
2009,"Worrell, Mark",rhp,,400500
2009,"Lewis, Scott",lhp,,400400
2009,"Adenhart, Nick",rhp-s,,400000
2009,"Anderson, Brett",lhp-s,,400000
2009,"Anderson, Josh",of,,400000
2009,"Andino, Robert",2b-ss,,400000
2009,"Andrus, Elvis",ss,,400000
2009,"Aubrey, Michael",1b,,400000
2009,"Bailey, Andrew",rhp,,400000
2009,"Baker, John",c,,400000
2009,"Barden, Brian",3b,,400000
2009,"Bonifacio, Emilio",3b-2b,,400000
2009,"Bonine, Eddie",rhp,,400000
2009,"Cabrera, Everth",ss,,400000
2009,"Cahill, Trevor",rhp-s,,400000
2009,"Carroll, Brett",lf,,400000
2009,"Carter, Chris",1b-of,,400000
2009,"Casto, Kory",3b,,400000
2009,"Copeland, Ben",of,,400000
2009,"Crowe, Trevor",of,,400000
2009,"De La Cruz, Eulogio",rhp,,400000
2009,"De la Vara, Gil",lhp,,400000
2009,"Dickerson, Chris",lf,,400000
2009,"Duensing, Brian",lhp,,400000
2009,"Duffy, Chris",of,,400000
2009,"Freese, David",3b,,400000
2009,"Gonzalez, Alberto",ss,,400000
2009,"Gonzalez, Miguel",rhp,,400000
2009,"Hanigan, Ryan",c,,400000
2009,"Hernandez, Anderson",2b,,400000
2009,"Herrera, Daniel Ray",lhp,,400000
2009,"Hinckley, Mike",lhp,,400000
2009,"Jakubauskas, Chris",lhp-s,,400000
2009,"Janish, Paul",ss-2b,,400000
2009,"Jaramillo, Jason",c,,400000
2009,"Johnson, Rob",c,,400000
2009,"Kelley, Shawn",rhp,,400000
2009,"Lopez, Arturo",lhp,,400000
2009,"Martinez, Joe",rhp,,400000
2009,"Martis, Shairon",rhp-s,,400000
2009,"Maybin, Cameron",cf,,400000
2009,"McBride, Macay",lhp,,400000
2009,"McDonald, Darnell",cf,,400000
2009,"McGehee, Casey",3b,,400000
2009,"Meyer, Dan",lhp,,400000
2009,"Morales, Jose",c,,400000
2009,"Moreno, Edwin",rhp,,400000
2009,"Morlan, Eduardo",rhp,,400000
2009,"Motte, Jason",rhp,,400000
2009,"Nelson, Brad",1b,,400000
2009,"Nix, Jayson",2b,,400000
2009,"O'Flaherty, Eric",lhp,,400000
2009,"Outman, Josh",lhp-s,,400000
2009,"Parnell, Bobby",rhp,,400000
2009,"Patton, David",rhp,,400000
2009,"Pena, Ramiro",inf,,400000
2009,"Penn, Hayden",rhp,,400000
2009,"Perry, Ryan",rhp,,400000
2009,"Pichardo, Kelvin",rhp,,400000
2009,"Powell, Landon",c,,400000
2009,"Rasmus, Colby",cf,,400000
2009,"Roberts, Ryan",3b,,400000
2009,"Romero, Ricky",lhp-s,,400000
2009,"Sammons, Clint",c,,400000
2009,"Sanchez, Anibal",rhp-s,,400000
2009,"Schafer, Jordan",cf,,400000
2009,"Silva, Walter",rhp-s,,400000
2009,"Simon, Alfredo",rhp,,400000
2009,"Torres, Andres",of,,400000
2009,"Tuiasosopo, Matt",3b,,400000
2009,"Van Every, Jonathan",of,,400000
2009,"Vanden Hurk, Rick",rhp,,400000
2009,"Vargas, Claudio",rhp,,400000
2009,"Veal, Donald",lhp,,400000
2009,"Volstad, Chris",rhp-s,,400000
2009,"Young, Terrell",rhp,,400000
2009,"Zagurski, Mike",lhp,,400000
2008,"Rodriguez, Alex",3b,,27000000
2008,"Giambi, Jason",1b-dh,,21000000
2008,"Jeter, Derek",ss,,20000000
2008,"Ramirez, Manny",lf-dh,,20000000
2008,"Santana, Johan",lhp-s,,19000000
2008,"Beltran, Carlos",cf,,18500000
2008,"Suzuki, Ichiro",rf,,17000000
2008,"Helton, Todd",1b,,16600000
2008,"Abreu, Bobby",rf,,16000000
2008,"Delgado, Carlos",1b,,16000000
2008,"Hunter, Torii",cf,,16000000
2008,"Pettitte, Andy",lhp-s,,16000000
2008,"Pujols, Albert",1b,,16000000
2008,"Hampton, Mike",lhp-s,,15000000
2008,"Ordonez, Magglio",rf,,15000000
2008,"Rivera, Mariano",rhp,,15000000
2008,"Zambrano, Carlos",rhp-s,,15000000
2008,"Berkman, Lance",1b,,14500000
2008,"Guerrero, Vladimir",rf-dh,,14500000
2008,"Zito, Barry",lhp-s,,14500000
2008,"Buehrle, Mark",lhp-s,,14000000
2008,"Burrell, Pat",dh-lf,,14000000
2008,"Drew, J.D.",rf,,14000000
2008,"Ramirez, Aramis",3b,,14000000
2008,"Sexson, Richie",1b,,14000000
2008,"Sheffield, Gary",rf,,14000000
2008,"Smoltz, John",rhp-s,,14000000
2008,"Thome, Jim",dh,,14000000
2008,"Posada, Jorge",c,,13100000
2008,"Damon, Johnny",lf,,13000000
2008,"Dunn, Adam",lf-1b,,13000000
2008,"Furcal, Rafael",ss,,13000000
2008,"Hudson, Tim",rhp-s,,13000000
2008,"Lee, Derrek",1b,,13000000
2008,"Matsui, Hideki",dh-lf,,13000000
2008,"Oswalt, Roy",rhp-s,,13000000
2008,"Rodriguez, Ivan",c,,13000000
2008,"Soriano, Alfonso",lf,,13000000
2008,"Tejada, Miguel",3b,,13000000
2008,"Glaus, Troy",3b,,12750000
2008,"Griffey Jr., Ken",dh-rf,,12500000
2008,"Ortiz, David",dh,,12500000
2008,"Teixeira, Mark",1b,,12500000
2008,"Anderson, Garret",lf,,12000000
2008,"Anderson, Garret",lf,,12000000
2008,"Beltre, Adrian",3b,,12000000
2008,"Burnett, A.J.",rhp-s,,12000000
2008,"Garland, Jon",rhp-s,,12000000
2008,"Guillen, Carlos",lf,,12000000
2008,"Guillen, Jose",rf,,12000000
2008,"Konerko, Paul",1b,,12000000
2008,"Lee, Carlos",lf,,12000000
2008,"Lowell, Mike",3b,,12000000
2008,"Schmidt, Jason",rhp-s,,12000000
2008,"Vazquez, Javier",rhp-s,,11500000
2008,"Cabrera, Miguel",1b,,11300000
2008,"Nathan, Joe",rhp,,11250000
2008,"Chavez, Eric",3b,,11000000
2008,"Jones, Chipper",3b,,11000000
2008,"Martinez, Pedro J.",rhp,,11000000
2008,"Meche, Gil",rhp-s,,11000000
2008,"Mussina, Mike",rhp,,11000000
2008,"Padillia, Vicente",rhp-s,,11000000
2008,"Pavano, Carl",rhp-s,,11000000
2008,"Rolen, Scott",3b,,11000000
2008,"Sheets, Ben",rhp,,11000000
2008,"Carpenter, Chris",rhp-s,,10500000
2008,"Wagner, Billy",lhp,,10500000
2008,"Contreras, Jose",rhp-s,,10000000
2008,"Gagne, Eric",rhp,,10000000
2008,"Halladay, Roy",rhp-s,,10000000
2008,"Howard, Ryan",1b,,10000000
2008,"Johnson, Randy",lhp-s,,10000000
2008,"Lowe, Derek",rhp-s,,10000000
2008,"Maddux, Greg",rhp,,10000000
2008,"Ryan, B.J.",lhp,,10000000
2008,"Washburn, Jarrod",lhp-s,,10000000
2008,"Westbrook, Jake",rhp-s,,10000000
2008,"Beckett, Josh",rhp-s,,9500000
2008,"Dye, Jermaine",rf,,9500000
2008,"Holliday, Matt",lf,,9500000
2008,"Morris, Matt",rhp,,9500000
2008,"Batista, Miguel",rhp-s,,9000000
2008,"Cabrera, Orlando",ss,,9000000
2008,"Escobar, Kelvim",rhp-s,,9000000
2008,"Giles, Brian",rf,,9000000
2008,"Jones, Andruw",cf-lf,,9000000
2008,"Kent, Jeff",2b,,9000000
2008,"Lugo, Julio",ss,,9000000
2008,"Matthews Jr., Gary",cf,,9000000
2008,"Renteria, Edgar",ss,,9000000
2008,"Sabathia, CC",lhp-s,,9000000
2008,"Varitek, Jason",c,,9000000
2008,"Bonderman, Jeremy",rhp-s,,8500000
2008,"Cordero, Francisco",rhp,,8500000
2008,"Garciaparra, Nomar",3b-1b,,8500000
2008,"Millwood, Kevin",rhp-s,,8500000
2008,"Myers, Brett",rhp-s,,8500000
2008,"Penny, Brad",rhp-s,,8500000
2008,"Vidro, Jose",dh-2b,,8500000
2008,"Hafner, Travis",dh,,8050000
2008,"Byrd, Paul",rhp,,8000000
2008,"Edmonds, Jim",of,,8000000
2008,"Glavine, Tom",lhp-s,,8000000
2008,"Huff, Aubrey",1b,,8000000
2008,"Isringhausen, Jason",rhp,,8000000
2008,"Kotsay, Mark",of-1b,,8000000
2008,"Matsuzaka, Daisuke",rhp-s,,8000000
2008,"Pierre, Juan",cf-lf,,8000000
2008,"Rogers, Kenny",lhp,,8000000
2008,"Rowand, Aaron",cf,,8000000
2008,"Schilling, Curt",rhp,,8000000
2008,"Suppan, Jeff",rhp-s,,8000000
2008,"Thomas, Frank",dh,,8000000
2008,"Winn, Randy",rf,,8000000
2008,"Davis, Doug",lhp-s,,7750000
2008,"Eaton, Adam",rhp-s,,7635000
2008,"Alou, Moises",of,,7500000
2008,"Durham, Ray",2b,,7500000
2008,"Hernandez, Ramon",c,,7500000
2008,"Hoffman, Trevor",rhp,,7500000
2008,"Utley, Chase",2b,,7500000
2008,"Morneau, Justin",1b,,7400000
2008,"Bedard, Erik",lhp-s,,7000000
2008,"Cameron, Mike",cf,,7000000
2008,"Jones, Todd",rhp,,7000000
2008,"Lackey, John",rhp-s,,7000000
2008,"Lilly, Ted",lhp-s,,7000000
2008,"Loaiza, Esteban",rhp,,7000000
2008,"Rollins, Jimmy",ss,,7000000
2008,"Silva, Carlos",rhp-s,,7000000
2008,"Willis, Dontrelle",lhp-s,,7000000
2008,"Harang, Aaron",rhp-s,,6750000
2008,"Encarnacion, Juan",of,,6500000
2008,"Hernandez, Orlando",rhp,,6500000
2008,"Mulder, Mark",lhp,,6500000
2008,"Perez, Oliver",lhp-s,,6500000
2008,"Roberts, Dave",of,,6500000
2008,"Wilson, Jack",ss,,6500000
2008,"Marquis, Jason",rhp-s,,6375000
2008,"Lidge, Brad",rhp,,6350000
2008,"Roberts, Brian",2b,,6300000
2008,"Hudson, Orlando",2b,,6250000
2008,"Mauer, Joe",c,,6250000
2008,"Williams, Woody",rhp,,6250000
2008,"Cordero, Chad",rhp,,6200000
2008,"Inge, Brandon",3b,,6200000
2008,"Blake, Casey",3b,,6100000
2008,"Byrnes, Eric",of,,6000000
2008,"Castillo, Luis",2b,,6000000
2008,"Fukudome, Kosuke",rf,,6000000
2008,"Molina, Benjie",c,,6000000
2008,"Peavy, Jake",rhp-s,,6000000
2008,"Pena, Carlos",1b,,6000000
2008,"Blalock, Hank",dh-1b,,5950000
2008,"Pierzynski, A.J.",c,,5850000
2008,"Overbay, Lyle",1b,,5800000
2008,"Bay, Jason",lf,,5750000
2008,"Gibbons, Jay",1b,,5700000
2008,"Dempster, Ryan",rhp-s,,5500000
2008,"Farnsworth, Kyle",rhp,,5500000
2008,"Gordon, Tom",rhp,,5500000
2008,"Ibanez, Raul",lf,,5500000
2008,"Johnson, Nick",1b,,5500000
2008,"Looper, Braden",rhp-s,,5500000
2008,"Webb, Brandon",rhp-s,,5500000
2008,"Vizquel, Omar",ss-2b,,5300000
2008,"Crawford, Carl",lf,,5250000
2008,"Johjima, Kenji",c,,5200000
2008,"Crede, Joe",3b,,5100000
2008,"Fuentes, Brian",lhp,,5050000
2008,"Bradley, Milton",rf-dh,,5000000
2008,"Cuddyer, Michael",rf,,5000000
2008,"Dotel, Octavio",rhp,,5000000
2008,"Ellis, Mark",2b,,5000000
2008,"Hernandez, Livan",rhp-s,,5000000
2008,"Jenkins, Geoff",of,,5000000
2008,"Jones, Jacque",of,,5000000
2008,"Kearns, Austin",rf,,5000000
2008,"Kuroda, Hiroki",rhp-s,,5000000
2008,"LaRoche, Adam",1b,,5000000
2008,"LoDuca, Paul",c,,5000000
2008,"Matsui, Kazuo",2b,,5000000
2008,"Payton, Jay",of,,5000000
2008,"Pineiro, Joel",rhp-s,,5000000
2008,"Wright, David",3b,,5000000
2008,"Young, Dmitri",1b-dh,,5000000
2008,"Young, Michael",3b,,5000000
2008,"Lopez, Felipe",2b-ss,,4900000
2008,"Schneider, Brian",c,,4900000
2008,"Rios, Alex",rf-cf,,4835000
2008,"Hall, Bill",3b,,4800000
2008,"Berrora, Angel",ss,,4750000
2008,"Crisp, Covelli",cf,,4750000
2008,"DeRosa, Mark",3b,,4750000
2008,"Figgins, Chone",3b,,4750000
2008,"Wolf, Randy",lhp-s,,4750000
2008,"Valverde, Jose",rhp,,4700000
2008,"Gonzalez, Alex",ss,,4625000
2008,"Polanco, Placido",3b,,4600000
2008,"Aurilia, Rich",1b-3b,,4500000
2008,"Baez, Danys",rhp,,4500000
2008,"Cook, Aaron",rhp-s,,4500000
2008,"Eckstein, David",2b,,4500000
2008,"Greene, Khalil",ss,,4500000
2008,"Grudzielanek, Mark",ss-2b,,4500000
2008,"Harden, Rich",rhp-s,,4500000
2008,"Uribe, Juan",3b-ss,,4500000
2008,"Walker, Jamie",lhp,,4500000
2008,"Atkins, Garrett",1b-3b,,4387500
2008,"Wigginton, Ty",3b,,4350000
2008,"Arroyo, Bronson",rhp-s,,4275000
2008,"Kendall, Jason",c,,4250000
2008,"Lohse, Kyle",rhp-s,,4250000
2008,"Martinez, Victor",c-1b,,4250000
2008,"Robertson, Nate",lhp,,4250000
2008,"Robertson, Nate",lhp,,4250000
2008,"Shields, Scot",rhp,,4250000
2008,"Speier, Justin",rhp,,4250000
2008,"Guzman, Cristian",ss,,4200000
2008,"Wood, Kerry",rhp,,4200000
2008,"Borowski, Joe",rhp,,4000000
2008,"Catalanotto, Frank",of,,4000000
2008,"Haren, Dan",rhp-s,,4000000
2008,"Howry, Bobby",rhp,,4000000
2008,"Igawa, Kei",lhp,,4000000
2008,"Jennings, Jason",rhp,,4000000
2008,"Linebrink, Scott",rhp,,4000000
2008,"Mahay, Ron",lhp,,4000000
2008,"Percival, Troy",rhp,,4000000
2008,"Reyes, Jose",ss,,4000000
2008,"Riske, David",rhp,,4000000
2008,"Sanchez, Freddy",2b,,4000000
2008,"Wakefield, Tim",rhp-s,,4000000
2008,"Wang, Chien-Ming",rhp-s,,4000000
2008,"Hawpe, Brad",rf,,3925000
2008,"Broussard, Ben",1b,,3850000
2008,"Iguchi, Tadahito",2b-ss,,3850000
2008,"Tavarez, Julian",rhp,,3850000
2008,"Monroe, Craig",rf,,3820000
2008,"Eyre, Scott",lhp,,3800000
2008,"Kazmir, Scott",lhp-s,,3785000
2008,"Capuano, Chris",lhp,,3750000
2008,"Dellucci, David",of,,3750000
2008,"Hawkins, LaTroy",rhp,,3750000
2008,"Lee, Cliff",lhp-s,,3750000
2008,"Tracy, Chad",1b,,3750000
2008,"Zaun, Gregg",c,,3750000
2008,"Blanton, Joe",rhp-s,,3700000
2008,"Schoeneweis, Scott",lhp,,3600000
2008,"Barrett, Michael",c,,3500000
2008,"Bradford, Chad",rhp,,3500000
2008,"Crosby, Bobby",ss,,3500000
2008,"Kennedy, Adam",2b,,3500000
2008,"Lamb, Mike",3b,,3500000
2008,"Lieber, Jon",p,,3500000
2008,"Moyer, Jamie",lhp-s,,3500000
2008,"Swisher, Nick",lf-rf,,3500000
2008,"Vizcaino, Luis",rhp,,3500000
2008,"Putz, J.J.",rhp,,3400000
2008,"Nady, Xavier",rf,,3350000
2008,"Street, Huston",rhp,,3300000
2008,"Romero, J.C.",lhp,,3250000
2008,"Mota, Guillermo",rhp,,3200000
2008,"Torres, Salomon",rhp,,3200000
2008,"Turnbow, Derrick",rhp,,3200000
2008,"Lyon, Brandon",rhp,,3125000
2008,"Wells, Kip",rhp,,3100000
2008,"Affeldt, Jeremy",lhp,,3000000
2008,"Cano, Robinson",2b,,3000000
2008,"Embree, Alan",lhp,,3000000
2008,"Feliz, Pedro",3b,,3000000
2008,"Floyd, Cliff",lf,,3000000
2008,"Freel, Ryan",inf-of,,3000000
2008,"Kobayashi, Masahide",rhp,,3000000
2008,"Patterson, Corey",of,,3000000
2008,"Sizemore, Grady",cf,,3000000
2008,"Stanton, Mike",lhp,,3000000
2008,"Timlin, Mike",rhp,,3000000
2008,"Tomko, Brett",rhp,,3000000
2008,"Wilkerson, Brad",of,,3000000
2008,"Youkilis, Kevin",1b,,3000000
2008,"Cabrera, Daniel",rhp-s,,2875000
2008,"Izturis, Cesar",ss,,2850000
2008,"Blanco, Henry",c,,2800000
2008,"Counsell, Craig",2b-3b,,2800000
2008,"Everett, Adam",ss,,2800000
2008,"Wheeler, Dan",rhp,,2800000
2008,"Francis, Jeff",lhp-s,,2750000
2008,"Loretta, Mark",2b-3b,,2750000
2008,"Millar, Kevin",dh-1b,,2750000
2008,"Ramirez, Horacio",lhp-s,,2750000
2008,"Torrealba, Yorvit",c,,2750000
2008,"Weathers, David",rhp,,2750000
2008,"Hardy, J.J.",ss,,2650000
2008,"Bush, Dave",rhp-s,,2550000
2008,"Ross, David",c,,2525000
2008,"Brocail, Doug",rhp,,2500000
2008,"DeJesus, David",lf,,2500000
2008,"Gregg, Kevin",rhp,,2500000
2008,"Herges, Matt",rhp,,2500000
2008,"Soriano, Rafael",rhp,,2500000
2008,"Springer, Russ",rhp,,2500000
2008,"Yabuta, Yasuhiko",rhp,,2500000
2008,"Young, Chris",rhp-s,,2500000
2008,"Rincon, Juan",rhp,,2475000
2008,"Iwamura, Akinori",2b,,2400000
2008,"Punto, Nick",ss,,2400000
2008,"Gonzalez, Mike",lhp,,2362500
2008,"Teahen, Mark",3b-rf,,2337500
2008,"Spiezio, Scott",inf,,2300000
2008,"Baldelli, Rocco",of,,2250000
2008,"Downs, Scott",lhp,,2250000
2008,"Lowry, Noah",lhp-s,,2250000
2008,"Peralta, Jhonny",ss,,2250000
2008,"Stairs, Matt",lf-rf,,2250000
2008,"Bard, Josh",c,,2237500
2008,"Bale, John",lhp,,2200000
2008,"Buck, John",c,,2200000
2008,"Carroll, Jamey",2b-3b,,2150000
2008,"Helms, Wes",3b-1b,,2150000
2008,"Michaels, Jason",of,,2150000
2008,"Olivo, Miguel",c,,2100000
2008,"Betancourt, Rafael",rhp,,2050000
2008,"Rivera, Juan",dh-lf,,2025000
2008,"Ausmus, Brad",c,,2000000
2008,"Benoit, Joaquin",rhp,,2000000
2008,"Chacon, Shawn",rhp,,2000000
2008,"Church, Ryan",rf,,2000000
2008,"Cora, Alex",2b-ss,,2000000
2008,"Gonzalez, Luis",of,,2000000
2008,"Guardado, Eddie",lhp,,2000000
2008,"Marte, Damaso",lhp,,2000000
2008,"Oliver, Darren",lhp,,2000000
2008,"Pena, Wily Mo",of,,2000000
2008,"Saito, Takashi",rhp,,2000000
2008,"Shouse, Brian",lhp,,2000000
2008,"Sosa, Jorge",rhp,,2000000
2008,"Taveras, Willy",cf,,1975000
2008,"MacDougal, Mike",rhp,,1950000
2008,"Cruz, Juan",rhp,,1937500
2008,"Beimel, Joe",lhp,,1925000
2008,"McDonald, John",ss-2b,,1900000
2008,"Castro, Ramon",c,,1850000
2008,"Hatteberg, Scott",c-1b,,1850000
2008,"Snyder, Chris",c,,1850000
2008,"Bautista, Jose",3b-1b,,1800000
2008,"Byrd, Marlon",cf,,1800000
2008,"Chavez, Endy",lf,,1800000
2008,"Gaudin, Chad",rhp,,1775000
2008,"Ensberg, Morgan",3b,,1750000
2008,"Hall, Toby",c,,1750000
2008,"Kline, Steve",lhp,,1750000
2008,"Molina, Jose",c,,1750000
2008,"Molina, Yadier",c,,1750000
2008,"Ayala, Luis",rhp,,1700000
2008,"Rodney, Fernando",rhp,,1700000
2008,"Werth, Jayson",rf,,1700000
2008,"Belliard, Ron",2b,,1600000
2008,"Hennessey, Brad",rhp,,1600000
2008,"Laird, Gerald",c,,1600000
2008,"Miller, Trever",lhp,,1600000
2008,"Ohman, Will",lhp,,1600000
2008,"Scutaro, Marcos",ss,,1550000
2008,"Drew, Stephen",ss,,1500000
2008,"Hendrickson, Mark",lhp-s,,1500000
2008,"Lopez, Jose",2b,,1500000
2008,"Mackowiak, Rob",of,,1500000
2008,"Stewart, Shannon",of,,1500000
2008,"Brown, Emil",of,,1450000
2008,"Kotchman, Casey",1b,,1450000
2008,"Fukumori, Kaz",rhp,,1400000
2008,"Greinke, Zack",rhp-s,,1400000
2008,"Infante, Omar",ss-2b,,1400000
2008,"Madson, Ryan",rhp,,1400000
2008,"Miles, Aaron",2b-ss,,1400000
2008,"Valentin, Javier",c,,1350000
2008,"Miller, Andrew",lhp,,1325000
2008,"Gobble, Jimmy",lhp,,1312500
2008,"Qualls, Chad",rhp,,1312500
2008,"Gload, Ross",1b-rf,,1300000
2008,"Johnson, Reed",cf,,1300000
2008,"Kubel, Jason",dh-lf,,1300000
2008,"Gomes, Jonny",of,,1275000
2008,"Thames, Marcus",dh-of,,1275000
2008,"Belisle, Matt",rhp,,1250000
2008,"Betancourt, Yuniesky",ss,,1250000
2008,"Colome, Jesus",rhp,,1250000
2008,"Estrada, Johnny",c,,1250000
2008,"Okajima, Hideki",lhp,,1250000
2008,"Ozuna, Pablo",2b,,1250000
2008,"Diaz, Matt",lf,,1225000
2008,"Barajas, Rod",c,,1200000
2008,"Duchscherer, Justin",rhp-s,,1200000
2008,"Heilman, Aaron",rhp,,1200000
2008,"Izturis, Maicer",2b-3b,,1200000
2008,"Mitre, Sergio",rhp,,1200000
2008,"Rauch, Jon",rhp,,1200000
2008,"Ward, Daryle",of,,1200000
2008,"Wise, Matt",p,,1200000
2008,"Betemit, Wilson",3b-1b,,1165000
2008,"Proctor, Scott",rhp,,1150000
2008,"Proctor, Scott",rhp,,1150000
2008,"Grabow, John",lhp,,1135000
2008,"Frasor, Jason",rhp,,1125000
2008,"Geary, Geoff",rhp,,1125000
2008,"Blum, Geoff",3b-ss,,1100000
2008,"Porcello, Rick",rhp-s,,1100000
2008,"Correia, Kevin",rhp-s,,1075000
2008,"Glover, Gary",rhp,,1075000
2008,"Weeks, Rickie",2b,,1057000
2008,"Anderson, Marlon",2b-of,,1050000
2008,"Crain, Jesse",rhp,,1050000
2008,"Quinlan, Robb",1b-3b,,1050000
2008,"De La Rosa, Jorge",lhp-s,,1025000
2008,"Feliciano, Pedro",lhp,,1025000
2008,"Boone, Aaron",3b,,1000000
2008,"Calero, Kiko",rhp,,1000000
2008,"Erstad, Darin",1b-of,,1000000
2008,"Flores, Randy",lhp,,1000000
2008,"Fogg, Josh",rhp,,1000000
2008,"German, Esteban",inf,,1000000
2008,"Gomez, Chris",inf,,1000000
2008,"Granderson, Curtis",cf,,1000000
2008,"Prior, Mark",rhp,,1000000
2008,"Redding, Tim",rhp-s,,1000000
2008,"Redman, Mark",lhp,,1000000
2008,"Reyes, Dennys",lhp,,1000000
2008,"Shields, James",rhp-s,,1000000
2008,"Sullivan, Cory",of,,1000000
2008,"Villarreal, Oscar",rhp,,1000000
2008,"Wellemeyer, Todd",rhp-s,,1000000
2008,"Wright, Jamey",rhp,,1000000
2008,"Burke, Chris",inf,,995000
2008,"Taguchi, So",of,,990000
2008,"Sherrill, George",lhp,,980000
2008,"Castro, Juan",2b-ss,,975000
2008,"Bloomquist, Willie",2b-of,,950000
2008,"Easley, Damion",2b,,950000
2008,"Guerrier, Matt",rhp,,950000
2008,"Ramirez, Alexei",ss,,950000
2008,"Redmond, Mike",c,,950000
2008,"Wilson, Vance",c,,950000
2008,"Amezaga, Alfredo",2b-cf,,945000
2008,"Coffey, Todd",rhp,,925000
2008,"Ankiel, Rick",cf,,900000
2008,"Clark, Tony",1b,,900000
2008,"DiNardo, Lenny",lhp-s,,900000
2008,"Durbin, Chad",rhp,,900000
2008,"Bennett, Gary",c,,875000
2008,"Thornton, Matt",lhp,,875000
2008,"Wuertz, Michael",rhp,,860000
2008,"Cairo, Miguel",2b-3b,,850000
2008,"Kim, Byung Hyun",rhp,,850000
2008,"King, Ray",lhp,,850000
2008,"LaRue, Jason",c,,850000
2008,"Patterson, John",rhp,,850000
2008,"Perez, Odalis",lhp,,850000
2008,"Rusch, Glendon",lhp,,850000
2008,"Sanchez, Duaner",rhp,,850000
2008,"Stinnett, Kelly",c,,850000
2008,"Lopez, Javier",lhp,,840000
2008,"Chulk, Vinny",rhp,,837500
2008,"Snyder, Kyle",rhp,,835000
2008,"Loewen, Adam",lhp-of,,816000
2008,"Vazquez, Ramon",ss-2b,,810000
2008,"Backe, Brandon",rhp-s,,800000
2008,"Borkowski, Dave",rhp,,800000
2008,"Casey, Sean",1b,,800000
2008,"Cotts, Neal",lhp,,800000
2008,"Harris, Willie",2b-lf,,800000
2008,"Hinske, Eric",1b-lf,,800000
2008,"Kapler, Gabe",of,,800000
2008,"McCann, Brian",c,,800000
2008,"Yates, Tyler",rhp,,800000
2008,"Seay, Bobby",lhp,,780000
2008,"Francisco, Frank",rhp,,775000
2008,"Papelbon, Jonathan",rhp,,775000
2008,"Guthrie, Jeremy",rhp-s,,770000
2008,"Gonzalez, Adrian",1b,,750000
2008,"McClung, Seth",rhp,,750000
2008,"Melhuse, Adam",c,,750000
2008,"Miller, Justin",rhp,,750000
2008,"Podsednik, Scott",cf-lf,,750000
2008,"Snell, Ian",rhp-s,,750000
2008,"Tulowitzki, Troy",ss,,750000
2008,"Walker, Tyler",rhp,,750000
2008,"Bruney, Brian",rhp,,725000
2008,"Chacin, Gustavo",lhp,,725000
2008,"Treanor, Matt",c,,705000
2008,"Cain, Matt",rhp-s,,700000
2008,"Foulke, Keith",rhp,,700000
2008,"Gerut, Jody",cf,,700000
2008,"Hansen, Craig",rhp,,700000
2008,"Young, Delmon",lf,,700000
2008,"Fielder, Prince",1b,,670000
2008,"Bauer, Rick",rhp,,650000
2008,"Bowie, Micah",lhp,,650000
2008,"Castillo, Jose",2b,,650000
2008,"Cruz Jr., Jose",of,,650000
2008,"Davis, Jason",rhp,,650000
2008,"Price, David",lhp,,650000
2008,"Tallet, Brian",lhp-s,,640000
2008,"Ledezma, Wil",lhp,,620000
2008,"Bruntlett, Eric",2b-ss,,600000
2008,"Duckworth, Brandon",rhp,,600000
2008,"Mench, Kevin",of,,600000
2008,"Mercker, Kent",lhp,,600000
2008,"Nomo, Hideo",rhp,,600000
2008,"Sweeney, Mark",1b,,600000
2008,"Villone, Ron",lhp,,600000
2008,"Cabrera, Fernando",rhp,,575000
2008,"Corpas, Manuel",rhp,,575000
2008,"Santiago, Ramon",ss-2b,,575000
2008,"Tatis, Fernando",3b-of,,560000
2008,"Chavez, Raul",c,,550000
2008,"Estes, Shawn",lhp,,550000
2008,"Jenks, Bobby",rhp,,550000
2008,"Lincoln, Mike",rhp,,550000
2008,"Mirabelli, Doug",c,,550000
2008,"Ojeda, Augie",ss-2b,,550000
2008,"Brazoban, Yhency",rhp,,540000
2008,"Hernandez, Felix",rhp-s,,540000
2008,"Munson, Eric",c-inf,,525000
2008,"Perez, Timo",of,,525000
2008,"Rivas, Luis",2b,,525000
2008,"Aquino, Greg",rhp,,500000
2008,"Balfour, Grant",rhp,,500000
2008,"Cantu, Jorge",1b-3b,,500000
2008,"Capps, Matt",rhp,,500000
2008,"Carmona, Fausto",rhp-s,,500000
2008,"Choate, Randy",lhp,,500000
2008,"Hairston Jr., Jerry",of-2b,,500000
2008,"Hamels, Cole",lhp-s,,500000
2008,"Kinsler, Ian",2b,,500000
2008,"Langerhans, Ryan",of,,500000
2008,"Longoria, Evan",3b,,500000
2008,"Martin, Russell",c,,500000
2008,"Moehler, Brian",rhp-s,,500000
2008,"Morales, Kendry",1b,,500000
2008,"Park, Chan Ho",rhp,,500000
2008,"Paronto, Chad",rhp,,500000
2008,"Traber, Billy",lhp,,500000
2008,"Wainwright, Adam",rhp-s,,500000
2008,"Wells, Vernon",cf,,500000
2008,"Repko, Jason",of,,487500
2008,"Victorino, Shane",cf,,480000
2008,"Cabrera, Jolbert",inf-of,,475000
2008,"Hudson, Luke",rhp,,475000
2008,"Zimmerman, Ryan",3b,,465000
2008,"Cabrera, Melky",cf,,461200
2008,"Francoeur, Jeff",rf,,460000
2008,"Thurston, Joe",3b-2b,,460000
2008,"Pedroia, Dustin",2b,,457000
2008,"Braun, Ryan",lf,,455000
2008,"Markakis, Nick",rf,,455000
2008,"Broxton, Jonathan",rhp,,454000
2008,"Rodriguez, Wandy",lhp-s,,451000
2008,"Beam, T.J.",rhp,,450000
2008,"Cormier, Lance",rhp,,450000
2008,"Encarnacion, Edwin",3b,,450000
2008,"Maine, John",rhp-s,,450000
2008,"Snelling, Chris",of,,450000
2008,"Wagner, Ryan",rhp,,450000
2008,"Hill, Rich",lhp-s,,445000
2008,"Kendrick, Kyle",rhp,,445000
2008,"Ray, Chris",rhp,,445000
2008,"Hart, Corey",rf,,444000
2008,"Dobbs, Greg",3b-1b,,440000
2008,"Phillips, Andy",inf,,440000
2008,"Duncan, Chris",lf-1b,,439000
2008,"Ramirez, Hanley",ss,,439000
2008,"Rivera, Saul",rhp,,436000
2008,"Burke, Jamie",c,,435000
2008,"Neshek, Pat",rhp,,435000
2008,"Weaver, Jered",rhp-s,,435000
2008,"Bonser, Boof",rhp,,432500
2008,"Kendrick, Howie",2b,,432500
2008,"Willits, Reggie",of,,432500
2008,"Harris, Brendan",2b-ss,,431000
2008,"Johnson, Kelly",2b,,430000
2008,"Marmol, Carlos",rhp,,430000
2008,"Scott, Luke",dh-of,,430000
2008,"Theriot, Ryan",2b-ss,,428000
2008,"James, Chuck",lhp,,427500
2008,"Gathright, Joey",cf,,427000
2008,"Soria, Joakim",rhp,,426500
2008,"McLouth, Nate",cf,,425000
2008,"McPherson, Dallas",3b,,425000
2008,"Napoli, Mike",c,,425000
2008,"Ruiz, Carlos",c,,425000
2008,"Saunders, Joe",lhp-s,,425000
2008,"Ethier, Andre",rf,,424500
2008,"Maholm, Paul",lhp-s,,424500
2008,"Paulino, Ronny",c,,423500
2008,"Baker, Scott",rhp-s,,422500
2008,"Lester, Jon",lhp-s,,421500
2008,"Bannister, Brian",rhp-s,,421000
2008,"Delcarmen, Manny",rhp,,421000
2008,"Garko, Ryan",1b,,420100
2008,"Bell, Heath",rhp,,420000
2008,"Condrey, Clay",rhp,,420000
2008,"Grilli, Jason",rhp,,420000
2008,"Moseley, Dustin",rhp-s,,420000
2008,"Santana, Ervin",rhp-s,,420000
2008,"Zumaya, Joel",rhp,,420000
2008,"Jackson, Conor",lf,,419500
2008,"Gorzelanny, Tom",lhp-s,,419000
2008,"Wilson, C.J.",lhp,,417460
2008,"Uggla, Dan",2b,,417000
2008,"Bartlett, Jason",ss,,416500
2008,"Barfield, Josh",2b,,416000
2008,"Aybar, Erick",ss,,415000
2008,"Billingsley, Chad",rhp-s,,415000
2008,"Bootcheck, Chris",rhp,,415000
2008,"Burgos, Ambiorix",rhp,,415000
2008,"Coste, Chris",c,,415000
2008,"Mathis, Jeff",c,,415000
2008,"Meredith, Cla",rhp,,415000
2008,"Gross, Gabe",rf,,414000
2008,"Thompson, Brad",rhp,,414000
2008,"Villanueva, Carlos",rhp,,413000
2008,"Jackson, Edwin",rhp-s,,412700
2008,"Navarro, Dioner",c,,412500
2008,"Dohmann, Scott",rhp,,412400
2008,"Upton, B.J.",cf,,412100
2008,"Doumit, Ryan",c,,412000
2008,"Gonzalez, Edgar",rhp,,411000
2008,"Loney, James",1b,,411000
2008,"Ludwick, Ryan",rf,,411000
2008,"Loe, Kameron",rhp,,410690
2008,"Bowen, Rob",c,,410000
2008,"Cust, Jack",dh-of,,410000
2008,"DeSalvo, Matt",rhp,,410000
2008,"Hensley, Clay",rhp,,410000
2008,"Hill, Aaron",2b,,410000
2008,"Johnson, Dan",1b,,410000
2008,"Kouzmanoff, Kevin",3b,,410000
2008,"Miner, Zach",rhp,,410000
2008,"Moylan, Peter",rhp,,410000
2008,"Waechter, Doug",rhp,,410000
2008,"Hammock, Rob",c,,409500
2008,"Medders, Brandon",rhp,,409500
2008,"Chico, Matt",lhp,,409000
2008,"Cedeno, Ronny",2b-ss,,407000
2008,"Perez, Rafael",lhp,,406700
2008,"Hughes, Phil",rhp-s,,406350
2008,"Ellsbury, Jacoby",cf,,406000
2008,"Gordon, Alex",3b,,406000
2008,"Hairston, Scott",of,,406000
2008,"Kemp, Matt",cf,,406000
2008,"Young, Chris",cf,,406000
2008,"Barmes, Clint",2b,,405000
2008,"Fontenot, Mike",2b,,405000
2008,"Green, Sean",rhp,,405000
2008,"Lincecum, Tim",rhp-s,,405000
2008,"Logan, Boone",lhp,,405000
2008,"Nunez, Leo",rhp,,405000
2008,"Olsen, Scott",lhp-s,,405000
2008,"Pena Jr., Tony",rhp-ss,,405000
2008,"Quintero, Humberto",c,,405000
2008,"Willingham, Josh",lf-rf,,405000
2008,"McCarthy, Brandon",rhp-s,,404810
2008,"Garza, Matt",rhp-s,,404600
2008,"Germano, Justin",rhp,,404500
2008,"Gutierrez, Franklin",cf,,404400
2008,"McGowan, Dustin",rhp-s,,404100
2008,"Shoppach, Kelly",c,,404100
2008,"Bergmann, Jason",rhp,,404000
2008,"Gallardo, Yovani",rhp-s,,404000
2008,"Janssen, Casey",rhp,,403900
2008,"Duffy, Chris",of,,403500
2008,"Aardsma, David",rhp,,403250
2008,"Baker, Jeff",2b-3b,,403000
2008,"Gotay, Ruben",2b,,403000
2008,"Escobar, Yuniel",ss,,402500
2008,"Gardner, Lee",rhp,,402500
2008,"Hampson, Justin",lhp,,402500
2008,"Hopper, Norris",inf-of,,402500
2008,"Keppinger, Jeff",2b-ss,,402500
2008,"Marcum, Shaun",rhp-s,,402500
2008,"Milledge, Lastings",cf,,402500
2008,"Hill, Shawn",rhp-s,,402000
2008,"Owings, Micah",rhp-s,,402000
2008,"Stokes, Brian",rhp,,402000
2008,"Stokes, Brian",rhp,,402000
2008,"Pagan, Angel",of,,401500
2008,"Pie, Felix",lf,,401500
2008,"Aybar, Willy",1b-3b,,401200
2008,"Guzman, Angel",rhp,,401000
2008,"Sampson, Chris",rhp,,401000
2008,"Soto, Geovany",c,,401000
2008,"Orvella, Chad",rhp,,400700
2008,"Montero, Miguel",c,,400500
2008,"Slaten, Doug",lhp,,400500
2008,"Taschner, Jack",lhp,,400500
2008,"League, Brandon",rhp,,400300
2008,"Bennett, Jeff",rhp,,400000
2008,"Buck, Travis",rf-lf,,400000
2008,"Cash, Kevin",c,,400000
2008,"Casilla, Santiago (Garcia, Jairo)",rhp,,400000
2008,"Cassel, Jack",rhp,,400000
2008,"Chavez, Angel",inf,,400000
2008,"Danks, John",lhp-s,,400000
2008,"Denorfia, Chris",of,,400000
2008,"Duke, Zach",lhp-s,,400000
2008,"Flores, Jesus",c,,400000
2008,"Floyd, Gavin",rhp-s,,400000
2008,"Hanrahan, Joel",rhp,,400000
2008,"Haynes, Nathan",of,,400000
2008,"Lopez, Aquilino",rhp,,400000
2008,"Miller, Corky",c,,400000
2008,"Murphy, Donnie",2b,,400000
2008,"Nieves, Wil",c,,400000
2008,"O'Flaherty, Eric",lhp,,400000
2008,"Quentin, Carlos",lf,,400000
2008,"Quiroz, Guillermo",c,,400000
2008,"Seanez, Rudy",rhp,,400000
2008,"Towers, Josh",rhp,,400000
2008,"Buchholz, Taylor",rhp,,399000
2008,"Butler, Billy",1b-dh,,399000
2008,"Duncan, Shelley",inf-of,,398300
2008,"Cruz, Nelson",rf,,398150
2008,"Johnson, Tyler",lhp,,398000
2008,"Smith, Joe",rhp,,398000
2008,"Littleton, Wes",rhp,,397510
2008,"Birkins, Kurt",lhp,,397500
2008,"Frandsen, Kevin",2b-ss,,397500
2008,"Gwynn, Anthony",of,,397500
2008,"Howell, J.P.",lhp,,397500
2008,"Owens, Jerry",cf,,397500
2008,"Ring, Royce",lhp,,397500
2008,"Feldman, Scott",rhp,,397430
2008,"Sowers, Jeremy",lhp,,397200
2008,"Ramirez, Ramon S.",rhp,,397000
2008,"Hamilton, Josh",cf,,396830
2008,"Saltalamacchia, Jarrod",c,,396710
2008,"Reynolds, Mark",3b,,396500
2008,"Gabbard, Kason",lhp,,396380
2008,"Hammel, Jason",rhp,,396300
2008,"Bourn, Michael",cf,,396000
2008,"Buchholz, Clay",rhp-s,,396000
2008,"Hirsh, Jason",rhp,,396000
2008,"Iannetta, Chris",c,,396000
2008,"Masset, Nick",rhp,,396000
2008,"Pence, Hunter",rf,,396000
2008,"Raburn, Ryan",of,,396000
2008,"Schumaker, Skip",2b-lf,,396000
2008,"Spilborghs, Ryan",lf,,396000
2008,"Litsch, Jesse",rhp-s,,395800
2008,"Sonnanstine, Andy",rhp-s,,395800
2008,"Zobrist, Ben",2b-rf,,395800
2008,"Nippert, Dustin",rhp,,395500
2008,"Wolfe, Brian",lhp,,395500
2008,"Rheinecker, John",p,,395320
2008,"Albers, Matt",rhp,,395000
2008,"Anderson, Brian",cf,,395000
2008,"Bazardo, Yorman",rhp,,395000
2008,"Brown, Andrew",rhp,,395000
2008,"Burres, Brian",lhp,,395000
2008,"Burton, Jared",rhp,,395000
2008,"Eveland, Dana",lhp-s,,395000
2008,"Gomez, Carlos",cf,,395000
2008,"Hannahan, Jack",3b,,395000
2008,"Hermida, Jeremy",lf,,395000
2008,"Jacobs, Mike",dh-1b,,395000
2008,"Lindstrom, Matt",rhp,,395000
2008,"Rivera, Mike",c,,395000
2008,"Rosario, Francisco",rhp,,395000
2008,"Rowland-Smith, Ryan",lhp-s,,395000
2008,"Sanchez, Jonathan",lhp-s,,395000
2008,"Slowey, Kevin",rhp-s,,395000
2008,"Suzuki, Kurt",c,,395000
2008,"Sweeney, Ryan",cf,,395000
2008,"Kennedy, Ian",rhp-s,,394275
2008,"Botts, Jason",1b,,394190
2008,"Callaspo, Alberto",2b,,394000
2008,"Petit, Yusmeiro",rhp,,394000
2008,"Vargas, Jason",lhp,,394000
2008,"Morse, Michael",inf-of,,393500
2008,"Cabrera, Asdrubal",2b,,393300
2008,"Karstens, Jeff",rhp-s,,393300
2008,"Albaladejo, Jonathan",rhp,,393225
2008,"Abreu, Tony",2b,,393000
2008,"Lewis, Jensen",rhp,,393000
2008,"Murphy, David",lf,,393000
2008,"Osoria, Franquelis",rhp,,393000
2008,"Ryan, Brendan",ss,,393000
2008,"Salazar, Jeff",of,,393000
2008,"Thatcher, Joe",lhp,,393000
2008,"Upton, Justin",rf,,393000
2008,"Acosta, Manny",rhp,,392500
2008,"Cannizaro, Andy",ss,,392500
2008,"Dukes, Elijah",cf-rf,,392500
2008,"Hart, Kevin",rhp,,392500
2008,"LaRoche, Andy",3b,,392500
2008,"Livingston, Bobby",lhp,,392500
2008,"Reyes, Anthony",rhp-s,,392500
2008,"Richar, Danny",2b,,392500
2008,"Tankersley, Taylor",lhp,,392500
2008,"Volquez, Edinson",rhp-s,,392500
2008,"Wilson, Brian",rhp,,392500
2008,"Zagurski, Mike",lhp,,392500
2008,"Accardo, Jeremy",rhp,,392200
2008,"Riggans, Shawn",c,,392100
2008,"Bulger, Jason",rhp,,392000
2008,"Coats, Buck",of,,392000
2008,"Colon, Christian",ss,,392000
2008,"Jimenez, Ubaldo",rhp-s,,392000
2008,"Kuo, Hong-Chih",lhp,,392000
2008,"Lewis, Fred",lf,,392000
2008,"Metcalf, Travis",3b,,392000
2008,"Murray, A.J.",lhp,,392000
2008,"Ortmeier, Dan",of,,392000
2008,"Parra, Manny",lhp-s,,392000
2008,"Rupe, Josh",rhp,,392000
2008,"Marte, Andy",3b,,391600
2008,"Mujica, Edward",rhp,,391600
2008,"Pignatiello, Carmen",lhp,,391500
2008,"Pinto, Renyel",lhp,,391500
2008,"Tata, Jordan",rhp,,391500
2008,"Vanden Hurk, Rick",rhp,,391500
2008,"Ohlendorf, Ross",rhp-s,,391425
2008,"McAnulty, Paul",of/1b,,391250
2008,"Stauffer, Tim",rhp,,391200
2008,"Arias, Joaquin",ss,,391000
2008,"Mendoza, Luis",rhp,,391000
2008,"Morales, Franklin",lhp,,391000
2008,"Morgan, Nyjer",lf,,391000
2008,"Newman, Josh",lhp,,391000
2008,"Thompson, Rich",rhp,,391000
2008,"Young, Delwyn",lf-rf,,391000
2008,"Dumatrait, Phil",lhp,,390500
2008,"Choo, Shin Soo",rf,,390400
2008,"Andino, Robert",2b-ss,,390000
2008,"Barton, Brian",of,,390000
2008,"Barton, Daric",1b,,390000
2008,"Beltre, Omar",rhp,,390000
2008,"Bierd, Randor",rhp,,390000
2008,"Blackburn, Nick",rhp-s,,390000
2008,"Blanco, Gregor",of,,390000
2008,"Bocock, Brian",inf,,390000
2008,"Boggs, Brandon",of,,390000
2008,"Boyer, Blaine",rhp,,390000
2008,"Bynum, Freddie",of,,390000
2008,"Carroll, Brett",lf,,390000
2008,"Chamberlain, Joba",rhp-s,,390000
2008,"Cherry, Rocky",rhp,,390000
2008,"Clark, Howie",inf,,390000
2008,"Cueto, Johnny",rhp-s,,390000
2008,"De Aza, Alejandro",of,,390000
2008,"De La Cruz, Eulogio",rhp,,390000
2008,"DeWitt, Blake",2b-3b,,390000
2008,"Fahey, Brandon",ss,,390000
2008,"Garcia, Anderson",rhp,,390000
2008,"Garcia, Harvey",rhp,,390000
2008,"Gonzalez, Enrique",rhp,,390000
2008,"Guevara, Carlos",rhp,,390000
2008,"Harrison, Matt",lhp-s,,390000
2008,"Hernandez, Luis",ss,,390000
2008,"Herrera, Yoslan",rhp,,390000
2008,"Hoey, James",rhp,,390000
2008,"Holm, Steve",c,,390000
2008,"Hoover, Paul",c,,390000
2008,"Hu, Chin-Lung",ss,,390000
2008,"Huber, Justin",inf,,390000
2008,"Jimenez, Cesar",lhp,,390000
2008,"Johnson, Elliot",2b,,390000
2008,"Johnson, Josh",rhp-s,,390000
2008,"Jones, Adam",cf,,390000
2008,"Jurrjens, Jair",rhp-s,,390000
2008,"Kensing, Logan",rhp,,390000
2008,"Kinney, Josh",rhp,,390000
2008,"Lahey, Tim",rhp,,390000
2008,"Lerew, Anthony",rhp,,390000
2008,"Lowe, Mark",rhp,,390000
2008,"Martinez, Carlos",rhp,,390000
2008,"Mathieson, Scott",rhp,,390000
2008,"Maybin, Cameron",cf,,390000
2008,"McClellan, Kyle",rhp,,390000
2008,"Meek, Evan",rhp,,390000
2008,"Meloan, Jonathan",rhp,,390000
2008,"Miller, Adam",rhp,,390000
2008,"Miller, Jai",of,,390000
2008,"Moore, Scott",3b,,390000
2008,"Nolasco, Ricky",rhp-s,,390000
2008,"O'Day, Darren",rhp,,390000
2008,"Ogando, Alexi",rhp,,390000
2008,"Owens, Henry",rhp,,390000
2008,"Patton, Troy",lhp,,390000
2008,"Paulino, Felipe",rhp,,390000
2008,"Pena, Brayan",c,,390000
2008,"Prado, Martin",2b,,390000
2008,"Rabelo, Mike",c,,390000
2008,"Ramirez, Max",c,,390000
2008,"Resop, Chris",rhp,,390000
2008,"Romero, Alex",of,,390000
2008,"Ross, Cody",rf,,390000
2008,"Sanchez, Anibal",rhp-s,,390000
2008,"Sanchez, Humberto",rhp,,390000
2008,"Sarfate, Dennis",rhp,,390000
2008,"Thomas, Clete",of,,390000
2008,"Threets, Erick",lhp,,390000
2008,"Tolbert, Matt",inf,,390000
2008,"Towles, J.R.",c,,390000
2008,"Troncoso, Ramon",rhp,,390000
2008,"Tupman, Matt",c,,390000
2008,"Valdez, Merkin",rhp,,390000
2008,"Velez, Eugenio",2b-lf,,390000
2008,"Votto, Joey",1b,,390000
2008,"Wood, Jason",3b,,390000
2008,"Wright, Wesley",lhp,,390000
2008,"Yabu, Keiichi",rhp,,390000
2007,"Rodriguez, Alex",3b,,27000000
2007,"Giambi, Jason",1b-dh,,21000000
2007,"Jeter, Derek",ss,,20000000
2007,"Ramirez, Manny",lf-dh,,18000000
2007,"Helton, Todd",1b,,16600000
2007,"Pettitte, Andy",lhp-s,,16000000
2007,"Bonds, Barry",of,,15800000
2007,"Abreu, Bobby",rf,,15000000
2007,"Pujols, Albert",1b,,15000000
2007,"Berkman, Lance",1b,,14500000
2007,"Delgado, Carlos",1b,,14500000
2007,"Hampton, Mike",lhp-s,,14500000
2007,"Colon, Bartolo",rhp-s,,14000000
2007,"Drew, J.D.",rf,,14000000
2007,"Martinez, Pedro J.",rhp,,14000000
2007,"Sexson, Richie",1b,,14000000
2007,"Thome, Jim",dh,,14000000
2007,"Guerrero, Vladimir",rf-dh,,13500000
2007,"Jones, Andruw",cf-lf,,13500000
2007,"Burrell, Pat",dh-lf,,13000000
2007,"Damon, Johnny",lf,,13000000
2007,"Furcal, Rafael",ss,,13000000
2007,"Kendall, Jason",c,,13000000
2007,"Lee, Derrek",1b,,13000000
2007,"Matsui, Hideki",dh-lf,,13000000
2007,"Oswalt, Roy",rhp-s,,13000000
2007,"Schilling, Curt",rhp,,13000000
2007,"Sheffield, Gary",rf,,13000000
2007,"Halladay, Roy",rhp-s,,12800000
2007,"Griffey Jr., Ken",dh-rf,,12500000
2007,"Ortiz, David",dh,,12500000
2007,"Schmidt, Jason",rhp-s,,12500000
2007,"Vazquez, Javier",rhp-s,,12500000
2007,"Zambrano, Carlos",rhp-s,,12400000
2007,"Beltran, Carlos",cf,,12000000
2007,"Beltre, Adrian",3b,,12000000
2007,"Burnett, A.J.",rhp-s,,12000000
2007,"Hunter, Torii",cf,,12000000
2007,"Konerko, Paul",1b,,12000000
2007,"Ordonez, Magglio",rf,,12000000
2007,"Posada, Jorge",c,,12000000
2007,"Rolen, Scott",3b,,12000000
2007,"Santana, Johan",lhp-s,,12000000
2007,"Tejada, Miguel",3b,,12000000
2007,"Anderson, Garret",lf,,11000000
2007,"Anderson, Garret",lf,,11000000
2007,"Edmonds, Jim",of,,11000000
2007,"Jones, Chipper",3b,,11000000
2007,"Lee, Carlos",lf,,11000000
2007,"Mussina, Mike",rhp,,11000000
2007,"Rodriguez, Ivan",c,,11000000
2007,"Suzuki, Ichiro",rf,,11000000
2007,"Sweeney, Mike",dh-1b,,11000000
2007,"Glaus, Troy",3b,,10750000
2007,"Dunn, Adam",lf-1b,,10500000
2007,"Glavine, Tom",lhp-s,,10500000
2007,"Rivera, Mariano",rhp,,10500000
2007,"Wagner, Billy",lhp,,10500000
2007,"Garcia, Freddy",rhp-s,,10000000
2007,"Garland, Jon",rhp-s,,10000000
2007,"Maddux, Greg",rhp,,10000000
2007,"Pavano, Carl",rhp-s,,10000000
2007,"Sheets, Ben",rhp,,10000000
2007,"Zito, Barry",lhp-s,,10000000
2007,"Buehrle, Mark",lhp-s,,9500000
2007,"Green, Shawn",of,,9500000
2007,"Lowe, Derek",rhp-s,,9500000
2007,"Morris, Matt",rhp,,9500000
2007,"Chavez, Eric",3b,,9000000
2007,"Contreras, Jose",rhp-s,,9000000
2007,"Giles, Brian",rf,,9000000
2007,"Kent, Jeff",2b,,9000000
2007,"Lowell, Mike",3b,,9000000
2007,"Milton, Eric",lhp,,9000000
2007,"Padillia, Vicente",rhp-s,,9000000
2007,"Renteria, Edgar",ss,,9000000
2007,"Soriano, Alfonso",lf,,9000000
2007,"Teixeira, Mark",1b,,9000000
2007,"Varitek, Jason",c,,9000000
2007,"Isringhausen, Jason",rhp,,8750000
2007,"Sabathia, CC",lhp-s,,8750000
2007,"Washburn, Jarrod",lhp-s,,8750000
2007,"Alou, Moises",of,,8500000
2007,"Carpenter, Chris",rhp-s,,8500000
2007,"Escobar, Kelvim",rhp-s,,8500000
2007,"Piazza, Mike",c,,8500000
2007,"Weaver, Jeff",rhp,,8325000
2007,"Lugo, Julio",ss,,8000000
2007,"Ramirez, Aramis",3b,,8000000
2007,"Rogers, Kenny",lhp,,8000000
2007,"Smoltz, John",rhp-s,,8000000
2007,"Wolf, Randy",lhp-s,,8000000
2007,"Mora, Melvin",3b,,7758503
2007,"Perez, Odalis",lhp,,7750000
2007,"Benitez, Armando",rhp,,7600000
2007,"Benson, Kris",rhp-s,,7500000
2007,"Cabrera, Orlando",ss,,7500000
2007,"Garciaparra, Nomar",3b-1b,,7500000
2007,"Lieber, Jon",p,,7500000
2007,"Millwood, Kevin",rhp-s,,7500000
2007,"Penny, Brad",rhp-s,,7500000
2007,"Pierre, Juan",cf-lf,,7500000
2007,"Vidro, Jose",dh-2b,,7500000
2007,"Cabrera, Miguel",1b,,7400000
2007,"Gonzalez, Luis",of,,7350000
2007,"Byrd, Paul",rhp,,7000000
2007,"Cameron, Mike",cf,,7000000
2007,"Durham, Ray",2b,,7000000
2007,"Gordon, Tom",rhp,,7000000
2007,"Hernandez, Livan",rhp-s,,7000000
2007,"Jenkins, Geoff",of,,7000000
2007,"Kotsay, Mark",of-1b,,7000000
2007,"Meche, Gil",rhp-s,,7000000
2007,"Rodriguez, Francisco",rhp,,7000000
2007,"Rollins, Jimmy",ss,,7000000
2007,"Wright, Jaret",rhp,,7000000
2007,"Eaton, Adam",rhp-s,,6875000
2007,"Dye, Jermaine",rf,,6750000
2007,"Hernandez, Ramon",c,,6500000
2007,"Hillenbrand, Shea",3b,,6500000
2007,"Hoffman, Trevor",rhp,,6500000
2007,"Wickman, Bob",rhp,,6500000
2007,"Willis, Dontrelle",lhp-s,,6450000
2007,"LoDuca, Paul",c,,6250000
2007,"Westbrook, Jake",rhp-s,,6100000
2007,"Beckett, Josh",rhp-s,,6000000
2007,"Gagne, Eric",rhp,,6000000
2007,"Hudson, Tim",rhp-s,,6000000
2007,"Loaiza, Esteban",rhp,,6000000
2007,"Lofton, Kenny",of,,6000000
2007,"Matsuzaka, Daisuke",rhp-s,,6000000
2007,"Matthews Jr., Gary",cf,,6000000
2007,"Moyer, Jamie",lhp-s,,6000000
2007,"Suppan, Jeff",rhp-s,,6000000
2007,"Williams, Woody",rhp,,6000000
2007,"Castillo, Luis",2b,,5750000
2007,"Cuddyer, Michael",rf,,5750000
2007,"Koskie, Corey",3b,,5750000
2007,"Hinske, Eric",1b-lf,,5625000
2007,"Wells, Vernon",cf,,5600000
2007,"Davis, Doug",lhp-s,,5500000
2007,"Ibanez, Raul",lf,,5500000
2007,"Jennings, Jason",rhp,,5500000
2007,"Johnson, Nick",1b,,5500000
2007,"Lackey, John",rhp-s,,5500000
2007,"Pierzynski, A.J.",c,,5500000
2007,"LaRue, Jason",c,,5450000
2007,"Cordero, Francisco",rhp,,5400000
2007,"Lidge, Brad",rhp,,5350000
2007,"Nathan, Joe",rhp,,5250000
2007,"Wilson, Jack",ss,,5250000
2007,"Johjima, Kenji",c,,5200000
2007,"Biggio, Craig",of,,5150000
2007,"Feliz, Pedro",3b,,5100000
2007,"Dempster, Ryan",rhp-s,,5000000
2007,"Dotel, Octavio",rhp,,5000000
2007,"Encarnacion, Juan",of,,5000000
2007,"Farnsworth, Kyle",rhp,,5000000
2007,"Gibbons, Jay",1b,,5000000
2007,"Guillen, Carlos",lf,,5000000
2007,"Jones, Todd",rhp,,5000000
2007,"Lilly, Ted",lhp-s,,5000000
2007,"Mulder, Mark",lhp,,5000000
2007,"Myers, Brett",rhp-s,,5000000
2007,"Roberts, Dave",of,,5000000
2007,"Ryan, B.J.",lhp,,5000000
2007,"Sanders, Reggie",of,,5000000
2007,"Crede, Joe",3b,,4940000
2007,"Inge, Brandon",3b,,4900000
2007,"Monroe, Craig",rf,,4775000
2007,"Blalock, Hank",dh-1b,,4750000
2007,"Marquis, Jason",rhp-s,,4750000
2007,"Peavy, Jake",rhp-s,,4750000
2007,"Barrett, Michael",c,,4600000
2007,"Polanco, Placido",3b,,4600000
2007,"Byrnes, Eric",of,,4575000
2007,"Bonderman, Jeremy",rhp-s,,4500000
2007,"Eckstein, David",2b,,4500000
2007,"Hernandez, Orlando",rhp,,4500000
2007,"Looper, Braden",rhp-s,,4500000
2007,"Morneau, Justin",1b,,4500000
2007,"Payton, Jay",of,,4500000
2007,"Utley, Chase",2b,,4500000
2007,"Webb, Brandon",rhp-s,,4500000
2007,"Holliday, Matt",lf,,4400000
2007,"Ensberg, Morgan",3b,,4350000
2007,"Rowand, Aaron",cf,,4350000
2007,"Wilkerson, Brad",of,,4350000
2007,"Lopez, Rodrigo",rhp-s,,4325000
2007,"Patterson, Corey",of,,4300000
2007,"Harang, Aaron",rhp-s,,4250000
2007,"Guzman, Cristian",ss,,4200000
2007,"Lohse, Kyle",rhp-s,,4200000
2007,"Roberts, Brian",2b,,4200000
2007,"Izturis, Cesar",ss,,4150000
2007,"Uribe, Juan",3b-ss,,4150000
2007,"Tomko, Brett",rhp,,4100000
2007,"Guerrier, Matt",rhp,,4075000
2007,"Ausmus, Brad",c,,4000000
2007,"Baez, Danys",rhp,,4000000
2007,"Borowski, Joe",rhp,,4000000
2007,"Bradley, Milton",rf-dh,,4000000
2007,"Casey, Sean",1b,,4000000
2007,"Crawford, Carl",lf,,4000000
2007,"Elarton, Scott",rhp,,4000000
2007,"Grudzielanek, Mark",ss-2b,,4000000
2007,"Guillen, Jose",rf,,4000000
2007,"Howry, Bobby",rhp,,4000000
2007,"Huff, Aubrey",1b,,4000000
2007,"Igawa, Kei",lhp,,4000000
2007,"Johnson, Randy",lhp-s,,4000000
2007,"Jones, Jacque",of,,4000000
2007,"Molina, Benjie",c,,4000000
2007,"Pineiro, Joel",rhp-s,,4000000
2007,"Silva, Carlos",rhp-s,,4000000
2007,"Vizquel, Omar",ss-2b,,4000000
2007,"Wakefield, Tim",rhp-s,,4000000
2007,"Wells, Kip",rhp,,4000000
2007,"Winn, Randy",rf,,4000000
2007,"Hudson, Orlando",2b,,3900000
2007,"Lopez, Felipe",2b-ss,,3900000
2007,"Chacon, Shawn",rhp,,3825000
2007,"Arroyo, Bronson",rhp-s,,3800000
2007,"Clark, Brady",of,,3800000
2007,"Valentin, Jose",of-ss,,3800000
2007,"Blake, Casey",3b,,3750000
2007,"Dellucci, David",of,,3750000
2007,"Hafner, Travis",dh,,3750000
2007,"Mauer, Joe",c,,3750000
2007,"Speier, Justin",rhp,,3750000
2007,"Fogg, Josh",rhp,,3625000
2007,"Julio, Jorge",rhp,,3600000
2007,"Schoeneweis, Scott",lhp,,3600000
2007,"Prior, Mark",rhp,,3575000
2007,"Broussard, Ben",1b,,3550000
2007,"Armas Jr., Tony",rhp,,3500000
2007,"Aurilia, Rich",1b-3b,,3500000
2007,"Catalanotto, Frank",of,,3500000
2007,"Crisp, Covelli",cf,,3500000
2007,"Ellis, Mark",2b,,3500000
2007,"Eyre, Scott",lhp,,3500000
2007,"Figgins, Chone",3b,,3500000
2007,"Fuentes, Brian",lhp,,3500000
2007,"Gonzalez, Alex",ss,,3500000
2007,"Hawkins, LaTroy",rhp,,3500000
2007,"Kearns, Austin",rf,,3500000
2007,"Schneider, Brian",c,,3500000
2007,"Young, Michael",3b,,3500000
2007,"Zaun, Gregg",c,,3500000
2007,"Brown, Emil",of,,3450000
2007,"Bedard, Erik",lhp-s,,3400000
2007,"Estrada, Johnny",c,,3400000
2007,"Mench, Kevin",of,,3400000
2007,"Shields, Scot",rhp,,3400000
2007,"Hernandez, Roberto",rhp,,3300000
2007,"Robertson, Nate",lhp,,3260000
2007,"Robertson, Nate",lhp,,3260000
2007,"Bay, Jason",lf,,3250000
2007,"Berrora, Angel",ss,,3250000
2007,"Capuano, Chris",lhp,,3250000
2007,"Giles, Marcus",2b,,3250000
2007,"Graffanino, Tony",2b-3b,,3250000
2007,"Iguchi, Tadahito",2b-ss,,3250000
2007,"LaRoche, Adam",1b,,3200000
2007,"Ortiz, Ramon",rhp,,3100000
2007,"Tavarez, Julian",rhp,,3100000
2007,"Trachsel, Steve",rhp,,3100000
2007,"Johnson, Reed",cf,,3075000
2007,"Cook, Aaron",rhp-s,,3050000
2007,"Barajas, Rod",c,,3000000
2007,"Bradford, Chad",rhp,,3000000
2007,"Floyd, Cliff",lf,,3000000
2007,"Hall, Bill",3b,,3000000
2007,"Martinez, Victor",c-1b,,3000000
2007,"Nixon, Trot",of,,3000000
2007,"Otsuka, Akinori",p,,3000000
2007,"Vizcaino, Luis",rhp,,3000000
2007,"Walker, Jamie",lhp,,3000000
2007,"Wells, David",lhp,,3000000
2007,"Maroth, Mike",lhp,,2950000
2007,"Hendrickson, Mark",lhp-s,,2925000
2007,"Podsednik, Scott",cf-lf,,2900000
2007,"Towers, Josh",rhp,,2900000
2007,"Counsell, Craig",2b-3b,,2800000
2007,"Everett, Adam",ss,,2800000
2007,"Kennedy, Joe",p,,2800000
2007,"Timlin, Mike",rhp,,2800000
2007,"Carrasco, Hector",rhp,,2750000
2007,"DeRosa, Mark",3b,,2750000
2007,"Lee, Cliff",lhp-s,,2750000
2007,"Mackowiak, Rob",of,,2750000
2007,"Millar, Kevin",dh-1b,,2750000
2007,"Miller, Damian",c,,2750000
2007,"Sanchez, Freddy",2b,,2750000
2007,"Tracy, Chad",1b,,2750000
2007,"White, Rondell",of,,2750000
2007,"Lamb, Mike",3b,,2700000
2007,"Wigginton, Ty",3b,,2700000
2007,"Ramirez, Horacio",lhp-s,,2650000
2007,"Torres, Salomon",rhp,,2600000
2007,"Rios, Alex",rf-cf,,2535000
2007,"Crosby, Bobby",ss,,2500000
2007,"Kennedy, Adam",2b,,2500000
2007,"Kim, Byung Hyun",rhp,,2500000
2007,"Loretta, Mark",2b-3b,,2500000
2007,"Mesa, Jose",rhp,,2500000
2007,"Perez, Neifi",ss,,2500000
2007,"Reyes, Jose",ss,,2500000
2007,"Vargas, Claudio",rhp,,2500000
2007,"Marte, Damaso",lhp,,2450000
2007,"Gonzalez, Mike",lhp,,2350000
2007,"Perez, Oliver",lhp-s,,2325000
2007,"Turnbow, Derrick",rhp,,2300000
2007,"Embree, Alan",lhp,,2250000
2007,"Greene, Khalil",ss,,2250000
2007,"Weathers, David",rhp,,2250000
2007,"Fossum, Casey",lhp,,2200000
2007,"Haren, Dan",rhp-s,,2200000
2007,"Putz, J.J.",rhp,,2200000
2007,"Nady, Xavier",rf,,2150000
2007,"Kielty, Bobby",of,,2100000
2007,"Nunez, Abraham",inf,,2100000
2007,"Spiezio, Scott",inf,,2100000
2007,"Wheeler, Dan",rhp,,2100000
2007,"Helms, Wes",3b-1b,,2050000
2007,"Reitsma, Chris",rhp,,2050000
2007,"Rivera, Juan",dh-lf,,2025000
2007,"Conine, Jeff",of-1b,,2000000
2007,"Cora, Alex",2b-ss,,2000000
2007,"DeJesus, David",lf,,2000000
2007,"Harden, Rich",rhp-s,,2000000
2007,"Michaels, Jason",of,,2000000
2007,"Olivo, Miguel",c,,2000000
2007,"Rincon, Juan",rhp,,2000000
2007,"Riske, David",rhp,,2000000
2007,"Stanton, Mike",lhp,,2000000
2007,"Valverde, Jose",rhp,,2000000
2007,"Wilson, Craig",of,,2000000
2007,"Worrell, Tim",rhp,,2000000
2007,"Castillo, Jose",2b,,1900000
2007,"Cintron, Alex",inf,,1900000
2007,"Pena, Wily Mo",of,,1875000
2007,"Cabrera, Daniel",rhp-s,,1825000
2007,"Bale, John",lhp,,1800000
2007,"Iwamura, Akinori",2b,,1800000
2007,"Mota, Guillermo",rhp,,1800000
2007,"Punto, Nick",ss,,1800000
2007,"Hall, Toby",c,,1750000
2007,"Klesko, Ryan",1b,,1750000
2007,"Kline, Steve",lhp,,1750000
2007,"Linebrink, Scott",rhp,,1750000
2007,"Springer, Russ",rhp,,1750000
2007,"Wood, Kerry",rhp,,1750000
2007,"Chavez, Endy",lf,,1725000
2007,"Carroll, Jamey",2b-3b,,1700000
2007,"Dessens, Elmer",rhp,,1700000
2007,"Freel, Ryan",inf-of,,1700000
2007,"Hatteberg, Scott",c-1b,,1650000
2007,"Calero, Kiko",rhp,,1600000
2007,"Romero, J.C.",lhp,,1600000
2007,"Ross, David",c,,1600000
2007,"Scutaro, Marcos",ss,,1550000
2007,"Cirillo, Jeff",3b,,1500000
2007,"Clayton, Royce",ss,,1500000
2007,"Fultz, Aaron",lhp,,1500000
2007,"Lyon, Brandon",rhp,,1500000
2007,"MacDougal, Mike",rhp,,1500000
2007,"Matheny, Mike",c,,1500000
2007,"Matsui, Kazuo",2b,,1500000
2007,"Mientkiewicz, Doug",1b,,1500000
2007,"Miller, Wade",rhp,,1500000
2007,"Ohka, Tomo",rhp,,1500000
2007,"Oliver, Darren",lhp,,1500000
2007,"Witasick, Jay",rp,,1500000
2007,"Rincon, Ricardo",lhp,,1450000
2007,"Cruz, Juan",rhp,,1437500
2007,"Blanco, Henry",c,,1400000
2007,"Donnelly, Brendan",rhp,,1400000
2007,"Young, Delmon",lf,,1340000
2007,"Valentin, Javier",c,,1325000
2007,"Weeks, Rickie",2b,,1320000
2007,"Ayala, Luis",rhp,,1300000
2007,"Infante, Omar",ss-2b,,1300000
2007,"Miller, Trever",lhp,,1300000
2007,"Affeldt, Jeremy",lhp,,1250000
2007,"Branyan, Russell",1b-3b,,1250000
2007,"Kolb, Danny",p,,1250000
2007,"Mahay, Ron",lhp,,1250000
2007,"Molina, Jose",c,,1250000
2007,"Myers, Mike",lhp,,1250000
2007,"Okajima, Hideki",lhp,,1250000
2007,"Sosa, Jorge",rhp,,1250000
2007,"Williams, Dave",p,,1250000
2007,"Saarloos, Kirk",rhp,,1200000
2007,"Seo, Jae Weong",p,,1200000
2007,"Soriano, Rafael",rhp,,1200000
2007,"Duchscherer, Justin",rhp-s,,1187500
2007,"Franco, Julio",inf,,1150000
2007,"Lieberthal, Mike",c,,1150000
2007,"Lowry, Noah",lhp-s,,1115000
2007,"Madson, Ryan",rhp,,1100000
2007,"Torrealba, Yorvit",c,,1075000
2007,"Bard, Josh",c,,1050000
2007,"Benoit, Joaquin",rhp,,1050000
2007,"Lane, Jason",of,,1050000
2007,"Clark, Tony",1b,,1034000
2007,"Verlander, Justin",rhp-s,,1030000
2007,"Downs, Scott",lhp,,1025000
2007,"Finley, Steve",of,,1000000
2007,"Franklin, Ryan",rhp,,1000000
2007,"Mateo, Julio",p,,1000000
2007,"Miles, Aaron",2b-ss,,1000000
2007,"Ponson, Sidney",rhp-s,,1000000
2007,"Reyes, Dennys",lhp,,1000000
2007,"Rodney, Fernando",rhp,,1000000
2007,"Saenz, Olmedo",3b,,1000000
2007,"Saito, Takashi",rhp,,1000000
2007,"Sele, Aaron",rhp,,1000000
2007,"Stewart, Shannon",of,,1000000
2007,"Thomas, Frank",dh,,1000000
2007,"Ward, Daryle",of,,1000000
2007,"Wilson, Preston",of,,1000000
2007,"Wise, Matt",p,,1000000
2007,"Wright, David",3b,,1000000
2007,"Ford, Lew",of,,985000
2007,"Shouse, Brian",lhp,,975000
2007,"Loewen, Adam",lhp-of,,967000
2007,"Villarreal, Oscar",rhp,,960000
2007,"Palmeiro, Orlando",of,,950000
2007,"Redmond, Mike",c,,950000
2007,"Sweeney, Mark",1b,,950000
2007,"Wilson, Vance",c,,950000
2007,"Anderson, Marlon",2b-of,,925000
2007,"Beimel, Joe",lhp,,925000
2007,"Boone, Aaron",3b,,925000
2007,"Castro, Juan",2b-ss,,925000
2007,"Taguchi, So",of,,925000
2007,"Bako, Paul",c,,900000
2007,"Bennett, Gary",c,,900000
2007,"Blum, Geoff",3b-ss,,900000
2007,"DaVanon, Jeffrey",of,,900000
2007,"Howard, Ryan",1b,,900000
2007,"Ohman, Will",lhp,,900000
2007,"Sullivan, Cory",of,,900000
2007,"Williamson, Scott",rhp,,900000
2007,"Wright, Jamey",rhp,,900000
2007,"Castro, Ramon",c,,850000
2007,"Easley, Damion",2b,,850000
2007,"Fick, Rob",1b,,850000
2007,"Gomez, Chris",inf,,850000
2007,"King, Ray",lhp,,850000
2007,"Patterson, John",rhp,,850000
2007,"Sanchez, Duaner",rhp,,850000
2007,"Stairs, Matt",lf-rf,,850000
2007,"Werth, Jayson",rf,,850000
2007,"Woodward, Chris",inf,,850000
2007,"Betancourt, Rafael",rhp,,840000
2007,"Geary, Geoff",rhp,,837500
2007,"Grabow, John",lhp,,832500
2007,"Bloomquist, Willie",2b-of,,825000
2007,"Cotts, Neal",lhp,,825000
2007,"Frasor, Jason",rhp,,825000
2007,"Melhuse, Adam",c,,815000
2007,"Flores, Randy",lhp,,800000
2007,"Martinez, Ramon E.",ss,,800000
2007,"Norton, Greg",3b,,800000
2007,"Ozuna, Pablo",2b,,800000
2007,"Pena, Carlos",1b,,800000
2007,"Quinlan, Robb",1b-3b,,800000
2007,"Baldelli, Rocco",of,,750000
2007,"Belliard, Ron",2b,,750000
2007,"Cairo, Miguel",2b-3b,,750000
2007,"Erstad, Darin",1b-of,,750000
2007,"Lawrence, Brian",rhp,,750000
2007,"Mabry, John",3b-of,,750000
2007,"McClung, Seth",rhp,,750000
2007,"McDonald, John",ss-2b,,750000
2007,"Mirabelli, Doug",c,,750000
2007,"Peralta, Jhonny",ss,,750000
2007,"Redman, Mark",lhp,,750000
2007,"Sizemore, Grady",cf,,750000
2007,"Sturtze, Tanyon",rhp,,750000
2007,"Young, Chris",rhp-s,,750000
2007,"Bauer, Rick",rhp,,730000
2007,"Gobble, Jimmy",lhp,,712500
2007,"Garcia, Karim",of,,700000
2007,"Hansen, Craig",rhp,,700000
2007,"Martin, Tom",lhp,,700000
2007,"Seanez, Rudy",rhp,,700000
2007,"Swisher, Nick",lf-rf,,700000
2007,"Davis, Jason",rhp,,670000
2007,"Miceli, Dan",rp,,650000
2007,"Wellemeyer, Todd",rhp-s,,635000
2007,"Gload, Ross",1b-rf,,625000
2007,"Paul, Josh",c,,625000
2007,"Feliciano, Pedro",lhp,,602000
2007,"Ginter, Keith",inf,,600000
2007,"Glover, Gary",rhp,,600000
2007,"Wasdin, John",p,,600000
2007,"White, Rick",rp,,600000
2007,"Borkowski, Dave",rhp,,575000
2007,"Gregg, Kevin",rhp,,575000
2007,"Newhan, David",inf-of,,575000
2007,"Miller, Matt",lhp,,560000
2007,"Asencio, Miguel",rhp,,550000
2007,"Byrd, Marlon",cf,,550000
2007,"Thornton, Matt",lhp,,550000
2007,"Backe, Brandon",rhp-s,,545000
2007,"Cota, Humberto",c,,537500
2007,"Snyder, Kyle",rhp,,535000
2007,"Escobar, Alex",of,,530000
2007,"Bruntlett, Eric",2b-ss,,525000
2007,"Molina, Yadier",c,,525000
2007,"Perez, Timo",of,,525000
2007,"Rivas, Luis",2b,,525000
2007,"Brocail, Doug",rhp,,500000
2007,"Crain, Jesse",rhp,,500000
2007,"Duckworth, Brandon",rhp,,500000
2007,"Francis, Jeff",lhp-s,,500000
2007,"Gil, Geronimo",c,,500000
2007,"Gonzalez, Adrian",1b,,500000
2007,"Guardado, Eddie",lhp,,500000
2007,"LeCroy, Matt",1b-c,,500000
2007,"McCann, Brian",c,,500000
2007,"Moehler, Brian",rhp-s,,500000
2007,"Perez, Antonio",inf,,500000
2007,"Phillips, Jason",c,,500000
2007,"Santiago, Ramon",ss-2b,,500000
2007,"Smith, Jason",2b-ss,,500000
2007,"Sosa, Sammy",of,,500000
2007,"Thomson, John",p,,500000
2007,"Williams, Jerome",rhp,,500000
2007,"Young, Dmitri",1b-dh,,500000
2007,"Cano, Robinson",2b,,490800
2007,"Wang, Chien-Ming",rhp-s,,489500
2007,"Rauch, Jon",rhp,,455000
2007,"Heilman, Aaron",rhp,,453000
2007,"Bush, Dave",rhp-s,,450000
2007,"Corey, Bryan",rhp,,450000
2007,"Seay, Bobby",lhp,,450000
2007,"Sikorski, Brian",p,,450000
2007,"Snelling, Chris",of,,450000
2007,"Walker, Todd",2b,,450000
2007,"Proctor, Scott",rhp,,442000
2007,"Proctor, Scott",rhp,,442000
2007,"Qualls, Chad",rhp,,441000
2007,"Buck, John",c,,440000
2007,"Izturis, Maicer",2b-3b,,440000
2007,"Bowie, Micah",lhp,,435000
2007,"Thames, Marcus",dh-of,,432500
2007,"Cabrera, Melky",cf,,432400
2007,"Dohmann, Scott",rhp,,430000
2007,"Hancock, Josh",p,,430000
2007,"Ojeda, Miguel",c,,430000
2007,"Roney, Matt",p,,430000
2007,"Francoeur, Jeff",rf,,427500
2007,"Papelbon, Jonathan",rhp,,425500
2007,"Keisler, Randy",p,,425000
2007,"Munson, Eric",c-inf,,425000
2007,"Santana, Ervin",rhp-s,,425000
2007,"Wagner, Ryan",rhp,,425000
2007,"Youkilis, Kevin",1b,,424500
2007,"Kazmir, Scott",lhp-s,,424300
2007,"German, Esteban",inf,,423000
2007,"Hudson, Luke",rhp,,422000
2007,"Hernandez, Felix",rhp-s,,420000
2007,"Paronto, Chad",rhp,,420000
2007,"Ray, Chris",rhp,,420000
2007,"Wilson, Josh",inf,,420000
2007,"De La Rosa, Jorge",lhp-s,,417000
2007,"Teahen, Mark",3b-rf,,416000
2007,"Balfour, Grant",rhp,,415000
2007,"Burgos, Ambiorix",rhp,,415000
2007,"Burke, Chris",inf,,415000
2007,"Cordero, Chad",rhp,,415000
2007,"Fielder, Prince",1b,,415000
2007,"Kata, Matt",2b,,415000
2007,"Ledezma, Wil",lhp,,415000
2007,"Murton, Matt",of,,415000
2007,"Wuertz, Michael",rhp,,415000
2007,"Yates, Tyler",rhp,,412500
2007,"Camp, Shawn",rhp,,411000
2007,"Cantu, Jorge",1b-3b,,410000
2007,"Casanova, Raul",c,,410000
2007,"Duke, Zach",lhp-s,,410000
2007,"Granderson, Curtis",cf,,410000
2007,"Langerhans, Ryan",of,,410000
2007,"Liriano, Francisco",lhp-s,,410000
2007,"Terrero, Luis",of,,410000
2007,"Victorino, Shane",cf,,410000
2007,"Wainwright, Adam",rhp-s,,410000
2007,"Zumaya, Joel",rhp,,410000
2007,"Luna, Hector",ss,,408300
2007,"Snell, Ian",rhp-s,,408000
2007,"Gomes, Jonny",of,,407800
2007,"Coffey, Todd",rhp,,407500
2007,"Encarnacion, Edwin",3b,,407500
2007,"Phillips, Brandon",2b,,407500
2007,"Greinke, Zack",rhp-s,,407000
2007,"Rodriguez, Wandy",lhp-s,,406000
2007,"Bartlett, Jason",ss,,405000
2007,"Betemit, Wilson",3b-1b,,405000
2007,"Cormier, Lance",rhp,,405000
2007,"Sisco, Andrew",lhp,,405000
2007,"Lugo, Ruddy",rhp,,403600
2007,"Hawpe, Brad",rf,,403000
2007,"Maholm, Paul",lhp-s,,403000
2007,"Lopez, Javier",lhp,,402500
2007,"Ramirez, Hanley",ss,,402000
2007,"Taveras, Willy",cf,,402000
2007,"Capps, Matt",rhp,,401000
2007,"Paulino, Ronny",c,,401000
2007,"Peralta, Joel",rhp,,400500
2007,"Laird, Gerald",c,,400332
2007,"Atkins, Garrett",1b-3b,,400000
2007,"Baker, Jeff",2b-3b,,400000
2007,"Betancourt, Yuniesky",ss,,400000
2007,"Breslow, Craig",lhp,,400000
2007,"Cain, Matt",rhp-s,,400000
2007,"Cedeno, Ronny",2b-ss,,400000
2007,"Correia, Kevin",rhp-s,,400000
2007,"Duncan, Chris",lf-1b,,400000
2007,"Gaudin, Chad",rhp,,400000
2007,"Hamels, Cole",lhp-s,,400000
2007,"Hardy, J.J.",ss,,400000
2007,"Hennessey, Brad",rhp,,400000
2007,"Hill, Rich",lhp-s,,400000
2007,"Jenks, Bobby",rhp,,400000
2007,"Markakis, Nick",rf,,400000
2007,"McBride, Macay",lhp,,400000
2007,"Orr, Pete",inf,,400000
2007,"Overbay, Lyle",1b,,400000
2007,"Snyder, Chris",c,,400000
2007,"Thompson, Brad",rhp,,400000
2007,"Zimmerman, Ryan",3b,,400000
2007,"Navarro, Dioner",c,,399800
2007,"Aquino, Greg",rhp,,399000
2007,"Gross, Gabe",rf,,398000
2007,"Bautista, Jose",3b-1b,,397500
2007,"Bonser, Boof",rhp,,397500
2007,"James, Chuck",lhp,,397500
2007,"McCarthy, Brandon",rhp-s,,396068
2007,"Chulk, Vinny",rhp,,396000
2007,"Barfield, Josh",2b,,395800
2007,"Bruney, Brian",rhp,,395545
2007,"Chacin, Gustavo",lhp,,395300
2007,"Hill, Aaron",2b,,395300
2007,"Barmes, Clint",2b,,395000
2007,"Brazoban, Yhency",rhp,,395000
2007,"Church, Ryan",rf,,395000
2007,"Diaz, Matt",lf,,395000
2007,"Duffy, Chris",of,,395000
2007,"Grilli, Jason",rhp,,395000
2007,"Hart, Corey",rf,,395000
2007,"Johnson, Tyler",lhp,,395000
2007,"Kendrick, Howie",2b,,395000
2007,"Napoli, Mike",c,,395000
2007,"Neshek, Pat",rhp,,395000
2007,"Ojeda, Augie",ss-2b,,395000
2007,"Repko, Jason",of,,395000
2007,"Sherrill, George",lhp,,395000
2007,"Shields, James",rhp-s,,394400
2007,"Nelson, Joe",rhp,,394000
2007,"Koronka, John",lhp,,392524
2007,"Logan, Nook",of,,392500
2007,"Shealy, Ryan",1b,,392500
2007,"Jackson, Edwin",rhp-s,,392300
2007,"Accardo, Jeremy",rhp,,392200
2007,"Hensley, Clay",rhp,,392000
2007,"Jackson, Conor",lf,,392000
2007,"McLouth, Nate",cf,,392000
2007,"Reyes, Anthony",rhp-s,,392000
2007,"Rodriguez, Luis",ss,,392000
2007,"Uggla, Dan",2b,,392000
2007,"Cabrera, Fernando",rhp,,391800
2007,"Rodriguez, John",of,,391500
2007,"Switzer, Jon",lhp,,391100
2007,"Wilson, C.J.",lhp,,391043
2007,"Maine, John",rhp-s,,391000
2007,"Loe, Kameron",rhp,,390765
2007,"Kinsler, Ian",2b,,390708
2007,"Medders, Brandon",rhp,,390500
2007,"Anderson, Brian",cf,,390000
2007,"Belisle, Matt",rhp,,390000
2007,"Broxton, Jonathan",rhp,,390000
2007,"Doumit, Ryan",c,,390000
2007,"Ellison, Jason",of,,390000
2007,"Gardner, Lee",rhp,,390000
2007,"Johnson, Dan",1b,,390000
2007,"Niekro, Lance",inf,,390000
2007,"Nix, Laynce",of,,390000
2007,"Ramirez, Elizardo",rhp,,390000
2007,"Sledge, Terrmel",of,,390000
2007,"Theriot, Ryan",2b-ss,,390000
2007,"DiNardo, Lenny",lhp-s,,389750
2007,"Hammock, Rob",c,,389500
2007,"Karstens, Jeff",rhp-s,,389495
2007,"Tejeda, Robinson",rhp,,389446
2007,"Hairston, Scott",of,,389000
2007,"Feldman, Scott",rhp,,388203
2007,"Aardsma, David",rhp,,387500
2007,"Carmona, Fausto",rhp-s,,387500
2007,"Ethier, Andre",rf,,387500
2007,"Gonzalez, Edgar",rhp,,387500
2007,"Kubel, Jason",dh-lf,,387500
2007,"Martin, Russell",c,,387500
2007,"Meredith, Cla",rhp,,387000
2007,"Upton, B.J.",cf,,386900
2007,"Harris, Brendan",2b-ss,,386100
2007,"Marcum, Shaun",rhp-s,,386100
2007,"Bautista, Denny",rhp,,386000
2007,"Gorzelanny, Tom",lhp-s,,386000
2007,"Ramirez, Ramon S.",rhp,,386000
2007,"Bell, Heath",rhp,,385500
2007,"Janssen, Casey",rhp,,385200
2007,"Aybar, Willy",1b-3b,,385000
2007,"Colon, Roman",rhp,,385000
2007,"Condrey, Clay",rhp,,385000
2007,"Coste, Chris",c,,385000
2007,"Dobbs, Greg",3b-1b,,385000
2007,"Durbin, Chad",rhp,,385000
2007,"Linden, Todd",of,,385000
2007,"Quintero, Humberto",c,,385000
2007,"Weaver, Jered",rhp-s,,385000
2007,"Sowers, Jeremy",lhp,,384800
2007,"Rasner, Darrell",rhp,,384523
2007,"Billingsley, Chad",rhp-s,,384500
2007,"Villanueva, Carlos",rhp,,384500
2007,"Bayliss, Jonah",rhp,,384000
2007,"Cassidy, Scott",p,,384000
2007,"Guzman, Angel",rhp,,384000
2007,"Kuo, Hong-Chih",lhp,,384000
2007,"Lester, Jon",lhp-s,,384000
2007,"Padilla, Juan",rhp,,384000
2007,"Inglett, Joe",of,,383600
2007,"Shoppach, Kelly",c,,383400
2007,"Zobrist, Ben",2b-rf,,383400
2007,"Choo, Shin Soo",rf,,383100
2007,"Garko, Ryan",1b,,383100
2007,"Marte, Andy",3b,,383100
2007,"Stokes, Brian",rhp,,383100
2007,"Stokes, Brian",rhp,,383100
2007,"Buchholz, Taylor",rhp,,383000
2007,"Castro, Fabio",lhp,,383000
2007,"Kemp, Matt",cf,,383000
2007,"Mateo, Juan",rhp,,383000
2007,"Milledge, Lastings",cf,,383000
2007,"Spilborghs, Ryan",lf,,383000
2007,"Aybar, Erick",ss,,382500
2007,"Bray, Bill",lhp,,382500
2007,"Denorfia, Chris",of,,382500
2007,"Keppinger, Jeff",2b-ss,,382500
2007,"Kotchman, Casey",1b,,382500
2007,"McPherson, Dallas",3b,,382500
2007,"Murphy, Tommy",of,,382500
2007,"Willits, Reggie",of,,382500
2007,"Veras, Jose",rhp,,382475
2007,"Bowen, Rob",c,,382300
2007,"Ryu, Jae-Kuk",rhp,,382200
2007,"Diaz, Victor",2b,,382151
2007,"Nieves, Wil",c,,382150
2007,"Henn, Sean",lhp,,382048
2007,"Alfonzo, Eliezer",c,,382000
2007,"Botts, Jason",1b,,382000
2007,"Clarke, Darren",rhp,,382000
2007,"Corpas, Manuel",rhp,,382000
2007,"Cruz, Nelson",rf,,382000
2007,"Eldred, Brad",1b,,382000
2007,"Eveland, Dana",lhp-s,,382000
2007,"Francisco, Frank",rhp,,382000
2007,"Guzman, Freddy",of,,382000
2007,"Johnson, Josh",rhp-s,,382000
2007,"Kinney, Josh",rhp,,382000
2007,"Littleton, Wes",rhp,,382000
2007,"Nunez, Leo",rhp,,382000
2007,"Rheinecker, John",p,,382000
2007,"Rupe, Josh",rhp,,382000
2007,"Salas, Juan",rhp,,382000
2007,"Schumaker, Skip",2b-lf,,382000
2007,"Scott, Luke",dh-of,,382000
2007,"Taschner, Jack",lhp,,382000
2007,"Thompson, Mike",p,,382000
2007,"Volquez, Edinson",rhp-s,,382000
2007,"Gutierrez, Franklin",cf,,381900
2007,"Daigle, Casey",rhp,,381500
2007,"Mastny, Tom",rhp,,381500
2007,"Romero, Davis",lhp,,381500
2007,"Arias, Joaquin",ss,,381000
2007,"Cruceta, Francisco",rhp,,381000
2007,"Gwynn, Anthony",of,,381000
2007,"Hirsh, Jason",rhp,,381000
2007,"Iannetta, Chris",c,,381000
2007,"Jimenez, Ubaldo",rhp-s,,381000
2007,"Masset, Nick",rhp,,381000
2007,"Myrow, Brian",inf,,381000
2007,"Pena, Tony",rhp,,381000
2007,"Perez, Rafael",lhp,,381000
2007,"Quentin, Carlos",lf,,381000
2007,"Quintanilla, Omar",ss,,381000
2007,"Sanchez, Anibal",rhp-s,,381000
2007,"Sanchez, Jonathan",lhp-s,,381000
2007,"Stewart, Chris",c,,381000
2007,"Tulowitzki, Troy",ss,,381000
2007,"Valdez, Wilson",inf,,381000
2007,"Kouzmanoff, Kevin",3b,,380800
2007,"Frandsen, Kevin",2b-ss,,380500
2007,"Moseley, Dustin",rhp-s,,380500
2007,"McAnulty, Paul",of/1b,,380300
2007,"Rouse, Mike",inf,,380100
2007,"Abercrombie, Reggie",of,,380000
2007,"Albers, Matt",rhp,,380000
2007,"Alfonseca, Antonio",rp,,380000
2007,"Amezaga, Alfredo",2b-cf,,380000
2007,"Anderson, Josh",of,,380000
2007,"Andino, Robert",2b-ss,,380000
2007,"Aubrey, Michael",1b,,380000
2007,"Barthmaier, Jimmy",rhp,,380000
2007,"Beltre, Omar",rhp,,380000
2007,"Bergmann, Jason",rhp,,380000
2007,"Bisenius, Joe",rhp,,380000
2007,"Blanton, Joe",rhp-s,,380000
2007,"Bootcheck, Chris",rhp,,380000
2007,"Borchard, Joe",of,,380000
2007,"Bourn, Michael",cf,,380000
2007,"Braun, Ryan",rhp,,380000
2007,"Buck, Travis",rf-lf,,380000
2007,"Burke, Jamie",c,,380000
2007,"Burres, Brian",lhp,,380000
2007,"Burton, Jared",rhp,,380000
2007,"Bynum, Freddie",of,,380000
2007,"Callaspo, Alberto",2b,,380000
2007,"Cameron, Kevin",rhp,,380000
2007,"Campusano, Edward",lhp,,380000
2007,"Chico, Matt",lhp,,380000
2007,"Conrad, Brooks",2b,,380000
2007,"Coutlangus, Jon",lhp,,380000
2007,"Danks, John",lhp-s,,380000
2007,"Delgado, Jesus",rhp,,380000
2007,"Dukes, Elijah",cf-rf,,380000
2007,"Estrada, Paul",p,,380000
2007,"Flores, Jesus",c,,380000
2007,"Galarraga, Armando",rhp-s,,380000
2007,"Garcia, Harvey",rhp,,380000
2007,"Garcia, Jose",p,,380000
2007,"Giarratano, Tony",ss,,380000
2007,"Gil, Jerry",rhp (prev ss),,380000
2007,"Gimenez, Hector",c,,380000
2007,"Gonzalez, Carlos",of,,380000
2007,"Gordon, Alex",3b,,380000
2007,"Guthrie, Jeremy",rhp-s,,380000
2007,"Haigwood, Daniel",lhp,,380000
2007,"Hamilton, Josh",cf,,380000
2007,"Heintz, Chris",c,,380000
2007,"Hermida, Jeremy",lf,,380000
2007,"Herrera, Yoslan",rhp,,380000
2007,"Hill, Shawn",rhp-s,,380000
2007,"Holdzkom, Lincoln",rhp,,380000
2007,"Hopper, Norris",inf-of,,380000
2007,"Jacobs, Mike",dh-1b,,380000
2007,"Jimenez, Cesar",lhp,,380000
2007,"Johnson, Kelly",2b,,380000
2007,"Kelly, Don",ss,,380000
2007,"Kensing, Logan",rhp,,380000
2007,"Krynzel, Dave",of,,380000
2007,"Lindstrom, Matt",rhp,,380000
2007,"Lowe, Mark",rhp,,380000
2007,"Machado, Alejandro",2b,,380000
2007,"Marshall, Jay",lhp,,380000
2007,"Martinez, Carlos",rhp,,380000
2007,"Mathieson, Scott",rhp,,380000
2007,"McLemore, Mark",p,,380000
2007,"Messenger, Randy",rhp,,380000
2007,"Mildren, Paul",p,,380000
2007,"Miranda, Juan",1b,,380000
2007,"Mitre, Sergio",rhp,,380000
2007,"Molina, Gustavo",c,,380000
2007,"Montero, Miguel",c,,380000
2007,"Morrow, Brandon",rhp,,380000
2007,"Murray, A.J.",lhp,,380000
2007,"Nippert, Dustin",rhp,,380000
2007,"Nolasco, Ricky",rhp-s,,380000
2007,"O'Connor, Mike",lhp,,380000
2007,"Ogando, Alexi",rhp,,380000
2007,"Olsen, Scott",lhp-s,,380000
2007,"Ortiz, Russ",rhp-s,,380000
2007,"Owens, Henry",rhp,,380000
2007,"Pedroia, Dustin",2b,,380000
2007,"Peguero, Jailen",rhp,,380000
2007,"Pena Jr., Tony",rhp-ss,,380000
2007,"Pena, Brayan",c,,380000
2007,"Perez, Juan",lhp,,380000
2007,"Petit, Yusmeiro",rhp,,380000
2007,"Pinto, Renyel",lhp,,380000
2007,"Quiroz, Guillermo",c,,380000
2007,"Rabelo, Mike",c,,380000
2007,"Reed, Eric",of,,380000
2007,"Rleal, Sendy",p,,380000
2007,"Ross, Cody",rf,,380000
2007,"Ruiz, Carlos",c,,380000
2007,"Sampson, Chris",rhp,,380000
2007,"Sanchez, Angel",ss,,380000
2007,"Sanchez, Humberto",rhp,,380000
2007,"Saunders, Joe",lhp-s,,380000
2007,"Schultz, Mike",p,,380000
2007,"Segovia, Zack",rhp,,380000
2007,"Slaten, Doug",lhp,,380000
2007,"Smith, Joe",rhp,,380000
2007,"Smith, Matt",lhp,,380000
2007,"Snyder, Brad",of,,380000
2007,"Soria, Joakim",rhp,,380000
2007,"Stokes, Jason",1b,,380000
2007,"Street, Huston",rhp,,380000
2007,"Tankersley, Taylor",lhp,,380000
2007,"Thorman, Scott",of-1b,,380000
2007,"Torres, Eider",inf,,380000
2007,"Treanor, Matt",c,,380000
2007,"Tyler, Scott",p,,380000
2007,"Watson, Brandon",of,,380000
2007,"White, Sean",rhp,,380000
2007,"Willingham, Josh",lf-rf,,380000
2007,"Young, Chris",cf,,380000
2006,"Rodriguez, Alex",3b,,25000000
2006,"Jeter, Derek",ss,,19000000
2006,"Ramirez, Manny",lf-dh,,19000000
2006,"Bonds, Barry",of,,18000000
2006,"Giambi, Jason",1b-dh,,18000000
2006,"Pettitte, Andy",lhp-s,,17500000
2006,"Bagwell, Jeff",1b,,17000000
2006,"Mussina, Mike",rhp,,17000000
2006,"Helton, Todd",1b,,16600000
2006,"Johnson, Randy",lhp-s,,16000000
2006,"Ordonez, Magglio",rf,,15000000
2006,"Park, Chan Ho",rhp,,15000000
2006,"Berkman, Lance",1b,,14500000
2006,"Martinez, Pedro J.",rhp,,14000000
2006,"Pujols, Albert",1b,,14000000
2006,"Delgado, Carlos",1b,,13500000
2006,"Hampton, Mike",lhp-s,,13500000
2006,"Abreu, Bobby",rf,,13000000
2006,"Damon, Johnny",lf,,13000000
2006,"Jones, Andruw",cf-lf,,13000000
2006,"Matsui, Hideki",dh-lf,,13000000
2006,"Schilling, Curt",rhp,,13000000
2006,"Sheffield, Gary",rf,,13000000
2006,"Halladay, Roy",rhp-s,,12700000
2006,"Griffey Jr., Ken",dh-rf,,12500000
2006,"Guerrero, Vladimir",rf-dh,,12500000
2006,"Thome, Jim",dh,,12500000
2006,"Beltran, Carlos",cf,,12000000
2006,"Colon, Bartolo",rhp-s,,12000000
2006,"Edmonds, Jim",of,,12000000
2006,"Konerko, Paul",1b,,12000000
2006,"Beltre, Adrian",3b,,11500000
2006,"Gonzalez, Luis",of,,11500000
2006,"Sexson, Richie",1b,,11500000
2006,"Vazquez, Javier",rhp-s,,11500000
2006,"Drew, J.D.",rf,,11000000
2006,"Jones, Chipper",3b,,11000000
2006,"Kendall, Jason",c,,11000000
2006,"Oswalt, Roy",rhp-s,,11000000
2006,"Rodriguez, Ivan",c,,11000000
2006,"Rolen, Scott",3b,,11000000
2006,"Suzuki, Ichiro",rf,,11000000
2006,"Sweeney, Mike",dh-1b,,11000000
2006,"Wood, Kerry",rhp,,11000000
2006,"Hunter, Torii",cf,,10750000
2006,"Glavine, Tom",lhp-s,,10500000
2006,"Ramirez, Aramis",3b,,10500000
2006,"Rivera, Mariano",rhp,,10500000
2006,"Wagner, Billy",lhp,,10500000
2006,"Anderson, Garret",lf,,10000000
2006,"Anderson, Garret",lf,,10000000
2006,"Gagne, Eric",rhp,,10000000
2006,"Klesko, Ryan",1b,,10000000
2006,"Nevin, Phil",3b,,10000000
2006,"Soriano, Alfonso",lf,,10000000
2006,"Tejada, Miguel",3b,,10000000
2006,"Burrell, Pat",dh-lf,,9500000
2006,"Glaus, Troy",3b,,9250000
2006,"Chavez, Eric",3b,,9000000
2006,"Garcia, Freddy",rhp-s,,9000000
2006,"Giles, Brian",rf,,9000000
2006,"Kent, Jeff",2b,,9000000
2006,"Lowe, Derek",rhp-s,,9000000
2006,"Maddux, Greg",rhp,,9000000
2006,"Posada, Jorge",c,,9000000
2006,"Radke, Brad",sp,,9000000
2006,"Santana, Johan",lhp-s,,9000000
2006,"Varitek, Jason",c,,9000000
2006,"Wolf, Randy",lhp-s,,9000000
2006,"Isringhausen, Jason",rhp,,8750000
2006,"Casey, Sean",1b,,8500000
2006,"Erstad, Darin",1b-of,,8500000
2006,"Lee, Carlos",lf,,8500000
2006,"Lopez, Javy",c,,8500000
2006,"Milton, Eric",lhp,,8500000
2006,"Sheets, Ben",rhp,,8500000
2006,"Zito, Barry",lhp-s,,8500000
2006,"Weaver, Jeff",rhp,,8325000
2006,"Contreras, Jose",rhp-s,,8000000
2006,"Green, Shawn",of,,8000000
2006,"Hernandez, Livan",rhp-s,,8000000
2006,"Lee, Derrek",1b,,8000000
2006,"Matsui, Kazuo",2b,,8000000
2006,"Pavano, Carl",rhp-s,,8000000
2006,"Renteria, Edgar",ss,,8000000
2006,"Rogers, Kenny",lhp,,8000000
2006,"Smoltz, John",rhp-s,,8000000
2006,"Young, Dmitri",1b-dh,,8000000
2006,"Buehrle, Mark",lhp-s,,7750000
2006,"Mulder, Mark",lhp,,7750000
2006,"Schmidt, Jason",rhp-s,,7750000
2006,"Benson, Kris",rhp-s,,7500000
2006,"Dunn, Adam",lf-1b,,7500000
2006,"Jenkins, Geoff",of,,7500000
2006,"Lieberthal, Mike",c,,7500000
2006,"Lowell, Mike",3b,,7500000
2006,"Washburn, Jarrod",lhp-s,,7450000
2006,"Foulke, Keith",rhp,,7250000
2006,"Lieber, Jon",p,,7250000
2006,"Perez, Odalis",lhp,,7250000
2006,"Kotsay, Mark",of-1b,,7050000
2006,"Alfonzo, Edgardo",2b,,7000000
2006,"Burnett, A.J.",rhp-s,,7000000
2006,"Byrd, Paul",rhp,,7000000
2006,"Durham, Ray",2b,,7000000
2006,"Finley, Steve",of,,7000000
2006,"Garland, Jon",rhp-s,,7000000
2006,"Ortiz, Russ",rhp-s,,7000000
2006,"Sabathia, CC",lhp-s,,7000000
2006,"Vidro, Jose",dh-2b,,7000000
2006,"Wright, Jaret",rhp,,7000000
2006,"Huff, Aubrey",1b,,6750000
2006,"Burnitz, Jeromy",of,,6700000
2006,"Cabrera, Orlando",ss,,6500000
2006,"Escobar, Kelvim",rhp-s,,6500000
2006,"Floyd, Cliff",lf,,6500000
2006,"Nixon, Trot",of,,6500000
2006,"Ortiz, David",dh,,6500000
2006,"Stewart, Shannon",of,,6500000
2006,"Zambrano, Carlos",rhp-s,,6500000
2006,"Teixeira, Mark",1b,,6400000
2006,"Pineiro, Joel",rhp-s,,6300000
2006,"Guardado, Eddie",lhp,,6250000
2006,"LoDuca, Paul",c,,6250000
2006,"Alou, Moises",of,,6000000
2006,"Cameron, Mike",cf,,6000000
2006,"Garciaparra, Nomar",3b-1b,,6000000
2006,"Millwood, Kevin",rhp-s,,6000000
2006,"Percival, Troy",rhp,,6000000
2006,"Hillenbrand, Shea",3b,,5800000
2006,"Jones, Todd",rhp,,5792956
2006,"Pierre, Juan",cf-lf,,5750000
2006,"Moyer, Jamie",lhp-s,,5500000
2006,"Koskie, Corey",3b,,5250000
2006,"Marquis, Jason",rhp-s,,5150000
2006,"Johjima, Kenji",c,,5100000
2006,"Carpenter, Chris",rhp-s,,5000000
2006,"Castillo, Luis",2b,,5000000
2006,"Dye, Jermaine",rf,,5000000
2006,"Farnsworth, Kyle",rhp,,5000000
2006,"Guillen, Carlos",lf,,5000000
2006,"Hoffman, Trevor",rhp,,5000000
2006,"Loaiza, Esteban",rhp,,5000000
2006,"Morris, Matt",rhp,,5000000
2006,"Sanders, Reggie",of,,5000000
2006,"Wickman, Bob",rhp,,5000000
2006,"Winn, Randy",rf,,5000000
2006,"Lugo, Julio",ss,,4950000
2006,"Redman, Mark",lhp,,4950000
2006,"Rhodes, Arthur",lhp,,4800000
2006,"Batista, Miguel",rhp-s,,4750000
2006,"Thomson, John",p,,4750000
2006,"Eaton, Adam",rhp-s,,4650000
2006,"Polanco, Placido",3b,,4600000
2006,"Wilson, Jack",ss,,4600000
2006,"Ohka, Tomo",rhp,,4530000
2006,"Bell, David",3b,,4500000
2006,"Gordon, Tom",rhp,,4500000
2006,"Hernandez, Orlando",rhp,,4500000
2006,"Hernandez, Ramon",c,,4500000
2006,"Penny, Brad",rhp-s,,4500000
2006,"Wilson, Preston",of,,4500000
2006,"Padillia, Vicente",rhp-s,,4410000
2006,"Hawkins, LaTroy",rhp,,4350000
2006,"Willis, Dontrelle",lhp-s,,4350000
2006,"Beckett, Josh",rhp-s,,4325000
2006,"Hinske, Eric",1b-lf,,4325000
2006,"Wells, Vernon",cf,,4300000
2006,"Ibanez, Raul",lf,,4250000
2006,"Mueller, Bill",3b,,4250000
2006,"Westbrook, Jake",rhp-s,,4250000
2006,"Gibbons, Jay",1b,,4200000
2006,"Guzman, Cristian",ss,,4200000
2006,"Wells, Kip",rhp,,4150000
2006,"Ausmus, Brad",c,,4000000
2006,"Baez, Danys",rhp,,4000000
2006,"Barrett, Michael",c,,4000000
2006,"Belliard, Ron",2b,,4000000
2006,"Benitez, Armando",rhp,,4000000
2006,"Biggio, Craig",of,,4000000
2006,"Cordero, Francisco",rhp,,4000000
2006,"Dempster, Ryan",rhp-s,,4000000
2006,"Elarton, Scott",rhp,,4000000
2006,"Furcal, Rafael",ss,,4000000
2006,"Grudzielanek, Mark",ss-2b,,4000000
2006,"Guillen, Jose",rf,,4000000
2006,"Hudson, Tim",rhp-s,,4000000
2006,"Lilly, Ted",lhp-s,,4000000
2006,"Mora, Melvin",3b,,4000000
2006,"Payton, Jay",of,,4000000
2006,"Pierzynski, A.J.",c,,4000000
2006,"Randa, Joe",3b,,4000000
2006,"Rollins, Jimmy",ss,,4000000
2006,"Suppan, Jeff",rhp-s,,4000000
2006,"Wakefield, Tim",rhp-s,,4000000
2006,"Williams, Woody",rhp,,4000000
2006,"Lidge, Brad",rhp,,3975000
2006,"Lohse, Kyle",rhp-s,,3950000
2006,"LaRue, Jason",c,,3900000
2006,"Wilkerson, Brad",of,,3900000
2006,"Giles, Marcus",2b,,3850000
2006,"Lofton, Kenny",of,,3850000
2006,"Chen, Bruce",lhp,,3800000
2006,"Ensberg, Morgan",3b,,3800000
2006,"Rodriguez, Francisco",rhp,,3775000
2006,"Boone, Aaron",3b,,3750000
2006,"Lopez, Rodrigo",rhp-s,,3750000
2006,"Loretta, Mark",2b-3b,,3750000
2006,"Nathan, Joe",rhp,,3750000
2006,"Wilson, Paul",sp,,3750000
2006,"Meche, Gil",rhp-s,,3700000
2006,"Prior, Mark",rhp,,3650000
2006,"Feliz, Pedro",3b,,3625000
2006,"Chacon, Shawn",rhp,,3600000
2006,"Tomko, Brett",rhp,,3600000
2006,"Arroyo, Bronson",rhp-s,,3500000
2006,"Encarnacion, Juan",of,,3500000
2006,"Johnson, Jason",rhp,,3500000
2006,"Lawrence, Brian",rhp,,3500000
2006,"Looper, Braden",rhp-s,,3500000
2006,"Timlin, Mike",rhp,,3500000
2006,"Wilson, Craig",of,,3500000
2006,"Kennedy, Adam",2b,,3350000
2006,"Lidle, Cory",rhp,,3300000
2006,"Myers, Brett",rhp-s,,3300000
2006,"Eckstein, David",2b,,3250000
2006,"Miller, Damian",c,,3250000
2006,"Rowand, Aaron",cf,,3250000
2006,"White, Rondell",of,,3250000
2006,"Cruz Jr., Jose",of,,3210000
2006,"Barajas, Rod",c,,3200000
2006,"Castilla, Vinny",3b,,3200000
2006,"Davis, Doug",lhp-s,,3200000
2006,"Johnson, Nick",1b,,3200000
2006,"Silva, Carlos",rhp-s,,3200000
2006,"Uribe, Juan",3b-ss,,3150000
2006,"Izturis, Cesar",ss,,3100000
2006,"Tavarez, Julian",rhp,,3100000
2006,"Roberts, Brian",2b,,3075000
2006,"Blake, Casey",3b,,3050000
2006,"Lackey, John",rhp-s,,3010000
2006,"Blalock, Hank",dh-1b,,3000000
2006,"Bradley, Milton",rf-dh,,3000000
2006,"Clark, Brady",of,,3000000
2006,"Gonzalez, Alex",ss,,3000000
2006,"Hermanson, Dustin",p,,3000000
2006,"Inge, Brandon",3b,,3000000
2006,"Jones, Jacque",of,,3000000
2006,"Kline, Steve",lhp,,3000000
2006,"Molina, Benjie",c,,3000000
2006,"Mota, Guillermo",rhp,,3000000
2006,"Young, Michael",3b,,3000000
2006,"Zambrano, Victor",rhp,,3000000
2006,"Mench, Kevin",of,,2800000
2006,"Monroe, Craig",rf,,2800000
2006,"Patterson, Corey",of,,2800000
2006,"Alfonseca, Antonio",rp,,2750000
2006,"Crisp, Covelli",cf,,2750000
2006,"Hernandez, Roberto",rhp,,2750000
2006,"Reitsma, Chris",rhp,,2750000
2006,"Rusch, Glendon",lhp,,2750000
2006,"Schoeneweis, Scott",lhp,,2750000
2006,"Catalanotto, Frank",of,,2700000
2006,"Eyre, Scott",lhp,,2700000
2006,"Lopez, Felipe",2b-ss,,2700000
2006,"Schneider, Brian",c,,2700000
2006,"Crede, Joe",3b,,2675000
2006,"Franklin, Ryan",rhp,,2600000
2006,"Julio, Jorge",rhp,,2525000
2006,"Overbay, Lyle",1b,,2525000
2006,"Cormier, Rheal",p,,2500000
2006,"Crawford, Carl",lf,,2500000
2006,"Hafner, Travis",dh,,2500000
2006,"Howry, Bobby",rhp,,2500000
2006,"Matheny, Mike",c,,2500000
2006,"Ortiz, Ramon",rhp,,2500000
2006,"Peavy, Jake",rhp-s,,2500000
2006,"Perez, Neifi",ss,,2500000
2006,"Trachsel, Steve",rhp,,2500000
2006,"Walker, Todd",2b,,2500000
2006,"Webb, Brandon",rhp-s,,2500000
2006,"Wells, David",lhp,,2500000
2006,"Broussard, Ben",1b,,2487500
2006,"King, Ray",lhp,,2450000
2006,"Lee, Travis",1b,,2450000
2006,"Iguchi, Tadahito",2b-ss,,2400000
2006,"Kennedy, Joe",p,,2400000
2006,"Vizquel, Omar",ss-2b,,2400000
2006,"Matthews Jr., Gary",cf,,2387500
2006,"Carrasco, Hector",rhp,,2350000
2006,"Harang, Aaron",rhp-s,,2350000
2006,"Bonderman, Jeremy",rhp-s,,2300000
2006,"Hairston Jr., Jerry",of-2b,,2300000
2006,"Hudson, Orlando",2b,,2300000
2006,"Jennings, Jason",rhp,,2300000
2006,"Maroth, Mike",lhp,,2300000
2006,"Towers, Josh",rhp,,2300000
2006,"Byrnes, Eric",of,,2250000
2006,"Ellis, Mark",2b,,2250000
2006,"Figgins, Chone",3b,,2250000
2006,"Hall, Toby",c,,2250000
2006,"Mackowiak, Rob",of,,2250000
2006,"Marte, Damaso",lhp,,2250000
2006,"Roberts, Dave",of,,2250000
2006,"Speier, Justin",rhp,,2250000
2006,"Ramirez, Horacio",lhp-s,,2200000
2006,"Romero, J.C.",lhp,,2200000
2006,"Sosa, Jorge",rhp,,2200000
2006,"Armas Jr., Tony",rhp,,2100000
2006,"Millar, Kevin",dh-1b,,2100000
2006,"Seanez, Rudy",rhp,,2100000
2006,"Shields, Scot",rhp,,2100000
2006,"Graffanino, Tony",2b-3b,,2050000
2006,"Baldelli, Rocco",of,,2000000
2006,"Berrora, Angel",ss,,2000000
2006,"Dotel, Octavio",rhp,,2000000
2006,"Estrada, Johnny",c,,2000000
2006,"Fossum, Casey",lhp,,2000000
2006,"Fuentes, Brian",lhp,,2000000
2006,"Kolb, Danny",p,,2000000
2006,"Mesa, Jose",rhp,,2000000
2006,"Piazza, Mike",c,,2000000
2006,"Ryan, B.J.",lhp,,2000000
2006,"Snow, J.T.",1b,,2000000
2006,"Villone, Ron",lhp,,2000000
2006,"Williamson, Scott",rhp,,2000000
2006,"Womack, Tony",of,,2000000
2006,"Hendrickson, Mark",lhp-s,,1950000
2006,"Everett, Adam",ss,,1900000
2006,"Perez, Oliver",lhp-s,,1900000
2006,"Podsednik, Scott",cf-lf,,1900000
2006,"Kearns, Austin",rf,,1850000
2006,"Kielty, Bobby",of,,1850000
2006,"Mientkiewicz, Doug",1b,,1850000
2006,"Riske, David",rhp,,1800000
2006,"Brown, Emil",of,,1775000
2006,"Vizcaino, Luis",rhp,,1775000
2006,"Counsell, Craig",2b-3b,,1750000
2006,"Drese, Ryan",p,,1750000
2006,"Otsuka, Akinori",p,,1750000
2006,"Conine, Jeff",of-1b,,1700000
2006,"Dessens, Elmer",rhp,,1700000
2006,"Lamb, Mike",3b,,1700000
2006,"Perez, Eduardo",of,,1700000
2006,"Matos, Luis",of,,1625000
2006,"Cintron, Alex",inf,,1600000
2006,"Blanco, Henry",c,,1500000
2006,"Burroughs, Sean",3b,,1500000
2006,"Ledee, Ricky",of,,1500000
2006,"Michaels, Jason",of,,1500000
2006,"Moehler, Brian",rhp-s,,1500000
2006,"Sturtze, Tanyon",rhp,,1500000
2006,"Weathers, David",rhp,,1500000
2006,"Williams, Bernie",of,,1500000
2006,"Worrell, Tim",rhp,,1500000
2006,"Rincon, Ricardo",lhp,,1450000
2006,"Johnson, Reed",cf,,1425000
2006,"Bedard, Erik",lhp-s,,1400000
2006,"Bradford, Chad",rhp,,1400000
2006,"Cora, Alex",2b-ss,,1400000
2006,"Mirabelli, Doug",c,,1400000
2006,"Torres, Salomon",rhp,,1400000
2006,"Williams, Dave",p,,1400000
2006,"Linebrink, Scott",rhp,,1365000
2006,"Mercker, Kent",lhp,,1350000
2006,"Stairs, Matt",lf-rf,,1350000
2006,"Aurilia, Rich",1b-3b,,1300000
2006,"Cuddyer, Michael",rf,,1300000
2006,"Freel, Ryan",inf-of,,1300000
2006,"Miller, Trever",lhp,,1300000
2006,"Vargas, Claudio",rhp,,1275000
2006,"Batista, Tony",3b,,1250000
2006,"Kim, Byung Hyun",rhp,,1250000
2006,"Pena, Wily Mo",of,,1250000
2006,"Rivera, Juan",dh-lf,,1250000
2006,"Walker, Jamie",lhp,,1250000
2006,"Yan, Esteban",rhp,,1250000
2006,"Vizcaino, Jose",inf,,1226158
2006,"Hernandez, Runelvys",rhp,,1225000
2006,"Cook, Aaron",rhp-s,,1200000
2006,"Fultz, Aaron",lhp,,1200000
2006,"Politte, Cliff",p,,1200000
2006,"Sauerbeck, Scott",p,,1200000
2006,"Small, Aaron",p,,1200000
2006,"Spivey, Junior",2b,,1200000
2006,"Myers, Mike",lhp,,1150000
2006,"Valentin, Javier",c,,1150000
2006,"Nunez, Abraham",inf,,1125000
2006,"Eischen, Joey",p,,1100000
2006,"Mabry, John",3b-of,,1075000
2006,"Franco, Julio",inf,,1050000
2006,"Clark, Tony",1b,,1034000
2006,"Affeldt, Jeremy",lhp,,1000000
2006,"Brocail, Doug",rhp,,1000000
2006,"Cairo, Miguel",2b-3b,,1000000
2006,"Castro, Juan",2b-ss,,1000000
2006,"DeJean, Mike",p,,1000000
2006,"Estes, Shawn",lhp,,1000000
2006,"Harden, Rich",rhp-s,,1000000
2006,"Mahay, Ron",lhp,,1000000
2006,"Mays, Joe",rhp,,1000000
2006,"Miller, Wade",rhp,,1000000
2006,"Ponson, Sidney",rhp-s,,1000000
2006,"Saenz, Olmedo",3b,,1000000
2006,"Stanton, Mike",lhp,,1000000
2006,"Turnbow, Derrick",rhp,,1000000
2006,"Witasick, Jay",rp,,1000000
2006,"Zaun, Gregg",c,,1000000
2006,"Verlander, Justin",rhp-s,,980000
2006,"Dellucci, David",of,,950000
2006,"Donnelly, Brendan",rhp,,950000
2006,"Palmeiro, Orlando",of,,950000
2006,"Wheeler, Dan",rhp,,930000
2006,"Anderson, Marlon",2b-of,,925000
2006,"Valentin, Jose",of-ss,,912500
2006,"Ayala, Luis",rhp,,900000
2006,"Bigbie, Larry",of,,900000
2006,"Hollandsworth, Todd",of,,900000
2006,"Redmond, Mike",c,,900000
2006,"Rincon, Juan",rhp,,900000
2006,"Gerut, Jody",cf,,875000
2006,"Calero, Kiko",rhp,,850000
2006,"Cirillo, Jeff",3b,,850000
2006,"Embree, Alan",lhp,,850000
2006,"Fick, Rob",1b,,850000
2006,"Gomez, Chris",inf,,850000
2006,"Harper, Travis",p,,850000
2006,"Helling, Rick",sp,,850000
2006,"Hernandez, Jose",3b,,850000
2006,"LeCroy, Matt",1b-c,,850000
2006,"Molina, Jose",c,,850000
2006,"Pratt, Todd",c,,850000
2006,"Sweeney, Mark",1b,,850000
2006,"Torrealba, Yorvit",c,,850000
2006,"Grimsley, Jason",rhp,,825000
2006,"Taguchi, So",of,,825000
2006,"Woodward, Chris",inf,,825000
2006,"Bellhorn, Mark",inf,,800000
2006,"Bennett, Gary",c,,800000
2006,"Branyan, Russell",1b-3b,,800000
2006,"Byrd, Marlon",cf,,800000
2006,"Castro, Ramon",c,,800000
2006,"Cruz, Deivi",ss,,800000
2006,"Hammond, Chris",p,,800000
2006,"Helms, Wes",3b-1b,,800000
2006,"Martinez, Victor",c-1b,,800000
2006,"Mulholland, Terry",lhp,,800000
2006,"Reese, Pokey",2b,,800000
2006,"Santana, Julio",p,,800000
2006,"Wright, Jamey",rhp,,800000
2006,"Benoit, Joaquin",rhp,,775000
2006,"Williams, Todd",rhp,,775000
2006,"Bay, Jason",lf,,750000
2006,"Crosby, Bobby",ss,,750000
2006,"Fassero, Jeff",p,,750000
2006,"Gonzalez, Alex S.",3b-ss,,750000
2006,"Hatteberg, Scott",c-1b,,750000
2006,"Iriki, Yusaku",p,,750000
2006,"Jimenez, D'Angelo",inf,,750000
2006,"Marrero, Eli",c,,750000
2006,"Springer, Russ",rhp,,750000
2006,"Wilson, Vance",c,,750000
2006,"Choi, Hee Seop",of,,725000
2006,"Shouse, Brian",lhp,,725000
2006,"Spurling, Chris",p,,725000
2006,"Downs, Scott",lhp,,705000
2006,"Astacio, Pedro",rhp,,700000
2006,"Bako, Paul",c,,700000
2006,"Brower, Jim",rhp,,700000
2006,"Carroll, Jamey",2b-3b,,700000
2006,"Easley, Damion",2b,,700000
2006,"Greene, Todd",c,,700000
2006,"Hansen, Craig",rhp,,700000
2006,"Jackson, Damian",2b,,700000
2006,"Jordan, Brian",of,,700000
2006,"Melhuse, Adam",c,,700000
2006,"Moeller, Chad",c,,700000
2006,"Olivo, Miguel",c,,700000
2006,"Remlinger, Mike",rp,,700000
2006,"Vazquez, Ramon",ss-2b,,700000
2006,"Ward, Daryle",of,,700000
2006,"Young, Eric",2b,,700000
2006,"Punto, Nick",ss,,690000
2006,"Betancourt, Yuniesky",ss,,677500
2006,"DeRosa, Mark",3b,,675000
2006,"Wigginton, Ty",3b,,675000
2006,"Alomar, Sandy Jr.",c,,650000
2006,"Blum, Geoff",3b-ss,,650000
2006,"Flaherty, John",c,,650000
2006,"Gonzalez, Wiki",c,,650000
2006,"Harris, Willie",2b-lf,,650000
2006,"Miceli, Dan",rp,,650000
2006,"Stinnett, Kelly",c,,650000
2006,"Walker, Pete",p,,650000
2006,"Widger, Chris",c,,650000
2006,"Wise, Matt",p,,650000
2006,"Bloomquist, Willie",2b-of,,625000
2006,"Mateo, Julio",p,,625000
2006,"Ohman, Will",lhp,,610000
2006,"Day, Zach",p,,600000
2006,"Herges, Matt",rhp,,600000
2006,"Kim, Sun-Woo",p,,600000
2006,"Martinez, Ramon E.",ss,,600000
2006,"Meadows, Brian",sp,,600000
2006,"Oliver, Darren",lhp,,600000
2006,"Rodriguez, Felix",rp,,600000
2006,"Wasdin, John",p,,600000
2006,"White, Rick",rp,,600000
2006,"Cruz, Juan",rhp,,575000
2006,"Graves, Danny",rhp,,575000
2006,"Lyon, Brandon",rhp,,575000
2006,"Mantei, Matt",rp,,575000
2006,"Vogelsong, Ryan",rhp,,555000
2006,"Carter, Lance",p,,550000
2006,"Martin, Tom",lhp,,550000
2006,"Newhan, David",inf-of,,550000
2006,"Phillips, Jason",c,,550000
2006,"Reyes, Dennys",lhp,,550000
2006,"Cordero, Chad",rhp,,525000
2006,"DaVanon, Jeffrey",of,,525000
2006,"Harville, Chad",p,,525000
2006,"Brazelton, Dewon",p,,500000
2006,"Chavez, Endy",lf,,500000
2006,"DeJesus, David",lf,,500000
2006,"Haren, Dan",rhp-s,,500000
2006,"Holliday, Matt",lf,,500000
2006,"McDonald, John",ss-2b,,500000
2006,"Mori, Shinji",p,,500000
2006,"Ozuna, Pablo",2b,,500000
2006,"Peralta, Jhonny",ss,,500000
2006,"Ross, David",c,,500000
2006,"Santos, Victor",p,,500000
2006,"Sikorski, Brian",p,,500000
2006,"Sizemore, Grady",cf,,500000
2006,"Thomas, Frank",dh,,500000
2006,"Utley, Chase",2b,,500000
2006,"Young, Chris",rhp-s,,500000
2006,"Paul, Josh",c,,475000
2006,"Cabrera, Miguel",1b,,472000
2006,"Villarreal, Oscar",rhp,,462500
2006,"Capuano, Chris",lhp,,450000
2006,"Fogg, Josh",rhp,,450000
2006,"Lane, Jason",of,,450000
2006,"Patterson, John",rhp,,450000
2006,"Petagine, Roberto",1b,,450000
2006,"Soriano, Rafael",rhp,,450000
2006,"Backe, Brandon",rhp-s,,442500
2006,"MacDougal, Mike",rhp,,430000
2006,"Nady, Xavier",rf,,427000
2006,"Brown, Adrian",of,,425000
2006,"Fasano, Sal",c,,425000
2006,"Ford, Lew",of,,425000
2006,"LaRoche, Adam",1b,,420000
2006,"Hall, Bill",3b,,418000
2006,"Putz, J.J.",rhp,,415000
2006,"Lee, Cliff",lhp-s,,406200
2006,"Greene, Khalil",ss,,405000
2006,"Robertson, Nate",lhp,,402500
2006,"Robertson, Nate",lhp,,402500
2006,"Reyes, Jose",ss,,401500
2006,"Chavez, Raul",c,,400000
2006,"Cotts, Neal",lhp,,400000
2006,"Lawton, Matt",of,,400000
2006,"Madson, Ryan",rhp,,400000
2006,"Mauer, Joe",c,,400000
2006,"Molina, Yadier",c,,400000
2006,"Salmon, Tim",of,,400000
2006,"Sierra, Ruben",of,,400000
2006,"Taveras, Willy",cf,,400000
2006,"Sanchez, Duaner",rhp,,399500
2006,"Walker, Tyler",rhp,,387000
2006,"Cabrera, Daniel",rhp-s,,385000
2006,"Infante, Omar",ss-2b,,385000
2006,"Lowry, Noah",lhp-s,,385000
2006,"Morneau, Justin",1b,,385000
2006,"Rodney, Fernando",rhp,,385000
2006,"Francoeur, Jeff",rf,,384500
2006,"Cano, Robinson",2b,,381000
2006,"Tracy, Chad",1b,,381000
2006,"Dickey, R.A.",rhp,,380000
2006,"Williams, Jerome",rhp,,380000
2006,"Qualls, Chad",rhp,,376000
2006,"Keisler, Randy",p,,375000
2006,"Ordaz, Luis",inf,,375000
2006,"Reed, Jeremy",of,,375000
2006,"Santiago, Ramon",ss-2b,,375000
2006,"Seay, Bobby",lhp,,375000
2006,"Wright, David",3b,,374000
2006,"Kazmir, Scott",lhp-s,,371700
2006,"Claussen, Brandon",p,,370000
2006,"Davis, Kane",p,,370000
2006,"Betancourt, Rafael",rhp,,365300
2006,"Bruntlett, Eric",2b-ss,,365000
2006,"Gallo, Mike",rhp,,365000
2006,"Greinke, Zack",rhp-s,,365000
2006,"Quinlan, Robb",1b-3b,,365000
2006,"Shelton, Chris",inf,,365000
2006,"Burke, Chris",inf,,362500
2006,"Crain, Jesse",rhp,,361000
2006,"Cortes, David",p,,360000
2006,"Frasor, Jason",rhp,,359000
2006,"Heilman, Aaron",rhp,,359000
2006,"Valverde, Jose",rhp,,359000
2006,"Green, Nick",ss-2b,,356700
2006,"Waechter, Doug",rhp,,355900
2006,"Cantu, Jorge",1b-3b,,355800
2006,"Gomes, Jonny",of,,355800
2006,"Hancock, Josh",p,,355000
2006,"Hardy, J.J.",ss,,355000
2006,"Howard, Ryan",1b,,355000
2006,"Thornton, Matt",lhp,,355000
2006,"Werth, Jayson",rf,,355000
2006,"Wuertz, Michael",rhp,,355000
2006,"Youkilis, Kevin",1b,,354600
2006,"Rios, Alex",rf-cf,,354000
2006,"Saarloos, Kirk",rhp,,354000
2006,"Bard, Josh",c,,353400
2006,"Wang, Chien-Ming",rhp-s,,353175
2006,"Proctor, Scott",rhp,,352675
2006,"Proctor, Scott",rhp,,352675
2006,"Bush, Dave",rhp-s,,352000
2006,"Majewski, Gary",rhp,,352000
2006,"Booker, Chris",lhp,,350000
2006,"Flores, Randy",lhp,,350000
2006,"Foster, John",p,,350000
2006,"Geary, Geoff",rhp,,350000
2006,"Gload, Ross",1b-rf,,350000
2006,"Grilli, Jason",rhp,,350000
2006,"Guiel, Aaron",of,,350000
2006,"Izturis, Maicer",2b-3b,,350000
2006,"Miles, Aaron",2b-ss,,350000
2006,"Ojeda, Miguel",c,,350000
2006,"Santana, Ervin",rhp-s,,350000
2006,"Seo, Jae Weong",p,,350000
2006,"Wood, Mike",rhp,,350000
2006,"Buck, John",c,,349500
2006,"Loe, Kameron",rhp,,348770
2006,"Chulk, Vinny",rhp,,348500
2006,"Castillo, Jose",2b,,348000
2006,"Chacin, Gustavo",lhp,,347500
2006,"Sledge, Terrmel",of,,347500
2006,"Wellemeyer, Todd",rhp-s,,347500
2006,"Gonzalez, Mike",lhp,,347000
2006,"Sisco, Andrew",lhp,,346500
2006,"Hollins, Damon",of,,346200
2006,"Halsey, Brad",p,,346000
2006,"Gobble, Jimmy",lhp,,345500
2006,"Nix, Laynce",of,,345260
2006,"Betemit, Wilson",3b-1b,,345000
2006,"Brazoban, Yhency",rhp,,345000
2006,"Cormier, Lance",rhp,,345000
2006,"Ellison, Jason",of,,345000
2006,"Gonzalez, Luis Alberto",inf-of,,345000
2006,"Langerhans, Ryan",of,,345000
2006,"Niekro, Lance",inf,,345000
2006,"Duchscherer, Justin",rhp-s,,344500
2006,"Teahen, Mark",3b-rf,,344500
2006,"Belisle, Matt",rhp,,343500
2006,"Guerrier, Matt",rhp,,343500
2006,"Adams, Russ",ss,,343000
2006,"McClung, Seth",rhp,,343000
2006,"Aquino, Greg",rhp,,342000
2006,"Cerda, Jaime",p,,342000
2006,"Cota, Humberto",c,,342000
2006,"Sanchez, Freddy",2b,,342000
2006,"Thames, Marcus",dh-of,,342000
2006,"Grabow, John",lhp,,341750
2006,"Snyder, Chris",c,,341000
2006,"Gotay, Ruben",2b,,340500
2006,"Amezaga, Alfredo",2b-cf,,340000
2006,"Balfour, Grant",rhp,,340000
2006,"Hernandez, Felix",rhp-s,,340000
2006,"Jenks, Bobby",rhp,,340000
2006,"Kotchman, Casey",1b,,340000
2006,"Luna, Hector",ss,,340000
2006,"Orr, Pete",inf,,340000
2006,"Roney, Matt",p,,340000
2006,"Scutaro, Marcos",ss,,340000
2006,"Street, Huston",rhp,,339625
2006,"Burgos, Ambiorix",rhp,,339500
2006,"Coffey, Todd",rhp,,339000
2006,"Repko, Jason",of,,338000
2006,"Miller, Matt",lhp,,337400
2006,"Gathright, Joey",cf,,337200
2006,"De La Rosa, Jorge",lhp-s,,337000
2006,"Fernandez, Jared",p,,337000
2006,"Hudson, Luke",rhp,,337000
2006,"Lehr, Justin",rhp,,337000
2006,"Murton, Matt",of,,337000
2006,"Boyer, Blaine",rhp,,336000
2006,"Cedeno, Ronny",2b-ss,,336000
2006,"Francis, Jeff",lhp-s,,336000
2006,"Hill, Aaron",2b,,336000
2006,"Johnson, Kelly",2b,,336000
2006,"Peralta, Joel",rhp,,336000
2006,"DiNardo, Lenny",lhp-s,,335700
2006,"Nunez, Leo",rhp,,335500
2006,"Papelbon, Jonathan",rhp,,335400
2006,"Adams, Mike",rhp,,335000
2006,"Ankiel, Rick",cf,,335000
2006,"Ardoin, Danny",c,,335000
2006,"Atkins, Garrett",1b-3b,,335000
2006,"Barmes, Clint",2b,,335000
2006,"Bautista, Denny",rhp,,335000
2006,"Byrdak, Tim",lhp,,335000
2006,"Camp, Shawn",rhp,,335000
2006,"Diaz, Victor",2b,,335000
2006,"Duke, Zach",lhp-s,,335000
2006,"Granderson, Curtis",cf,,335000
2006,"Gross, Gabe",rf,,335000
2006,"Lopez, Jose",2b,,335000
2006,"Madritsch, Bobby",p,,335000
2006,"Piedra, Jorge",of,,335000
2006,"Quintero, Humberto",c,,335000
2006,"Rauch, Jon",rhp,,335000
2006,"Ray, Chris",rhp,,335000
2006,"Smith, Jason",2b-ss,,335000
2006,"Stern, Adam",of,,335000
2006,"Sullivan, Cory",of,,335000
2006,"Sweeney, Brian",rhp,,335000
2006,"Swisher, Nick",lf-rf,,335000
2006,"Perez, Antonio",inf,,334500
2006,"Dubose, Eric",p,,334000
2006,"Munter, Scott",rhp,,334000
2006,"Phillips, Paul",c,,334000
2006,"Thompson, Brad",rhp,,334000
2006,"Davies, Kyle",rhp-s,,333500
2006,"McCann, Brian",c,,333500
2006,"Phillips, Andy",inf,,333150
2006,"Dohmann, Scott",rhp,,333000
2006,"Doumit, Ryan",c,,333000
2006,"German, Esteban",inf,,333000
2006,"Padilla, Juan",rhp,,333000
2006,"Sherrill, George",lhp,,333000
2006,"Burns, Mike",rhp,,332500
2006,"Encarnacion, Edwin",3b,,332500
2006,"Laird, Gerald",c,,332330
2006,"Leicester, Jon",rhp,,332100
2006,"Harris, Jeff",p,,332000
2006,"McBride, Macay",lhp,,332000
2006,"McCarthy, Brandon",rhp-s,,332000
2006,"Navarro, Dioner",c,,332000
2006,"Rodriguez, John",of,,332000
2006,"Rodriguez, Luis",ss,,332000
2006,"Tsao, Chin-Hui",rhp,,332000
2006,"Woods, Jake",lhp,,332000
2006,"Francisco, Frank",rhp,,331500
2006,"Borchard, Joe",of,,331000
2006,"Duffy, Chris",of,,331000
2006,"McDougall, Marshall",inf,,331000
2006,"Wilson, C.J.",lhp,,331000
2006,"Cabrera, Fernando",rhp,,330800
2006,"Accardo, Jeremy",rhp,,330000
2006,"Ambres, Chip",of,,330000
2006,"Anderson, Brian",cf,,330000
2006,"Baker, Scott",rhp-s,,330000
2006,"Capellan, Jose",rhp,,330000
2006,"Diaz, Matt",lf,,330000
2006,"Dingman, Craig",p,,330000
2006,"Floyd, Gavin",rhp-s,,330000
2006,"Green, Andy",2b-3b,,330000
2006,"Howell, J.P.",lhp,,330000
2006,"Johnson, Dan",1b,,330000
2006,"Mitre, Sergio",rhp,,330000
2006,"Snell, Ian",rhp-s,,330000
2006,"Stemle, Steve",p,,330000
2006,"Taschner, Jack",lhp,,330000
2006,"Victorino, Shane",cf,,330000
2006,"Fielder, Prince",1b,,329500
2006,"Hart, Corey",rf,,329500
2006,"Feldman, Scott",rhp,,329000
2006,"Freeman, Choo",of,,329000
2006,"Hensley, Clay",rhp,,329000
2006,"Koronka, John",lhp,,329000
2006,"McLouth, Nate",cf,,329000
2006,"Schumaker, Skip",2b-lf,,329000
2006,"Shealy, Ryan",1b,,329000
2006,"Volquez, Edinson",rhp-s,,329000
2006,"Nieves, Wil",c,,328600
2006,"Osoria, Franquelis",rhp,,328500
2006,"Snelling, Chris",of,,328500
2006,"Botts, Jason",1b,,328000
2006,"Cain, Matt",rhp-s,,328000
2006,"Cassidy, Scott",p,,328000
2006,"Jackson, Conor",lf,,328000
2006,"Maholm, Paul",lhp-s,,328000
2006,"Rupe, Josh",rhp,,328000
2006,"Blanco, Andres",ss,,327500
2006,"Bynum, Freddie",of,,327500
2006,"Costa, Shane",of,,327500
2006,"Gonzalez, Adrian",1b,,327500
2006,"Hamulack, Tim",lhp,,327500
2006,"Huber, Justin",inf,,327500
2006,"Johnson, Ben",of,,327500
2006,"Kuo, Hong-Chih",lhp,,327500
2006,"Murphy, Donnie",2b,,327500
2006,"Quiroz, Guillermo",c,,327500
2006,"Ross, Cody",rf,,327500
2006,"Abad, Andy",1b-of,,327000
2006,"Abercrombie, Reggie",of,,327000
2006,"Aguila, Chris",of,,327000
2006,"Albers, Matt",rhp,,327000
2006,"Anderson, Josh",of,,327000
2006,"Andino, Robert",2b-ss,,327000
2006,"Arias, Joaquin",ss,,327000
2006,"Astacio, Ezequiel",p,,327000
2006,"Baldiris, Aarom",3b,,327000
2006,"Bannister, Brian",rhp-s,,327000
2006,"Barfield, Josh",2b,,327000
2006,"Barthmaier, Jimmy",rhp,,327000
2006,"Bass, Brian",rhp,,327000
2006,"Baxter, Allen",p,,327000
2006,"Bayliss, Jonah",rhp,,327000
2006,"Beltre, Omar",rhp,,327000
2006,"Bergmann, Jason",rhp,,327000
2006,"Blanton, Joe",rhp-s,,327000
2006,"Borowski, Joe",rhp,,327000
2006,"Bostick, Adam",lhp,,327000
2006,"Bowyer, Travis",p,,327000
2006,"Buchholz, Taylor",rhp,,327000
2006,"Bullington, Bryan",rhp,,327000
2006,"Bump, Nate",rhp,,327000
2006,"Capps, Matt",rhp,,327000
2006,"Castro, Fabio",lhp,,327000
2006,"Cedeno, Juan",p,,327000
2006,"Childers, Jason",p,,327000
2006,"Davis, Rajai",of,,327000
2006,"DeCaster, Yurendell",inf,,327000
2006,"Delgado, Jesus",rhp,,327000
2006,"Denorfia, Chris",of,,327000
2006,"Eyre, Willie",rhp,,327000
2006,"Garcia, Harvey",rhp,,327000
2006,"Garcia, Jose",p,,327000
2006,"Gassner, David",p,,327000
2006,"Gimenez, Hector",c,,327000
2006,"Gorzelanny, Tom",lhp-s,,327000
2006,"Gutierrez, Juan",rhp,,327000
2006,"Hermida, Jeremy",lf,,327000
2006,"Hirsh, Jason",rhp,,327000
2006,"Jacobs, Mike",dh-1b,,327000
2006,"James, Chuck",lhp,,327000
2006,"Jimerson, Charlton",of,,327000
2006,"Johnson, Josh",rhp-s,,327000
2006,"Kensing, Logan",rhp,,327000
2006,"Kinsler, Ian",2b,,327000
2006,"Kubel, Jason",dh-lf,,327000
2006,"Liriano, Francisco",lhp-s,,327000
2006,"Logan, Boone",lhp,,327000
2006,"Lugo, Ruddy",rhp,,327000
2006,"Markakis, Nick",rf,,327000
2006,"Marshall, Sean",lhp-s,,327000
2006,"Martinez, Carlos",rhp,,327000
2006,"Mathis, Jeff",c,,327000
2006,"McLemore, Mark",p,,327000
2006,"Medders, Brandon",rhp,,327000
2006,"Megrew, Michael",p,,327000
2006,"Messenger, Randy",rhp,,327000
2006,"Nieve, Fernando",rhp,,327000
2006,"Nolasco, Ricky",rhp-s,,327000
2006,"Olsen, Scott",lhp-s,,327000
2006,"Pagan, Angel",of,,327000
2006,"Paulino, Felipe",rhp,,327000
2006,"Petit, Yusmeiro",rhp,,327000
2006,"Pinto, Renyel",lhp,,327000
2006,"Rakers, Aaron",p,,327000
2006,"Ramirez, Hanley",ss,,327000
2006,"Reed, Eric",of,,327000
2006,"Resop, Chris",rhp,,327000
2006,"Rleal, Sendy",p,,327000
2006,"Rodriguez, Wandy",lhp-s,,327000
2006,"Sanchez, Angel",ss,,327000
2006,"Sanchez, Anibal",rhp-s,,327000
2006,"Scott, Luke",dh-of,,327000
2006,"Sharpless, Josh",p,,327000
2006,"Shoppach, Kelly",c,,327000
2006,"Stansberry, Craig",2b,,327000
2006,"Stokes, Jason",1b,,327000
2006,"Tallet, Brian",lhp-s,,327000
2006,"Tata, Jordan",rhp,,327000
2006,"Treanor, Matt",c,,327000
2006,"Tyler, Scott",p,,327000
2006,"Uggla, Dan",2b,,327000
2006,"Van Benschoten, John",rhp,,327000
2006,"Vargas, Jason",lhp,,327000
2006,"Wainwright, Adam",rhp-s,,327000
2006,"Watson, Brandon",of,,327000
2006,"Willingham, Josh",lf-rf,,327000
2006,"Wilson, Josh",inf,,327000
2006,"Zimmerman, Ryan",3b,,327000
2006,"Zumaya, Joel",rhp,,327000
2005,"Rodriguez, Alex",3b,,25000000
2005,"Bonds, Barry",of,,20000000
2005,"Ramirez, Manny",lf-dh,,20000000
2005,"Clemens, Roger",rhp,,18000000
2005,"Jeter, Derek",ss,,18000000
2005,"Mussina, Mike",rhp,,17000000
2005,"Sosa, Sammy",of,,17000000
2005,"Johnson, Randy",lhp-s,,16000000
2005,"Bagwell, Jeff",1b,,15000000
2005,"Brown, Kevin",rhp,,15000000
2005,"Jones, Chipper",3b,,15000000
2005,"Piazza, Mike",c,,15000000
2005,"Dreifort, Darren",sp,,13000000
2005,"Park, Chan Ho",rhp,,13000000
2005,"Sheffield, Gary",rf,,13000000
2005,"Helton, Todd",1b,,12600000
2005,"Abreu, Bobby",rf,,12500000
2005,"Griffey Jr., Ken",dh-rf,,12500000
2005,"Hampton, Mike",lhp-s,,12500000
2005,"Jones, Andruw",cf-lf,,12500000
2005,"Schilling, Curt",rhp,,12500000
2005,"Walker, Larry",of,,12500000
2005,"Williams, Bernie",of,,12000000
2005,"Wilson, Preston",of,,12000000
2005,"Guerrero, Vladimir",rf-dh,,11500000
2005,"Thome, Jim",dh,,11500000
2005,"Giambi, Jason",1b-dh,,11000000
2005,"Pujols, Albert",1b,,11000000
2005,"Rodriguez, Ivan",c,,11000000
2005,"Rolen, Scott",3b,,11000000
2005,"Suzuki, Ichiro",rf,,11000000
2005,"Sweeney, Mike",dh-1b,,11000000
2005,"Berkman, Lance",1b,,10500000
2005,"Glavine, Tom",lhp-s,,10500000
2005,"Green, Shawn",of,,10500000
2005,"Halladay, Roy",rhp-s,,10500000
2005,"Rivera, Mariano",rhp,,10500000
2005,"Vazquez, Javier",rhp-s,,10500000
2005,"Beltran, Carlos",cf,,10000000
2005,"Beltre, Adrian",3b,,10000000
2005,"Edmonds, Jim",of,,10000000
2005,"Gonzalez, Luis",of,,10000000
2005,"Kendall, Jason",c,,10000000
2005,"Martinez, Pedro J.",rhp,,10000000
2005,"Salmon, Tim",of,,9750000
2005,"Weaver, Jeff",rhp,,9250000
2005,"Anderson, Garret",lf,,9000000
2005,"Anderson, Garret",lf,,9000000
2005,"Drew, J.D.",rf,,9000000
2005,"Maddux, Greg",rhp,,9000000
2005,"Nevin, Phil",3b,,9000000
2005,"Pavano, Carl",rhp-s,,9000000
2005,"Radke, Brad",sp,,9000000
2005,"Tejada, Miguel",3b,,9000000
2005,"Varitek, Jason",c,,9000000
2005,"Wagner, Billy",lhp,,9000000
2005,"Higginson, Bobby",of,,8850000
2005,"Konerko, Paul",1b,,8750000
2005,"Schmidt, Jason",rhp-s,,8750000
2005,"Casey, Sean",1b,,8500000
2005,"Damon, Johnny",lf,,8500000
2005,"Pettitte, Andy",lhp-s,,8500000
2005,"Wood, Kerry",rhp,,8500000
2005,"Glaus, Troy",3b,,8250000
2005,"Chavez, Eric",3b,,8000000
2005,"Colon, Bartolo",rhp-s,,8000000
2005,"Erstad, Darin",1b-of,,8000000
2005,"Gagne, Eric",rhp,,8000000
2005,"Garcia, Freddy",rhp-s,,8000000
2005,"Garciaparra, Nomar",3b-1b,,8000000
2005,"Hernandez, Livan",rhp-s,,8000000
2005,"Hunter, Torii",cf,,8000000
2005,"Klesko, Ryan",1b,,8000000
2005,"Lee, Carlos",lf,,8000000
2005,"Matsui, Hideki",dh-lf,,8000000
2005,"Posada, Jorge",c,,8000000
2005,"Ramirez, Aramis",3b,,8000000
2005,"Thomas, Frank",dh,,8000000
2005,"Young, Dmitri",1b-dh,,8000000
2005,"Kent, Jeff",2b,,7500000
2005,"Lawton, Matt",of,,7500000
2005,"Lieberthal, Mike",c,,7500000
2005,"Lowe, Derek",rhp-s,,7500000
2005,"Lowell, Mike",3b,,7500000
2005,"Ponson, Sidney",rhp-s,,7500000
2005,"Soriano, Alfonso",lf,,7500000
2005,"Alou, Moises",of,,7250000
2005,"Mays, Joe",rhp,,7250000
2005,"Kotsay, Mark",of-1b,,7025000
2005,"Burrell, Pat",dh-lf,,7000000
2005,"Contreras, Jose",rhp-s,,7000000
2005,"Foulke, Keith",rhp,,7000000
2005,"Giles, Brian",rf,,7000000
2005,"Isringhausen, Jason",rhp,,7000000
2005,"Jenkins, Geoff",of,,7000000
2005,"Lee, Derrek",1b,,7000000
2005,"Lopez, Javy",c,,7000000
2005,"Matsui, Kazuo",2b,,7000000
2005,"Millwood, Kevin",rhp-s,,7000000
2005,"Renteria, Edgar",ss,,7000000
2005,"Vidro, Jose",dh-2b,,7000000
2005,"Wright, Jaret",rhp,,7000000
2005,"Hudson, Tim",rhp-s,,6750000
2005,"Alfonzo, Edgardo",2b,,6500000
2005,"Durham, Ray",2b,,6500000
2005,"Floyd, Cliff",lf,,6500000
2005,"Nixon, Trot",of,,6500000
2005,"Ortiz, Russ",rhp-s,,6500000
2005,"Washburn, Jarrod",lhp-s,,6500000
2005,"Wolf, Randy",lhp-s,,6500000
2005,"Guardado, Eddie",lhp,,6250000
2005,"Cameron, Mike",cf,,6000000
2005,"Escobar, Kelvim",rhp-s,,6000000
2005,"Finley, Steve",of,,6000000
2005,"Mulder, Mark",lhp,,6000000
2005,"Ordonez, Magglio",rf,,6000000
2005,"Percival, Troy",rhp,,6000000
2005,"Sheets, Ben",rhp,,6000000
2005,"Smoltz, John",rhp-s,,6000000
2005,"Stewart, Shannon",of,,6000000
2005,"Oswalt, Roy",rhp-s,,5900000
2005,"Buehrle, Mark",lhp-s,,5750000
2005,"Furcal, Rafael",ss,,5600000
2005,"Santana, Johan",lhp-s,,5500000
2005,"Lieber, Jon",p,,5250000
2005,"Ortiz, David",dh,,5250000
2005,"Penny, Brad",rhp-s,,5100000
2005,"Cabrera, Orlando",ss,,5000000
2005,"Cedeno, Roger",of,,5000000
2005,"Hidalgo, Richard",of,,5000000
2005,"Hoffman, Trevor",rhp,,5000000
2005,"Jones, Jacque",of,,5000000
2005,"Karsay, Steve",sp,,5000000
2005,"Kim, Byung Hyun",rhp,,5000000
2005,"Rueter, Kirk",lhp,,5000000
2005,"Trachsel, Steve",rhp,,5000000
2005,"Zito, Barry",lhp-s,,4800000
2005,"Batista, Miguel",rhp-s,,4750000
2005,"Dotel, Octavio",rhp,,4750000
2005,"Huff, Aubrey",1b,,4750000
2005,"Durazo, Erubiel",1b-of,,4700000
2005,"Long, Terrence",of,,4700000
2005,"Wakefield, Tim",rhp-s,,4640000
2005,"Dunn, Adam",lf-1b,,4600000
2005,"Polanco, Placido",3b,,4600000
2005,"Bell, David",3b,,4500000
2005,"Benson, Kris",rhp-s,,4500000
2005,"Burnitz, Jeromy",of,,4500000
2005,"Byrd, Paul",rhp,,4500000
2005,"Castillo, Luis",2b,,4500000
2005,"Encarnacion, Juan",of,,4500000
2005,"Sabathia, CC",lhp-s,,4500000
2005,"Sexson, Richie",1b,,4500000
2005,"Ibanez, Raul",lf,,4250000
2005,"LoDuca, Paul",c,,4250000
2005,"Redman, Mark",lhp,,4250000
2005,"Hernandez, Ramon",c,,4225000
2005,"Guzman, Cristian",ss,,4200000
2005,"Pineiro, Joel",rhp-s,,4200000
2005,"Delgado, Carlos",1b,,4000000
2005,"Dye, Jermaine",rf,,4000000
2005,"Guillen, Carlos",lf,,4000000
2005,"Johnson, Jason",rhp,,4000000
2005,"Leiter, Al",lhp,,4000000
2005,"Milton, Eric",lhp,,4000000
2005,"Sanders, Reggie",of,,4000000
2005,"Stanton, Mike",lhp,,4000000
2005,"Suppan, Jeff",rhp-s,,4000000
2005,"Urbina, Ugueth",rhp,,4000000
2005,"Hillenbrand, Shea",3b,,3870000
2005,"Rollins, Jimmy",ss,,3850000
2005,"Remlinger, Mike",rp,,3800000
2005,"Zambrano, Carlos",rhp-s,,3760000
2005,"Cordero, Francisco",rhp,,3750000
2005,"Mientkiewicz, Doug",1b,,3750000
2005,"Thomson, John",p,,3750000
2005,"Winn, Randy",rf,,3750000
2005,"Burnett, A.J.",rhp-s,,3650000
2005,"Wilson, Paul",sp,,3600000
2005,"Ortiz, Ramon",rhp,,3550000
2005,"Baez, Danys",rhp,,3500000
2005,"Cruz Jr., Jose",of,,3500000
2005,"Gordon, Tom",rhp,,3500000
2005,"Guillen, Jose",rf,,3500000
2005,"Hawkins, LaTroy",rhp,,3500000
2005,"Hernandez, Orlando",rhp,,3500000
2005,"Looper, Braden",rhp-s,,3500000
2005,"Millar, Kevin",dh-1b,,3500000
2005,"Mora, Melvin",3b,,3500000
2005,"Payton, Jay",of,,3500000
2005,"Rogers, Kenny",lhp,,3500000
2005,"Valentin, Jose",of-ss,,3500000
2005,"Garland, Jon",rhp-s,,3400000
2005,"Gonzalez, Alex",ss,,3400000
2005,"Kolb, Danny",p,,3400000
2005,"Pierre, Juan",cf-lf,,3400000
2005,"Wilson, Jack",ss,,3400000
2005,"Eaton, Adam",rhp-s,,3375000
2005,"Anderson, Brian",lhp,,3250000
2005,"Miller, Damian",c,,3250000
2005,"White, Rondell",of,,3250000
2005,"Ishii, Kazuhisa",p,,3200000
2005,"Padillia, Vicente",rhp-s,,3200000
2005,"Wells, Kip",rhp,,3175000
2005,"Lugo, Julio",ss,,3150000
2005,"Rodriguez, Felix",rp,,3150000
2005,"Lilly, Ted",lhp-s,,3100000
2005,"Lofton, Kenny",of,,3100000
2005,"Spiezio, Scott",inf,,3100000
2005,"Wilkerson, Brad",of,,3050000
2005,"Ausmus, Brad",c,,3000000
2005,"Barrett, Michael",c,,3000000
2005,"Biggio, Craig",of,,3000000
2005,"Boone, Aaron",3b,,3000000
2005,"Castilla, Vinny",3b,,3000000
2005,"Conine, Jeff",of-1b,,3000000
2005,"Embree, Alan",lhp,,3000000
2005,"Hinske, Eric",1b-lf,,3000000
2005,"Kennedy, Adam",2b,,3000000
2005,"LaRue, Jason",c,,3000000
2005,"Lidle, Cory",rhp,,3000000
2005,"Marquis, Jason",rhp-s,,3000000
2005,"Marrero, Eli",c,,3000000
2005,"Molina, Benjie",c,,3000000
2005,"Palmiero, Rafael",1b,,3000000
2005,"Perez, Odalis",lhp,,3000000
2005,"Quantrill, Paul",rp,,3000000
2005,"Vina, Fernando",2b,,3000000
2005,"Williams, Woody",rhp,,3000000
2005,"Wilson, Craig",of,,3000000
2005,"Hasegawa, Shigetoshi",rp,,2975000
2005,"Loaiza, Esteban",rhp,,2900000
2005,"Wells, Vernon",cf,,2900000
2005,"Westbrook, Jake",rhp-s,,2900000
2005,"Jimenez, D'Angelo",inf,,2870000
2005,"Patterson, Corey",of,,2800000
2005,"Bellhorn, Mark",inf,,2750000
2005,"Grissom, Marquis",of,,2750000
2005,"Loretta, Mark",2b-3b,,2750000
2005,"Martinez, Tino",1b,,2750000
2005,"Ohka, Tomo",rhp,,2750000
2005,"Prior, Mark",rhp,,2750000
2005,"Timlin, Mike",rhp,,2750000
2005,"Wickman, Bob",rhp,,2750000
2005,"Worrell, Tim",rhp,,2750000
2005,"Catalanotto, Frank",of,,2700000
2005,"Helms, Wes",3b-1b,,2700000
2005,"Gibbons, Jay",1b,,2600000
2005,"Mota, Guillermo",rhp,,2600000
2005,"Rhodes, Arthur",lhp,,2600000
2005,"Ryan, B.J.",lhp,,2600000
2005,"Sullivan, Scott",rp,,2600000
2005,"Tavarez, Julian",rhp,,2600000
2005,"Pena, Carlos",1b,,2575000
2005,"Meche, Gil",rhp-s,,2535000
2005,"Belliard, Ron",2b,,2500000
2005,"Benitez, Armando",rhp,,2500000
2005,"Bradley, Milton",rf-dh,,2500000
2005,"Estes, Shawn",lhp,,2500000
2005,"Julio, Jorge",rhp,,2500000
2005,"Kline, Steve",lhp,,2500000
2005,"Koskie, Corey",3b,,2500000
2005,"Ligtenberg, Kerry",rp,,2500000
2005,"Lima, Jose",rhp,,2500000
2005,"Morris, Matt",rhp,,2500000
2005,"Schoeneweis, Scott",lhp,,2500000
2005,"Teixeira, Mark",1b,,2500000
2005,"Tomko, Brett",rhp,,2500000
2005,"Vizquel, Omar",ss-2b,,2500000
2005,"Walker, Todd",2b,,2500000
2005,"Wells, David",lhp,,2500000
2005,"Young, Michael",3b,,2500000
2005,"Hatteberg, Scott",c-1b,,2450000
2005,"Beckett, Josh",rhp-s,,2400000
2005,"Franklin, Ryan",rhp,,2400000
2005,"Lohse, Kyle",rhp-s,,2400000
2005,"Lawrence, Brian",rhp,,2375000
2005,"Lopez, Rodrigo",rhp-s,,2375000
2005,"Chacon, Shawn",rhp,,2350000
2005,"Giles, Marcus",2b,,2350000
2005,"Borowski, Joe",rhp,,2300000
2005,"Iguchi, Tadahito",2b-ss,,2300000
2005,"Jennings, Jason",rhp,,2300000
2005,"Armas Jr., Tony",rhp,,2260000
2005,"Blake, Casey",3b,,2250000
2005,"Cormier, Rheal",p,,2250000
2005,"Eckstein, David",2b,,2250000
2005,"Pierzynski, A.J.",c,,2250000
2005,"Feliz, Pedro",3b,,2225000
2005,"Byrnes, Eric",of,,2200000
2005,"Kennedy, Joe",p,,2200000
2005,"Fogg, Josh",rhp,,2150000
2005,"Randa, Joe",3b,,2150000
2005,"Santiago, Benito",c,,2150000
2005,"Uribe, Juan",3b-ss,,2150000
2005,"Mueller, Bill",3b,,2100000
2005,"Nathan, Joe",rhp,,2100000
2005,"Spivey, Junior",2b,,2100000
2005,"Zambrano, Victor",rhp,,2100000
2005,"Davis, Doug",lhp-s,,2050000
2005,"Izturis, Cesar",ss,,2050000
2005,"Alvarez, Wilson",sp,,2000000
2005,"Carpenter, Chris",rhp-s,,2000000
2005,"Dempster, Ryan",rhp-s,,2000000
2005,"Grimsley, Jason",rhp,,2000000
2005,"Hermanson, Dustin",p,,2000000
2005,"Mesa, Jose",rhp,,2000000
2005,"Rowand, Aaron",cf,,2000000
2005,"Rusch, Glendon",lhp,,2000000
2005,"Schneider, Brian",c,,2000000
2005,"Snow, J.T.",1b,,2000000
2005,"Tucker, Michael",of,,2000000
2005,"Womack, Tony",of,,2000000
2005,"Farnsworth, Kyle",rhp,,1975000
2005,"Hall, Toby",c,,1950000
2005,"Bautista, Danny",of,,1900000
2005,"Rincon, Ricardo",lhp,,1900000
2005,"Speier, Justin",rhp,,1900000
2005,"Arroyo, Bronson",rhp-s,,1850000
2005,"Barajas, Rod",c,,1850000
2005,"King, Ray",lhp,,1850000
2005,"Hairston Jr., Jerry",of-2b,,1800000
2005,"Heredia, Felix",rp,,1800000
2005,"Hernandez, Jose",3b,,1800000
2005,"Gonzalez, Alex S.",3b-ss,,1750000
2005,"Silva, Carlos",rhp-s,,1750000
2005,"Wilson, Dan",c,,1750000
2005,"Villone, Ron",lhp,,1700000
2005,"Burroughs, Sean",3b,,1675000
2005,"Reitsma, Chris",rhp,,1650000
2005,"Rivas, Luis",2b,,1625000
2005,"Herges, Matt",rhp,,1500000
2005,"Mackowiak, Rob",of,,1500000
2005,"Miller, Wade",rhp,,1500000
2005,"Moyer, Jamie",lhp-s,,1500000
2005,"Sierra, Ruben",of,,1500000
2005,"Valdez, Ismael",sp,,1500000
2005,"Johnson, Nick",1b,,1450000
2005,"Riske, David",rhp,,1425000
2005,"Bradford, Chad",rhp,,1400000
2005,"Mirabelli, Doug",c,,1400000
2005,"Counsell, Craig",2b-3b,,1350000
2005,"Inge, Brandon",3b,,1350000
2005,"Roberts, Dave",of,,1350000
2005,"Clayton, Royce",ss,,1300000
2005,"Cora, Alex",2b-ss,,1300000
2005,"Dessens, Elmer",rhp,,1300000
2005,"Lamb, Mike",3b,,1300000
2005,"Lee, Travis",1b,,1300000
2005,"Vizcaino, Luis",rhp,,1300000
2005,"Marte, Damaso",lhp,,1250000
2005,"Mercker, Kent",lhp,,1250000
2005,"Romero, J.C.",lhp,,1250000
2005,"Vizcaino, Jose",inf,,1250000
2005,"Weathers, David",rhp,,1250000
2005,"Blanco, Henry",c,,1200000
2005,"Stairs, Matt",lf-rf,,1200000
2005,"Clark, Brady",of,,1150000
2005,"DeJean, Mike",p,,1150000
2005,"Meadows, Brian",sp,,1125000
2005,"Brazelton, Dewon",p,,1124000
2005,"Almanzar, Carlos",p,,1100000
2005,"Graffanino, Tony",2b-3b,,1100000
2005,"Jones, Todd",rhp,,1100000
2005,"Matthews Jr., Gary",cf,,1100000
2005,"Mecir, Jim",rp,,1100000
2005,"Miller, Trever",lhp,,1100000
2005,"Surhoff, B.J.",of,,1100000
2005,"Eischen, Joey",p,,1040000
2005,"Martinez, Ramon E.",ss,,1025000
2005,"Matos, Luis",of,,1025000
2005,"Brocail, Doug",rhp,,1000000
2005,"Castro, Juan",2b-ss,,1000000
2005,"Chrstiansen, Jason",rp,,1000000
2005,"Davis, Ben",c,,1000000
2005,"Franco, Julio",inf,,1000000
2005,"Grudzielanek, Mark",ss-2b,,1000000
2005,"Ledee, Ricky",of,,1000000
2005,"Matheny, Mike",c,,1000000
2005,"Mondesi, Raul",of,,1000000
2005,"Perez, Neifi",ss,,1000000
2005,"Perez, Timo",of,,1000000
2005,"Torres, Salomon",rhp,,1000000
2005,"Yan, Esteban",rhp,,1000000
2005,"Eyre, Scott",lhp,,975000
2005,"Affeldt, Jeremy",lhp,,950000
2005,"DaVanon, Jeffrey",of,,950000
2005,"Fossum, Casey",lhp,,950000
2005,"Mohr, Dustan",of,,950000
2005,"Perez, Eduardo",of,,950000
2005,"Relaford, Desi",inf,,950000
2005,"Ward, Daryle",of,,950000
2005,"Zaun, Gregg",c,,950000
2005,"Kearns, Austin",rf,,930000
2005,"Shields, Scot",rhp,,925000
2005,"Linebrink, Scott",rhp,,910000
2005,"Cairo, Miguel",2b-3b,,900000
2005,"Hollandsworth, Todd",of,,900000
2005,"Howry, Bobby",rhp,,900000
2005,"Koch, Billy",rp,,900000
2005,"Politte, Cliff",p,,900000
2005,"Redmond, Mike",c,,900000
2005,"Reed, Steve",p,,900000
2005,"Walker, Jamie",lhp,,900000
2005,"Gryboski, Kevin",p,,877500
2005,"Kielty, Bobby",of,,875000
2005,"Dellucci, David",of,,850000
2005,"Elarton, Scott",rhp,,850000
2005,"Halama, John",lhp,,850000
2005,"Sturtze, Tanyon",rhp,,850000
2005,"Young, Eric",2b,,850000
2005,"Gomez, Chris",inf,,825000
2005,"Koplove, Mike",rhp,,825000
2005,"Macias, Jose",2b,,825000
2005,"Michaels, Jason",of,,825000
2005,"Astacio, Pedro",rhp,,800000
2005,"Bell, Rob",rhp,,800000
2005,"Blalock, Hank",dh-1b,,800000
2005,"Bottalico, Ricky",rp,,800000
2005,"Branyan, Russell",1b-3b,,800000
2005,"Cruz, Deivi",ss,,800000
2005,"Flaherty, John",c,,800000
2005,"Nomo, Hideo",rhp,,800000
2005,"Osuna, Antonio",rp,,800000
2005,"Otsuka, Akinori",p,,800000
2005,"Palmeiro, Orlando",of,,800000
2005,"Phelps, Josh",1b-c,,800000
2005,"Reese, Pokey",2b,,800000
2005,"Wilson, Vance",c,,760000
2005,"Bennett, Gary",c,,750000
2005,"Clark, Tony",1b,,750000
2005,"Easley, Damion",2b,,750000
2005,"Hammond, Chris",p,,750000
2005,"LeCroy, Matt",1b-c,,750000
2005,"Mantei, Matt",rp,,750000
2005,"Peavy, Jake",rhp-s,,750000
2005,"Petagine, Roberto",1b,,750000
2005,"Pratt, Todd",c,,750000
2005,"Redding, Tim",rhp-s,,750000
2005,"Riedling, John",p,,750000
2005,"Yabu, Keiichi",rhp,,750000
2005,"Harper, Travis",p,,745000
2005,"Mabry, John",3b-of,,725000
2005,"Molina, Jose",c,,725000
2005,"Torrealba, Yorvit",c,,715000
2005,"Webb, Brandon",rhp-s,,715000
2005,"Franco, John",rp,,700000
2005,"Mahay, Ron",lhp,,700000
2005,"Moeller, Chad",c,,700000
2005,"Munro, Pete",p,,700000
2005,"Myers, Greg",c,,700000
2005,"Sele, Aaron",rhp,,700000
2005,"Vazquez, Ramon",ss-2b,,700000
2005,"Woodward, Chris",inf,,700000
2005,"Tucker, T.J.",p,,657000
2005,"Bako, Paul",c,,650000
2005,"Colbrunn, Greg",1b-of,,650000
2005,"Greene, Todd",c,,650000
2005,"Hernandez, Roberto",rhp,,650000
2005,"Perez, Tomas",inf,,650000
2005,"Saenz, Olmedo",3b,,650000
2005,"Sosa, Jorge",rhp,,650000
2005,"Brower, Jim",rhp,,625000
2005,"Nunez, Abraham",inf,,625000
2005,"Perez, Eddie",c,,625000
2005,"Alomar, Roberto",2b,,600000
2005,"Aurilia, Rich",1b-3b,,600000
2005,"Colome, Jesus",rhp,,600000
2005,"Cordero, Wilfredo",of,,600000
2005,"Cruz, Juan",rhp,,600000
2005,"Diaz, Einar",c,,600000
2005,"Eldred, Cal",rhp,,600000
2005,"Gonzalez, Juan",of,,600000
2005,"Jordan, Brian",of,,600000
2005,"Menechino, Frank",2b,,600000
2005,"Myers, Mike",lhp,,600000
2005,"Sanchez, Rey",ss,,600000
2005,"Telemaco, Amaruy",p,,600000
2005,"Weber, Ben",p,,600000
2005,"White, Gabe",rp,,600000
2005,"Fox, Chad",rhp,,575000
2005,"Hansen, Craig",rhp,,575000
2005,"Alomar, Sandy Jr.",c,,550000
2005,"Chen, Bruce",lhp,,550000
2005,"Choate, Randy",lhp,,550000
2005,"Fultz, Aaron",lhp,,550000
2005,"Ginter, Keith",inf,,550000
2005,"McCarty, David",1b-of,,550000
2005,"Podsednik, Scott",cf-lf,,550000
2005,"Seanez, Rudy",rhp,,550000
2005,"Sweeney, Mark",1b,,550000
2005,"Taguchi, So",of,,550000
2005,"Wright, Jamey",rhp,,550000
2005,"Wunsch, Kelly",rp,,550000
2005,"Erickson, Scott",rhp,,525000
2005,"Adams, Terry",p,,500000
2005,"Berrora, Angel",ss,,500000
2005,"Carrara, Giovanni",rhp,,500000
2005,"Castro, Ramon",c,,500000
2005,"Crawford, Carl",lf,,500000
2005,"Cruz, Jacob",of,,500000
2005,"DeRosa, Mark",3b,,500000
2005,"Duckworth, Brandon",rhp,,500000
2005,"Fassero, Jeff",p,,500000
2005,"Hafner, Travis",dh,,500000
2005,"Harden, Rich",rhp-s,,500000
2005,"Lidge, Brad",rhp,,500000
2005,"Martinez, Victor",c-1b,,500000
2005,"McEwing, Joe",of,,500000
2005,"Merloni, Lou",inf,,500000
2005,"Sauerbeck, Scott",p,,500000
2005,"Widger, Chris",c,,500000
2005,"Williamson, Scott",rhp,,500000
2005,"Nady, Xavier",rf,,488000
2005,"Perisho, Matt",p,,475000
2005,"Estrada, Johnny",c,,460000
2005,"Bernero, Adam",p,,450000
2005,"Castillo, Alberto",c,,450000
2005,"Ensberg, Morgan",3b,,450000
2005,"Paul, Josh",c,,450000
2005,"Valentin, Javier",c,,450000
2005,"Overbay, Lyle",1b,,446000
2005,"Everett, Adam",ss,,445000
2005,"Myers, Brett",rhp-s,,445000
2005,"Harang, Aaron",rhp-s,,440000
2005,"Lackey, John",rhp-s,,440000
2005,"Pena, Wily Mo",of,,440000
2005,"Rincon, Juan",rhp,,440000
2005,"Rodriguez, Francisco",rhp,,440000
2005,"Aybar, Manny",rhp,,425000
2005,"Donnelly, Brendan",rhp,,420000
2005,"Santos, Victor",p,,420000
2005,"Lopez, Felipe",2b-ss,,415000
2005,"Freel, Ryan",inf-of,,405000
2005,"Maroth, Mike",lhp,,405000
2005,"Ankiel, Rick",cf,,400000
2005,"Bonderman, Jeremy",rhp-s,,400000
2005,"Crede, Joe",3b,,400000
2005,"Drese, Ryan",p,,400000
2005,"Ellis, Mark",2b,,400000
2005,"Koo, Dae Sung",p,,400000
2005,"McDonald, John",ss-2b,,400000
2005,"Moehler, Brian",rhp-s,,400000
2005,"Monroe, Craig",rf,,400000
2005,"Nelson, Jeff",rp,,400000
2005,"Olivo, Miguel",c,,400000
2005,"Walker, Pete",p,,400000
2005,"Young, Chris",rhp-s,,400000
2005,"Shouse, Brian",lhp,,395000
2005,"Figgins, Chone",3b,,390000
2005,"Glover, Gary",rhp,,390000
2005,"Mateo, Julio",p,,390000
2005,"Rivera, Juan",dh-lf,,390000
2005,"Roberts, Brian",2b,,390000
2005,"Bloomquist, Willie",2b-of,,385000
2005,"Ford, Lew",of,,385000
2005,"Melhuse, Adam",c,,385000
2005,"Perez, Oliver",lhp-s,,381000
2005,"Bigbie, Larry",of,,380000
2005,"Wagner, Ryan",rhp,,380000
2005,"Willis, Dontrelle",lhp-s,,378500
2005,"Harvey, Ken",1b,,375000
2005,"Hyzdu, Adam",of,,375000
2005,"Benoit, Joaquin",rhp,,372500
2005,"Dickey, R.A.",rhp,,372500
2005,"Cabrera, Miguel",1b,,370000
2005,"Ramirez, Horacio",lhp-s,,370000
2005,"Baldelli, Rocco",of,,369000
2005,"Holliday, Matt",lf,,366000
2005,"Broussard, Ben",1b,,365000
2005,"Harris, Willie",2b-lf,,365000
2005,"Harville, Chad",p,,365000
2005,"Hudson, Orlando",2b,,365000
2005,"Newhan, David",inf-of,,365000
2005,"Wheeler, Dan",rhp,,365000
2005,"Crisp, Covelli",cf,,364900
2005,"Ayala, Luis",rhp,,363000
2005,"Hendrickson, Mark",lhp-s,,362500
2005,"Carter, Lance",p,,361000
2005,"Bump, Nate",rhp,,360000
2005,"Chavez, Raul",c,,360000
2005,"Cintron, Alex",inf,,360000
2005,"Gregg, Kevin",rhp,,360000
2005,"Lincoln, Mike",rhp,,360000
2005,"Putz, J.J.",rhp,,360000
2005,"Quinlan, Robb",1b-3b,,360000
2005,"Truby, Chris",3b,,360000
2005,"Towers, Josh",rhp,,358000
2005,"Day, Zach",p,,357500
2005,"Gerut, Jody",cf,,356200
2005,"Bay, Jason",lf,,355000
2005,"Brown, Emil",of,,355000
2005,"Greene, Khalil",ss,,355000
2005,"Infante, Omar",ss-2b,,355000
2005,"Robertson, Nate",lhp,,355000
2005,"Robertson, Nate",lhp,,355000
2005,"MacDougal, Mike",rhp,,352000
2005,"Choi, Hee Seop",of,,351500
2005,"Asencio, Miguel",rhp,,350000
2005,"Backe, Brandon",rhp-s,,350000
2005,"Baerga, Carlos",inf,,350000
2005,"Bauer, Rick",rhp,,350000
2005,"Crosby, Bobby",ss,,350000
2005,"Hernandez, Carlos",lhp,,350000
2005,"Madson, Ryan",rhp,,350000
2005,"Spooneybarger, Tim",p,,350000
2005,"Cuddyer, Michael",rf,,347500
2005,"Williams, Todd",rhp,,347500
2005,"Cordero, Chad",rhp,,346500
2005,"Gallo, Mike",rhp,,345000
2005,"Guiel, Aaron",of,,345000
2005,"Lane, Jason",of,,345000
2005,"Lee, Cliff",lhp-s,,345000
2005,"Mench, Kevin",of,,345000
2005,"Morneau, Justin",1b,,345000
2005,"Sledge, Terrmel",of,,345000
2005,"Utley, Chase",2b,,345000
2005,"Wise, Matt",p,,345000
2005,"Hall, Bill",3b,,344000
2005,"Gil, Geronimo",c,,342500
2005,"Prinz, Bret",rhp,,342322
2005,"Johnson, Reed",cf,,342000
2005,"Obermueller, Wes",p,,342000
2005,"Davis, Jason",rhp,,341700
2005,"Cerda, Jaime",p,,341500
2005,"Bong, Jung Keun",p,,340000
2005,"Capuano, Chris",lhp,,340000
2005,"Soriano, Rafael",rhp,,340000
2005,"Lewis, Colby",rhp,,339500
2005,"Phillips, Jason",c,,339000
2005,"Betancourt, Rafael",rhp,,338600
2005,"LaRoche, Adam",1b,,337500
2005,"Werth, Jayson",rf,,337000
2005,"Williams, Jerome",rhp,,336000
2005,"Bruntlett, Eric",2b-ss,,335000
2005,"Carroll, Jamey",2b-3b,,335000
2005,"Gload, Ross",1b-rf,,335000
2005,"Harikkala, Tim",p,,335000
2005,"Jacobsen, Bucky",inf,,335000
2005,"Ledezma, Wil",lhp,,335000
2005,"Madritsch, Bobby",p,,335000
2005,"Tracy, Chad",1b,,335000
2005,"Valverde, Jose",rhp,,335000
2005,"Ginter, Matt",rhp,,333000
2005,"Frasor, Jason",rhp,,332500
2005,"Ramirez, Erasmo",p,,332500
2005,"Reyes, Jose",ss,,332000
2005,"Sanchez, Duaner",rhp,,332000
2005,"Valent, Eric",of,,332000
2005,"Adams, Mike",rhp,,331000
2005,"Rios, Alex",rf-cf,,331000
2005,"Greinke, Zack",rhp-s,,330500
2005,"Balfour, Grant",rhp,,330000
2005,"Bedard, Erik",lhp-s,,330000
2005,"Calero, Kiko",rhp,,330000
2005,"Carlyle, Buddy",rhp,,330000
2005,"Cotts, Neal",lhp,,330000
2005,"Lyon, Brandon",rhp,,330000
2005,"Ozuna, Pablo",2b,,330000
2005,"Perez, Antonio",inf,,330000
2005,"Vogelsong, Ryan",rhp,,330000
2005,"Williams, Dave",p,,330000
2005,"Miller, Matt",lhp,,329700
2005,"Duchscherer, Justin",rhp-s,,329500
2005,"Wellemeyer, Todd",rhp-s,,329000
2005,"Castillo, Jose",2b,,328000
2005,"Fuentes, Brian",lhp,,328000
2005,"Riley, Matt",p,,328000
2005,"Cash, Kevin",c,,327500
2005,"Field, Nate",p,,327500
2005,"Hancock, Josh",p,,327250
2005,"Bush, Dave",rhp-s,,327000
2005,"Cota, Humberto",c,,327000
2005,"Grabow, John",lhp,,327000
2005,"Grabowski, Jason",of,,327000
2005,"Chulk, Vinny",rhp,,326000
2005,"Cook, Aaron",rhp-s,,326000
2005,"Escobar, Alex",of,,326000
2005,"Miles, Aaron",2b-ss,,326000
2005,"Walker, Tyler",rhp,,326000
2005,"Aquino, Greg",rhp,,325000
2005,"Bruney, Brian",rhp,,325000
2005,"Cabrera, Daniel",rhp-s,,325000
2005,"Green, Nick",ss-2b,,325000
2005,"Hernandez, Runelvys",rhp,,325000
2005,"Laird, Gerald",c,,325000
2005,"Mauer, Joe",c,,325000
2005,"Ojeda, Miguel",c,,325000
2005,"Punto, Nick",ss,,325000
2005,"Seay, Bobby",lhp,,325000
2005,"Smith, Jason",2b-ss,,325000
2005,"Vargas, Claudio",rhp,,325000
2005,"Gonzalez, Luis Alberto",inf-of,,324000
2005,"Haren, Dan",rhp-s,,323500
2005,"Molina, Yadier",c,,323500
2005,"Pickering, Calvin",1b,,323500
2005,"Scutaro, Marcos",ss,,323500
2005,"Youkilis, Kevin",1b,,323125
2005,"Atchison, Scott",rhp,,323000
2005,"Thornton, Matt",lhp,,323000
2005,"Ainsworth, Kurt",p,,322500
2005,"Lowry, Noah",lhp-s,,322500
2005,"Patterson, John",rhp,,322500
2005,"Wright, David",3b,,322500
2005,"Olmedo, Ranier",inf,,322000
2005,"Turnbow, Derrick",rhp,,322000
2005,"Wuertz, Michael",rhp,,322000
2005,"Francisco, Frank",rhp,,321500
2005,"Burnett, Sean",lhp,,321000
2005,"Crain, Jesse",rhp,,321000
2005,"German, Franklyn",rhp,,321000
2005,"Lopez, Javier",lhp,,321000
2005,"Miller, Corky",c,,321000
2005,"Neal, Blaine",rhp,,321000
2005,"Ryan, Michael",of,,321000
2005,"Terrero, Luis",of,,321000
2005,"Amezaga, Alfredo",2b-cf,,320000
2005,"Bentz, Chad",p,,320000
2005,"Claussen, Brandon",p,,320000
2005,"DeJesus, David",lf,,320000
2005,"DuBois, Jason",of,,320000
2005,"Flores, Randy",lhp,,320000
2005,"Geary, Geoff",rhp,,320000
2005,"Johnston, Mike",p,,320000
2005,"Logan, Nook",of,,320000
2005,"Luna, Hector",ss,,320000
2005,"McClung, Seth",rhp,,320000
2005,"Valentine, Joe",p,,320000
2005,"Brazoban, Yhency",rhp,,319500
2005,"Bukvich, Ryan",rhp,,319500
2005,"Camp, Shawn",rhp,,319500
2005,"Yates, Tyler",rhp,,319500
2005,"Dohmann, Scott",rhp,,319000
2005,"Horgan, Joe",p,,319000
2005,"Thomas, Charles",of,,319000
2005,"Wood, Mike",rhp,,319000
2005,"Bartosh, Cliff",p,,318600
2005,"Beltran, Francis",rhp,,318500
2005,"Buck, John",c,,318500
2005,"Colon, Roman",rhp,,318500
2005,"Guerrier, Matt",rhp,,318500
2005,"Restovich, Michael",of,,318500
2005,"Rodney, Fernando",rhp,,318500
2005,"Torcato, Tony",3b,,318500
2005,"Sizemore, Grady",cf,,318300
2005,"Diaz, Felix",p,,318000
2005,"Gil, Jerry",rhp (prev ss),,318000
2005,"Hill, Koyie",c,,318000
2005,"Hudson, Luke",rhp,,318000
2005,"Mateo, Henry",inf,,318000
2005,"Simpson, Allan",p,,318000
2005,"Snyder, Chris",c,,318000
2005,"Bard, Josh",c,,317900
2005,"Gosling, Mike",lhp,,317500
2005,"Halsey, Brad",p,,317500
2005,"Hensley, Matt",p,,317500
2005,"Ludwick, Ryan",rf,,317500
2005,"Phillips, Andy",inf,,317200
2005,"Atkins, Garrett",1b-3b,,317000
2005,"Barmes, Clint",2b,,317000
2005,"Closser, J.D.",c,,317000
2005,"De La Rosa, Jorge",lhp-s,,317000
2005,"Fortunato, Bartolome",p,,317000
2005,"Francis, Jeff",lhp-s,,317000
2005,"Freeman, Choo",of,,317000
2005,"Guzman, Freddy",of,,317000
2005,"Hawpe, Brad",rf,,317000
2005,"Izturis, Maicer",2b-3b,,317000
2005,"Tsao, Chin-Hui",rhp,,317000
2005,"Cantu, Jorge",1b-3b,,316900
2005,"Phillips, Brandon",2b,,316800
2005,"Peralta, Jhonny",ss,,316700
2005,"Blanton, Joe",rhp-s,,316500
2005,"Davis, J.J.",,,316500
2005,"Ellison, Jason",of,,316500
2005,"Regilio, Nick",p,,316500
2005,"Stanford, Jason",lhp,,316500
2005,"Swisher, Nick",lf-rf,,316500
2005,"Adams, Russ",ss,,316000
2005,"Aguila, Chris",of,,316000
2005,"Astacio, Ezequiel",p,,316000
2005,"Baker, Jeff",2b-3b,,316000
2005,"Bartlett, Jason",ss,,316000
2005,"Bautista, Denny",rhp,,316000
2005,"Belisle, Matt",rhp,,316000
2005,"Betancourt, Yuniesky",ss,,316000
2005,"Betemit, Wilson",3b-1b,,316000
2005,"Blackley, Travis",lhp,,316000
2005,"Blanco, Tony",3b,,316000
2005,"Bourgeois, Jason",of,,316000
2005,"Buchholz, Taylor",rhp,,316000
2005,"Burke, Chris",inf,,316000
2005,"Carvajal, Marcos",p,,316000
2005,"Chacin, Gustavo",lhp,,316000
2005,"Church, Ryan",rf,,316000
2005,"Cirillo, Jeff",3b,,316000
2005,"Cruceta, Francisco",rhp,,316000
2005,"Dillon, Joe",inf,,316000
2005,"Dobbs, Greg",3b-1b,,316000
2005,"Dominguez, Juan",p,,316000
2005,"Floyd, Gavin",rhp-s,,316000
2005,"Gimenez, Hector",c,,316000
2005,"Gonzalez, Adrian",1b,,316000
2005,"Gotay, Ruben",2b,,316000
2005,"Gothreaux, Jared",p,,316000
2005,"Gross, Gabe",rf,,316000
2005,"Gutierrez, Juan",rhp,,316000
2005,"Hagerty, Luke",p,,316000
2005,"Houlton, D.J.",p,,316000
2005,"Howard, Ben",p,,316000
2005,"Huber, Justin",inf,,316000
2005,"Jimerson, Charlton",of,,316000
2005,"Kazmir, Scott",lhp-s,,316000
2005,"Kubel, Jason",dh-lf,,316000
2005,"Langerhans, Ryan",of,,316000
2005,"League, Brandon",rhp,,316000
2005,"Leicester, Jon",rhp,,316000
2005,"Liriano, Pedro",p,,316000
2005,"Loe, Kameron",rhp,,316000
2005,"Machado, Andy",ss,,316000
2005,"Majewski, Val",of,,316000
2005,"McLemore, Mark",p,,316000
2005,"Merricks, Matt",p,,316000
2005,"Nieve, Fernando",rhp,,316000
2005,"Nix, Laynce",of,,316000
2005,"Nunez, Franklin",p,,316000
2005,"Paulino, Ronny",c,,316000
2005,"Qualls, Chad",rhp,,316000
2005,"Reed, Jeremy",of,,316000
2005,"Repko, Jason",of,,316000
2005,"Rodriguez, Wandy",lhp-s,,316000
2005,"Sanchez, Alex",of,,316000
2005,"Schmoll, Steve",p,,316000
2005,"Scott, Luke",dh-of,,316000
2005,"Sisco, Andrew",lhp,,316000
2005,"Snelling, Chris",of,,316000
2005,"Speier, Ryan",rhp,,316000
2005,"Stern, Adam",of,,316000
2005,"Street, Huston",rhp,,316000
2005,"Sullivan, Cory",of,,316000
2005,"Taveras, Willy",cf,,316000
2005,"Teahen, Mark",3b-rf,,316000
2005,"Treanor, Matt",c,,316000
2005,"Valdez, Wilson",inf,,316000
2005,"Van Benschoten, John",rhp,,316000
2005,"Whiteman, Tommy",inf,,316000
2005,"Woods, Jake",lhp,,316000
2005,"Alfonseca, Antonio",rp,,300000
2004,"Rodriguez, Alex",3b,,21000000
2004,"Ramirez, Manny",lf-dh,,20500000
2004,"Delgado, Carlos",1b,,18500000
2004,"Martinez, Pedro J.",rhp,,17500000
2004,"Jeter, Derek",ss,,17000000
2004,"Bonds, Barry",of,,16000000
2004,"Green, Shawn",of,,16000000
2004,"Johnson, Randy",lhp-s,,16000000
2004,"Sosa, Sammy",of,,16000000
2004,"Brown, Kevin",rhp,,15000000
2004,"Piazza, Mike",c,,15000000
2004,"Vaughn, Mo",1b,,15000000
2004,"Jones, Chipper",3b,,14000000
2004,"Mussina, Mike",rhp,,14000000
2004,"Ordonez, Magglio",rf,,14000000
2004,"Bagwell, Jeff",1b,,13000000
2004,"Park, Chan Ho",rhp,,13000000
2004,"Sheffield, Gary",rf,,13000000
2004,"Griffey Jr., Ken",dh-rf,,12500000
2004,"Hidalgo, Richard",of,,12500000
2004,"Morris, Matt",rhp,,12500000
2004,"Walker, Larry",of,,12500000
2004,"Hampton, Mike",lhp-s,,12000000
2004,"Jones, Andruw",cf-lf,,12000000
2004,"Schilling, Curt",rhp,,12000000
2004,"Williams, Bernie",of,,12000000
2004,"Helton, Todd",1b,,11600000
2004,"Garciaparra, Nomar",3b-1b,,11500000
2004,"Dreifort, Darren",sp,,11000000
2004,"Dye, Jermaine",rf,,11000000
2004,"Millwood, Kevin",rhp-s,,11000000
2004,"Sweeney, Mike",dh-1b,,11000000
2004,"Glavine, Tom",lhp-s,,10500000
2004,"Thome, Jim",dh,,10500000
2004,"Abreu, Bobby",rf,,10000000
2004,"Guerrero, Vladimir",rf-dh,,10000000
2004,"Radke, Brad",sp,,10000000
2004,"Smoltz, John",rhp-s,,10000000
2004,"Alou, Moises",of,,9500000
2004,"Salmon, Tim",of,,9500000
2004,"Beltran, Carlos",cf,,9000000
2004,"Colon, Bartolo",rhp-s,,9000000
2004,"Edmonds, Jim",of,,9000000
2004,"Giambi, Jason",1b-dh,,9000000
2004,"Glaus, Troy",3b,,9000000
2004,"Johnson, Charles",c,,9000000
2004,"Milton, Eric",lhp,,9000000
2004,"Neagle, Denny",lhp,,9000000
2004,"Nen, Robb",rhp,,9000000
2004,"Wilson, Preston",of,,9000000
2004,"Rivera, Mariano",rhp,,8890000
2004,"Higginson, Bobby",of,,8850000
2004,"Kent, Jeff",2b,,8500000
2004,"Nevin, Phil",3b,,8500000
2004,"Schmidt, Jason",rhp-s,,8500000
2004,"Sele, Aaron",rhp,,8500000
2004,"Vazquez, Javier",rhp-s,,8500000
2004,"Gonzalez, Luis",of,,8250000
2004,"Jenkins, Geoff",of,,8250000
2004,"Boone, Bret",2b,,8000000
2004,"Damon, Johnny",lf,,8000000
2004,"Kendall, Jason",c,,8000000
2004,"Konerko, Paul",1b,,8000000
2004,"Leiter, Al",lhp,,8000000
2004,"Nomo, Hideo",rhp,,8000000
2004,"Rolen, Scott",3b,,8000000
2004,"Sasaki, Kazuhiro",rhp,,8000000
2004,"Sexson, Richie",1b,,8000000
2004,"Wagner, Billy",lhp,,8000000
2004,"Williams, Woody",rhp,,8000000
2004,"Erstad, Darin",1b-of,,7750000
2004,"Isringhausen, Jason",rhp,,7750000
2004,"Young, Dmitri",1b-dh,,7750000
2004,"Olerud, John",1b,,7700000
2004,"Giles, Brian",rf,,7500000
2004,"Lieberthal, Mike",c,,7500000
2004,"Martinez, Tino",1b,,7500000
2004,"Percival, Troy",rhp,,7500000
2004,"Greer, Rusty",of,,7400000
2004,"Renteria, Edgar",ss,,7250000
2004,"Byrd, Paul",rhp,,7000000
2004,"Contreras, Jose",rhp-s,,7000000
2004,"Finley, Steve",of,,7000000
2004,"Lawton, Matt",of,,7000000
2004,"Mantei, Matt",rp,,7000000
2004,"Matsui, Hideki",dh-lf,,7000000
2004,"Pujols, Albert",1b,,7000000
2004,"Rodriguez, Ivan",c,,7000000
2004,"Segui, David",1b,,7000000
2004,"Vidro, Jose",dh-2b,,7000000
2004,"Wood, Kerry",rhp,,7000000
2004,"Garcia, Freddy",rhp-s,,6875000
2004,"Casey, Sean",1b,,6800000
2004,"Cirillo, Jeff",3b,,6725000
2004,"Varitek, Jason",c,,6700000
2004,"Alfonzo, Edgardo",2b,,6500000
2004,"Berkman, Lance",1b,,6500000
2004,"Floyd, Cliff",lf,,6500000
2004,"Hundley, Todd",c,,6500000
2004,"Hunter, Torii",cf,,6500000
2004,"Lee, Carlos",lf,,6500000
2004,"Lowell, Mike",3b,,6500000
2004,"Moyer, Jamie",lhp-s,,6500000
2004,"Nixon, Trot",of,,6500000
2004,"Koch, Billy",rp,,6375000
2004,"Weaver, Jeff",rhp,,6250000
2004,"Anderson, Garret",lf,,6200000
2004,"Anderson, Garret",lf,,6200000
2004,"Benson, Kris",rhp-s,,6150000
2004,"Cabrera, Orlando",ss,,6000000
2004,"Durham, Ray",2b,,6000000
2004,"Graves, Danny",rhp,,6000000
2004,"Halladay, Roy",rhp-s,,6000000
2004,"Hernandez, Livan",rhp-s,,6000000
2004,"Klesko, Ryan",1b,,6000000
2004,"Maddux, Greg",rhp,,6000000
2004,"Posada, Jorge",c,,6000000
2004,"Ramirez, Aramis",3b,,6000000
2004,"Thomas, Frank",dh,,6000000
2004,"Wickman, Bob",rhp,,6000000
2004,"Mays, Joe",rhp,,5750000
2004,"Vizquel, Omar",ss-2b,,5750000
2004,"Ortiz, Russ",rhp-s,,5700000
2004,"Escobar, Kelvim",rhp-s,,5500000
2004,"Kotsay, Mark",of-1b,,5500000
2004,"Lee, Derrek",1b,,5500000
2004,"Lopez, Javy",c,,5500000
2004,"Pettitte, Andy",lhp-s,,5500000
2004,"Stewart, Shannon",of,,5500000
2004,"Washburn, Jarrod",lhp-s,,5450000
2004,"Soriano, Alfonso",lf,,5400000
2004,"Gutierrez, Ricky",ss,,5250000
2004,"Chavez, Eric",3b,,5200000
2004,"Beltre, Adrian",3b,,5000000
2004,"Cedeno, Roger",of,,5000000
2004,"Clemens, Roger",rhp,,5000000
2004,"Gagne, Eric",rhp,,5000000
2004,"Karsay, Steve",sp,,5000000
2004,"Kim, Byung Hyun",rhp,,5000000
2004,"Lowe, Derek",rhp-s,,5000000
2004,"Matsui, Kazuo",2b,,5000000
2004,"Perez, Odalis",lhp,,5000000
2004,"Suzuki, Ichiro",rf,,5000000
2004,"Trachsel, Steve",rhp,,5000000
2004,"Valentin, Jose",of-ss,,5000000
2004,"Conine, Jeff",of-1b,,4750000
2004,"Ortiz, David",dh,,4587500
2004,"Hudson, Tim",rhp-s,,4550000
2004,"Daal, Omar",sp,,4500000
2004,"Gonzalez, Alex S.",3b-ss,,4500000
2004,"Koskie, Corey",3b,,4500000
2004,"Mulder, Mark",lhp,,4400000
2004,"Jones, Jacque",of,,4350000
2004,"Wakefield, Tim",rhp-s,,4350000
2004,"Anderson, Matt",p,,4300000
2004,"Jarvis, Kevin",p,,4250000
2004,"Wolf, Randy",lhp-s,,4250000
2004,"Bell, David",3b,,4200000
2004,"Drew, J.D.",rf,,4200000
2004,"Bautista, Danny",of,,4000000
2004,"Burrell, Pat",dh-lf,,4000000
2004,"Cameron, Mike",cf,,4000000
2004,"Castillo, Luis",2b,,4000000
2004,"Dessens, Elmer",rhp,,4000000
2004,"Gonzalez, Juan",of,,4000000
2004,"Guardado, Eddie",lhp,,4000000
2004,"Loaiza, Esteban",rhp,,4000000
2004,"Matheny, Mike",c,,4000000
2004,"Palmiero, Rafael",1b,,4000000
2004,"Rueter, Kirk",lhp,,4000000
2004,"Zimmerman, Jeff",rp,,4000000
2004,"Polanco, Placido",3b,,3950000
2004,"LoDuca, Paul",c,,3900000
2004,"Pavano, Carl",rhp-s,,3800000
2004,"Penny, Brad",rhp-s,,3725000
2004,"Furcal, Rafael",ss,,3700000
2004,"Guzman, Cristian",ss,,3700000
2004,"Long, Terrence",of,,3700000
2004,"Batista, Miguel",rhp-s,,3600000
2004,"Mendoza, Ramiro",p,,3600000
2004,"Weathers, David",rhp,,3600000
2004,"Encarnacion, Juan",of,,3565000
2004,"Remlinger, Mike",rp,,3550000
2004,"Aurilia, Rich",1b-3b,,3500000
2004,"Benitez, Armando",rhp,,3500000
2004,"Buehrle, Mark",lhp-s,,3500000
2004,"Cordova, Marty",of,,3500000
2004,"Gordon, Tom",rhp,,3500000
2004,"Pierzynski, A.J.",c,,3500000
2004,"Urbina, Ugueth",rhp,,3500000
2004,"Wilson, Dan",c,,3500000
2004,"Wilson, Paul",sp,,3500000
2004,"Winn, Randy",rf,,3500000
2004,"Miller, Wade",rhp,,3400000
2004,"Mecir, Jim",rp,,3300000
2004,"Anderson, Brian",lhp,,3250000
2004,"Ibanez, Raul",lf,,3250000
2004,"Oswalt, Roy",rhp-s,,3250000
2004,"Randa, Joe",3b,,3250000
2004,"Shuey, Paul",rp,,3250000
2004,"Williamson, Scott",rhp,,3175000
2004,"Counsell, Craig",2b-3b,,3150000
2004,"Lofton, Kenny",of,,3100000
2004,"Ortiz, Ramon",rhp,,3100000
2004,"Rodriguez, Felix",rp,,3050000
2004,"Biggio, Craig",of,,3000000
2004,"Cormier, Rheal",p,,3000000
2004,"Foulke, Keith",rhp,,3000000
2004,"Groom, Buddy",rhp,,3000000
2004,"Hawkins, LaTroy",rhp,,3000000
2004,"Johnson, Jason",rhp,,3000000
2004,"Martinez, Edgar",dh,,3000000
2004,"Miller, Damian",c,,3000000
2004,"Ponson, Sidney",rhp-s,,3000000
2004,"Powell, Jay",rp,,3000000
2004,"Quantrill, Paul",rp,,3000000
2004,"Stanton, Mike",lhp,,3000000
2004,"Tejada, Miguel",3b,,3000000
2004,"Vina, Fernando",2b,,3000000
2004,"Hernandez, Ramon",c,,2900000
2004,"Zito, Barry",lhp-s,,2900000
2004,"Dotel, Octavio",rhp,,2800000
2004,"Gonzalez, Alex",ss,,2800000
2004,"Mientkiewicz, Doug",1b,,2800000
2004,"Patterson, Danny",rp,,2800000
2004,"Colbrunn, Greg",1b-of,,2750000
2004,"Embree, Alan",lhp,,2750000
2004,"Lidle, Cory",rhp,,2750000
2004,"Perez, Neifi",ss,,2750000
2004,"White, Rondell",of,,2750000
2004,"Worrell, Tim",rhp,,2750000
2004,"Millar, Kevin",dh-1b,,2650000
2004,"Gibbons, Jay",1b,,2600000
2004,"Hillenbrand, Shea",3b,,2600000
2004,"Ishii, Kazuhisa",p,,2600000
2004,"LaRue, Jason",c,,2600000
2004,"Padillia, Vicente",rhp-s,,2600000
2004,"Wells, Kip",rhp,,2575000
2004,"Burnett, A.J.",rhp-s,,2500000
2004,"Cruz Jr., Jose",of,,2500000
2004,"Diaz, Einar",c,,2500000
2004,"Grudzielanek, Mark",ss-2b,,2500000
2004,"Guillen, Carlos",lf,,2500000
2004,"Hasegawa, Shigetoshi",rp,,2500000
2004,"Haynes, Jimmy",p,,2500000
2004,"Hoffman, Trevor",rhp,,2500000
2004,"Huff, Aubrey",1b,,2500000
2004,"Kennedy, Adam",2b,,2500000
2004,"Loretta, Mark",2b-3b,,2500000
2004,"Pineiro, Joel",rhp-s,,2500000
2004,"Rogers, Kenny",lhp,,2500000
2004,"Spiezio, Scott",inf,,2500000
2004,"Timlin, Mike",rhp,,2500000
2004,"Sabathia, CC",lhp-s,,2450000
2004,"Rollins, Jimmy",ss,,2425000
2004,"Sheets, Ben",rhp,,2425000
2004,"Hammond, Chris",p,,2400000
2004,"Lieber, Jon",p,,2400000
2004,"Spivey, Junior",2b,,2367500
2004,"Ohka, Tomo",rhp,,2337500
2004,"Catalanotto, Frank",of,,2300000
2004,"Chrstiansen, Jason",rp,,2300000
2004,"Garland, Jon",rhp-s,,2300000
2004,"Hatteberg, Scott",c-1b,,2300000
2004,"Pierre, Juan",cf-lf,,2300000
2004,"Guillen, Jose",rf,,2200000
2004,"Hensen, Drew",3b,,2200000
2004,"Hentgen, Pat",sp,,2200000
2004,"Eckstein, David",2b,,2150000
2004,"Santiago, Benito",c,,2150000
2004,"Armas Jr., Tony",rhp,,2100000
2004,"Castilla, Vinny",3b,,2100000
2004,"Durazo, Erubiel",1b-of,,2100000
2004,"Mueller, Bill",3b,,2100000
2004,"Sullivan, Scott",rp,,2100000
2004,"Boehringer, Brian",rp,,2000000
2004,"Borowski, Joe",rhp,,2000000
2004,"Cordero, Francisco",rhp,,2000000
2004,"Grissom, Marquis",of,,2000000
2004,"Lee, Travis",1b,,2000000
2004,"Ligtenberg, Kerry",rp,,2000000
2004,"Marrero, Eli",c,,2000000
2004,"Mora, Melvin",3b,,2000000
2004,"Sanders, Reggie",of,,2000000
2004,"Biddle, Lee ""Rocky""",p,,1950000
2004,"Meche, Gil",rhp-s,,1950000
2004,"Eaton, Adam",rhp-s,,1925000
2004,"White, Gabe",rp,,1925000
2004,"Lilly, Ted",lhp-s,,1900000
2004,"Molina, Benjie",c,,1900000
2004,"Chacon, Shawn",rhp,,1850000
2004,"Trammell, Bubba",of,,1850000
2004,"Wilson, Jack",ss,,1850000
2004,"Helms, Wes",3b-1b,,1800000
2004,"Heredia, Felix",rp,,1800000
2004,"Rhodes, Arthur",lhp,,1800000
2004,"Beck, Rod",rp,,1750000
2004,"Lugo, Julio",ss,,1750000
2004,"May, Darrell",p,,1750000
2004,"Redman, Mark",lhp,,1750000
2004,"Rincon, Ricardo",lhp,,1750000
2004,"Thomson, John",p,,1750000
2004,"Walker, Todd",2b,,1750000
2004,"Witasick, Jay",rp,,1750000
2004,"Bradley, Milton",rf-dh,,1730000
2004,"Schoeneweis, Scott",lhp,,1725000
2004,"Adams, Terry",p,,1700000
2004,"Franklin, Ryan",rhp,,1700000
2004,"Kline, Steve",lhp,,1700000
2004,"Hairston Jr., Jerry",of-2b,,1650000
2004,"Jimenez, D'Angelo",inf,,1615000
2004,"Prior, Mark",rhp,,1600000
2004,"Santana, Johan",lhp-s,,1600000
2004,"Speier, Justin",rhp,,1600000
2004,"Tavarez, Julian",rhp,,1600000
2004,"Barrett, Michael",c,,1550000
2004,"Beckett, Josh",rhp-s,,1509375
2004,"Alvarez, Wilson",sp,,1500000
2004,"Baez, Danys",rhp,,1500000
2004,"Batista, Tony",3b,,1500000
2004,"Blum, Geoff",3b-ss,,1500000
2004,"DeJean, Mike",p,,1500000
2004,"Kolb, Danny",p,,1500000
2004,"Nelson, Jeff",rp,,1500000
2004,"Payton, Jay",of,,1500000
2004,"Rivas, Luis",2b,,1500000
2004,"Snow, J.T.",1b,,1500000
2004,"Teixeira, Mark",1b,,1500000
2004,"Tucker, Michael",of,,1500000
2004,"Munson, Eric",c-inf,,1475500
2004,"Mota, Guillermo",rhp,,1475000
2004,"Davis, Ben",c,,1400000
2004,"Farnsworth, Kyle",rhp,,1400000
2004,"Martin, Tom",lhp,,1400000
2004,"Alfonseca, Antonio",rp,,1350000
2004,"Cora, Alex",2b-ss,,1300000
2004,"Eischen, Joey",p,,1300000
2004,"Ryan, B.J.",lhp,,1275000
2004,"Burnitz, Jeromy",of,,1250000
2004,"Johnson, Nick",1b,,1250000
2004,"Jordan, Brian",of,,1250000
2004,"Leskanic, Curtis",rhp,,1250000
2004,"Wells, David",lhp,,1250000
2004,"Ledee, Ricky",of,,1225000
2004,"Fox, Chad",rhp,,1200000
2004,"Gonzalez, Wiki",c,,1200000
2004,"Mercker, Kent",lhp,,1200000
2004,"Taguchi, So",of,,1200000
2004,"Tomko, Brett",rhp,,1200000
2004,"Ventura, Robin",3b,,1200000
2004,"Vizcaino, Jose",inf,,1200000
2004,"Mondesi, Raul",of,,1150000
2004,"Wilson, Craig",of,,1150000
2004,"Belliard, Ron",2b,,1100000
2004,"Graffanino, Tony",2b-3b,,1100000
2004,"Jiminez, Jose",rp,,1025000
2004,"Riske, David",rhp,,1025000
2004,"Alomar, Roberto",2b,,1000000
2004,"Ausmus, Brad",c,,1000000
2004,"Baerga, Carlos",inf,,1000000
2004,"Cabrera, Jolbert",inf-of,,1000000
2004,"Castro, Juan",2b-ss,,1000000
2004,"Eyre, Scott",lhp,,1000000
2004,"Franco, John",rp,,1000000
2004,"Fullmer, Brad",1b-of,,1000000
2004,"Grimsley, Jason",rhp,,1000000
2004,"Hammonds, Jeffrey",of,,1000000
2004,"Herges, Matt",rhp,,1000000
2004,"Hollandsworth, Todd",of,,1000000
2004,"Looper, Braden",rhp-s,,1000000
2004,"Reese, Pokey",2b,,1000000
2004,"Reynolds, Shane",sp,,1000000
2004,"Sanchez, Rey",ss,,1000000
2004,"Sierra, Ruben",of,,1000000
2004,"Stairs, Matt",lf-rf,,1000000
2004,"Suppan, Jeff",rhp-s,,1000000
2004,"Villone, Ron",lhp,,1000000
2004,"Young, Eric",2b,,1000000
2004,"Young, Michael",3b,,1000000
2004,"Zeile, Todd",1b-3b,,1000000
2004,"Matos, Luis",of,,975000
2004,"Roberts, Dave",of,,975000
2004,"Bradford, Chad",rhp,,965000
2004,"Lima, Jose",rhp,,950000
2004,"Reitsma, Chris",rhp,,950000
2004,"Lawrence, Brian",rhp,,925000
2004,"Westbrook, Jake",rhp-s,,925000
2004,"Cairo, Miguel",2b-3b,,900000
2004,"Eldred, Cal",rhp,,900000
2004,"King, Ray",lhp,,900000
2004,"Martinez, Ramon E.",ss,,900000
2004,"Myers, Greg",c,,900000
2004,"Relaford, Desi",inf,,900000
2004,"Weber, Ben",p,,900000
2004,"Pratt, Todd",c,,875000
2004,"Bako, Paul",c,,865000
2004,"DeLosSantos, Valerio",lhp,,850000
2004,"Feliz, Pedro",3b,,850000
2004,"Moss, Damian",lhp,,850000
2004,"Perez, Timo",of,,850000
2004,"Stewart, Scott",p,,850000
2004,"Wright, Jaret",rhp,,850000
2004,"Redmond, Mike",c,,840000
2004,"Levine, Al",p,,825000
2004,"Mirabelli, Doug",c,,825000
2004,"Romero, J.C.",lhp,,820000
2004,"Berg, Dave",ss,,800000
2004,"Fick, Rob",1b,,800000
2004,"Hermanson, Dustin",p,,800000
2004,"Hinske, Eric",1b-lf,,800000
2004,"Hitchcock, Sterling",sp,,800000
2004,"Mayne, Brent",c,,800000
2004,"Mesa, Jose",rhp,,800000
2004,"Orosco, Jesse",lhp,,800000
2004,"Politte, Cliff",p,,800000
2004,"Rolls, Damian",3b,,800000
2004,"Surhoff, B.J.",of,,800000
2004,"Valdez, Ismael",sp,,800000
2004,"Wunsch, Kelly",rp,,800000
2004,"Flaherty, John",c,,775000
2004,"Torres, Salomon",rhp,,775000
2004,"Walker, Jamie",lhp,,775000
2004,"Woodward, Chris",inf,,775000
2004,"Blanco, Henry",c,,750000
2004,"Burks, Ellis",of,,750000
2004,"Clark, Tony",1b,,750000
2004,"Dellucci, David",of,,750000
2004,"Franco, Julio",inf,,750000
2004,"Gomez, Chris",inf,,750000
2004,"Hansen, Dave",inf,,750000
2004,"Hernandez, Roberto",rhp,,750000
2004,"Kapler, Gabe",of,,750000
2004,"Macias, Jose",2b,,750000
2004,"Oliver, Darren",lhp,,750000
2004,"Osuna, Antonio",rp,,750000
2004,"Palmeiro, Orlando",of,,750000
2004,"Perez, Eduardo",of,,750000
2004,"Stynes, Chris",3b-2b,,750000
2004,"Takatsu, Shingo",p,,750000
2004,"DeRosa, Mark",3b,,725000
2004,"McLemore, Mark",inf-of,,725000
2004,"Wilson, Vance",c,,715000
2004,"Alomar, Sandy Jr.",c,,700000
2004,"Erickson, Scott",rhp,,700000
2004,"Grieve, Ben",of,,700000
2004,"Larkin, Barry",ss,,700000
2004,"Otsuka, Akinori",p,,700000
2004,"Perez, Tomas",inf,,700000
2004,"Vander Wal, John",of,,700000
2004,"Wells, Vernon",cf,,700000
2004,"Wendell, Turk",p,,700000
2004,"Wilson, Enrique",2b,,700000
2004,"Brower, Jim",rhp,,662500
2004,"Buchanan, Brian",of,,650000
2004,"Clayton, Royce",ss,,650000
2004,"DiFelice, Mike",c,,650000
2004,"Fordyce, Brook",c,,650000
2004,"Hocking, Denny",inf-of,,650000
2004,"Lankford, Ray",of,,650000
2004,"Miller, Trever",lhp,,650000
2004,"Ordonez, Rey",ss,,650000
2004,"Riedling, John",p,,650000
2004,"Strickland, Scott",rhp,,650000
2004,"Yan, Esteban",rhp,,650000
2004,"Meadows, Brian",sp,,625000
2004,"Nunez, Abraham",inf,,625000
2004,"Perez, Eddie",c,,625000
2004,"Abbott, Paul",rhp,,600000
2004,"Anderson, Marlon",2b-of,,600000
2004,"Bennett, Gary",c,,600000
2004,"Boone, Aaron",3b,,600000
2004,"Cordero, Wilfredo",of,,600000
2004,"Estes, Shawn",lhp,,600000
2004,"Halama, John",lhp,,600000
2004,"Miceli, Dan",rp,,600000
2004,"Norton, Greg",3b,,600000
2004,"Oropesa, Eddie",lhp,,600000
2004,"Reed, Steve",p,,600000
2004,"Halter, Shane",inf-of,,575000
2004,"Wooten, Shawn",c,,575000
2004,"Merloni, Lou",inf,,560000
2004,"Estalella, Bobby",c,,550000
2004,"Fultz, Aaron",lhp,,550000
2004,"Glanville, Doug",of,,550000
2004,"Greene, Todd",c,,550000
2004,"Karros, Eric",1b,,550000
2004,"Myers, Mike",lhp,,550000
2004,"Reyes, Dennys",lhp,,550000
2004,"Vizcaino, Luis",rhp,,550000
2004,"Spencer, Shane",of,,537500
2004,"Beimel, Joe",lhp,,535000
2004,"Cunnane, Will",p,,525000
2004,"Marquis, Jason",rhp-s,,525000
2004,"Telemaco, Amaruy",p,,525000
2004,"Almanza, Armando",rp,,500000
2004,"Barajas, Rod",c,,500000
2004,"Bell, Rob",rhp,,500000
2004,"Blalock, Hank",dh-1b,,500000
2004,"Daubach, Brian",1b-dh,,500000
2004,"Fassero, Jeff",p,,500000
2004,"Hernandez, Orlando",rhp,,500000
2004,"Jackson, Mike",rp,,500000
2004,"Jones, Todd",rhp,,500000
2004,"Mahay, Ron",lhp,,500000
2004,"Marte, Damaso",lhp,,500000
2004,"McCarty, David",1b-of,,500000
2004,"Offerman, Jose",2b-1b,,500000
2004,"Osik, Keith",c,,500000
2004,"Sparks, Steve",p,,500000
2004,"Stinnett, Kelly",c,,500000
2004,"Valentin, Javier",c,,500000
2004,"Widger, Chris",c,,500000
2004,"Bellhorn, Mark",inf,,490000
2004,"Patterson, Corey",of,,480000
2004,"Davis, Doug",lhp-s,,450000
2004,"Fox, Andy",inf,,450000
2004,"Laker, Tim",c,,450000
2004,"Lincoln, Mike",rhp,,450000
2004,"McMillon, Billy",of,,450000
2004,"Robinson, Kerry",of,,450000
2004,"Tejera, Michael",p,,450000
2004,"Zambrano, Carlos",rhp-s,,450000
2004,"Dunn, Adam",lf-1b,,445000
2004,"Burba, Dave",sp,,440000
2004,"Nathan, Joe",rhp,,440000
2004,"Giles, Marcus",2b,,430000
2004,"Hernandez, Adrian",sp,,425000
2004,"Mordecai, Mike",inf,,425000
2004,"Almanzar, Carlos",p,,420000
2004,"Castro, Ramon",c,,400000
2004,"Kearns, Austin",rf,,400000
2004,"Kinney, Matt",rhp,,400000
2004,"McEwing, Joe",of,,400000
2004,"Menechino, Frank",2b,,400000
2004,"Podsednik, Scott",cf-lf,,400000
2004,"Sadler, Donnie",ss-2b,,400000
2004,"Sweeney, Mark",1b,,400000
2004,"Lohse, Kyle",rhp-s,,395000
2004,"Redding, Tim",rhp-s,,395000
2004,"Stone, Ricky",p,,395000
2004,"Duckworth, Brandon",rhp,,390000
2004,"Julio, Jorge",rhp,,385000
2004,"Sanchez, Alex",of,,385000
2004,"Ensberg, Morgan",3b,,380000
2004,"Kieschnick, Brooks",p-of,,380000
2004,"Gryboski, Kevin",p,,377500
2004,"Clark, Brady",of,,376000
2004,"DaVanon, Jeffrey",of,,375000
2004,"Donnelly, Brendan",rhp,,375000
2004,"Lackey, John",rhp-s,,375000
2004,"Nitkowski, C.J.",p,,375000
2004,"Rodriguez, Francisco",rhp,,375000
2004,"Shields, Scot",rhp,,375000
2004,"Wilkerson, Brad",of,,375000
2004,"Berrora, Angel",ss,,372500
2004,"Drese, Ryan",p,,372500
2004,"Cruz, Juan",rhp,,370000
2004,"Everett, Adam",ss,,370000
2004,"Moeller, Chad",c,,370000
2004,"Lopez, Luis",ss,,365000
2004,"Lopez, Rodrigo",rhp-s,,365000
2004,"Myers, Brett",rhp-s,,362500
2004,"Harang, Aaron",rhp-s,,360000
2004,"Lidge, Brad",rhp,,360000
2004,"Shouse, Brian",lhp,,360000
2004,"Izturis, Cesar",ss,,358500
2004,"Melhuse, Adam",c,,357500
2004,"Byrd, Marlon",cf,,355000
2004,"Willis, Dontrelle",lhp-s,,353500
2004,"Blake, Casey",3b,,352400
2004,"Lamb, Mike",3b,,352000
2004,"Affeldt, Jeremy",lhp,,350000
2004,"Boyd, Jason",p,,350000
2004,"Fikac, Jeremy",p,,350000
2004,"Ginter, Keith",inf,,350000
2004,"Gipson, Charles",of,,350000
2004,"Peavy, Jake",rhp-s,,350000
2004,"Schneider, Brian",c,,350000
2004,"Simontacchi, Jason",rhp,,350000
2004,"Uribe, Juan",3b-ss,,350000
2004,"Kielty, Bobby",of,,347500
2004,"MacDougal, Mike",rhp,,346500
2004,"Fossum, Casey",lhp,,345000
2004,"Mateo, Julio",p,,345000
2004,"Mench, Kevin",of,,345000
2004,"Pena, Wily Mo",of,,345000
2004,"Roberts, Brian",2b,,345000
2004,"Mohr, Dustan",of,,342500
2004,"Vazquez, Ramon",ss-2b,,342500
2004,"Fogg, Josh",rhp,,342000
2004,"Phelps, Josh",1b-c,,342000
2004,"Acevedo, Jose",p,,340000
2004,"Bigbie, Larry",of,,340000
2004,"Burroughs, Sean",3b,,340000
2004,"Crede, Joe",3b,,340000
2004,"Inge, Brandon",3b,,340000
2004,"Jennings, Jason",rhp,,340000
2004,"LeCroy, Matt",1b-c,,340000
2004,"Rowand, Aaron",cf,,340000
2004,"Silva, Carlos",rhp-s,,340000
2004,"Towers, Josh",rhp,,340000
2004,"Wright, Dan",p,,340000
2004,"Dickey, R.A.",rhp,,337500
2004,"Lewis, Colby",rhp,,337500
2004,"Bauer, Rick",rhp,,335000
2004,"Benoit, Joaquin",rhp,,335000
2004,"Cintron, Alex",inf,,335000
2004,"Cornejo, Nate",p,,335000
2004,"Mackowiak, Rob",of,,335000
2004,"Michaels, Jason",of,,335000
2004,"Molina, Jose",c,,335000
2004,"Monroe, Craig",rf,,335000
2004,"Paul, Josh",c,,335000
2004,"Soriano, Rafael",rhp,,335000
2004,"Webb, Brandon",rhp-s,,335000
2004,"Torrealba, Yorvit",c,,334000
2004,"Arroyo, Bronson",rhp-s,,332500
2004,"Maroth, Mike",lhp,,332500
2004,"Bonderman, Jeremy",rhp-s,,330000
2004,"Koplove, Mike",rhp,,330000
2004,"Lyon, Brandon",rhp,,330000
2004,"Pena, Carlos",1b,,330000
2004,"Ramirez, Horacio",lhp-s,,330000
2004,"Rincon, Juan",rhp,,330000
2004,"Asencio, Miguel",rhp,,328500
2004,"Byrnes, Eric",of,,328000
2004,"Reith, Brian",p,,327250
2004,"Davis, Jason",rhp,,326800
2004,"Linebrink, Scott",rhp,,326000
2004,"Overbay, Lyle",1b,,326000
2004,"Choate, Randy",lhp,,325750
2004,"Gerut, Jody",cf,,325600
2004,"Bloomquist, Willie",2b-of,,325000
2004,"Fernandez, Jared",p,,325000
2004,"Perisho, Matt",p,,325000
2004,"Spurling, Chris",p,,325000
2004,"Villarreal, Oscar",rhp,,325000
2004,"Wise, DeWayne",cf,,325000
2004,"Zambrano, Victor",rhp,,325000
2004,"McDonald, John",ss-2b,,324400
2004,"Broussard, Ben",1b,,324100
2004,"Ellis, Mark",2b,,323500
2004,"Randolph, Stephen",lhp,,322500
2004,"Cressend, Jack",p,,322400
2004,"Hudson, Orlando",2b,,322000
2004,"Olmedo, Ranier",inf,,322000
2004,"Perez, Oliver",lhp-s,,321000
2004,"Redman, Tike",of,,321000
2004,"Stark, Denny",rhp,,321000
2004,"DePaula, Jorge",p,,320550
2004,"Carrasco, D.J.",rhp,,320500
2004,"Ankiel, Rick",cf,,320000
2004,"Baldelli, Rocco",of,,320000
2004,"Bernero, Adam",p,,320000
2004,"Cabrera, Miguel",1b,,320000
2004,"Carter, Lance",p,,320000
2004,"Crawford, Carl",lf,,320000
2004,"Figgins, Chone",3b,,320000
2004,"Freel, Ryan",inf-of,,320000
2004,"Fuentes, Brian",lhp,,320000
2004,"Guiel, Aaron",of,,320000
2004,"Hall, Toby",c,,320000
2004,"Kennedy, Joe",p,,320000
2004,"Ojeda, Augie",ss-2b,,320000
2004,"Olivo, Miguel",c,,320000
2004,"Roa, Joe",p,,320000
2004,"Valverde, Jose",rhp,,320000
2004,"Roberts, Grant",p,,319500
2004,"Crisp, Covelli",cf,,319400
2004,"Harris, Willie",2b-lf,,318500
2004,"Johnson, Reed",cf,,318000
2004,"Lopez, Aquilino",rhp,,318000
2004,"Phillips, Jason",c,,318000
2004,"Ayala, Luis",rhp,,317500
2004,"Harvey, Ken",1b,,317500
2004,"Lopez, Javier",lhp,,317500
2004,"Moreno, Orber",rhp,,317500
2004,"Traber, Billy",lhp,,317500
2004,"Miller, Corky",c,,317000
2004,"Bard, Josh",c,,316700
2004,"Hafner, Travis",dh,,316300
2004,"Estrella, Leo",p,,316000
2004,"Knotts, Gary",p,,316000
2004,"Wigginton, Ty",3b,,316000
2004,"Ainsworth, Kurt",p,,315000
2004,"Chavez, Raul",c,,315000
2004,"Day, Zach",p,,315000
2004,"Durbin, Chad",rhp,,315000
2004,"Hammock, Rob",c,,315000
2004,"Hendrickson, Mark",lhp-s,,315000
2004,"Hill, Bobby",ss,,315000
2004,"Kata, Matt",2b,,315000
2004,"Kershner, Jason",p,,315000
2004,"Obermueller, Wes",p,,314000
2004,"Calloway, Ron",of,,312500
2004,"Estrada, Johnny",c,,312500
2004,"Garcia, Jesse",ss,,312500
2004,"Sosa, Jorge",rhp,,312500
2004,"Foppert, Jesse",p,,312000
2004,"Rivera, Juan",dh-lf,,312000
2004,"Vogelsong, Ryan",rhp,,311500
2004,"Wheeler, Dan",rhp,,311500
2004,"Carroll, Jamey",2b-3b,,310000
2004,"Choi, Hee Seop",of,,310000
2004,"Ford, Matt",p,,310000
2004,"Hall, Bill",3b,,310000
2004,"Patterson, John",rhp,,310000
2004,"Riley, Matt",p,,310000
2004,"Ross, David",c,,310000
2004,"Smith, Dan",p,,310000
2004,"Wellemeyer, Todd",rhp-s,,310000
2004,"Crespo, Cesar",2b,,309000
2004,"Williams, Jerome",rhp,,308000
2004,"Bruntlett, Eric",2b-ss,,307500
2004,"Cuddyer, Michael",rf,,307500
2004,"Lane, Jason",of,,307500
2004,"Nance, Shane",p,,307500
2004,"Phelps, Tommy",p,,307500
2004,"Punto, Nick",ss,,307500
2004,"Reyes, Jose",ss,,307500
2004,"Snyder, Kyle",rhp,,307500
2004,"Vargas, Claudio",rhp,,307500
2004,"Harville, Chad",p,,307000
2004,"Field, Nate",p,,306500
2004,"Hernandez, Runelvys",rhp,,305500
2004,"Betancourt, Rafael",rhp,,305200
2004,"Bay, Jason",lf,,305000
2004,"Bump, Nate",rhp,,305000
2004,"Capuano, Chris",lhp,,305000
2004,"Cust, Jack",dh-of,,305000
2004,"Douglass, Sean",p,,305000
2004,"Dubose, Eric",p,,305000
2004,"Durrington, Trent",inf,,305000
2004,"Infante, Omar",ss-2b,,305000
2004,"Mitre, Sergio",rhp,,305000
2004,"Ojeda, Miguel",c,,305000
2004,"Pulido, Carlos",p,,305000
2004,"Robertson, Nate",lhp,,305000
2004,"Robertson, Nate",lhp,,305000
2004,"Ryan, Michael",of,,305000
2004,"Sanchez, Duaner",rhp,,305000
2004,"Spooneybarger, Tim",p,,305000
2004,"Ludwick, Ryan",rf,,304700
2004,"Martinez, Victor",c-1b,,304500
2004,"Gobble, Jimmy",lhp,,304000
2004,"Rodney, Fernando",rhp,,304000
2004,"Ramirez, Erasmo",p,,303750
2004,"Norton, Phil",p,,303500
2004,"Lee, Cliff",lhp-s,,303200
2004,"Cota, Humberto",c,,303000
2004,"Kim, Sun-Woo",p,,303000
2004,"Ransom, Cody",3b-2b,,303000
2004,"Sanchez, Freddy",2b,,303000
2004,"Werth, Jayson",rf,,303000
2004,"Stanford, Jason",lhp,,302900
2004,"Duchscherer, Justin",rhp-s,,302500
2004,"Falkenborg, Brian",rhp,,302500
2004,"Gaudin, Chad",rhp,,302500
2004,"McClung, Seth",rhp,,302500
2004,"Standridge, Jason",rhp,,302500
2004,"Taylor, Aaron",p,,302500
2004,"Valent, Eric",of,,302500
2004,"Wagner, Ryan",rhp,,302500
2004,"Escobar, Alex",of,,302200
2004,"Cash, Kevin",c,,302000
2004,"Colyer, Steve",p,,302000
2004,"Gload, Ross",1b-rf,,302000
2004,"Torcato, Tony",3b,,302000
2004,"Garcia, Reynaldo",p,,301500
2004,"Gregg, Kevin",rhp,,301500
2004,"Jones, Greg",p,,301500
2004,"Scutaro, Marcos",ss,,301500
2004,"Adkins, Jon",rhp,,301000
2004,"Cotts, Neal",lhp,,301000
2004,"German, Esteban",inf,,301000
2004,"Grabowski, Jason",of,,301000
2004,"Tallet, Brian",lhp-s,,301000
2004,"Thurston, Joe",3b-2b,,301000
2004,"Wayne, Justin",p,,301000
2004,"Crosby, Bobby",ss,,300500
2004,"Greene, Khalil",ss,,300500
2004,"Aardsma, David",rhp,,300000
2004,"Appier, Kevin",rhp,,300000
2004,"Bautista, Denny",rhp,,300000
2004,"Bautista, Jose",3b-1b,,300000
2004,"Bennett, Jeff",rhp,,300000
2004,"Bentz, Chad",p,,300000
2004,"Bergeron, Peter",of,,300000
2004,"Camp, Shawn",rhp,,300000
2004,"Carpenter, Chris",rhp-s,,300000
2004,"Castillo, Jose",2b,,300000
2004,"Cordero, Chad",rhp,,300000
2004,"Daigle, Casey",rhp,,300000
2004,"Davis, J.J.",,,300000
2004,"Dempster, Ryan",rhp-s,,300000
2004,"DiNardo, Lenny",lhp-s,,300000
2004,"Easley, Damion",2b,,300000
2004,"Gonzalez, Luis Alberto",inf-of,,300000
2004,"Grabow, John",lhp,,300000
2004,"Hessman, Mike",inf,,300000
2004,"Johnston, Mike",p,,300000
2004,"Junge, Eric",p,,300000
2004,"Laird, Gerald",c,,300000
2004,"LaRoche, Adam",1b,,300000
2004,"Luna, Hector",ss,,300000
2004,"Machado, Andy",ss,,300000
2004,"Madson, Ryan",rhp,,300000
2004,"Mattox, D.J.",p,,300000
2004,"Mauer, Joe",c,,300000
2004,"McKay, Cody",c,,300000
2004,"Miles, Aaron",2b-ss,,300000
2004,"Niekro, Lance",inf,,300000
2004,"Nivar, Ramon",of-2b,,300000
2004,"Nix, Laynce",of,,300000
2004,"Nunez, Abraham",p,,300000
2004,"Pond, Simon",inf,,300000
2004,"Pratt, Andy",p,,300000
2004,"Reyes, Rene",of,,300000
2004,"Shelton, Chris",inf,,300000
2004,"Sledge, Terrmel",of,,300000
2004,"Snelling, Chris",of,,300000
2004,"Szuminski, Jason",p,,300000
2004,"Thompson, Rich",rhp,,300000
2004,"Thompson, Rich",of,,300000
2004,"Urdaneta, Lino",p,,300000
2004,"Womack, Tony",of,,300000
2004,"Wuertz, Michael",rhp,,300000
2004,"Yates, Tyler",rhp,,300000
2003,"Rodriguez, Alex",3b,,21000000
2003,"Ramirez, Manny",lf-dh,,18000000
2003,"Delgado, Carlos",1b,,17500000
2003,"Brown, Kevin",rhp,,15000000
2003,"Green, Shawn",of,,15000000
2003,"Martinez, Pedro J.",rhp,,15000000
2003,"Vaughn, Mo",1b,,15000000
2003,"Maddux, Greg",rhp,,14750000
2003,"Johnson, Randy",lhp-s,,14500000
2003,"Piazza, Mike",c,,14500000
2003,"Jeter, Derek",ss,,14000000
2003,"Belle, Albert",of,,13000000
2003,"Bonds, Barry",of,,13000000
2003,"Mondesi, Raul",of,,13000000
2003,"Park, Chan Ho",rhp,,13000000
2003,"Sosa, Sammy",of,,13000000
2003,"Griffey Jr., Ken",dh-rf,,12500000
2003,"Walker, Larry",of,,12500000
2003,"Gonzalez, Juan",of,,12000000
2003,"Jones, Chipper",3b,,12000000
2003,"Williams, Bernie",of,,12000000
2003,"Burnitz, Jeromy",of,,11500000
2003,"Jones, Andruw",rf-lf,,11500000
2003,"Pettitte, Andy",lhp-s,,11500000
2003,"Appier, Kevin",rhp,,11000000
2003,"Dreifort, Darren",sp,,11000000
2003,"Dye, Jermaine",rf,,11000000
2003,"Glavine, Tom",lhp-s,,11000000
2003,"Guerrero, Vladimir",rf-dh,,11000000
2003,"Hampton, Mike",lhp-s,,11000000
2003,"Sheffield, Gary",rf,,11000000
2003,"Sweeney, Mike",dh-1b,,11000000
2003,"Helton, Todd",1b,,10600000
2003,"Garciaparra, Nomar",3b-1b,,10500000
2003,"Morris, Matt",rhp,,10500000
2003,"Clemens, Roger",rhp,,10100000
2003,"Bagwell, Jeff",1b,,10000000
2003,"Mussina, Mike",rhp,,10000000
2003,"Rodriguez, Ivan",c,,10000000
2003,"Schilling, Curt",rhp,,10000000
2003,"Smoltz, John",rhp-s,,10000000
2003,"Williams, Matt",3b,,10000000
2003,"Millwood, Kevin",rhp-s,,9900000
2003,"Alou, Moises",of,,9500000
2003,"Salmon, Tim",of,,9500000
2003,"Thome, Jim",dh,,9500000
2003,"Hoffman, Trevor",rhp,,9000000
2003,"Jordan, Brian",of,,9000000
2003,"Larkin, Barry",ss,,9000000
2003,"Neagle, Denny",lhp,,9000000
2003,"Ordonez, Magglio",rf,,9000000
2003,"Palmiero, Rafael",1b,,9000000
2003,"Higginson, Bobby",of,,8850000
2003,"Nen, Robb",rhp,,8600000
2003,"Abreu, Bobby",rf,,8500000
2003,"Colon, Bartolo",rhp-s,,8500000
2003,"Rivera, Mariano",rhp,,8500000
2003,"Alomar, Roberto",2b,,8000000
2003,"Ashby, Andy",sp,,8000000
2003,"Biggio, Craig",of,,8000000
2003,"Boone, Bret",2b,,8000000
2003,"Edmonds, Jim",of,,8000000
2003,"Giambi, Jason",dh-1b,,8000000
2003,"Hidalgo, Richard",of,,8000000
2003,"Karros, Eric",1b,,8000000
2003,"Kendall, Jason",c,,8000000
2003,"Leiter, Al",lhp,,8000000
2003,"Radke, Brad",sp,,8000000
2003,"Sasaki, Kazuhiro",rhp,,8000000
2003,"Sele, Aaron",rhp,,8000000
2003,"Wagner, Billy",lhp,,8000000
2003,"Olerud, John",1b,,7700000
2003,"Damon, Johnny",lf,,7500000
2003,"Giles, Brian",rf,,7500000
2003,"Martinez, Tino",1b,,7500000
2003,"Percival, Troy",rhp,,7500000
2003,"Erstad, Darin",1b-of,,7250000
2003,"Hammonds, Jeffrey",of,,7250000
2003,"Lieberthal, Mike",c,,7250000
2003,"Nomo, Hideo",rhp,,7250000
2003,"Wright, Jaret",rhp,,7250000
2003,"Erickson, Scott",rhp,,7030000
2003,"Burks, Ellis",of,,7000000
2003,"Cameron, Mike",cf,,7000000
2003,"Greer, Rusty",of,,7000000
2003,"Johnson, Charles",c,,7000000
2003,"Lopez, Javy",c,,7000000
2003,"Rolen, Scott",3b,,7000000
2003,"Segui, David",1b,,7000000
2003,"Garcia, Freddy",rhp-s,,6875000
2003,"Snow, J.T.",1b,,6850000
2003,"Benitez, Armando",rhp,,6750000
2003,"Glaus, Troy",3b,,6750000
2003,"Isringhausen, Jason",rhp,,6750000
2003,"Lawton, Matt",of,,6750000
2003,"Mantei, Matt",rp,,6750000
2003,"Young, Dmitri",1b-dh,,6750000
2003,"Easley, Damion",2b,,6500000
2003,"Floyd, Cliff",lf,,6500000
2003,"Renteria, Edgar",ss,,6500000
2003,"Tatis, Fernando",3b-of,,6500000
2003,"Wilson, Preston",of,,6500000
2003,"Young, Kevin",1b,,6500000
2003,"Cirillo, Jeff",3b,,6425000
2003,"Klesko, Ryan",1b,,6250000
2003,"Konerko, Paul",1b-dh,,6250000
2003,"Ordonez, Rey",ss,,6250000
2003,"Stewart, Shannon",of,,6200000
2003,"Wood, Kerry",rhp,,6190000
2003,"Astacio, Pedro",rhp,,6000000
2003,"Batista, Tony",3b,,6000000
2003,"Beltran, Carlos",rf,,6000000
2003,"Foulke, Keith",rhp,,6000000
2003,"Hitchcock, Sterling",sp,,6000000
2003,"Hundley, Todd",c,,6000000
2003,"Kent, Jeff",2b,,6000000
2003,"Matsui, Hideki",dh-lf,,6000000
2003,"Milton, Eric",lhp,,6000000
2003,"Moyer, Jamie",lhp-s,,6000000
2003,"Vazquez, Javier",rhp-s,,6000000
2003,"Wickman, Bob",rhp,,6000000
2003,"Williams, Woody",rhp,,6000000
2003,"Womack, Tony",of,,6000000
2003,"Schmidt, Jason",rhp-s,,5750000
2003,"Casey, Sean",1b,,5600000
2003,"Ausmus, Brad",mgr,,5500000
2003,"Burkett, John",sp,,5500000
2003,"Grudzielanek, Mark",ss-2b,,5500000
2003,"Vidro, Jose",dh-2b,,5500000
2003,"Vizquel, Omar",ss-2b,,5500000
2003,"Anderson, Garret",lf,,5350000
2003,"Anderson, Garret",lf,,5350000
2003,"Aurilia, Rich",1b-3b,,5250000
2003,"Grieve, Ben",of,,5250000
2003,"Baez, Danys",rhp,,5125000
2003,"Tejada, Miguel",3b,,5125000
2003,"Graves, Danny",rhp,,5000000
2003,"Jenkins, Geoff",of,,5000000
2003,"Nevin, Phil",3b,,5000000
2003,"Posada, Jorge",c,,5000000
2003,"Sexson, Richie",1b,,5000000
2003,"Thomas, Frank",dh,,5000000
2003,"Valentin, Jose",of-ss,,5000000
2003,"Ventura, Robin",mgr,,5000000
2003,"Vina, Fernando",2b,,5000000
2003,"White, Rondell",of,,5000000
2003,"Castillo, Luis",2b,,4850000
2003,"Lidle, Cory",rhp,,4800000
2003,"Hunter, Torii",rf,,4750000
2003,"Mesa, Jose",rhp,,4750000
2003,"Rueter, Kirk",lhp,,4750000
2003,"Varitek, Jason",c,,4700000
2003,"Ortiz, Russ",rhp-s,,4600000
2003,"Castilla, Vinny",3b,,4500000
2003,"Cedeno, Roger",of,,4500000
2003,"Conine, Jeff",of-1b,,4500000
2003,"Gonzalez, Alex S.",3b-ss,,4500000
2003,"Randa, Joe",3b,,4500000
2003,"Sparks, Steve",p,,4500000
2003,"Urbina, Ugueth",rhp,,4500000
2003,"Kotsay, Mark",of-1b,,4450000
2003,"Benson, Kris",rhp-s,,4250000
2003,"Finley, Steve",of,,4250000
2003,"Koch, Billy",rp,,4250000
2003,"Lee, Derrek",1b,,4250000
2003,"Ponson, Sidney",rhp-s,,4250000
2003,"Spiezio, Scott",inf,,4250000
2003,"Lee, Carlos",lf,,4200000
2003,"Mays, Joe",rhp,,4150000
2003,"Hernandez, Orlando",rhp,,4100000
2003,"Weaver, Jeff",rhp,,4100000
2003,"Wakefield, Tim",rhp-s,,4030000
2003,"Alfonseca, Antonio",rp,,4000000
2003,"Alfonzo, Edgardo",2b,,4000000
2003,"Benard, Marvin",of,,4000000
2003,"Contreras, Jose",rhp,,4000000
2003,"Durham, Ray",2b,,4000000
2003,"Gonzalez, Luis",of,,4000000
2003,"Karsay, Steve",sp,,4000000
2003,"Martinez, Edgar",dh,,4000000
2003,"Nixon, Trot",of,,4000000
2003,"Rusch, Glendon",lhp,,4000000
2003,"Shuey, Paul",rp,,3916667
2003,"Escobar, Kelvim",rhp-s,,3900000
2003,"Washburn, Jarrod",lhp-s,,3875000
2003,"Halladay, Roy",rhp-s,,3825000
2003,"Franco, John",rp,,3750000
2003,"Gutierrez, Ricky",ss,,3750000
2003,"McGriff, Fred",1b,,3750000
2003,"Beltre, Adrian",3b,,3700000
2003,"Boone, Aaron",3b,,3700000
2003,"Drew, J.D.",rf,,3700000
2003,"Lowell, Mike",3b,,3700000
2003,"Jiminez, Jose",rp,,3600000
2003,"Chavez, Eric",3b-1b,,3550000
2003,"Berkman, Lance",1b-of,,3500000
2003,"Hernandez, Livan",rhp,,3500000
2003,"Lowe, Derek",rhp-s,,3500000
2003,"Rhodes, Arthur",lhp,,3500000
2003,"Roberts, Willis",sp,,3500000
2003,"Williams, Mike",rp,,3500000
2003,"Wilson, Dan",c,,3500000
2003,"Encarnacion, Juan",of,,3450000
2003,"Kapler, Gabe",of,,3425000
2003,"Koskie, Corey",3b,,3400000
2003,"Perez, Odalis",lhp,,3400000
2003,"Walker, Todd",2b,,3400000
2003,"Cabrera, Orlando",ss,,3300000
2003,"Tomko, Brett",rhp,,3300000
2003,"Weathers, David",rhp,,3300000
2003,"Winn, Randy",rf,,3300000
2003,"Batista, Miguel",rhp,,3250000
2003,"Dempster, Ryan",rhp-s,,3250000
2003,"Fordyce, Brook",c,,3250000
2003,"Kim, Byung Hyun",rhp,,3250000
2003,"Matheny, Mike",mgr,,3250000
2003,"Powell, Jay",rp,,3250000
2003,"Wendell, Turk",p,,3250000
2003,"Anderson, Matt",p,,3200000
2003,"McLemore, Mark",inf-of,,3150000
2003,"White, Gabe",rp,,3150000
2003,"Cordova, Marty",of,,3100000
2003,"Mecir, Jim",rp,,3100000
2003,"Burroughs, Sean",3b,,3020000
2003,"Bautista, Danny",of,,3000000
2003,"Bell, David",3b,,3000000
2003,"Byrd, Paul",rhp,,3000000
2003,"Daal, Omar",sp,,3000000
2003,"Dessens, Elmer",rhp,,3000000
2003,"Estes, Shawn",lhp,,3000000
2003,"Groom, Buddy",rhp,,3000000
2003,"Hawkins, LaTroy",rhp-c,,3000000
2003,"Ibanez, Raul",dh-lf,,3000000
2003,"Jarvis, Kevin",p,,3000000
2003,"Jones, Todd",rhp,,3000000
2003,"Quantrill, Paul",rp,,3000000
2003,"Ramirez, Aramis",3b,,3000000
2003,"Rodriguez, Felix",rp,,3000000
2003,"Suzuki, Ichiro",rf,,3000000
2003,"Trachsel, Steve",rhp,,3000000
2003,"Wells, David",lhp,,3000000
2003,"Worrell, Tim",rhp,,3000000
2003,"Zimmerman, Jeff",rp,,3000000
2003,"Adams, Terry",p,,2900000
2003,"Cormier, Rheal",p,,2900000
2003,"Johnson, Jason",rhp,,2900000
2003,"Mendoza, Ramiro",p,,2900000
2003,"Polanco, Placido",3b,,2875000
2003,"Sullivan, Scott",rp,,2800000
2003,"Embree, Alan",lhp,,2750000
2003,"Jones, Jacque",of,,2750000
2003,"Mayne, Brent",c,,2750000
2003,"Tucker, Michael",of,,2750000
2003,"Guardado, Eddie",lhp,,2700000
2003,"Hudson, Tim",rhp-s,,2700000
2003,"Miller, Damian",c,,2700000
2003,"Nelson, Jeff",rp,,2650000
2003,"LoDuca, Paul",c,,2636667
2003,"Paquette, Craig",3b,,2625000
2003,"Barrett, Michael",c,,2600000
2003,"Leskanic, Curtis",rhp,,2600000
2003,"Mulder, Mark",lhp,,2600000
2003,"Guzman, Cristian",ss,,2525000
2003,"Burnett, A.J.",rhp-s,,2500000
2003,"Cruz Jr., Jose",of,,2500000
2003,"Guillen, Carlos",lf,,2500000
2003,"Haynes, Jimmy",p,,2500000
2003,"Patterson, Danny",rp,,2500000
2003,"Reese, Pokey",2b,,2500000
2003,"Trammell, Bubba",of,,2500000
2003,"Valdez, Ismael",sp,,2500000
2003,"Osuna, Antonio",rp,,2400000
2003,"Counsell, Craig",spec ass't to GM,,2300000
2003,"Remlinger, Mike",rp,,2300000
2003,"Kennedy, Adam",2b,,2270000
2003,"Ortiz, Ramon",rhp,,2266667
2003,"Wolf, Randy",lhp-s,,2250000
2003,"Catalanotto, Frank",of,,2200000
2003,"Chrstiansen, Jason",rp,,2200000
2003,"Furcal, Rafael",2b,,2200000
2003,"Hammond, Chris",p,,2200000
2003,"Ishii, Kazuhisa",p,,2200000
2003,"Long, Terrence",of,,2175000
2003,"Halter, Shane",inf-of,,2150000
2003,"Redman, Mark",lhp,,2150000
2003,"Armas Jr., Tony",rhp,,2100000
2003,"Mueller, Bill",3b,,2100000
2003,"Giambi, Jeremy",of,,2000000
2003,"Grimsley, Jason",rhp,,2000000
2003,"Hensen, Drew",3b,,2000000
2003,"Howry, Bobby",rhp,,2000000
2003,"Millar, Kevin",dh-1b,,2000000
2003,"Plesac, Dan",rp,,2000000
2003,"Rogers, Kenny",lhp,,2000000
2003,"Stanton, Mike",lhp,,2000000
2003,"Veres, Dave",rp,,2000000
2003,"Vizcaino, Jose",inf,,2000000
2003,"Young, Eric",2b,,2000000
2003,"Hernandez, Ramon",c,,1887599
2003,"Penny, Brad",rhp-s,,1875000
2003,"Blum, Geoff",3b-1b,,1850000
2003,"Payton, Jay",of,,1850000
2003,"Timlin, Mike",rhp,,1850000
2003,"Hasegawa, Shigetoshi",rp,,1800000
2003,"Kline, Steve",lhp,,1800000
2003,"Diaz, Einar",c,,1750000
2003,"Grace, Mark",1b,,1750000
2003,"Grissom, Marquis",of,,1750000
2003,"Mientkiewicz, Doug",1b,,1750000
2003,"Myers, Mike",lhp,,1750000
2003,"Beckett, Josh",rhp-s,,1725000
2003,"Mora, Melvin",3b,,1725000
2003,"DeJean, Mike",p,,1700000
2003,"Gonzalez, Alex",ss,,1700000
2003,"Merced, Orlando",of,,1700000
2003,"Munson, Eric",c-inf,,1700000
2003,"Rincon, Ricardo",lhp,,1700000
2003,"Dotel, Octavio",rhp,,1600000
2003,"Guthrie, Mark",rp,,1600000
2003,"Williamson, Scott",rhp,,1600000
2003,"Lugo, Julio",ss,,1575000
2003,"Hairston Jr., Jerry",of-2b,,1550000
2003,"Moss, Damian",lhp,,1550000
2003,"Anderson, Brian",lhp,,1500000
2003,"Boehringer, Brian",rp,,1500000
2003,"Clayton, Royce",ss,,1500000
2003,"Hollandsworth, Todd",of,,1500000
2003,"Lopez, Albie",rhp,,1500000
2003,"Marrero, Eli",c,,1500000
2003,"Pavano, Carl",rhp-s,,1500000
2003,"Perez, Neifi",ss,,1500000
2003,"Santiago, Benito",c,,1500000
2003,"Sauerbeck, Scott",p,,1500000
2003,"Yan, Esteban",rhp,,1500000
2003,"Zeile, Todd",1b-3b,,1500000
2003,"Prior, Mark",rhp,,1450000
2003,"Schoeneweis, Scott",lhp,,1425000
2003,"Gordon, Tom",rhp,,1400000
2003,"Hatteberg, Scott",c-1b,,1400000
2003,"Looper, Braden",rhp-s,,1400000
2003,"Ward, Daryle",of,,1350000
2003,"Blanco, Henry",c,,1300000
2003,"Molina, Benjie",c,,1300000
2003,"Sanchez, Rey",ss,,1300000
2003,"Stinnett, Kelly",c,,1300000
2003,"Thomson, John",p,,1300000
2003,"Fassero, Jeff",p,,1250000
2003,"LaRue, Jason",c,,1250000
2003,"Loretta, Mark",2b-3b,,1250000
2003,"Ortiz, David",dh,,1250000
2003,"Hentgen, Pat",sp,,1200000
2003,"Saenz, Olmedo",3b,,1200000
2003,"Taguchi, So",of,,1200000
2003,"Zaun, Gregg",c,,1200000
2003,"Cora, Alex",2b-ss,,1150000
2003,"Ritchie, Todd",p,,1150000
2003,"Hocking, Denny",inf-of,,1100000
2003,"Durazo, Erubiel",1b-of,,1065000
2003,"Redmond, Mike",mgr,,1050000
2003,"Lofton, Kenny",of,,1025000
2003,"Bere, Jason",sp,,1000000
2003,"Bordick, Mike",ss,,1000000
2003,"Burrell, Pat",lf,,1000000
2003,"Cruz, Deivi",ss,,1000000
2003,"Davis, Ben",c,,1000000
2003,"Fick, Rob",1b,,1000000
2003,"Fullmer, Brad",1b-of,,1000000
2003,"Glanville, Doug",of,,1000000
2003,"Helling, Rick",sp,,1000000
2003,"Houston, Tyler",c,,1000000
2003,"Ligtenberg, Kerry",rp,,1000000
2003,"Reynolds, Shane",sp,,1000000
2003,"Sanders, Reggie",of,,1000000
2003,"Sturtze, Tanyon",rhp,,1000000
2003,"Surhoff, B.J.",of,,1000000
2003,"Holtz, Mike",p,,975000
2003,"Strickland, Scott",rhp,,950000
2003,"DeLosSantos, Valerio",lhp,,925000
2003,"Owens, Eric",of,,925000
2003,"Acevedo, Juan",p,,900000
2003,"Cordero, Francisco",rhp,,900000
2003,"Dellucci, David",of,,900000
2003,"Hermanson, Dustin",p,,900000
2003,"Matthews Jr., Gary",cf,,900000
2003,"Pierre, Juan",cf-lf,,900000
2003,"Pujols, Albert",1b,,900000
2003,"Relaford, Desi",inf,,900000
2003,"Spencer, Shane",of,,900000
2003,"Stairs, Matt",lf-rf,,900000
2003,"Zito, Barry",lhp-s,,900000
2003,"Cairo, Miguel",2b-3b,,850000
2003,"Ledee, Ricky",of,,850000
2003,"Pratt, Todd",c,,850000
2003,"Sabathia, CC",lhp-s,,850000
2003,"Speier, Justin",rhp,,850000
2003,"Politte, Cliff",p,,845000
2003,"Herges, Matt",rhp,,825000
2003,"Mirabelli, Doug",c,,805000
2003,"Castillo, Frank",sp,,800000
2003,"Castro, Juan",2b-ss,,800000
2003,"Franco, Matt",of,,800000
2003,"Hernandez, Jose",3b,,800000
2003,"Macias, Jose",2b,,800000
2003,"Myers, Greg",c,,800000
2003,"Orosco, Jesse",lhp,,800000
2003,"Soriano, Alfonso",dh,,800000
2003,"Stephenson, Garret",sp,,800000
2003,"Carrara, Giovanni",rhp,,790000
2003,"Pena, Wily Mo",of,,788000
2003,"Almanza, Armando",rp,,775000
2003,"Febles, Carlos",2b,,775000
2003,"Flaherty, John",c,,775000
2003,"Woodward, Chris",inf,,775000
2003,"Ryan, B.J.",lhp,,762500
2003,"Bako, Paul",c,,750000
2003,"Colbrunn, Greg",1b-of,,750000
2003,"Eischen, Joey",p,,750000
2003,"Greene, Todd",c,,750000
2003,"Halama, John",lhp,,750000
2003,"Nady, Xavier",rf,,750000
2003,"Tavarez, Julian",rhp,,750000
2003,"Teixeira, Mark",1b,,750000
2003,"Witasick, Jay",rp,,750000
2003,"Eyre, Scott",lhp,,725000
2003,"Gil, Benji",inf,,725000
2003,"Girardi, Joe",mgr,,725000
2003,"Alomar Jr., Sandy",c,,700000
2003,"Bennett, Gary",c,,700000
2003,"Berg, Dave",ss,,700000
2003,"Chen, Bruce",lhp-s,,700000
2003,"Creek, Doug",p,,700000
2003,"Gonzalez, Wiki",c,,700000
2003,"Holmes, Darren",rp,,700000
2003,"Palmeiro, Orlando",of,,700000
2003,"Wilson, Enrique",2b,,700000
2003,"Graffanino, Tony",2b-3b,,675000
2003,"Mota, Guillermo",rhp,,675000
2003,"Nunez, Abraham",inf,,675000
2003,"Jackson, Damian",2b,,650000
2003,"Reynoso, Armando",rhp,,650000
2003,"DiFelice, Mike",c,,625000
2003,"Lawrence, Brian",rhp,,625000
2003,"King, Ray",lhp,,620000
2003,"Anderson, Jimmy",p,,600000
2003,"Anderson, Marlon",2b-of,,600000
2003,"Cordero, Wilfredo",of,,600000
2003,"Farnsworth, Kyle",rhp,,600000
2003,"Fultz, Aaron",lhp,,600000
2003,"Heredia, Felix",rp,,600000
2003,"Hernandez, Roberto",rhp,,600000
2003,"Hinske, Eric",1b-lf,,600000
2003,"Mabry, John",3b-of,,600000
2003,"McEwing, Joe",of,,600000
2003,"Meadows, Brian",sp,,600000
2003,"Norton, Greg",3b,,600000
2003,"Reed, Steve",p,,600000
2003,"Reyes, Dennys",lhp,,600000
2003,"Santiago, Jose",rhp,,600000
2003,"Shinjo, Tsuyoshi",of,,600000
2003,"Sierra, Ruben",of,,600000
2003,"White, Rick",rp,,600000
2003,"Helms, Wes",3b-1b,,575000
2003,"Wunsch, Kelly",rp,,575000
2003,"Merloni, Lou",inf,,560000
2003,"Gagne, Eric",rhp,,550000
2003,"Hansen, Dave",inf,,550000
2003,"Mercker, Kent",lhp,,550000
2003,"Nitkowski, C.J.",p,,550000
2003,"Stynes, Chris",3b-2b,,550000
2003,"Vander Wal, John",of,,550000
2003,"Miller, Wade",rhp,,525000
2003,"Wells, Vernon",of,,520000
2003,"Reichert, Dan",rhp,,510000
2003,"Baerga, Carlos",inf,,500000
2003,"Borders, Pat",c,,500000
2003,"Elarton, Scott",rhp,,500000
2003,"Eldred, Cal",rhp,,500000
2003,"Estalella, Bobby",c,,500000
2003,"Fetters, Mike",rp,,500000
2003,"Fox, Chad",rhp,,500000
2003,"Galarraga, Andres",1b,,500000
2003,"Gomez, Chris",inf,,500000
2003,"Guillen, Jose",rf,,500000
2003,"Johnson, Mark L.",c,,500000
2003,"Lee, Travis",1b,,500000
2003,"Loaiza, Esteban",rhp,,500000
2003,"Manzanillo, Josias",p,,500000
2003,"Mauer, Joe",1b,,500000
2003,"Moehler, Brian",rhp-s,,500000
2003,"Mordecai, Mike",inf,,500000
2003,"Mulholland, Terry",lhp,,500000
2003,"Oswalt, Roy",rhp-s,,500000
2003,"Perez, Eddie",c,,500000
2003,"Perez, Eduardo",of,,500000
2003,"Perez, Tomas",inf,,500000
2003,"Quinn, Mark",of,,500000
2003,"Suppan, Jeff",rhp-s,,500000
2003,"Wilson, Paul",sp,,500000
2003,"Belliard, Ron",2b,,475000
2003,"Bellhorn, Mark",inf,,465000
2003,"Osik, Keith",c,,455000
2003,"Bragg, Darren",of,,450000
2003,"Campillo, Jorge",rhp,,450000
2003,"Daubach, Brian",1b-dh,,450000
2003,"Kolb, Danny",p,,450000
2003,"May, Darrell",p,,450000
2003,"Rios, Armando",of,,450000
2003,"Rollins, Jimmy",ss,,450000
2003,"Buehrle, Mark",lhp-s,,445000
2003,"Lamb, Mike",3b,,440000
2003,"Pineiro, Joel",rhp-s,,440000
2003,"Cabrera, Jolbert",inf-of,,435000
2003,"Spivey, Junior",2b,,432000
2003,"Sheets, Ben",rhp,,428000
2003,"Davis, Doug",lhp-s,,427500
2003,"Eckstein, David",2b,,425000
2003,"Franklin, Ryan",rhp,,425000
2003,"Padillia, Vicente",rhp-s,,425000
2003,"Walker, Pete",p,,425000
2003,"Young, Michael",inf-dh,,415000
2003,"Borowski, Joe",rhp,,410000
2003,"Hillenbrand, Shea",3b,,407500
2003,"Ankiel, Rick",of,,400000
2003,"Dunn, Adam",dh-1b,,400000
2003,"Laker, Tim",c,,400000
2003,"Parque, Jim",sp,,400000
2003,"Roberts, Dave",of,,400000
2003,"Branyan, Russell",1b-3b,,395000
2003,"Branyan, Russell",1b-3b,,395000
2003,"Prokopec, Luke",p,,390000
2003,"Marquis, Jason",rhp-s,,380000
2003,"Garland, Jon",rhp-s,,375000
2003,"Gibbons, Jay",1b-of,,375000
2003,"Weber, Ben",p,,375000
2003,"Vizcaino, Luis",rhp,,370000
2003,"Wells, Kip",rhp,,370000
2003,"Patterson, Corey",of,,365000
2003,"Pierzynski, A.J.",c,,365000
2003,"Johnson, Nick",1b,,364100
2003,"Walker, Jamie",lhp,,360000
2003,"Eaton, Adam",rhp-s,,350000
2003,"Julio, Jorge",rhp,,350000
2003,"Kearns, Austin",rf,,350000
2003,"Miceli, Dan",rp,,350000
2003,"Offerman, Jose",2b-1b,,350000
2003,"Oliver, Darren",lhp,,350000
2003,"Riedling, John",p,,350000
2003,"Jimenez, D'Angelo",inf,,345000
2003,"Cruz, Juan",rhp,,340000
2003,"DeRosa, Mark",3b,,340000
2003,"Kingsale, Gene",of,,340000
2003,"Ohka, Tomo",rhp,,340000
2003,"Rivas, Luis",2b,,340000
2003,"Sanchez, Alex",of,,340000
2003,"Zambrano, Carlos",rhp-s,,340000
2003,"Wooten, Shawn",c,,337500
2003,"Izturis, Cesar",ss,,335000
2003,"Lilly, Ted",lhp-s,,335000
2003,"Santana, Johan",lhp-s,,335000
2003,"Wilson, Jack",ss,,335000
2003,"Menechino, Frank",2b,,334500
2003,"Lopez, Felipe",2b-ss,,334000
2003,"Taylor, Reggie",of,,334000
2003,"Bradford, Chad",rhp,,331000
2003,"Blake, Casey",3b,,330000
2003,"Gil, Geronimo",c,,330000
2003,"Lohse, Kyle",rhp-s,,330000
2003,"Marte, Damaso",lhp,,330000
2003,"Mercado, Hector",p,,330000
2003,"Mench, Kevin",of,,327500
2003,"Stewart, Scott",p,,327000
2003,"Wilson, Craig",of,,327000
2003,"Bauer, Rick",rhp,,325000
2003,"Bocachica, Hiram",of,,325000
2003,"Buchanan, Brian",of,,325000
2003,"Donnelly, Brendan",rhp,,325000
2003,"Duckworth, Brandon",rhp,,325000
2003,"Feliz, Pedro",3b,,325000
2003,"Huff, Aubrey",1b,,325000
2003,"Jennings, Jason",rhp,,325000
2003,"Kielty, Bobby",of,,325000
2003,"Lopez, Rodrigo",rhp-s,,325000
2003,"Meche, Gil",rhp-s,,325000
2003,"Paul, Josh",c,,325000
2003,"Richard, Chris",1b-of,,325000
2003,"Romero, J.C.",lhp,,325000
2003,"Stone, Ricky",p,,325000
2003,"Torres, Salomon",rhp,,325000
2003,"Williams, Gerald",of,,325000
2003,"Wright, Dan",p,,325000
2003,"Fossum, Casey",lhp,,324500
2003,"Beimel, Joe",lhp,,322000
2003,"Fogg, Josh",rhp,,322000
2003,"Mackowiak, Rob",of,,322000
2003,"Piatt, Adam",of,,322000
2003,"Biddle, Lee ""Rocky""",p,,320000
2003,"Coggin, David",sp,,320000
2003,"Durocher, Jayson",p,,320000
2003,"Kinkade, Mike",inf,,320000
2003,"Liefer, Jeff",inf,,320000
2003,"Molina, Jose",c,,320000
2003,"Phelps, Josh",1b-c,,320000
2003,"Robinson, Kerry",of,,320000
2003,"Rowand, Aaron",cf,,320000
2003,"Kinney, Matt",rhp,,318000
2003,"Jensen, Ryan",p,,317000
2003,"Zerbe, Chad",p,,317000
2003,"Giles, Marcus",2b,,316500
2003,"Fikac, Jeremy",p,,316000
2003,"Wilson, Tom",c,,316000
2003,"Lincoln, Mike",rhp,,315500
2003,"Crede, Joe",3b,,315000
2003,"Gryboski, Kevin",p,,315000
2003,"Inge, Brandon",3b,,315000
2003,"Lackey, John",rhp-s,,315000
2003,"Mohr, Dustan",of,,315000
2003,"Roa, Joe",p,,315000
2003,"Simontacchi, Jason",rhp,,315000
2003,"Vazquez, Ramon",ss-2b,,315000
2003,"Wilkerson, Brad",of,,315000
2003,"Wilson, Vance",c,,315000
2003,"McDonald, John",ss-2b,,314400
2003,"Bradley, Milton",rf-dh,,314300
2003,"Asencio, Miguel",rhp,,314000
2003,"Bernero, Adam",p,,314000
2003,"Riske, David",rhp,,314000
2003,"Affeldt, Jeremy",lhp,,313000
2003,"Huckaby, Ken",c,,313000
2003,"Hudson, Orlando",2b,,313000
2003,"Clark, Brady",of,,312500
2003,"Hermanson, Chad",of,,312500
2003,"LeCroy, Matt",1b-c,,312500
2003,"Perez, Timo",of,,312500
2003,"Rodriguez, Francisco",rhp,,312500
2003,"Williams, Dave",p,,312500
2003,"Torrealba, Yorvit",c,,312000
2003,"Wilson, Kris",rhp,,311000
2003,"Hernandez, Carlos",lhp,,310000
2003,"Pena, Carlos",1b,,310000
2003,"Roberts, Grant",p,,310000
2003,"Schneider, Brian",c,,310000
2003,"Silva, Carlos",rhp-s,,310000
2003,"Stark, Denny",rhp,,310000
2003,"Tucker, T.J.",p,,310000
2003,"Brown, Dee",of,,309500
2003,"Lyon, Brandon",rhp,,309500
2003,"Maroth, Mike",lhp,,309000
2003,"Ellis, Mark",2b,,307500
2003,"Myette, Aaron",p,,307500
2003,"Santiago, Ramon",ss-2b,,307000
2003,"Hernandez, Runelvys",rhp,,305500
2003,"Westbrook, Jake",rhp-s,,305500
2003,"Chiasson, Scott",,,305000
2003,"Choi, Hee Seop",of,,305000
2003,"Delgado, Wilson",2b-ss,,305000
2003,"Knotts, Gary",p,,305000
2003,"Leon, Jose",inf,,305000
2003,"Michaels, Jason",of,,305000
2003,"Miller, Trever",lhp,,305000
2003,"Munro, Pete",p,,305000
2003,"Neugebauer, Nick",p,,305000
2003,"Ohman, Will",lhp,,305000
2003,"Peavy, Jake",rhp-s,,305000
2003,"Perez, Oliver",lhp,,305000
2003,"Shields, Scot",rhp,,305000
2003,"Smith, Dan",p,,305000
2003,"Spurling, Chris",p,,305000
2003,"Valentin, Javier",c,,305000
2003,"Bukvich, Ryan",rhp,,304500
2003,"Berger, Brandon",of,,304000
2003,"Bowie, Micah",lhp,,304000
2003,"George, Chris",lhp,,303500
2003,"Broussard, Ben",1b,,303000
2003,"Cornejo, Nate",p,,303000
2003,"Bacsik, Mike",lhp,,302500
2003,"Blalock, Hank",dh-1b,,302500
2003,"Cuddyer, Michael",rf,,302500
2003,"Lewis, Colby",rhp-s,,302500
2003,"Mateo, Julio",p,,302500
2003,"Romano, Jason",inf-of,,302500
2003,"Wigginton, Ty",3b,,302500
2003,"Wise, Matt",p,,302500
2003,"Rodriguez, Ricardo",p,,302400
2003,"Hafner, Travis",dh,,302200
2003,"Bard, Josh",c,,302100
2003,"Ainsworth, Kurt",p,,302000
2003,"Berrora, Angel",ss,,302000
2003,"Hendrickson, Mark",lhp-s,,302000
2003,"Villafuerte, Brandon",p,,302000
2003,"Day, Zach",p,,301500
2003,"Davis, Jason",rhp,,301100
2003,"Ginter, Keith",inf,,301000
2003,"MacDougal, Mike",rhp,,301000
2003,"Lee, Cliff",lhp-s,,300900
2003,"Phillips, Brandon",2b,,300900
2003,"Bynum, Mike",p,,300500
2003,"Condrey, Clay",rhp,,300500
2003,"Anderson, Jason",rhp,,300000
2003,"Anderson, Ryan",p,,300000
2003,"Ayala, Luis",rhp,,300000
2003,"Baldelli, Rocco",of,,300000
2003,"Barajas, Rod",c,,300000
2003,"Bedard, Erik",lhp-s,,300000
2003,"Bell, Heath",rhp,,300000
2003,"Betemit, Wilson",3b-1b,,300000
2003,"Bloomquist, Willie",ss-3b,,300000
2003,"Bonderman, Jeremy",rhp-s,,300000
2003,"Byrd, Marlon",rf,,300000
2003,"Byrnes, Eric",of,,300000
2003,"Calloway, Ron",of,,300000
2003,"Carpenter, Chris",rhp-s,,300000
2003,"Carrasco, D.J.",rhp,,300000
2003,"Carroll, Jamey",2b,,300000
2003,"Carter, Lance",p,,300000
2003,"Castro, Ramon",c,,300000
2003,"Castro, Ramon",inf,,300000
2003,"Cerda, Jaime",p,,300000
2003,"Chacon, Shawn",rhp,,300000
2003,"Chavez, Endy",lf,,300000
2003,"Chavez, Raul",c,,300000
2003,"Colome, Jesus",rhp,,300000
2003,"Colyer, Steve",p,,300000
2003,"Cook, Aaron",rhp-s,,300000
2003,"Crawford, Carl",lf,,300000
2003,"Downs, Scott",lhp,,300000
2003,"Ensberg, Morgan",3b,,300000
2003,"Ford, Matt",p,,300000
2003,"Foster, John",p,,300000
2003,"Fuentes, Brian",lhp,,300000
2003,"Garcia, Reynaldo",p,,300000
2003,"German, Franklyn",rhp,,300000
2003,"Gomez, Alexis",of,,300000
2003,"Green, Nick",ss-2b,,300000
2003,"Hall, Toby",c,,300000
2003,"Harper, Travis",p,,300000
2003,"Harvey, Ken",1b,,300000
2003,"Infante, Omar",2b,,300000
2003,"Journell, Jimmy",p,,300000
2003,"Kennedy, Joe",p,,300000
2003,"Koplove, Mike",rhp,,300000
2003,"Ledezma, Wil",lhp,,300000
2003,"Lidge, Brad",rhp,,300000
2003,"Lieber, Jon",p,,300000
2003,"Lopez, Aquilino",rhp,,300000
2003,"Lopez, Javier",lhp,,300000
2003,"Machado, Alejandro",p,,300000
2003,"Mateo, Henry",inf,,300000
2003,"McClung, Seth",rhp,,300000
2003,"Moeller, Chad",c,,300000
2003,"Morban, Jose",ss,,300000
2003,"Myers, Brett",rhp-s,,300000
2003,"Nance, Shane",p,,300000
2003,"Nathan, Joe",rhp-c,,300000
2003,"Neal, Blaine",rhp,,300000
2003,"Neu, Mike",p,,300000
2003,"Nunez, Abraham",p,,300000
2003,"Obermueller, Wes",p,,300000
2003,"Olivo, Miguel",c,,300000
2003,"Overbay, Lyle",1b,,300000
2003,"Paulino, Ronny",c,,300000
2003,"Pearce, Josh",p,,300000
2003,"Person, Robert",p,,300000
2003,"Phelps, Tommy",p,,300000
2003,"Phillips, Jason",c,,300000
2003,"Podsednik, Scott",cf-lf,,300000
2003,"Prinz, Bret",rhp,,300000
2003,"Punto, Nick",ss-2b,,300000
2003,"Ramirez, Horacio",lhp-s,,300000
2003,"Randolph, Stephen",lhp,,300000
2003,"Redding, Tim",rhp-s,,300000
2003,"Robertson, Jeriome",p,,300000
2003,"Rolls, Damian",3b,,300000
2003,"Roney, Matt",p,,300000
2003,"Seay, Bobby",lhp,,300000
2003,"Sedlacek, Shawn",rhp,,300000
2003,"Seo, Jae Weong",p,,300000
2003,"Snelling, Chris",of,,300000
2003,"Snyder, Kyle",rhp,,300000
2003,"Sosa, Jorge",rhp,,300000
2003,"Spooneybarger, Tim",p,,300000
2003,"Stewart, Josh",p,,300000
2003,"Tejera, Michael",p,,300000
2003,"Thompson, Derek",p,,300000
2003,"Traber, Billy",lhp,,300000
2003,"Uribe, Juan",3b,,300000
2003,"Utley, Chase",2b,,300000
2003,"Venafro, Mike",lhp,,300000
2003,"Victorino, Shane",rf,,300000
2003,"Villarreal, Oscar",rhp,,300000
2003,"Villarreal, Oscar",rhp,,300000
2003,"Walrond, Les",lhp,,300000
2003,"Wayne, Justin",p,,300000
2003,"Werth, Jayson",rf,,300000
2003,"White, Matt",p,,300000
2003,"Yates, Tyler",rhp,,300000
2003,"Zambrano, Victor",rhp,,300000
2002,"Rodriguez, Alex",3b,,21000000
2002,"Delgado, Carlos",1b,,19400000
2002,"Ramirez, Manny",lf-dh,,15462727
2002,"Bonds, Barry",of,,15000000
2002,"Brown, Kevin",rhp,,15000000
2002,"Sosa, Sammy",of,,15000000
2002,"Jeter, Derek",ss,,14600000
2002,"Martinez, Pedro J.",rhp,,14000000
2002,"Green, Shawn",of,,13416667
2002,"Johnson, Randy",lhp-s,,13350000
2002,"Mondesi, Raul",of,,13333333
2002,"Maddux, Greg",rhp,,13100000
2002,"Walker, Larry",of,,12666667
2002,"Belle, Albert",of,,12368790
2002,"Williams, Bernie",of,,12357143
2002,"Vaughn, Mo",1b,,12166667
2002,"Jones, Chipper",3b,,11333333
2002,"Bagwell, Jeff",1b,,11000000
2002,"Gonzalez, Juan",of,,11000000
2002,"Mussina, Mike",rhp,,11000000
2002,"Piazza, Mike",c,,10571429
2002,"Giambi, Jason",dh-1b,,10428571
2002,"Clemens, Roger",rhp,,10300000
2002,"Jones, Andruw",rf-lf,,10000000
2002,"Schilling, Curt",rhp,,10000000
2002,"Thomas, Frank",dh,,9927000
2002,"Sheffield, Gary",rf,,9916667
2002,"Rodriguez, Ivan",c,,9600000
2002,"Hampton, Mike",lhp-s,,9503543
2002,"Pettitte, Andy",lhp-s,,9500000
2002,"Williams, Matt",3b,,9500000
2002,"Rivera, Mariano",rhp,,9450000
2002,"Dreifort, Darren",sp,,9400000
2002,"Leiter, Al",lhp,,9250000
2002,"Salmon, Tim",of,,9250000
2002,"Appier, Kevin",rhp,,9000000
2002,"Garciaparra, Nomar",3b-1b,,9000000
2002,"Larkin, Barry",ss,,9000000
2002,"Biggio, Craig",of,,8750000
2002,"Radke, Brad",sp,,8750000
2002,"Vaughn, Greg",of-dh,,8750000
2002,"Palmiero, Rafael",1b,,8712986
2002,"Glavine, Tom",lhp-s,,8623700
2002,"Rolen, Scott",3b,,8600000
2002,"Griffey Jr., Ken",dh-rf,,8557223
2002,"Ventura, Robin",mgr,,8500000
2002,"Nen, Robb",rhp,,8300000
2002,"Lankford, Ray",of,,8100000
2002,"Giles, Brian",rf,,8063003
2002,"Alvarez, Wilson",sp,,8000000
2002,"Ashby, Andy",sp,,8000000
2002,"Boone, Bret",2b,,8000000
2002,"Guerrero, Vladimir",rf-dh,,8000000
2002,"Stottlemyre, Todd",rhp,,8000000
2002,"Sweeney, Mike",dh-1b,,8000000
2002,"Thome, Jim",dh,,8000000
2002,"Wagner, Billy",lhp,,8000000
2002,"Alomar, Roberto",2b,,7939664
2002,"Finley, Chuck",lhp,,7911948
2002,"Reynolds, Shane",sp,,7666667
2002,"Smoltz, John",rhp-s,,7666667
2002,"Rogers, Kenny",lhp,,7500000
2002,"Edmonds, Jim",of,,7333333
2002,"Lieberthal, Mike",c,,7333333
2002,"Williams, Woody",rhp,,7300000
2002,"Damon, Johnny",lf,,7250000
2002,"Lima, Jose",rhp,,7250000
2002,"McGriff, Fred",1b,,7250000
2002,"Burnitz, Jeromy",of,,7166667
2002,"Dye, Jermaine",rf,,7166667
2002,"Sele, Aaron",rhp,,7166667
2002,"Martinez, Edgar",dh,,7086668
2002,"Hammonds, Jeffrey",of,,7000000
2002,"Justice, David",of,,7000000
2002,"Neagle, Denny",lhp,,7000000
2002,"Posada, Jorge",c,,7000000
2002,"Olerud, John",1b,,6950000
2002,"Park, Chan Ho",rhp,,6884803
2002,"Karros, Eric",1b,,6875000
2002,"Zeile, Todd",1b-3b,,6833333
2002,"Greer, Rusty",of,,6800000
2002,"Segui, David",1b,,6762895
2002,"Urbina, Ugueth",rhp,,6700000
2002,"Burks, Ellis",of,,6666667
2002,"Hoffman, Trevor",rhp,,6600000
2002,"Jordan, Brian",of,,6600000
2002,"Kendall, Jason",c,,6571429
2002,"Floyd, Cliff",lf,,6500000
2002,"Hundley, Todd",c,,6500000
2002,"Moyer, Jamie",lhp-s,,6500000
2002,"Offerman, Jose",2b-1b,,6500000
2002,"Ordonez, Magglio",rf,,6500000
2002,"Cirillo, Jeff",3b,,6375000
2002,"Benes, Andy",sp,,6367542
2002,"Abreu, Bobby",rf,,6333333
2002,"Durham, Ray",2b,,6300000
2002,"Easley, Damion",2b,,6250000
2002,"Erstad, Darin",1b-of,,6250000
2002,"Ordonez, Rey",ss,,6250000
2002,"Person, Robert",p,,6250000
2002,"Alfonzo, Edgardo",2b,,6200000
2002,"Estes, Shawn",lhp,,6200000
2002,"Loaiza, Esteban",rhp,,6050000
2002,"Alou, Moises",of,,6000000
2002,"Hernandez, Roberto",rhp,,6000000
2002,"Kent, Jeff",2b,,6000000
2002,"Klesko, Ryan",1b,,6000000
2002,"Lopez, Javy",c,,6000000
2002,"Renteria, Edgar",ss,,6000000
2002,"Snow, J.T.",1b,,5900000
2002,"Higginson, Bobby",of,,5850000
2002,"Lieber, Jon",p,,5833333
2002,"Fryman, Travis",3b,,5825000
2002,"Benitez, Armando",rhp,,5812500
2002,"Martinez, Tino",1b,,5750000
2002,"Young, Kevin",1b,,5625000
2002,"Burkett, John",sp,,5500000
2002,"Hermanson, Dustin",p,,5500000
2002,"Hidalgo, Richard",of,,5500000
2002,"Young, Dmitri",1b-dh,,5500000
2002,"Anderson, Brian",lhp,,5375000
2002,"Finley, Steve",of,,5375000
2002,"Aurilia, Rich",1b-3b,,5250000
2002,"Lawton, Matt",of,,5250000
2002,"Percival, Troy",rhp,,5250000
2002,"Timlin, Mike",rhp,,5250000
2002,"Erickson, Scott",rhp,,5142986
2002,"Sasaki, Kazuhiro",rhp,,5070000
2002,"Anderson, Garret",lf,,5000000
2002,"Anderson, Garret",lf,,5000000
2002,"Ausmus, Brad",mgr,,5000000
2002,"Clark, Tony",1b,,5000000
2002,"Daal, Omar",sp,,5000000
2002,"Grissom, Marquis",of,,5000000
2002,"Grudzielanek, Mark",ss-2b,,5000000
2002,"Helton, Todd",1b,,5000000
2002,"Johnson, Charles",c,,5000000
2002,"Loretta, Mark",2b-3b,,5000000
2002,"Oliver, Darren",lhp,,5000000
2002,"Valentin, Jose",of-ss,,5000000
2002,"Schmidt, Jason",rhp-s,,4937500
2002,"Hitchcock, Sterling",sp,,4936719
2002,"Colon, Bartolo",rhp-s,,4925000
2002,"Batista, Tony",3b,,4900000
2002,"Bordick, Mike",ss,,4873439
2002,"Rueter, Kirk",lhp,,4866667
2002,"Vazquez, Javier",rhp-s,,4725000
2002,"Cameron, Mike",cf,,4666667
2002,"Clayton, Royce",ss,,4500000
2002,"Nomo, Hideo",rhp,,4500000
2002,"Surhoff, B.J.",of,,4500000
2002,"Tatis, Fernando",3b-of,,4500000
2002,"Vizquel, Omar",ss-2b,,4500000
2002,"White, Rondell",of,,4500000
2002,"Wilson, Dan",c,,4500000
2002,"Womack, Tony",of,,4500000
2002,"Gonzalez, Luis",of,,4333333
2002,"Mantei, Matt",rp,,4333333
2002,"Vina, Fernando",2b,,4333333
2002,"Wright, Jaret",rhp,,4312500
2002,"Trachsel, Steve",rhp,,4300000
2002,"Gonzalez, Alex S.",3b-ss,,4250000
2002,"Stewart, Shannon",of,,4250000
2002,"Veres, Dave",rp,,4250000
2002,"Wright, Jamey",rhp,,4250000
2002,"Hentgen, Pat",sp,,4246877
2002,"Benard, Marvin",of,,4200000
2002,"Mesa, Jose",rhp,,4200000
2002,"Cordero, Wilfredo",of,,4166667
2002,"Baez, Danys",rhp,,4125000
2002,"Reynoso, Armando",rhp,,4125000
2002,"Perez, Neifi",ss,,4100000
2002,"Astacio, Pedro",rhp,,4000000
2002,"Casey, Sean",1b,,4000000
2002,"Foulke, Keith",rhp,,4000000
2002,"Fullmer, Brad",1b-of,,4000000
2002,"Glanville, Doug",of,,4000000
2002,"Glaus, Troy",3b,,4000000
2002,"Grieve, Ben",of,,4000000
2002,"Karsay, Steve",sp,,4000000
2002,"Lopez, Albie",rhp,,4000000
2002,"Morris, Matt",rhp,,4000000
2002,"Randa, Joe",3b,,4000000
2002,"Vidro, Jose",dh-2b,,4000000
2002,"Cruz Jr., Jose",of,,3950000
2002,"Millwood, Kevin",rhp-s,,3900000
2002,"Milton, Eric",lhp,,3850000
2002,"Fletcher, Darrin",c,,3825000
2002,"Jenkins, Geoff",of,,3817500
2002,"Garcia, Freddy",rhp-s,,3800000
2002,"Konerko, Paul",1b-dh,,3800000
2002,"Suppan, Jeff",rhp-s,,3800000
2002,"Suzuki, Ichiro",rf,,3696000
2002,"Wood, Kerry",rhp,,3695000
2002,"Hernandez, Livan",rhp,,3625000
2002,"Tejada, Miguel",3b,,3625000
2002,"Alfonseca, Antonio",rp,,3550000
2002,"Ritchie, Todd",p,,3533333
2002,"Graves, Danny",rhp,,3525000
2002,"Beltran, Carlos",rf,,3500000
2002,"Conine, Jeff",of-1b,,3500000
2002,"Leskanic, Curtis",rhp,,3500000
2002,"Rhodes, Arthur",lhp,,3500000
2002,"Varitek, Jason",c,,3500000
2002,"Wilson, Preston",of,,3500000
2002,"Carpenter, Chris",rhp-s,,3450000
2002,"Mueller, Bill",3b,,3450000
2002,"Abbott, Paul",rhp,,3425000
2002,"Bere, Jason",sp,,3400000
2002,"Wickman, Bob",rhp,,3400000
2002,"Bush, Homer",inf,,3375000
2002,"Hernandez, Jose",3b,,3333333
2002,"Nelson, Jeff",rp,,3333333
2002,"Castillo, Luis",2b,,3325000
2002,"Flaherty, John",c,,3250000
2002,"Mulholland, Terry",lhp,,3250000
2002,"Shuey, Paul",rp,,3250000
2002,"Hernandez, Orlando",rhp,,3200000
2002,"Mauer, Joe",1b,,3200000
2002,"Wakefield, Tim",rhp-s,,3200000
2002,"McLemore, Mark",inf-of,,3150000
2002,"Sexson, Richie",1b,,3125000
2002,"Drew, J.D.",rf,,3100000
2002,"Tavarez, Julian",rhp,,3100000
2002,"Franco, John",rp,,3083333
2002,"Kotsay, Mark",of-1b,,3050000
2002,"Castilla, Vinny",3b,,3000000
2002,"Grace, Mark",1b,,3000000
2002,"Helling, Rick",sp,,3000000
2002,"Lee, Travis",1b,,3000000
2002,"Lowe, Derek",rhp-s,,3000000
2002,"Sparks, Steve",p,,3000000
2002,"Cormier, Rheal",p,,2883333
2002,"Ortiz, Russ",rhp-s,,2862500
2002,"Wendell, Turk",p,,2850000
2002,"Quantrill, Paul",rp,,2833333
2002,"Beltre, Adrian",3b,,2800000
2002,"Fassero, Jeff",p,,2800000
2002,"Gordon, Tom",rhp,,2800000
2002,"Rusch, Glendon",lhp,,2800000
2002,"Hawkins, LaTroy",rhp-c,,2750000
2002,"Hollandsworth, Todd",of,,2750000
2002,"Isringhausen, Jason",rhp,,2750000
2002,"Adams, Terry",p,,2700000
2002,"Benson, Kris",rhp-s,,2700000
2002,"Lee, Carlos",lf,,2700000
2002,"Lee, Derrek",1b,,2700000
2002,"Nixon, Trot",of,,2700000
2002,"Miller, Damian",c,,2650000
2002,"Ponson, Sidney",rhp-s,,2650000
2002,"Mendoza, Ramiro",p,,2600000
2002,"Nevin, Phil",3b,,2600000
2002,"Halladay, Roy",rhp-s,,2583333
2002,"Lidle, Cory",rhp,,2550000
2002,"Rodriguez, Felix",rp,,2516667
2002,"Alomar Jr., Sandy",c,,2500000
2002,"Cordova, Marty",of,,2500000
2002,"Fordyce, Brook",c,,2500000
2002,"Groom, Buddy",rhp,,2500000
2002,"Matheny, Mike",mgr,,2500000
2002,"Mayne, Brent",c,,2500000
2002,"Rocker, John",lhp,,2500000
2002,"Stanton, Mike",lhp,,2500000
2002,"Valdez, Ismael",sp,,2500000
2002,"White, Gabe",rp,,2491667
2002,"Catalanotto, Frank",of,,2475000
2002,"Dempster, Ryan",rhp-s,,2475000
2002,"Koch, Billy",rp,,2433333
2002,"Cabrera, Orlando",ss,,2400000
2002,"Hunter, Torii",rf,,2400000
2002,"Moehler, Brian",rhp-s,,2400000
2002,"Cedeno, Roger",of,,2375000
2002,"Mecir, Jim",rp,,2366667
2002,"Mays, Joe",rhp,,2350000
2002,"Weaver, Jeff",rhp,,2350000
2002,"Daubach, Brian",1b-dh,,2325000
2002,"Escobar, Kelvim",rhp-s,,2300000
2002,"Lowell, Mike",3b,,2300000
2002,"Fetters, Mike",rp,,2275000
2002,"Spiezio, Scott",inf,,2275000
2002,"Castillo, Frank",sp,,2250000
2002,"Powell, Jay",rp,,2250000
2002,"Tucker, Michael",of,,2250000
2002,"Wells, David",lhp,,2250000
2002,"Osuna, Antonio",rp,,2200000
2002,"Plesac, Dan",rp,,2200000
2002,"Sullivan, Scott",rp,,2200000
2002,"Gutierrez, Ricky",ss,,2166667
2002,"Owens, Eric",of,,2166667
2002,"Zimmerman, Jeff",rp,,2166667
2002,"Beckett, Josh",rhp-s,,2156250
2002,"Koskie, Corey",3b,,2150000
2002,"Batista, Miguel",rhp,,2125000
2002,"Chavez, Eric",3b-1b,,2125000
2002,"Paquette, Craig",3b,,2125000
2002,"Boone, Aaron",3b,,2100000
2002,"Walker, Todd",2b,,2050000
2002,"Santiago, Benito",c,,2044168
2002,"Bautista, Danny",of,,2000000
2002,"Burba, Dave",sp,,2000000
2002,"Knoblauch, Chuck",2b-of,,2000000
2002,"Remlinger, Mike",rp,,2000000
2002,"Williams, Gerald",of,,2000000
2002,"Williams, Mike",rp,,2000000
2002,"Young, Eric",2b,,2000000
2002,"Jiminez, Jose",rp,,1937500
2002,"Burrell, Pat",lf,,1905000
2002,"Arrojo, Rolando",sp,,1900000
2002,"Grimsley, Jason",rhp,,1900000
2002,"Sierra, Ruben",of,,1900000
2002,"Heredia, Felix",rp,,1850000
2002,"Kapler, Gabe",of,,1850000
2002,"Vander Wal, John",of,,1850000
2002,"Weathers, David",rhp,,1833333
2002,"Dessens, Elmer",rhp,,1825000
2002,"Anderson, Matt",p,,1800000
2002,"Colbrunn, Greg",1b-of,,1800000
2002,"Guardado, Eddie",lhp,,1800000
2002,"Guthrie, Mark",rp,,1800000
2002,"Johnson, Jason",rhp,,1800000
2002,"Taubensee, Eddie",c,,1800000
2002,"Bell, David",3b,,1750000
2002,"Polanco, Placido",3b,,1750000
2002,"Reese, Pokey",2b,,1750000
2002,"Sanders, Reggie",of,,1750000
2002,"Chrstiansen, Jason",rp,,1733333
2002,"Gonzalez, Alex",ss,,1700000
2002,"Ligtenberg, Kerry",rp,,1700000
2002,"Patterson, Danny",rp,,1700000
2002,"Vizcaino, Jose",inf,,1700000
2002,"Belliard, Ron",2b,,1650000
2002,"Houston, Tyler",c,,1625000
2002,"Encarnacion, Juan",of,,1550000
2002,"Myers, Mike",lhp,,1533333
2002,"Counsell, Craig",spec ass't to GM,,1516667
2002,"Blanco, Henry",c,,1512500
2002,"Bottalico, Ricky",rp,,1500000
2002,"Girardi, Joe",mgr,,1500000
2002,"Halter, Shane",inf-of,,1500000
2002,"Hasegawa, Shigetoshi",rp,,1500000
2002,"Martinez, Dave",of,,1500000
2002,"Rincon, Ricardo",lhp,,1500000
2002,"Trammell, Bubba",of,,1500000
2002,"Yan, Esteban",rhp,,1500000
2002,"Guzman, Cristian",ss,,1425000
2002,"DeJean, Mike",p,,1400000
2002,"Elarton, Scott",rhp,,1400000
2002,"Guillen, Carlos",lf,,1400000
2002,"Halama, John",lhp,,1400000
2002,"Worrell, Tim",rhp,,1400000
2002,"Shinjo, Tsuyoshi",of,,1350000
2002,"Levine, Al",p,,1325000
2002,"Paniagua, Jose",rp,,1325000
2002,"Pavano, Carl",rhp-s,,1312500
2002,"Relaford, Desi",inf,,1275000
2002,"Baldwin, James",p,,1250000
2002,"Jarvis, Kevin",p,,1250000
2002,"Stynes, Chris",3b-2b,,1250000
2002,"Witasick, Jay",rp,,1250000
2002,"Fox, Chad",rhp,,1200000
2002,"Howry, Bobby",rhp,,1200000
2002,"Kline, Steve",lhp,,1200000
2002,"Wilson, Paul",sp,,1200000
2002,"Barrett, Michael",c,,1150000
2002,"Fick, Rob",1b,,1150000
2002,"Zaun, Gregg",c,,1150000
2002,"Hocking, Denny",inf-of,,1100000
2002,"Thomson, John",p,,1100000
2002,"Tomko, Brett",rhp,,1100000
2002,"Diaz, Einar",c,,1087500
2002,"Giambi, Jeremy",of,,1065000
2002,"Merced, Orlando",of,,1050000
2002,"Lofton, Kenny",of,,1025000
2002,"Gomez, Chris",inf,,1000000
2002,"Jones, Todd",rhp,,1000000
2002,"Miceli, Dan",rp,,1000000
2002,"Palmeiro, Orlando",of,,1000000
2002,"Seanez, Rudy",rhp,,1000000
2002,"Stinnett, Kelly",c,,1000000
2002,"White, Rick",rp,,1000000
2002,"Winn, Randy",rf,,960000
2002,"Ortiz, David",dh,,950000
2002,"Rios, Armando",of,,925000
2002,"Cordero, Francisco",rhp,,900000
2002,"Hatteberg, Scott",c-1b,,900000
2002,"Ishii, Kazuhisa",p,,900000
2002,"Millar, Kevin",dh-1b,,900000
2002,"Reyes, Dennys",lhp,,900000
2002,"Stephenson, Garret",sp,,900000
2002,"Villone, Ron",lhp,,900000
2002,"Spencer, Shane",of,,885000
2002,"Hudson, Tim",rhp-s,,875000
2002,"Acevedo, Juan",p,,850000
2002,"Byrd, Paul",rhp,,850000
2002,"Casanova, Raul",c,,850000
2002,"Marrero, Eli",c,,850000
2002,"McCarty, David",1b-of,,850000
2002,"Holtz, Mike",p,,825000
2002,"Venafro, Mike",lhp,,812500
2002,"Ibanez, Raul",dh-lf,,800000
2002,"Looper, Braden",rhp-s,,800000
2002,"Mulder, Mark",lhp,,800000
2002,"Myers, Greg",c,,800000
2002,"Orosco, Jesse",lhp,,800000
2002,"Saenz, Olmedo",3b,,800000
2002,"Dellucci, David",of,,775000
2002,"Febles, Carlos",2b,,775000
2002,"Martinez, Ramon E.",ss,,775000
2002,"Sauerbeck, Scott",p,,766667
2002,"Kim, Byung Hyun",rhp,,762500
2002,"Bako, Paul",c,,750000
2002,"Brocail, Doug",rhp,,750000
2002,"DiFelice, Mike",c,,750000
2002,"Ledee, Ricky",of,,750000
2002,"McEwing, Joe",of,,750000
2002,"Morgan, Mike",rhp,,750000
2002,"Wilson, Enrique",2b,,720000
2002,"Baerga, Carlos",inf,,700000
2002,"Lopez, Luis",ss,,700000
2002,"Sabathia, CC",lhp-s,,700000
2002,"Sanchez, Rey",ss,,700000
2002,"Santiago, Jose",rhp,,700000
2002,"Creek, Doug",p,,685000
2002,"Boehringer, Brian",rp,,675000
2002,"Hansen, Dave",inf,,675000
2002,"Long, Terrence",of,,675000
2002,"Castillo, Alberto",c,,650000
2002,"Mirabelli, Doug",c,,650000
2002,"Pratt, Todd",c,,650000
2002,"Redmond, Mike",mgr,,650000
2002,"Soriano, Alfonso",dh,,630000
2002,"Cora, Alex",2b-ss,,625000
2002,"Jackson, Damian",2b,,625000
2002,"Osik, Keith",c,,625000
2002,"Perez, Odalis",lhp,,625000
2002,"Cairo, Miguel",2b-3b,,600000
2002,"Cruz, Deivi",ss,,600000
2002,"Franco, Julio",inf,,600000
2002,"Pierre, Juan",cf-lf,,600000
2002,"Pujols, Albert",1b,,600000
2002,"Rodriguez, Rich",p,,600000
2002,"Graffanino, Tony",2b-3b,,575000
2002,"Ortiz, Ramon",rhp,,575000
2002,"LoDuca, Paul",c,,546667
2002,"Norton, Greg",3b,,525000
2002,"Berkman, Lance",1b-of,,500000
2002,"Embree, Alan",lhp,,500000
2002,"Galarraga, Andres",1b,,500000
2002,"Haynes, Jimmy",p,,500000
2002,"Jackson, Mike",rp,,500000
2002,"Mabry, John",3b-of,,500000
2002,"Mercker, Kent",lhp,,500000
2002,"Mordecai, Mike",inf,,500000
2002,"Perez, Eddie",c,,500000
2002,"Ramirez, Aramis",3b,,500000
2002,"Reed, Steve",p,,500000
2002,"Stairs, Matt",lf-rf,,500000
2002,"Hernandez, Ramon",c,,497500
2002,"Perez, Tomas",inf,,475000
2002,"Berg, Dave",ss,,450000
2002,"Brown, Adrian",of,,450000
2002,"Gipson, Charles",of,,450000
2002,"Hammond, Chris",p,,450000
2002,"Perez, Eduardo",of,,450000
2002,"Wolf, Randy",lhp-s,,450000
2002,"Dotel, Octavio",rhp,,435000
2002,"Farnsworth, Kyle",rhp,,410000
2002,"Furcal, Rafael",2b,,405000
2002,"Anderson, Marlon",2b-of,,400000
2002,"Ankiel, Rick",of,,400000
2002,"Castro, Juan",2b-ss,,400000
2002,"Gil, Benji",inf,,400000
2002,"Williamson, Scott",rhp,,400000
2002,"Penny, Brad",rhp-s,,377500
2002,"Durazo, Erubiel",1b-of,,375000
2002,"Kennedy, Adam",2b,,375000
2002,"Macias, Jose",2b,,375000
2002,"May, Darrell",p,,375000
2002,"Quinn, Mark",of,,375000
2002,"Ward, Daryle",of,,375000
2002,"Herges, Matt",rhp,,370000
2002,"Burnett, A.J.",rhp-s,,367500
2002,"Everett, Adam",ss,,366750
2002,"Payton, Jay",of,,362500
2002,"Carrara, Giovanni",rhp,,360000
2002,"Rollins, Jimmy",ss,,355000
2002,"Strickland, Scott",rhp,,355000
2002,"Davis, Ben",c,,350000
2002,"Gonzalez, Wiki",c,,350000
2002,"Henderson, Rickey",of,,350000
2002,"Miller, Wade",rhp,,350000
2002,"Molina, Benjie",c,,350000
2002,"Mora, Melvin",3b,,350000
2002,"Oropesa, Eddie",lhp,,350000
2002,"Washburn, Jarrod",lhp-s,,350000
2002,"Almanza, Armando",rp,,346000
2002,"Armas Jr., Tony",rhp,,335000
2002,"Holmes, Darren",rp,,325000
2002,"Lugo, Julio",ss,,325000
2002,"Schoeneweis, Scott",lhp,,325000
2002,"Johnson, Mark L.",c,,320000
2002,"Blum, Geoff",3b-1b,,315000
2002,"Jones, Jacque",of,,312500
2002,"Buehrle, Mark",lhp-s,,310000
2002,"Davis, Doug",lhp-s,,310000
2002,"Reichert, Dan",rhp,,310000
2002,"Speier, Justin",rhp,,310000
2002,"Anderson, Jimmy",p,,305000
2002,"LaRue, Jason",c,,305000
2002,"Murray, Calvin",of,,305000
2002,"Chen, Bruce",lhp-s,,300000
2002,"DeLosSantos, Valerio",lhp,,300000
2002,"Fultz, Aaron",lhp,,300000
2002,"Gagne, Eric",rhp,,300000
2002,"Hairston Jr., Jerry",of-2b,,300000
2002,"Hubbard, Trinidad",of,,300000
2002,"King, Ray",lhp,,300000
2002,"Oswalt, Roy",rhp-s,,300000
2002,"Redman, Mark",lhp,,300000
2002,"Richard, Chris",1b-of,,300000
2002,"Ryan, B.J.",lhp,,300000
2002,"Sweeney, Mark",1b,,300000
2002,"Yoshii, Masato",p,,300000
2002,"Menechino, Frank",2b,,295000
2002,"Sturtze, Tanyon",rhp,,295000
2002,"Zito, Barry",lhp-s,,295000
2002,"Bennett, Gary",c,,290000
2002,"Merloni, Lou",inf,,290000
2002,"Sheets, Ben",rhp,,290000
2002,"Liefer, Jeff",inf,,285000
2002,"Mientkiewicz, Doug",1b,,285000
2002,"Tollberg, Brian",p,,285000
2002,"Wunsch, Kelly",rp,,285000
2002,"Eaton, Adam",rhp-s,,280000
2002,"Eckstein, David",2b,,280000
2002,"Eyre, Scott",lhp,,280000
2002,"Durbin, Chad",rhp,,275000
2002,"Garland, Jon",rhp-s,,275000
2002,"Wells, Kip",rhp,,272500
2002,"Davey, Tom",p,,270000
2002,"Truby, Chris",3b,,270000
2002,"Prokopec, Luke",p,,268000
2002,"Lincoln, Mike",rhp,,267500
2002,"Cabrera, Jolbert",inf-of,,266000
2002,"Petrick, Ben",c,,265000
2002,"Hillenbrand, Shea",3b,,260000
2002,"Hinch, A.J.","VP, AGM",,260000
2002,"Kolb, Danny",p,,260000
2002,"Roberts, Willis",sp,,260000
2002,"Mercado, Hector",p,,255000
2002,"Pineiro, Joel",rhp-s,,255000
2002,"Pote, Lou",rp,,255000
2002,"Sadler, Donnie",ss-2b,,255000
2002,"Boyd, Jason",p,,253000
2002,"Reitsma, Chris",rhp,,252000
2002,"Branyan, Russell",1b-3b,,251000
2002,"Branyan, Russell",1b-3b,,251000
2002,"Bergeron, Peter",of,,250000
2002,"Biddle, Lee ""Rocky""",p,,250000
2002,"Brower, Jim",rhp,,250000
2002,"Collier, Lou",inf,,250000
2002,"Dunn, Adam",dh-1b,,250000
2002,"Franklin, Ryan",rhp,,250000
2002,"Helms, Wes",3b-1b,,250000
2002,"Little, Mark",of,,250000
2002,"Pierzynski, A.J.",c,,250000
2002,"Robinson, Kerry",of,,250000
2002,"Wooten, Shawn",c,,250000
2002,"Young, Michael",inf-dh,,250000
2002,"Padillia, Vicente",rhp-s,,245000
2002,"Politte, Cliff",p,,245000
2002,"Towers, Josh",rhp,,245000
2002,"Coggin, David",sp,,240000
2002,"Jimenez, D'Angelo",inf,,240000
2002,"Ohka, Tomo",rhp,,240000
2002,"Ojeda, Augie",ss-2b,,240000
2002,"Riedling, John",p,,240000
2002,"Rivas, Luis",2b,,240000
2002,"Weber, Ben",p,,240000
2002,"Wilson, Kris",rhp,,240000
2002,"Matthews Jr., Gary",cf,,237500
2002,"Lilly, Ted",lhp-s,,237150
2002,"Borowski, Joe",rhp,,235000
2002,"Bradford, Chad",rhp,,235000
2002,"Chacon, Shawn",rhp,,235000
2002,"Duckworth, Brandon",rhp,,235000
2002,"Lawrence, Brian",rhp,,235000
2002,"Prinz, Bret",rhp,,235000
2002,"Reames, Britt",p,,235000
2002,"Stewart, Scott",p,,235000
2002,"Woodward, Chris",inf,,235000
2002,"Williams, Dave",p,,234000
2002,"Acevedo, Jose",p,,233000
2002,"Gibbons, Jay",1b-of,,232500
2002,"Wilson, Jack",ss,,232000
2002,"Linebrink, Scott",rhp,,230000
2002,"Marquis, Jason",rhp-s,,230000
2002,"Matos, Luis",of,,230000
2002,"Wilson, Craig",of,,229000
2002,"Marte, Damaso",lhp,,227500
2002,"Patterson, Corey",of,,227500
2002,"Riske, David",rhp,,227500
2002,"Beimel, Joe",lhp,,227000
2002,"Mackowiak, Rob",of,,227000
2002,"Bocachica, Hiram",of,,225000
2002,"Buchanan, Brian",of,,225000
2002,"Downs, Scott",lhp,,225000
2002,"Kennedy, Joe",p,,225000
2002,"Rowand, Aaron",cf,,225000
2002,"Bellhorn, Mark",inf,,224000
2002,"Etherton, Seth",rhp,,224000
2002,"Choate, Randy",lhp,,223350
2002,"Hermanson, Chad",of,,223000
2002,"Christensen, McKay",of,,222500
2002,"Cressend, Jack",p,,222500
2002,"DeRosa, Mark",3b,,222500
2002,"Perez, Timo",of,,222500
2002,"Wilson, Vance",c,,222500
2002,"Feliz, Pedro",3b,,222000
2002,"Uribe, Juan",3b,,222000
2002,"Bradley, Milton",rf-dh,,221000
2002,"Lopez, Felipe",2b-ss,,221000
2002,"Lyon, Brandon",rhp,,221000
2002,"Wells, Vernon",of,,221000
2002,"Johnson, Nick",1b,,220650
2002,"Wilson, Tom",c,,220000
2002,"Wright, Dan",p,,220000
2002,"Cornejo, Nate",p,,218000
2002,"Phelps, Travis",rp,,218000
2002,"Roberts, Dave",of,,217500
2002,"Westbrook, Jake",rhp-s,,217000
2002,"Castro, Ramon",c,,216000
2002,"Julio, Jorge",rhp,,216000
2002,"Abernathy, Brent",2b,,215000
2002,"Barajas, Rod",c,,215000
2002,"Clark, Brady",of,,215000
2002,"Colome, Jesus",rhp,,215000
2002,"Cruz, Juan",rhp,,215000
2002,"Fossum, Casey",lhp,,215000
2002,"Izturis, Cesar",ss,,215000
2002,"Kinkade, Mike",inf,,215000
2002,"Lohse, Kyle",rhp-s,,215000
2002,"Moeller, Chad",c,,215000
2002,"Moss, Damian",lhp,,215000
2002,"Romero, J.C.",lhp,,215000
2002,"Shouse, Brian",lhp,,215000
2002,"Spivey, Junior",2b,,215000
2002,"Zambrano, Victor",rhp,,215000
2002,"Zerbe, Chad",p,,215000
2002,"Roberts, Grant",p,,212500
2002,"Vizcaino, Luis",rhp,,212500
2002,"Vogelsong, Ryan",rhp-s,,212500
2002,"Schneider, Brian",c,,212000
2002,"Fikac, Jeremy",p,,210000
2002,"Giles, Marcus",2b,,210000
2002,"Hall, Toby",c,,210000
2002,"Hernandez, Carlos",lhp,,210000
2002,"Lombard, George",of,,210000
2002,"McDonald, John",ss-2b,,210000
2002,"Jensen, Ryan",p,,209000
2002,"DaVanon, Jeffrey",of,,207500
2002,"Drese, Ryan",rhp,,206500
2002,"Jennings, Jason",rhp,,206000
2002,"Wilkerson, Brad",of,,206000
2002,"Austin, Jeff",sp,,205000
2002,"Crawford, Paxton",sp,,205000
2002,"Escobar, Alex",of,,205000
2002,"Vazquez, Ramon",ss-2b,,205000
2002,"Ohman, Will",lhp,,203500
2002,"Fogg, Josh",rhp,,203000
2002,"Minor, Damon",1b,,203000
2002,"Miller, Matt",lhp,,202500
2002,"Berger, Brandon",of,,202000
2002,"Neugebauer, Nick",p,,202000
2002,"Ozuna, Pablo",2b,,202000
2002,"Pena, Carlos",1b,,202000
2002,"Sanchez, Alex",of,,202000
2002,"Seay, Bobby",lhp,,202000
2002,"Tejera, Michael",p,,201000
2002,"Affeldt, Jeremy",lhp,,200000
2002,"Ainsworth, Kurt",p,,200000
2002,"Aldridge, Cory",of,,200000
2002,"Anderson, Brady",of,,200000
2002,"Asencio, Miguel",rhp,,200000
2002,"Bauer, Rick",rhp,,200000
2002,"Blalock, Hank",dh-1b,,200000
2002,"Burroughs, Sean",3b,,200000
2002,"Cassidy, Scott",p,,200000
2002,"Ensberg, Morgan",3b,,200000
2002,"Escalona, Felix",inf,,200000
2002,"Gil, Geronimo",c,,200000
2002,"Green, Nick",ss-2b,,200000
2002,"Green, Steve",p,,200000
2002,"Hinske, Eric",1b-lf,,200000
2002,"Knotts, Gary",p,,200000
2002,"Lewis, Colby",rhp-s,,200000
2002,"Lopez, Rodrigo",rhp-s,,200000
2002,"Mohr, Dustan",of,,200000
2002,"Nunez, Abraham",inf,,200000
2002,"Phillips, Jason",c,,200000
2002,"Pickering, Calvin",1b,,200000
2002,"Punto, Nick",ss-2b,,200000
2002,"Rauch, Jon",rhp,,200000
2002,"Rivera, Mike",c,,200000
2002,"Silva, Carlos",rhp-s,,200000
2002,"Smith, Jason",2b-ss,,200000
2002,"Sosa, Jorge",rhp,,200000
2002,"Spooneybarger, Tim",p,,200000
2002,"Stone, Ricky",p,,200000
2002,"Taylor, Reggie",of,,200000
2002,"Torrealba, Yorvit",c,,200000
2002,"Tucker, T.J.",p,,200000
2001,"Rodriguez, Alex",3b,,21000000
2001,"Brown, Kevin",rhp,,15000000
2001,"Delgado, Carlos",1b,,13650000
2001,"Piazza, Mike",c,,13571429
2001,"Johnson, Randy",lhp-s,,13350000
2001,"Vaughn, Mo",1b,,13166667
2001,"Ramirez, Manny",lf-dh,,13050000
2001,"Martinez, Pedro J.",rhp,,13000000
2001,"Jeter, Derek",ss,,12600000
2001,"Sosa, Sammy",of,,12500000
2001,"Maddux, Greg",rhp,,12500000
2001,"Griffey Jr., Ken",dh-rf,,12500000
2001,"Williams, Bernie",of,,12357143
2001,"Walker, Larry",of,,12166667
2001,"Green, Shawn",of,,12166667
2001,"Belle, Albert",of,,12049040
2001,"Mondesi, Raul",of,,11500000
2001,"McGwire, Mark",1b,,11000000
2001,"Hampton, Mike",lhp-s,,10500000
2001,"Jones, Chipper",3b,,10333333
2001,"Clemens, Roger",rhp,,10300000
2001,"Bonds, Barry",of,,10300000
2001,"Mussina, Mike",rhp,,10000000
2001,"Gonzalez, Juan",of,,10000000
2001,"Thomas, Frank",dh,,9927000
2001,"Sheffield, Gary",rf,,9916667
2001,"Park, Chan Ho",rhp,,9900000
2001,"Leiter, Al",lhp,,9750000
2001,"Finley, Chuck",lhp,,9666667
2001,"Glavine, Tom",lhp-s,,9500000
2001,"Dreifort, Darren",sp,,9400000
2001,"Wells, David",lhp,,9250000
2001,"Rivera, Mariano",rhp,,9150000
2001,"Jordan, Brian",of,,9100000
2001,"Williams, Matt",3b,,9000000
2001,"Palmiero, Rafael",1b,,9000000
2001,"Larkin, Barry",ss,,9000000
2001,"Durham, Ray",2b,,9000000
2001,"Alvarez, Wilson",sp,,9000000
2001,"Rodriguez, Ivan",c,,8600000
2001,"Ventura, Robin",mgr,,8500000
2001,"Appier, Kevin",rhp,,8500000
2001,"Vaughn, Greg",of-dh,,8250000
2001,"Jones, Andruw",rf-lf,,8200000
2001,"Lankford, Ray",of,,8100000
2001,"Stottlemyre, Todd",rhp,,8000000
2001,"Smoltz, John",rhp-s,,8000000
2001,"Lofton, Kenny",of,,8000000
2001,"Justice, David",of,,7800000
2001,"Radke, Brad",sp,,7750000
2001,"Lopez, Javy",c,,7750000
2001,"Biggio, Craig",of,,7750000
2001,"Alomar, Roberto",2b,,7750000
2001,"Rogers, Kenny",lhp,,7500000
2001,"Karros, Eric",1b,,7500000
2001,"Giles, Brian",rf,,7333333
2001,"O'Neill, Paul",of,,7250000
2001,"Garciaparra, Nomar",3b-1b,,7250000
2001,"Castilla, Vinny",3b,,7250000
2001,"Neagle, Denny",lhp,,7200000
2001,"Anderson, Brady",of,,7200000
2001,"Reynolds, Shane",sp,,7166667
2001,"Damon, Johnny",lf,,7100000
2001,"Thome, Jim",dh,,7000000
2001,"Sele, Aaron",rhp,,7000000
2001,"Segui, David",1b,,7000000
2001,"Pettitte, Andy",lhp-s,,7000000
2001,"Oliver, Darren",lhp,,7000000
2001,"Astacio, Pedro",rhp,,6850000
2001,"Zeile, Todd",1b-3b,,6833333
2001,"Offerman, Jose",2b-1b,,6750000
2001,"Hoffman, Trevor",rhp,,6750000
2001,"Olerud, John",1b,,6700000
2001,"Erickson, Scott",rhp,,6680000
2001,"Benes, Andy",sp,,6666667
2001,"Nen, Robb",rhp,,6600000
2001,"Schilling, Curt",rhp,,6500000
2001,"Salmon, Tim",of,,6500000
2001,"Moyer, Jamie",lhp-s,,6500000
2001,"McGriff, Fred",1b,,6500000
2001,"Bagwell, Jeff",1b,,6500000
2001,"Lieberthal, Mike",c,,6333333
2001,"Edmonds, Jim",of,,6333333
2001,"Ripken Jr., Cal",3b,,6300000
2001,"Martinez, Tino",1b,,6300000
2001,"Lima, Jose",rhp,,6250000
2001,"Young, Kevin",1b,,6125000
2001,"Knoblauch, Chuck",2b-of,,6000000
2001,"Kent, Jeff",2b,,6000000
2001,"Hitchcock, Sterling",sp,,6000000
2001,"Hernandez, Roberto",rhp,,6000000
2001,"Hammonds, Jeffrey",of,,6000000
2001,"Guerrero, Vladimir",rf-dh,,6000000
2001,"Galarraga, Andres",1b,,6000000
2001,"Ashby, Andy",sp,,6000000
2001,"Baldwin, James",p,,5950000
2001,"Benitez, Armando",rhp,,5812500
2001,"Snow, J.T.",1b,,5750000
2001,"Klesko, Ryan",1b,,5750000
2001,"Fryman, Travis",3b,,5750000
2001,"Alfonzo, Edgardo",2b,,5750000
2001,"Suzuki, Ichiro",rf,,5666667
2001,"Burks, Ellis",of,,5666667
2001,"Burnitz, Jeromy",of,,5512500
2001,"Rolen, Scott",3b,,5500000
2001,"Martinez, Edgar",dh,,5500000
2001,"Floyd, Cliff",lf,,5500000
2001,"Finley, Steve",of,,5375000
2001,"Hermanson, Dustin",p,,5333333
2001,"Higginson, Bobby",of,,5325000
2001,"Alou, Moises",of,,5250000
2001,"Valentin, Jose",of-ss,,5166667
2001,"Kendall, Jason",c,,5100000
2001,"Lieber, Jon",p,,5083333
2001,"Williams, Woody",rhp,,5083000
2001,"Easley, Damion",2b,,5075000
2001,"Wagner, Billy",lhp,,5000000
2001,"Sweeney, Mike",dh-1b,,5000000
2001,"Saberhagen, Bret",rhp,,5000000
2001,"Johnson, Charles",c,,5000000
2001,"Grissom, Marquis",of,,5000000
2001,"Burba, Dave",sp,,5000000
2001,"Abreu, Bobby",rf,,4983000
2001,"Helton, Todd",1b,,4950000
2001,"Rueter, Kirk",lhp,,4866667
2001,"Cirillo, Jeff",3b,,4850000
2001,"Surhoff, B.J.",of,,4833333
2001,"Gonzalez, Luis",of,,4833333
2001,"Estes, Shawn",lhp,,4725000
2001,"Sasaki, Kazuhiro",rhp,,4666667
2001,"Greer, Rusty",of,,4600000
2001,"Young, Eric",2b,,4500000
2001,"Renteria, Edgar",ss,,4500000
2001,"Nomo, Hideo",rhp,,4500000
2001,"Hentgen, Pat",sp,,4500000
2001,"Helling, Rick",sp,,4500000
2001,"Clayton, Royce",ss,,4500000
2001,"Bordick, Mike",ss,,4500000
2001,"Beck, Rod",rp,,4500000
2001,"Anderson, Garret",lf,,4500000
2001,"Anderson, Garret",lf,,4500000
2001,"Clark, Tony",1b,,4462500
2001,"Wilson, Dan",c,,4400000
2001,"Vina, Fernando",2b,,4333333
2001,"Timlin, Mike",rhp,,4250000
2001,"Loaiza, Esteban",rhp,,4250000
2001,"Gonzalez, Alex S.",3b-ss,,4250000
2001,"Ausmus, Brad",mgr,,4250000
2001,"Urbina, Ugueth",rhp,,4200000
2001,"Anderson, Brian",lhp,,4125000
2001,"Giambi, Jason",dh-1b,,4103333
2001,"Posada, Jorge",c,,4050000
2001,"Womack, Tony",of,,4000000
2001,"White, Rondell",of,,4000000
2001,"Ordonez, Rey",ss,,4000000
2001,"Grudzielanek, Mark",ss-2b,,4000000
2001,"Jones, Todd",rhp,,3975000
2001,"Lawton, Matt",of,,3900000
2001,"Dye, Jermaine",rf,,3800000
2001,"Ordonez, Magglio",rf,,3750000
2001,"Mantei, Matt",rp,,3583333
2001,"Franco, John",rp,,3583333
2001,"Perez, Neifi",ss,,3550000
2001,"Fletcher, Darrin",c,,3525000
2001,"Cruz, Deivi",ss,,3525000
2001,"Young, Dmitri",1b-dh,,3500000
2001,"Loretta, Mark",2b-3b,,3500000
2001,"Hundley, Todd",c,,3500000
2001,"Hidalgo, Richard",of,,3500000
2001,"Caminiti, Ken",3b,,3500000
2001,"Erstad, Darin",1b-of,,3450000
2001,"Benson, Kris",rhp-s,,3450000
2001,"Cameron, Mike",cf,,3416667
2001,"Percival, Troy",rhp,,3400000
2001,"Gutierrez, Ricky",ss,,3400000
2001,"Nelson, Jeff",rp,,3333333
2001,"Hernandez, Jose",3b,,3333333
2001,"Isringhausen, Jason",rhp,,3300000
2001,"Batista, Tony",3b,,3300000
2001,"Rosado, Jose",lhp,,3250000
2001,"Rhodes, Arthur",lhp,,3250000
2001,"Boone, Bret",2b,,3250000
2001,"Aurilia, Rich",1b-3b,,3250000
2001,"Stairs, Matt",lf-rf,,3200000
2001,"Schmidt, Jason",rhp-s,,3200000
2001,"Reese, Pokey",2b,,3200000
2001,"Millwood, Kevin",rhp-s,,3100000
2001,"Foulke, Keith",rhp,,3100000
2001,"Hernandez, Livan",rhp,,3025000
2001,"Glanville, Doug",of,,3016667
2001,"Williams, Gerald",of,,3000000
2001,"Wakefield, Tim",rhp-s,,3000000
2001,"Vizquel, Omar",ss-2b,,3000000
2001,"Trachsel, Steve",rhp,,3000000
2001,"Grace, Mark",1b,,3000000
2001,"Gomez, Chris",inf,,3000000
2001,"Flaherty, John",c,,3000000
2001,"Conine, Jeff",of-1b,,3000000
2001,"Casey, Sean",1b,,3000000
2001,"Wendell, Turk",p,,2999999
2001,"Person, Robert",p,,2975000
2001,"Lopez, Albie",rhp,,2975000
2001,"Mesa, Jose",rhp,,2900000
2001,"Alomar Jr., Sandy",c,,2900000
2001,"Villone, Ron",lhp,,2800000
2001,"Sanchez, Rey",ss,,2800000
2001,"Tatis, Fernando",3b-of,,2750000
2001,"Mulholland, Terry",lhp,,2750000
2001,"Mueller, Bill",3b,,2750000
2001,"Mayne, Brent",c,,2750000
2001,"Hollandsworth, Todd",of,,2750000
2001,"Grieve, Ben",of,,2750000
2001,"Drew, J.D.",rf,,2750000
2001,"Daal, Omar",sp,,2750000
2001,"Karsay, Steve",sp,,2700000
2001,"Cedeno, Roger",of,,2700000
2001,"Benard, Marvin",of,,2700000
2001,"Cordero, Wilfredo",of,,2666667
2001,"Colon, Bartolo",rhp-s,,2625000
2001,"Wickman, Bob",rhp,,2600000
2001,"Adams, Terry",p,,2600000
2001,"Cormier, Rheal",p,,2583333
2001,"Carpenter, Chris",rhp-s,,2583333
2001,"Wright, Jaret",rhp,,2562500
2001,"Bush, Homer",inf,,2550000
2001,"Vidro, Jose",dh-2b,,2500000
2001,"Valdez, Ismael",sp,,2500000
2001,"Fullmer, Brad",1b-of,,2500000
2001,"Stanton, Mike",lhp,,2450000
2001,"Alfonseca, Antonio",rp,,2450000
2001,"Moehler, Brian",rhp-s,,2416667
2001,"Fassero, Jeff",p,,2400000
2001,"Embree, Alan",lhp,,2400000
2001,"Wright, Jamey",rhp,,2350000
2001,"Suppan, Jeff",rhp-s,,2350000
2001,"Cruz Jr., Jose",of,,2350000
2001,"Randa, Joe",3b,,2300000
2001,"Konerko, Paul",1b-dh,,2300000
2001,"Brocail, Doug",rhp,,2300000
2001,"Tavarez, Julian",rhp,,2275000
2001,"Groom, Buddy",rhp,,2250000
2001,"Castillo, Frank",sp,,2250000
2001,"Bere, Jason",sp,,2250000
2001,"Castillo, Luis",2b,,2220000
2001,"Plesac, Dan",rp,,2200000
2001,"Leskanic, Curtis",rhp,,2200000
2001,"Haynes, Jimmy",p,,2200000
2001,"Bell, David",3b,,2200000
2001,"Stewart, Shannon",of,,2183333
2001,"Milton, Eric",lhp,,2150000
2001,"Lowe, Derek",rhp-s,,2125000
2001,"Kotsay, Mark",of-1b,,2125000
2001,"Ponson, Sidney",rhp-s,,2100000
2001,"Graves, Danny",rhp,,2100000
2001,"Hernandez, Orlando",rhp,,2050000
2001,"Tejada, Miguel",3b,,2025000
2001,"Vazquez, Javier",rhp-s,,2000000
2001,"Shuey, Paul",rp,,2000000
2001,"Reynoso, Armando",rhp,,2000000
2001,"Miceli, Dan",rp,,2000000
2001,"McLemore, Mark",inf-of,,2000000
2001,"Gwynn, Tony",of,,2000000
2001,"Gordon, Tom",rhp,,2000000
2001,"Girardi, Joe",mgr,,2000000
2001,"Wood, Kerry",rhp,,1940000
2001,"Ritchie, Todd",p,,1933333
2001,"Burrell, Pat",lf,,1905000
2001,"Veres, Dave",rp,,1900000
2001,"Rocker, John",lhp,,1900000
2001,"Meadows, Brian",sp,,1900000
2001,"Vander Wal, John",of,,1850000
2001,"Varitek, Jason",c,,1800000
2001,"Tucker, Michael",of,,1800000
2001,"Taubensee, Eddie",c,,1800000
2001,"Rusch, Glendon",lhp,,1800000
2001,"Quantrill, Paul",rp,,1800000
2001,"Guthrie, Mark",rp,,1800000
2001,"Guardado, Eddie",lhp,,1800000
2001,"Burkett, John",sp,,1750000
2001,"Fetters, Mike",rp,,1725000
2001,"Widger, Chris",c,,1700000
2001,"Sullivan, Scott",rp,,1700000
2001,"Abbott, Paul",rhp,,1700000
2001,"Nevin, Phil",3b,,1625000
2001,"Arrojo, Rolando",sp,,1625000
2001,"Rodriguez, Rich",p,,1600000
2001,"Remlinger, Mike",rp,,1600000
2001,"Reed, Steve",p,,1600000
2001,"Powell, Jay",rp,,1600000
2001,"Mendoza, Ramiro",p,,1600000
2001,"Colbrunn, Greg",1b-of,,1600000
2001,"Chrstiansen, Jason",rp,,1600000
2001,"Yoshii, Masato",p,,1500000
2001,"Vizcaino, Jose",inf,,1500000
2001,"Sanders, Reggie",of,,1500000
2001,"Rincon, Ricardo",lhp,,1500000
2001,"Paquette, Craig",3b,,1500000
2001,"Osuna, Antonio",rp,,1500000
2001,"Martinez, Dave",of,,1500000
2001,"Hasegawa, Shigetoshi",rp,,1500000
2001,"Escobar, Kelvim",rhp-s,,1500000
2001,"Brogna, Rico",1b,,1500000
2001,"Bottalico, Ricky",rp,,1500000
2001,"Hawkins, LaTroy",rhp-c,,1450000
2001,"Thompson, Justin",sp,,1420000
2001,"Myers, Greg",c,,1400000
2001,"Houston, Tyler",c,,1375000
2001,"Worrell, Tim",rhp,,1300000
2001,"Stynes, Chris",3b-2b,,1300000
2001,"Pavano, Carl",rhp-s,,1300000
2001,"Erickson, Matt",inf,,1300000
2001,"Owens, Eric",of,,1250000
2001,"Myers, Mike",lhp,,1250000
2001,"Miller, Damian",c,,1250000
2001,"Glaus, Troy",3b,,1250000
2001,"Beltre, Adrian",3b,,1250000
2001,"Williams, Mike",rp,,1200000
2001,"Weathers, David",rhp,,1200000
2001,"Nitkowski, C.J.",p,,1200000
2001,"Morris, Matt",rhp,,1200000
2001,"Ligtenberg, Kerry",rp,,1200000
2001,"Henry, Doug",rhp,,1200000
2001,"Jenkins, Geoff",of,,1187500
2001,"White, Gabe",rp,,1166667
2001,"Zaun, Gregg",c,,1150000
2001,"White, Rick",rp,,1150000
2001,"Heredia, Felix",rp,,1150000
2001,"Spiezio, Scott",inf,,1125000
2001,"Sexson, Richie",1b,,1125000
2001,"Mecir, Jim",rp,,1116667
2001,"Tomko, Brett",rhp,,1100000
2001,"Patterson, Danny",rp,,1100000
2001,"Walker, Todd",2b,,1050000
2001,"Hatteberg, Scott",c-1b,,1050000
2001,"Rodriguez, Felix",rp,,1037500
2001,"Stephenson, Garret",sp,,1025000
2001,"Wilson, Preston",of,,1000000
2001,"Schourek, Pete",rp,,1000000
2001,"Cone, David",rhp,,1000000
2001,"Baines, Harold",dh-of,,1000000
2001,"Wasdin, John",p,,975000
2001,"Benes, Alan",rhp,,925000
2001,"Ortiz, Russ",rhp-s,,912500
2001,"DeJean, Mike",p,,910000
2001,"Palmeiro, Orlando",of,,900000
2001,"Matheny, Mike",mgr,,900000
2001,"Hocking, Denny",inf-of,,900000
2001,"Osik, Keith",c,,887500
2001,"Catalanotto, Frank",of,,850000
2001,"Paniagua, Jose",rp,,837500
2001,"Fordyce, Brook",c,,825000
2001,"Witasick, Jay",rp,,800000
2001,"Mabry, John",3b-of,,800000
2001,"Lee, Travis",1b,,800000
2001,"DiFelice, Mike",c,,775000
2001,"Kim, Byung Hyun",rhp,,762500
2001,"McCarty, David",1b-of,,750000
2001,"Kline, Steve",lhp,,750000
2001,"Jackson, Mike",rp,,750000
2001,"Grimsley, Jason",rhp,,750000
2001,"Eldred, Cal",rhp,,750000
2001,"Koch, Billy",rp,,733333
2001,"Castillo, Alberto",c,,725000
2001,"Levine, Al",p,,715000
2001,"Blanco, Henry",c,,712500
2001,"Holtz, Mike",p,,705000
2001,"Morgan, Mike",rhp,,700000
2001,"Millar, Kevin",dh-1b,,700000
2001,"Lopez, Luis",ss,,700000
2001,"Bautista, Danny",of,,675000
2001,"Aybar, Manny",rhp,,665000
2001,"Yan, Esteban",rhp,,650000
2001,"Perez, Eddie",c,,650000
2001,"Wilson, Enrique",2b,,635000
2001,"Soriano, Alfonso",dh,,630000
2001,"Sparks, Steve",p,,625000
2001,"Reyes, Dennys",lhp,,625000
2001,"Hansen, Dave",inf,,625000
2001,"Chavez, Eric",3b-1b,,625000
2001,"Pratt, Todd",c,,600000
2001,"Byrd, Paul",rhp,,600000
2001,"Berg, Dave",ss,,587500
2001,"Parque, Jim",sp,,550000
2001,"Manzanillo, Josias",p,,550000
2001,"Jarvis, Kevin",p,,550000
2001,"Hudson, Tim",rhp-s,,525000
2001,"Stinnett, Kelly",c,,500000
2001,"Shinjo, Tsuyoshi",of,,500000
2001,"Santiago, Benito",c,,500000
2001,"Mahomes, Pat",rp,,500000
2001,"Lowell, Mike",3b,,500000
2001,"Cordova, Marty",of,,500000
2001,"Relaford, Desi",inf,,475000
2001,"Dessens, Elmer",rhp,,475000
2001,"Franco, Matt",of,,462500
2001,"Norton, Greg",3b,,450000
2001,"Kapler, Gabe",of,,450000
2001,"Bako, Paul",c,,450000
2001,"Encarnacion, Juan",of,,440000
2001,"Weaver, Jeff",rhp,,425000
2001,"Halama, John",lhp,,425000
2001,"Garcia, Freddy",rhp-s,,425000
2001,"Counsell, Craig",spec ass't to GM,,425000
2001,"Beltran, Carlos",rf,,425000
2001,"Halter, Shane",inf-of,,420000
2001,"Sauerbeck, Scott",p,,416667
2001,"Ledee, Ricky",of,,406500
2001,"Williamson, Scott",rhp,,400000
2001,"Looper, Braden",rhp-s,,400000
2001,"Lee, Carlos",lf,,400000
2001,"Elarton, Scott",rhp,,400000
2001,"Dempster, Ryan",rhp-s,,400000
2001,"Daubach, Brian",1b-dh,,400000
2001,"Castro, Juan",2b-ss,,400000
2001,"Casanova, Raul",c,,400000
2001,"Boone, Aaron",3b,,400000
2001,"Batista, Miguel",rhp,,400000
2001,"Ankiel, Rick",of,,400000
2001,"Nixon, Trot",of,,390000
2001,"Diaz, Einar",c,,387500
2001,"Brown, Adrian",of,,380000
2001,"Telemaco, Amaruy",p,,375000
2001,"Mordecai, Mike",inf,,375000
2001,"Marrero, Eli",c,,375000
2001,"Lee, Derrek",1b,,375000
2001,"Howry, Bobby",rhp,,375000
2001,"Graffanino, Tony",2b-3b,,375000
2001,"Fasano, Sal",c,,375000
2001,"Wolf, Randy",lhp-s,,365000
2001,"Martin, Tom",lhp,,362500
2001,"Furcal, Rafael",2b,,355000
2001,"Anderson, Matt",p,,355000
2001,"Wilson, Paul",sp,,350000
2001,"Molina, Benjie",c,,350000
2001,"Johnson, Jason",rhp,,350000
2001,"Gil, Benji",inf,,350000
2001,"Boehringer, Brian",rp,,350000
2001,"Jiminez, Jose",rp,,345000
2001,"Cabrera, Orlando",ss,,340000
2001,"Trammell, Bubba",of,,335000
2001,"Guzman, Cristian",ss,,325000
2001,"Dellucci, David",of,,325000
2001,"Spencer, Shane",of,,320000
2001,"Polanco, Placido",3b,,320000
2001,"Venafro, Mike",lhp,,310000
2001,"Rios, Armando",of,,310000
2001,"Febles, Carlos",2b,,310000
2001,"Estalella, Bobby",c,,310000
2001,"Belliard, Ron",2b,,310000
2001,"Zimmerman, Jeff",rp,,307500
2001,"Dotel, Octavio",rhp,,305000
2001,"Berkman, Lance",1b-of,,305000
2001,"Thomson, John",p,,300000
2001,"Redmond, Mike",mgr,,300000
2001,"Merced, Orlando",of,,300000
2001,"Martinez, Ramon E.",ss,,300000
2001,"Koskie, Corey",3b,,300000
2001,"Henderson, Rickey",of,,300000
2001,"Chen, Bruce",lhp-s,,300000
2001,"Mirabelli, Doug",c,,295000
2001,"Gonzalez, Alex",ss,,295000
2001,"Saenz, Olmedo",3b,,290000
2001,"Payton, Jay",of,,290000
2001,"Ward, Daryle",of,,287500
2001,"Ramirez, Aramis",3b,,285000
2001,"Guillen, Carlos",lf,,285000
2001,"Barrett, Michael",c,,285000
2001,"Anderson, Jimmy",p,,285000
2001,"Giambi, Jeremy",of,,282500
2001,"Quinn, Mark",of,,280000
2001,"Perez, Tomas",inf,,280000
2001,"Kennedy, Adam",2b,,280000
2001,"Anderson, Marlon",2b-of,,280000
2001,"Cordero, Francisco",rhp,,277500
2001,"Schoeneweis, Scott",lhp,,275000
2001,"Nunez, Abraham",inf,,275000
2001,"Meche, Gil",rhp-s,,275000
2001,"Jones, Jacque",of,,275000
2001,"DeLosSantos, Valerio",lhp,,275000
2001,"Winn, Randy",rf,,270000
2001,"Washburn, Jarrod",lhp-s,,270000
2001,"Mora, Melvin",3b,,270000
2001,"Herrera, Javi",c,,270000
2001,"Bernier, Doug",inf,,270000
2001,"Beerer, Scott",p,,270000
2001,"Alvarez, Abe",lhp,,270000
2001,"Almanzar, Carlos",p,,270000
2001,"Reichert, Dan",rhp,,265000
2001,"Brown, Emil",of,,265000
2001,"Wunsch, Kelly",rp,,260000
2001,"Santiago, Jose",rhp,,260000
2001,"Penny, Brad",rhp-s,,260000
2001,"Ortiz, David",dh,,260000
2001,"McMillon, Billy",of,,260000
2001,"Mays, Joe",rhp,,260000
2001,"Hinch, A.J.","VP, AGM",,260000
2001,"Durazo, Erubiel",1b-of,,260000
2001,"Creek, Doug",p,,260000
2001,"Blum, Geoff",3b-1b,,260000
2001,"Perisho, Matt",p,,255000
2001,"Fick, Rob",1b,,255000
2001,"Cunnane, Will",p,,255000
2001,"McEwing, Joe",of,,252500
2001,"Strickland, Scott",rhp,,250000
2001,"Ortiz, Ramon",rhp,,250000
2001,"Herges, Matt",rhp,,250000
2001,"Eyre, Scott",lhp,,250000
2001,"Davis, Doug",lhp-s,,250000
2001,"Burnett, A.J.",rhp-s,,250000
2001,"Bell, Rob",rhp,,250000
2001,"Lugo, Julio",ss,,245000
2001,"Hernandez, Ramon",c,,245000
2001,"Farnsworth, Kyle",rhp,,245000
2001,"Speier, Justin",rhp,,243000
2001,"Bergeron, Peter",of,,242500
2001,"Miller, Wade",rhp,,241000
2001,"Long, Terrence",of,,240750
2001,"Zito, Barry",lhp-s,,240000
2001,"Macias, Jose",2b,,240000
2001,"Gonzalez, Wiki",c,,240000
2001,"Cora, Alex",2b-ss,,240000
2001,"Truby, Chris",3b,,237500
2001,"Sturtze, Tanyon",rhp,,237500
2001,"Bennett, Gary",c,,237500
2001,"Cabrera, Jolbert",inf-of,,237000
2001,"Redman, Mark",lhp,,235000
2001,"LaRue, Jason",c,,235000
2001,"Hairston Jr., Jerry",of-2b,,235000
2001,"Gipson, Charles",of,,235000
2001,"Eaton, Adam",rhp-s,,235000
2001,"Davis, Ben",c,,235000
2001,"Mota, Guillermo",rhp,,233000
2001,"Richard, Chris",1b-of,,232500
2001,"Mulder, Mark",lhp,,232500
2001,"Petrick, Ben",c,,232000
2001,"Tollberg, Brian",p,,230000
2001,"Paul, Josh",c,,230000
2001,"Ortiz, Hector",c,,230000
2001,"LoDuca, Paul",c,,230000
2001,"Kohlmeier, Ryan",p,,230000
2001,"Hunter, Torii",rf,,230000
2001,"Davey, Tom",p,,230000
2001,"Armas Jr., Tony",rhp,,230000
2001,"Matos, Luis",of,,226000
2001,"Simmons, Brian",of,,225000
2001,"Sadler, Donnie",ss-2b,,225000
2001,"Padillia, Vicente",rhp-s,,225000
2001,"Ohka, Tomo",rhp,,225000
2001,"Menechino, Frank",2b,,225000
2001,"Matthews Jr., Gary",cf,,225000
2001,"Downs, Scott",lhp,,225000
2001,"Buehrle, Mark",lhp-s,,225000
2001,"Arroyo, Bronson",rhp-s,,225000
2001,"Almanza, Armando",rp,,225000
2001,"Woodward, Chris",inf,,223000
2001,"Murray, Calvin",of,,222500
2001,"Perez, Odalis",lhp,,220000
2001,"King, Ray",lhp,,220000
2001,"Gagne, Eric",rhp,,220000
2001,"Fultz, Aaron",lhp,,220000
2001,"Branyan, Russell",1b-3b,,219000
2001,"Branyan, Russell",1b-3b,,219000
2001,"Piatt, Adam",of,,217500
2001,"Pote, Lou",rp,,215000
2001,"Pierre, Juan",cf-lf,,215000
2001,"Mientkiewicz, Doug",1b,,215000
2001,"Riedling, John",p,,214000
2001,"Castro, Ramon",c,,214000
2001,"Santana, Johan",lhp-s,,212500
2001,"Reames, Britt",p,,212500
2001,"Ojeda, Augie",ss-2b,,212500
2001,"Roberts, Dave",of,,212000
2001,"Ryan, B.J.",lhp,,210000
2001,"Pierzynski, A.J.",c,,210000
2001,"Little, Mark",of,,210000
2001,"Linebrink, Scott",rhp,,210000
2001,"Helms, Wes",3b-1b,,210000
2001,"Feliz, Pedro",3b,,210000
2001,"Etherton, Seth",rhp,,210000
2001,"McDonald, John",ss-2b,,209000
2001,"Barajas, Rod",c,,208000
2001,"Wise, Matt",p,,207500
2001,"Romero, J.C.",lhp,,207500
2001,"Bradley, Milton",rf-dh,,207000
2001,"Wilson, Kris",rhp,,205000
2001,"Perez, Timo",of,,205000
2001,"Marquis, Jason",rhp-s,,205000
2001,"Buchanan, Brian",of,,205000
2001,"Brown, Dee",of,,205000
2001,"Biddle, Lee ""Rocky""",p,,205000
2001,"Harville, Chad",p,,204000
2001,"Weber, Ben",p,,203500
2001,"Moreno, Orber",rhp,,202500
2001,"Lombard, George",of,,202500
2001,"Kolb, Danny",p,,202500
2001,"Franklin, Ryan",rhp,,202500
2001,"Ozuna, Pablo",2b,,202000
2001,"Harper, Travis",p,,202000
2001,"Drew, Tim",p,,202000
2001,"Wooten, Shawn",c,,200500
2001,"Wilson, Jack",ss,,200000
2001,"Stewart, Scott",p,,200000
2001,"Sheets, Ben",rhp,,200000
2001,"Rolls, Damian",3b,,200000
2001,"Rollins, Jimmy",ss,,200000
2001,"Roberts, Willis",sp,,200000
2001,"Rivas, Luis",2b,,200000
2001,"Reitsma, Chris",rhp,,200000
2001,"Pujols, Albert",1b,,200000
2001,"Prokopec, Luke",p,,200000
2001,"Oropesa, Eddie",lhp,,200000
2001,"Minor, Damon",1b,,200000
2001,"Jimenez, D'Angelo",inf,,200000
2001,"Inge, Brandon",3b,,200000
2001,"Hillenbrand, Shea",3b,,200000
2001,"Gibbons, Jay",1b-of,,200000
2001,"Eckstein, David",2b,,200000
2001,"Crawford, Paxton",sp,,200000
2001,"Choate, Randy",lhp,,200000
2001,"Bocachica, Hiram",of,,200000
2001,"Beimel, Joe",lhp,,200000
2000,"Brown, Kevin",rhp,,15000000
2000,"Johnson, Randy",lhp-s,,13350000
2000,"Belle, Albert",of,,12868670
2000,"Williams, Bernie",of,,12357143
2000,"Walker, Larry",of,,12142857
2000,"Piazza, Mike",c,,12071429
2000,"Cone, David",rhp,,12000000
2000,"Martinez, Pedro J.",rhp,,11500000
2000,"Vaughn, Mo",1b,,11166667
2000,"Maddux, Greg",rhp,,11100000
2000,"Sosa, Sammy",of,,11000000
2000,"Bonds, Barry",of,,10658826
2000,"Jeter, Derek",ss,,10000000
2000,"Mondesi, Raul",of,,10000000
2000,"Sheffield, Gary",rf,,9916667
2000,"Glavine, Tom",lhp-s,,9463237
2000,"Green, Shawn",of,,9416667
2000,"McGwire, Mark",1b,,9333333
2000,"Griffey Jr., Ken",dh-rf,,9329700
2000,"Alvarez, Wilson",sp,,9000000
2000,"Palmiero, Rafael",1b,,8620921
2000,"Rodriguez, Ivan",c,,8600000
2000,"Galarraga, Andres",1b,,8500000
2000,"Smoltz, John",rhp-s,,8500000
2000,"Williams, Matt",3b,,8500000
2000,"Stottlemyre, Todd",rhp,,8000000
2000,"Ventura, Robin",mgr,,8000000
2000,"Finley, Chuck",lhp,,7911948
2000,"Leiter, Al",lhp,,7750000
2000,"Jordan, Brian",of,,7600000
2000,"Lankford, Ray",of,,7600000
2000,"Gonzalez, Juan",of,,7500000
2000,"Lofton, Kenny",of,,7500000
2000,"Rogers, Kenny",lhp,,7500000
2000,"Sele, Aaron",rhp,,7500000
2000,"Rivera, Mariano",rhp,,7250000
2000,"Alomar, Roberto",2b,,7196756
2000,"Anderson, Brady",of,,7127199
2000,"Thomas, Frank",dh,,7100000
2000,"Vaughn, Greg",of-dh,,7097962
2000,"Justice, David",of,,7000000
2000,"Pettitte, Andy",lhp-s,,7000000
2000,"Thome, Jim",dh,,7000000
2000,"Mussina, Mike",rhp,,6786032
2000,"Biggio, Craig",of,,6750000
2000,"Reynolds, Shane",sp,,6666667
2000,"Erickson, Scott",rhp,,6620921
2000,"Delgado, Carlos",1b,,6600000
2000,"Hoffman, Trevor",rhp,,6600000
2000,"Bagwell, Jeff",1b,,6500000
2000,"O'Neill, Paul",of,,6500000
2000,"Astacio, Pedro",rhp,,6350000
2000,"Clemens, Roger",rhp,,6350000
2000,"Olerud, John",1b,,6350000
2000,"Gwynn, Tony",of,,6300000
2000,"Ripken Jr., Cal",3b,,6300000
2000,"Castilla, Vinny",3b,,6250000
2000,"Lopez, Javy",c,,6250000
2000,"Hundley, Todd",c,,6125000
2000,"Hitchcock, Sterling",sp,,6100000
2000,"Hentgen, Pat",sp,,6000000
2000,"Hernandez, Roberto",rhp,,6000000
2000,"Kent, Jeff",2b,,6000000
2000,"Knoblauch, Chuck",2b-of,,6000000
2000,"Moyer, Jamie",lhp-s,,6000000
2000,"Salmon, Tim",of,,6000000
2000,"McGriff, Fred",1b,,5945818
2000,"Ashby, Andy",sp,,5900000
2000,"Hampton, Mike",lhp-s,,5750000
2000,"Klesko, Ryan",1b,,5750000
2000,"Offerman, Jose",2b-1b,,5750000
2000,"Valdez, Ismael",sp,,5737500
2000,"Schilling, Curt",rhp,,5650000
2000,"Daal, Omar",sp,,5625000
2000,"Young, Kevin",1b,,5625000
2000,"Appier, Kevin",rhp,,5600000
2000,"Fryman, Travis",3b,,5550000
2000,"Burks, Ellis",of,,5500000
2000,"Nen, Robb",rhp,,5500000
2000,"Wells, David",lhp,,5500000
2000,"Eldred, Cal",rhp,,5400000
2000,"Martinez, Edgar",dh,,5400000
2000,"Finley, Steve",of,,5375000
2000,"Karros, Eric",1b,,5375000
2000,"Grace, Mark",1b,,5300000
2000,"Larkin, Barry",ss,,5300000
2000,"Alou, Moises",of,,5250000
2000,"Lima, Jose",rhp,,5032444
2000,"Burba, Dave",sp,,5000000
2000,"Grissom, Marquis",of,,5000000
2000,"Oliver, Darren",lhp,,5000000
2000,"Durham, Ray",2b,,4900000
2000,"Lieberthal, Mike",c,,4833333
2000,"Martinez, Tino",1b,,4800000
2000,"Jones, Chipper",3b,,4750000
2000,"Neagle, Denny",lhp,,4750000
2000,"Snow, J.T.",1b,,4750000
2000,"Johnson, Charles",c,,4600000
2000,"Williams, Woody",rhp,,4583333
2000,"Caminiti, Ken",3b,,4500000
2000,"Clayton, Royce",ss,,4500000
2000,"Edmonds, Jim",of,,4500000
2000,"Floyd, Cliff",lf,,4500000
2000,"Saberhagen, Bret",rhp,,4500000
2000,"Wakefield, Tim",rhp-s,,4500000
2000,"Young, Eric",2b,,4500000
2000,"Burnitz, Jeromy",of,,4462500
2000,"Higginson, Bobby",of,,4425000
2000,"Rodriguez, Alex",3b,,4362500
2000,"Zeile, Todd",1b-3b,,4333333
2000,"Segui, David",1b,,4325000
2000,"Ramirez, Manny",lf-dh,,4250000
2000,"Timlin, Mike",rhp,,4250000
2000,"Alfonzo, Edgardo",2b,,4225000
2000,"Brogna, Rico",1b,,4200000
2000,"Surhoff, B.J.",of,,4146789
2000,"Clark, Tony",1b,,4062500
2000,"Ausmus, Brad",mgr,,4000000
2000,"Damon, Johnny",lf,,4000000
2000,"Rueter, Kirk",lhp,,4000000
2000,"Sasaki, Kazuhiro",rhp,,4000000
2000,"White, Rondell",of,,4000000
2000,"Wilson, Dan",c,,4000000
2000,"Easley, Damion",2b,,3950000
2000,"Mesa, Jose",rhp,,3950000
2000,"Park, Chan Ho",rhp,,3850000
2000,"Lieber, Jon",p,,3833333
2000,"Boone, Bret",2b,,3750000
2000,"Gordon, Tom",rhp,,3750000
2000,"Helling, Rick",sp,,3750000
2000,"Dreifort, Darren",sp,,3700000
2000,"Garciaparra, Nomar",3b-1b,,3700000
2000,"Jones, Andruw",rf-lf,,3700000
2000,"Sanders, Reggie",of,,3700000
2000,"Jones, Todd",rhp,,3650000
2000,"Hermanson, Dustin",p,,3633333
2000,"Cirillo, Jeff",3b,,3600000
2000,"Greer, Rusty",of,,3600000
2000,"Beck, Rod",rp,,3500000
2000,"Guerrero, Vladimir",rf-dh,,3500000
2000,"Radke, Brad",sp,,3500000
2000,"Vizcaino, Jose",inf,,3500000
2000,"Benitez, Armando",rhp,,3437500
2000,"Reynoso, Armando",rhp,,3375000
2000,"Franco, John",rp,,3350000
2000,"Gonzalez, Luis",of,,3333333
2000,"Hernandez, Jose",3b,,3333333
2000,"Baldwin, James",p,,3300000
2000,"Anderson, Garret",lf,,3250000
2000,"Anderson, Garret",lf,,3250000
2000,"Urbina, Ugueth",rhp,,3200000
2000,"Wagner, Billy",lhp,,3200000
2000,"Hammonds, Jeffrey",of,,3183333
2000,"Giambi, Jason",dh-1b,,3103333
2000,"Stairs, Matt",lf-rf,,3050000
2000,"Gonzalez, Alex S.",3b-ss,,3025000
2000,"Thompson, Justin",sp,,3025000
2000,"Bordick, Mike",ss,,3000000
2000,"Canseco, Jose",dh-of,,3000000
2000,"Grudzielanek, Mark",ss-2b,,3000000
2000,"Jackson, Mike",rp,,3000000
2000,"Vizquel, Omar",ss-2b,,3000000
2000,"Yoshii, Masato",p,,3000000
2000,"Mulholland, Terry",lhp,,2975000
2000,"Flaherty, John",c,,2947410
2000,"Abreu, Bobby",rf,,2933333
2000,"Benes, Andy",sp,,2867542
2000,"Mantei, Matt",rp,,2831000
2000,"Rhodes, Arthur",lhp,,2750000
2000,"Rolen, Scott",3b,,2750000
2000,"Schmidt, Jason",rhp-s,,2750000
2000,"Alomar Jr., Sandy",c,,2700000
2000,"Loaiza, Esteban",rhp,,2650000
2000,"Gomez, Chris",inf,,2600000
2000,"Conine, Jeff",of-1b,,2500000
2000,"Erstad, Darin",1b-of,,2500000
2000,"Fletcher, Darrin",c,,2500000
2000,"Gutierrez, Ricky",ss,,2500000
2000,"Loretta, Mark",2b-3b,,2500000
2000,"Womack, Tony",of,,2500000
2000,"Estes, Shawn",lhp,,2450000
2000,"Cedeno, Roger",of,,2400000
2000,"Stanton, Mike",lhp,,2400000
2000,"Wickman, Bob",rhp,,2400000
2000,"Williams, Gerald",of,,2373439
2000,"Percival, Troy",rhp,,2350000
2000,"Dye, Jermaine",rf,,2300000
2000,"Sanchez, Rey",ss,,2300000
2000,"Vina, Fernando",2b,,2300000
2000,"Anderson, Brian",lhp,,2250000
2000,"Kendall, Jason",c,,2250000
2000,"Ordonez, Rey",ss,,2250000
2000,"Renteria, Edgar",ss,,2250000
2000,"Rosado, Jose",lhp,,2250000
2000,"Sweeney, Mike",dh-1b,,2250000
2000,"Cameron, Mike",cf,,2225000
2000,"Perez, Neifi",ss,,2212500
2000,"Cordero, Wilfredo",of,,2166667
2000,"Glanville, Doug",of,,2016667
2000,"Baines, Harold",dh-of,,2000000
2000,"Cormier, Rheal",p,,2000000
2000,"Fassero, Jeff",p,,2000000
2000,"Girardi, Joe",mgr,,2000000
2000,"Henderson, Rickey",of,,2000000
2000,"Lawton, Matt",of,,2000000
2000,"Martinez, Dave",of,,2000000
2000,"McLemore, Mark",inf-of,,2000000
2000,"Cruz, Deivi",ss,,1975000
2000,"Hernandez, Orlando",rhp,,1950000
2000,"Reese, Pokey",2b,,1950000
2000,"Young, Dmitri",1b-dh,,1950000
2000,"Holmes, Darren",rp,,1916667
2000,"Nelson, Jeff",rp,,1916667
2000,"Byrd, Paul",rhp,,1885000
2000,"Mabry, John",3b-of,,1850000
2000,"Giles, Brian",rf,,1816667
2000,"Moehler, Brian",rhp-s,,1816667
2000,"Quantrill, Paul",rp,,1800000
2000,"Drew, J.D.",rf,,1750000
2000,"Groom, Buddy",rhp,,1750000
2000,"Mayne, Brent",c,,1750000
2000,"Tucker, Michael",of,,1700000
2000,"Seanez, Rudy",rhp,,1650000
2000,"Shuey, Paul",rp,,1617667
2000,"Guthrie, Mark",rp,,1600000
2000,"Reed, Steve",p,,1600000
2000,"Villone, Ron",lhp,,1600000
2000,"Aurilia, Rich",1b-3b,,1550000
2000,"Bottalico, Ricky",rp,,1500000
2000,"Miceli, Dan",rp,,1500000
2000,"Plesac, Dan",rp,,1500000
2000,"Bush, Homer",inf,,1450000
2000,"Embree, Alan",lhp,,1450000
2000,"Hollandsworth, Todd",of,,1450000
2000,"Leskanic, Curtis",rhp,,1450000
2000,"Suppan, Jeff",rhp-s,,1450000
2000,"Bell, David",3b,,1425000
2000,"Adams, Terry",p,,1400000
2000,"Batista, Tony",3b,,1400000
2000,"Mendoza, Ramiro",p,,1400000
2000,"Person, Robert",p,,1400000
2000,"Remlinger, Mike",rp,,1400000
2000,"Taubensee, Eddie",c,,1400000
2000,"Veres, Dave",rp,,1366667
2000,"Widger, Chris",c,,1350000
2000,"Hernandez, Livan",rhp,,1325000
2000,"Mueller, Bill",3b,,1325000
2000,"Valentin, Jose",of-ss,,1320000
2000,"Brocail, Doug",rhp,,1300000
2000,"Helton, Todd",1b,,1300000
2000,"Posada, Jorge",c,,1250000
2000,"Powell, Jay",rp,,1250000
2000,"Bergman, Sean",p,,1200000
2000,"Karsay, Steve",sp,,1200000
2000,"Myers, Greg",c,,1200000
2000,"Tavarez, Julian",rhp,,1200000
2000,"Benard, Marvin",of,,1125000
2000,"Colon, Bartolo",rhp-s,,1125000
2000,"Hawkins, LaTroy",rhp-c,,1115000
2000,"Orosco, Jesse",lhp,,1100000
2000,"Sullivan, Scott",rp,,1100000
2000,"Wright, Jaret",rhp,,1062500
2000,"Wright, Jamey",rhp,,1025000
2000,"Colbrunn, Greg",1b-of,,1005000
2000,"Beltre, Adrian",3b,,1000000
2000,"Chrstiansen, Jason",rp,,1000000
2000,"Nomo, Hideo",rhp,,1000000
2000,"Randa, Joe",3b,,1000000
2000,"Rincon, Ricardo",lhp,,1000000
2000,"Stinnett, Kelly",c,,1000000
2000,"Trachsel, Steve",rhp,,1000000
2000,"Williams, Mike",rp,,1000000
2000,"Erickson, Matt",inf,,975000
2000,"Nitkowski, C.J.",p,,950000
2000,"Myers, Mike",lhp,,933333
2000,"Hasegawa, Shigetoshi",rp,,900000
2000,"Haynes, Jimmy",p,,900000
2000,"Guardado, Eddie",lhp,,875000
2000,"Nevin, Phil",3b,,875000
2000,"Vander Wal, John",of,,875000
2000,"Mercker, Kent",lhp,,850000
2000,"Houston, Tyler",c,,835000
2000,"Boehringer, Brian",rp,,830000
2000,"Isringhausen, Jason",rhp,,825000
2000,"Bere, Jason",sp,,800000
2000,"Burrell, Pat",lf,,800000
2000,"Henry, Doug",rhp,,800000
2000,"Lopez, Albie",rhp,,800000
2000,"Lopez, Luis",ss,,775000
2000,"Kim, Byung Hyun",rhp,,762500
2000,"Burkett, John",sp,,750000
2000,"Grieve, Ben",of,,750000
2000,"Grimsley, Jason",rhp,,750000
2000,"Mahomes, Pat",rp,,750000
2000,"Matheny, Mike",mgr,,750000
2000,"Tatis, Fernando",3b-of,,750000
2000,"Carpenter, Chris",rhp-s,,733333
2000,"Worrell, Tim",rhp,,700000
2000,"Hatteberg, Scott",c-1b,,695000
2000,"Wood, Kerry",rhp,,690000
2000,"Stewart, Shannon",of,,683333
2000,"Fordyce, Brook",c,,675000
2000,"Perez, Eddie",c,,650000
2000,"Santiago, Benito",c,,650000
2000,"Weathers, David",rhp,,650000
2000,"White, Gabe",rp,,630000
2000,"Heredia, Felix",rp,,625000
2000,"Lowe, Derek",rhp-s,,625000
2000,"Flores, Randy",lhp,,620000
2000,"Acevedo, Juan",p,,612500
2000,"White, Rick",rp,,610000
2000,"Rodriguez, Rich",p,,600000
2000,"Spiezio, Scott",inf,,600000
2000,"Paquette, Craig",3b,,595000
2000,"DeJean, Mike",p,,560000
2000,"Fetters, Mike",rp,,550000
2000,"Morris, Matt",rhp,,550000
2000,"Palmeiro, Orlando",of,,550000
2000,"Patterson, Danny",rp,,550000
2000,"Stephenson, Garret",sp,,550000
2000,"Rodriguez, Felix",rp,,537500
2000,"DiFelice, Mike",c,,525000
2000,"Zaun, Gregg",c,,525000
2000,"Sweeney, Mark",1b,,515000
2000,"Cordova, Marty",of,,500000
2000,"Escobar, Kelvim",rhp-s,,500000
2000,"Hocking, Denny",inf-of,,500000
2000,"Lee, Travis",1b,,500000
2000,"Pratt, Todd",c,,500000
2000,"Hansen, Dave",inf,,475000
2000,"Parque, Jim",sp,,475000
2000,"Franco, Matt",of,,462500
2000,"Ortiz, Russ",rhp-s,,462500
2000,"Castillo, Alberto",c,,425000
2000,"Counsell, Craig",spec ass't to GM,,425000
2000,"Ordonez, Magglio",rf,,425000
2000,"Millwood, Kevin",rhp-s,,420000
2000,"Casey, Sean",1b,,400000
2000,"Graves, Danny",rhp,,400000
2000,"Holtz, Mike",p,,400000
2000,"Hubbard, Trinidad",of,,400000
2000,"Osik, Keith",c,,400000
2000,"Ponson, Sidney",rhp-s,,400000
2000,"Cruz Jr., Jose",of,,395000
2000,"Castillo, Luis",2b,,390000
2000,"Halladay, Roy",rhp-s,,383333
2000,"Alfonseca, Antonio",rp,,380000
2000,"Ritchie, Todd",p,,380000
2000,"Castillo, Frank",sp,,375000
2000,"Foulke, Keith",rhp,,375000
2000,"Stynes, Chris",3b-2b,,375000
2000,"Telemaco, Amaruy",p,,375000
2000,"Varitek, Jason",c,,375000
2000,"Owens, Eric",of,,370000
2000,"Meadows, Brian",sp,,360000
2000,"Kline, Steve",lhp,,355000
2000,"Beltran, Carlos",rf,,350000
2000,"Mecir, Jim",rp,,350000
2000,"Mordecai, Mike",inf,,350000
2000,"Relaford, Desi",inf,,345000
2000,"Vidro, Jose",dh-2b,,340000
2000,"Koch, Billy",rp,,333333
2000,"Hidalgo, Richard",of,,330000
2000,"Arrojo, Rolando",sp,,325000
2000,"Batista, Miguel",rhp,,325000
2000,"Encarnacion, Juan",of,,325000
2000,"Garcia, Freddy",rhp-s,,325000
2000,"Howry, Bobby",rhp,,325000
2000,"McCarty, David",1b-of,,325000
2000,"Kotsay, Mark",of-1b,,324000
2000,"Walker, Todd",2b,,322500
2000,"Dellucci, David",of,,312500
2000,"Fullmer, Brad",1b-of,,310000
2000,"Catalanotto, Frank",of,,305000
2000,"Konerko, Paul",1b-dh,,305000
2000,"Benson, Kris",rhp-s,,300000
2000,"Boone, Aaron",3b,,300000
2000,"Elarton, Scott",rhp,,300000
2000,"Miller, Damian",c,,300000
2000,"Thomson, John",p,,300000
2000,"Williamson, Scott",rhp,,300000
2000,"Berg, Dave",ss,,295000
2000,"Cairo, Miguel",2b-3b,,295000
2000,"Daubach, Brian",1b-dh,,295000
2000,"Gonzalez, Alex",ss,,295000
2000,"Halama, John",lhp,,290000
2000,"Rocker, John",lhp,,290000
2000,"Tejada, Miguel",3b,,290000
2000,"Wilson, Preston",of,,287000
2000,"Abbott, Paul",rhp,,285000
2000,"Brown, Adrian",of,,285000
2000,"Milton, Eric",lhp,,285000
2000,"Norton, Greg",3b,,285000
2000,"Sauerbeck, Scott",p,,285000
2000,"Jenkins, Geoff",of,,282000
2000,"Cain, Lorenzo",cf,,280000
2000,"Kapler, Gabe",of,,280000
2000,"McClendon, Mike",rhp,,280000
2000,"Miller, Derek",p,,280000
2000,"Rivas, Amaury",rhp,,280000
2000,"Vazquez, Javier",rhp-s,,280000
2000,"Glaus, Troy",3b,,275000
2000,"Ibanez, Raul",dh-lf,,275000
2000,"Lee, Carlos",lf,,275000
2000,"Levine, Al",p,,275000
2000,"Paniagua, Jose",rp,,275000
2000,"Aybar, Manny",rhp,,270000
2000,"Graffanino, Tony",2b-3b,,270000
2000,"Nixon, Trot",of,,270000
2000,"Dempster, Ryan",rhp-s,,268000
2000,"Barrett, Michael",c,,265000
2000,"Cabrera, Orlando",ss,,265000
2000,"Millar, Kevin",dh-1b,,265000
2000,"Yan, Esteban",rhp,,265000
2000,"Durazo, Erubiel",1b-of,,260000
2000,"Saenz, Olmedo",3b,,260000
2000,"Anderson, Matt",p,,255000
2000,"Fox, Chad",rhp,,255000
2000,"Ligtenberg, Kerry",rp,,255000
2000,"Looper, Braden",rhp-s,,255000
2000,"Lowell, Mike",3b,,255000
2000,"Pavano, Carl",rhp-s,,255000
2000,"Trammell, Bubba",of,,253000
2000,"Meche, Gil",rhp-s,,252500
2000,"Belliard, Ron",2b,,250000
2000,"Febles, Carlos",2b,,250000
2000,"Hudson, Tim",rhp-s,,250000
2000,"Johnson, Mark L.",c,,250000
2000,"Osuna, Antonio",rp,,250000
2000,"Spencer, Shane",of,,250000
2000,"Witasick, Jay",rp,,250000
2000,"Zimmerman, Jeff",rp,,250000
2000,"Sexson, Richie",1b,,247000
2000,"Jiminez, Jose",rp,,245000
2000,"Koskie, Corey",3b,,245000
2000,"Redmond, Mike",mgr,,245000
2000,"Venafro, Mike",lhp,,245000
2000,"Chavez, Eric",3b-1b,,240000
2000,"Dotel, Octavio",rhp,,240000
2000,"Fasano, Sal",c,,240000
2000,"Ledee, Ricky",of,,240000
2000,"Marrero, Eli",c,,240000
2000,"Mays, Joe",rhp,,240000
2000,"Wolf, Randy",lhp-s,,240000
2000,"Diaz, Einar",c,,237500
2000,"Ward, Daryle",of,,237500
2000,"Halter, Shane",inf-of,,236000
2000,"Blanco, Henry",c,,235000
2000,"Farnsworth, Kyle",rhp,,235000
2000,"Wilson, Enrique",2b,,232500
2000,"Cunnane, Will",p,,230000
2000,"Guzman, Cristian",ss,,230000
2000,"Ramirez, Aramis",3b,,230000
2000,"Giambi, Jeremy",of,,228000
2000,"Gil, Benji",inf,,225000
2000,"Hunter, Torii",rf,,225000
2000,"Jones, Jacque",of,,225000
2000,"Lee, Derrek",1b,,225000
2000,"Liefer, Jeff",inf,,225000
2000,"Martin, Tom",lhp,,225000
2000,"Nathan, Joe",rhp-c,,225000
2000,"Rios, Armando",of,,225000
2000,"Simmons, Brian",of,,225000
2000,"Wilson, Craig",of,,225000
2000,"Washburn, Jarrod",lhp-s,,222500
2000,"Martinez, Ramon E.",ss,,220000
2000,"Mercado, Hector",p,,220000
2000,"Ortiz, David",dh,,220000
2000,"Pena, Wily Mo",of,,220000
2000,"Perez, Odalis",lhp,,220000
2000,"Perisho, Matt",p,,220000
2000,"Polanco, Placido",3b,,220000
2000,"Mahay, Ron",lhp,,217000
2000,"Almanzar, Carlos",p,,215000
2000,"Anderson, Jimmy",p,,215000
2000,"Gipson, Charles",of,,215000
2000,"Mirabelli, Doug",c,,215000
2000,"Payton, Jay",of,,215000
2000,"Santiago, Jose",rhp,,215000
2000,"Delgado, Wilson",2b-ss,,213000
2000,"Christensen, McKay",of,,212500
2000,"Hernandez, Ramon",c,,211000
2000,"Blum, Geoff",3b-1b,,210000
2000,"DeLosSantos, Valerio",lhp,,210000
2000,"Estalella, Bobby",c,,210000
2000,"Molina, Benjie",c,,210000
2000,"Mora, Melvin",3b,,210000
2000,"Schoeneweis, Scott",lhp,,210000
2000,"Wells, Kip",rhp,,210000
2000,"Gonzalez, Wiki",c,,208000
2000,"Chen, Bruce",lhp-s,,207500
2000,"Ortiz, Ramon",rhp,,207500
2000,"Pote, Lou",rp,,207500
2000,"Sturtze, Tanyon",rhp,,206000
2000,"Guillen, Carlos",lf,,205000
2000,"Hairston Jr., Jerry",of-2b,,205000
2000,"Herges, Matt",rhp,,205000
2000,"Hermanson, Chad",of,,205000
2000,"Quinn, Mark",of,,205000
2000,"Reichert, Dan",rhp,,205000
2000,"Riske, David",rhp,,205000
2000,"Woodward, Chris",inf,,205000
2000,"Burnett, A.J.",rhp-s,,204000
2000,"Ryan, B.J.",lhp,,204000
2000,"Kingsale, Gene",of,,203500
2000,"Almanza, Armando",rp,,203000
2000,"Durbin, Chad",rhp,,203000
2000,"Newhan, David",inf-of,,203000
2000,"Ankiel, Rick",of,,202500
2000,"Kennedy, Adam",2b,,202500
2000,"Moreno, Orber",rhp,,202500
2000,"Strickland, Scott",rhp,,202500
2000,"Murray, Calvin",of,,202000
2000,"Bergeron, Peter",of,,201500
2000,"Garcia, Jesse",ss,,201000
2000,"Lilly, Ted",lhp-s,,201000
2000,"Menechino, Frank",2b,,201000
2000,"Tejera, Michael",p,,201000
2000,"Vizcaino, Luis",rhp,,200500
2000,"Acosta, Kelyn",p,,200000
2000,"Alfonzo, Eliezer",c,,200000
2000,"Armas Jr., Tony",rhp,,200000
2000,"Bell, Rob",rhp,,200000
2000,"Brownlie, Bobby",rhp,,200000
2000,"Choate, Randy",lhp,,200000
2000,"Clark, Doug",of,,200000
2000,"Cordero, Francisco",rhp,,200000
2000,"Coutlangus, Jon",lhp,,200000
2000,"Dallimore, Brian",inf,,200000
2000,"DaVanon, Jeffrey",of,,200000
2000,"Falkenborg, Brian",rhp,,200000
2000,"Fick, Rob",1b,,200000
2000,"Frasor, Jason",rhp,,200000
2000,"Fultz, Aaron",lhp,,200000
2000,"Furcal, Rafael",2b,,200000
2000,"Hanrahan, Joel",rhp,,200000
2000,"Ishikawa, Travis",1b,,200000
2000,"Jimenez, D'Angelo",inf,,200000
2000,"Johnson, Nick",1b,,200000
2000,"LeCroy, Matt",1b-c,,200000
2000,"Myette, Aaron",p,,200000
2000,"Paul, Josh",c,,200000
2000,"Penny, Brad",rhp-s,,200000
2000,"Ramirez, Julio",of,,200000
2000,"Redman, Mark",lhp,,200000
2000,"Reyes, Dennys",lhp,,200000
2000,"Rolls, Damian",3b,,200000
2000,"Romero, J.C.",lhp,,200000
2000,"Santana, Johan",lhp-s,,200000
2000,"Schierholtz, Nate",rf,,200000
2000,"Schourek, Pete",rp,,200000
2000,"Walker, Tyler",rhp,,200000
2000,"Wheeler, Dan",rhp,,200000
2000,"Wise, Dewayne",cf,,200000
2000,"Wunsch, Kelly",rp,,200000
